영화명,개봉일,대표국적,국적,제작사,배급사,등급,장르,감독,배우
노량: 죽음의 바다,2023-12-20,한국,한국,(주)빅스톤픽쳐스,"롯데컬처웍스(주)롯데엔터테인먼트,(주)에이스메이커무비웍스",12세이상관람가,"사극,액션",김한민,"제현규,김윤석,백윤식,정재영,허준호,김성규,이규형,이무생,최덕문,안보현,박명훈,박훈,문정희,정기섭,유성주,안성봉,안세호,이성욱,오누리,주석태,최광제,최정태,김중희,안성기,여진구,이제훈,박용우,김민상,공명,남명렬,남경읍,배한성,김재영,최단비,송요셉,김효민,강성락,이건록,노형원,임일규,허재호,한우진,이재한,강신구,이태형,김형석,최돈학,이지영,이상호,전운종,한대훈,정대경,고해성,남상우,정영록,고기영,문바롬,이동희,김용준,손대민,윤상영,박형준,이규탁,김범수,박상원,진범일,서한돌,조성국,이시안,서대건,정시훈,김준석,박성현,김형록,황성웅,위민국,이민수,김진형,윤현승,남태우,우혁,김무섭,구본혁,채강,채원우,김동환,한재학,정동근,지상우,송치훈,김태응,강민태,박웅선,강수호,박현욱,김서준,황재운,이웅규,김시국,서현재,김백겸,공지삵,이승헌,함진성,이동현,이원희,손수호,최기표,황민혁,정하영,신형근,정유준,서정민,정민혁,김태훈,정종훈,김서빈,조현수,윤영진,하영진,정민철,김명수,양동혁,박성현,정승현,백경선,임성민,엄기영,박인국,유명환,김민수,오영철,최지현,오동훈,민주호,김동형,이창균,김경훈,김진욱,이종섭,오창후,허재욱,박상준,허태경,안준호,조재현,최지환,문형돈,오지훈,이시헌,박원진,한지은,신재영,송광주,장루이,현서영,신치영,황민형,김한상,장유화,연원모,김지안,석예린,권지희,문정환,변봉식,박광복,박선애,윤혁진,김시우,박연,이재우,임수한"
서울의 봄,2023-11-22,한국,한국,(주)하이브미디어코프,메가박스중앙(주) 플러스엠 엔터테인먼트,12세이상관람가,드라마,김성수,"심가영,황정민,윤호림,이미라,정우성,이성민,박해준,김성균,김의성,정동환,안내상,유성주,최병모,박훈,이재윤,김성오,남윤호,홍서준,안세호,정형석,박정학,박원상,박민이,염동헌,전진기,차래형,공재민,권혁,한창현,송영근,전수지,서광재,임철형,현봉식,곽자형,전운종,이승희,김기무,문성복,김옥주,박정표,곽진석,한규원,우미화,차건우,최원경,정만식,정해인,이준혁,이귀우,우아름,김지원,최기동,양영문,진현광"
위시,2024-01-03,미국,미국,,월트디즈니컴퍼니코리아 유한책임회사,전체관람가,애니메이션,"크리스 벅,폰 비라선손","아리아나 데보스,크리스 파인,알란 터딕"
신차원! 짱구는 못말려 더 무비 초능력 대결전 ~날아라 수제김밥~,2023-12-22,일본,일본,,(주)씨제이이엔엠,전체관람가,애니메이션,오네 히토시,
아쿠아맨과 로스트 킹덤,2023-12-20,미국,미국,,워너브러더스 코리아(주),12세이상관람가,"액션,어드벤처,판타지",제임스 완,"제이슨 모모아,패트릭 윌슨,야히아 압둘 마틴 2세,앰버 허드,니콜 키드먼"
트롤: 밴드 투게더,2023-12-20,미국,미국,,유니버설픽쳐스인터내셔널 코리아(유),전체관람가,애니메이션,월트 도른,"안나 켄드릭,저스틴 팀버레이크,주이 디샤넬,에이미 슈머,앤드류 라넬스"
괴물,2023-11-29,일본,일본,,(주)넥스트엔터테인먼트월드(NEW),12세이상관람가,"드라마,미스터리",고레에다 히로카즈,"안도 사쿠라,다나카 유코,나가야마 에이타,쿠로카와 소야,히이라기 히나타"
뽀로로 극장판 슈퍼스타 대모험,2023-12-13,한국,한국,(주)오콘,씨제이 씨지브이(CJ CGV)(주),전체관람가,애니메이션,"윤제완,김성민","이선,이미자,함수정,홍소영,정미숙,김서영,김환진,사문영,한신,심규혁,김율,황창영"
더 퍼스트 슬램덩크,2023-01-04,일본,일본,,(주)넥스트엔터테인먼트월드(NEW),12세이상관람가,애니메이션,이노우에 다케히코,
"바다 탐험대 옥토넛 어보브 앤 비욘드: 버드, 옥토경보를 울려라!",2023-12-27,영국,영국,,와이드 릴리즈(주),전체관람가,애니메이션,,
도티와 영원의 탑,2023-12-27,한국,한국,(주)샌드박스네트워크,(주)넥스트엔터테인먼트월드(NEW),전체관람가,애니메이션,"배완,양희성,박인한","나희선,최예린,이민호,이민형,차재원,엄상현,이명호,방보용,정빈,김하영,김병선,임채빈,김도희,이주원,주백호,송훈,박도영,김근환,장은서,정서진,박현기,김시우,송희,김기운,하시안,서부건,조수아,김예은,권서준,이나영,조성하,최아림,강지민,공은빈,김성하,옥수진,유규선,천민규,한효경,정찬,박신후,김경륜,이지우,허은우,김경림,홍성빈,이영호,고연우,김로아,홍윤서,박채원,이지엘,이효린,이다은,최예원,하예은,하예설,임소여,오지수,손정민,이율주,남도형,신범식"
말하고 싶은 비밀,2023-12-13,일본,일본,,"(주)바이포엠스튜디오,홀리가든",전체관람가,멜로/로맨스,,사쿠라다 히요리
류이치 사카모토: 오퍼스,2023-12-27,일본,일본,,"(주)엣나인필름,메가박스중앙(주)",전체관람가,"공연,다큐멘터리",소라 네오,사카모토 류이치
크레센도,2023-12-20,미국,미국,,오드,전체관람가,다큐멘터리,헤더 윌크,
3일의 휴가,2023-12-06,한국,한국,글뫼 주식회사,(주)쇼박스,12세이상관람가,"판타지,드라마",육상효,"김해숙,강정윤,신민아,강기영,황보라,박명훈"
외계+인 2부,2024-01-10,한국,한국,(주)케이퍼필름,(주)씨제이이엔엠,12세이상관람가,기타,최동훈,"류준열,유진호,김태리,김우빈,이하늬,염정아,조우진,김의성,진선규,신정근,윤경호,이시훈,최미금,위지웅"
인투 더 월드,2024-01-10,미국,미국,,유니버설픽쳐스인터내셔널 코리아(유),전체관람가,애니메이션,벤자민 레너,"엘리자베스 뱅크스,캐롤 케인,아콰피나,쿠마일 난지아니"
사랑은 낙엽을 타고,2023-12-20,핀란드,핀란드,,찬란,12세이상관람가,멜로/로맨스,아키 카우리스마키,
리빙: 어떤 인생,2023-12-13,영국,영국,,(주)티캐스트,12세이상관람가,드라마,올리버 허머너스,"빌 나이,에이미 루 우드,알렉스 샤프,톰 버크"
길위에 김대중,2024-01-10,한국,한국,"(주)명필름,(주)시네마6411","(주)아이오케이이엔엠,(주)명필름,(주)시네마6411",12세이상관람가,다큐멘터리,민환기,"김대중,김도영,김재록,서석규,김남희,장현성"
클레오의 세계,2024-01-03,프랑스,프랑스,,"그린나래미디어(주),(주)하이스트레인저",전체관람가,드라마,마리 아마추켈리,"루이스 모루아-팡자니,일사 모레노 제고"
나폴레옹,2023-12-06,미국,미국,,소니픽쳐스엔터테인먼트코리아주식회사극장배급지점,15세이상관람가,"전쟁,드라마",리들리 스콧,"호아킨 피닉스,바네사 커비"
너와 나,2023-10-25,한국,한국,주식회사 필름영,"주식회사 필름영,그린나래미디어(주)",12세이상관람가,드라마,조현철,"박혜수,김시은,박서경"
그대들은 어떻게 살 것인가,2023-10-25,일본,일본,,메가박스중앙(주),전체관람가,애니메이션,미야자키 하야오,"스다 마사키,시바사키 코우,키무라 요시노,기무라 타쿠야,산토키 소마,아이묭,김연우"
피아니스트의 전설,2020-01-01,이탈리아,이탈리아,,"일미디어,(주)라이크콘텐츠",15세관람가,"드라마,판타지,뮤지컬",쥬세페 토르나토레,"팀 로스,프루잇 테일러 빈스,멜라니 티에리"
티처스 라운지,2023-12-27,독일,독일,,(주)스튜디오디에이치엘,12세이상관람가,드라마,일커 카탁,
극장판 아이돌리쉬 세븐; 라이브 4비트 비욘드 더 피리어드 - 데이 2,2023-10-19,일본,일본,,메가박스중앙(주),전체관람가,애니메이션,니시키오리 히로시,"오노 켄쇼,하타노 와타루,호시 소이치로"
쏘우 X,2023-12-13,미국,미국,,"(주)올스타엔터테인먼트,(주)플레이그램",청소년관람불가,"공포(호러),스릴러",케빈 그루터트,"토빈 벨,쇼니 스미스"
싱글 인 서울,2023-11-29,한국,한국,"(주)디씨지플러스,(주)명필름,(주)인사이트필름",롯데컬처웍스(주)롯데엔터테인먼트,12세이상관람가,"멜로/로맨스,코미디",박범수,"이동욱,임수정,이솜,장현성,김지영,이미도,이상이,지이수,조영진,손지나,박슬기,한종훈,강인기,윤계상,조달환,정우영,김미수,류혜린,박유밀,한사명,송훈,윤대열,임우철,홍성덕,윤혜리,조민국,이태형,황대기,안희주,장래군,박병우,방예인,설찬미,한동희,이한종,구시연,이동건,오준혁,황기석,김예지,김한솔"
드라이브 마이 카,2021-12-23,일본,일본,,(주)트리플픽쳐스,15세이상관람가,드라마,하마구치 류스케,"니시지마 히데토시,미우라 토코,오카다 마사키,기리시마 레이카,박유림,진대연,소냐 위엔,안휘태"
콰이강의 다리,1962-11-03,미국,미국,콜럼비아 픽쳐스 코포레이션,,연소자관람가,"드라마,전쟁",데이빗 린,"알렉 기네스,하야카와 세슈,잭 호킨스"
노 베어스,2024-01-10,이란,이란,,엠엔엠인터내셔널(주),12세이상관람가,드라마,자파르 파나히,
덤 머니,2024-01-17,미국,미국,,"그린나래미디어(주),(주)플레이그램",15세이상관람가,"코미디,드라마",크레이그 질레스피,"폴 다노,세스 로건,아메리카 페레라,쉐일린 우들리"
극장판 아이돌리쉬 세븐; 라이브 4비트 비욘드 더 피리어드 - 데이 1,2023-10-19,일본,일본,,메가박스중앙(주),전체관람가,애니메이션,니시키오리 히로시,"오노 켄쇼,하타노 와타루,호시 소이치로"
힐마 아프 클린트 - 미래를 위한 그림,2023-12-20,독일,독일,,(주)마노엔터테인먼트,전체관람가,다큐멘터리,할리나 디르슈카,"힐마 아프 클린트,에른스트 페터 피셔,율리아 포스"
녹원의 천사,,미국,미국,메트로-골드윈-마이어,,,"드라마,가족",클라렌스 브라운,
사람보,,프랑스,"프랑스,이탈리아",,,,"액션,드라마",세르지오 그리코,
미녀와 건달,,미국,미국,,,,"드라마,멜로/로맨스",빈센트 미넬리,"커크 더글라스,라나 터너"
이터널 선샤인,2005-11-10,미국,미국,포커스피쳐스,"롯데컬처웍스(주)롯데시네마,(주)노바미디어,코리아픽쳐스(주)",15세관람가,멜로/로맨스,미셸 공드리,"짐 캐리,케이트 윈슬렛,커스틴 던스트,마크 러팔로,일라이저 우드"
외계+인 1부,2022-07-20,한국,한국,(주)케이퍼필름,(주)씨제이이엔엠,12세이상관람가,"액션,판타지,SF",최동훈,"류준열,김우빈,김태리,소지섭,염정아,조우진,김의성,이하늬,신정근,이시훈,김대명,최유리,김기천,윤병희,지건우,윤경호,옥자연,이현걸,김해숙,유재명,전여빈,김민서,김민준,이선희,백현주,최광제,심달기,조하이,김루아,김강일,이동희,김찬형,박무염,송영광,이동용,장준휘,한성수,김정한,김왕도,김세홍,김만호,김민체,박광재,박수진,김선혁,김우현,김민환,김재현,김윤도,김진욱,문바롬,성백인,안재원,이태환,이보영,윤상원,손주환,김단비,지한아,김빛나래,김세정,민정은,배윤민,정지원,지성은,전아희,한수아,고나영,박시연,송지혁,우상기,김선혁,한승윤,박인규,강정민,이희규,변진수,양미선,이병욱,장규식,전경희,강춘선,강차욱,김문조,조한길,류관후,김방선,전은미,정민규,고유준,전진기,이원민,이택근,서석규,한동훈,남지우,박래영,임보현,임우진,신혜지,김지선,김예주,이주혁,하시연,차영주,이수진,김수현,현오봉,김승준,박건률,선인호,이동석,조운성,조진결,한지훈,황인직,이준창,황재운,임재민,강기원,전원표,정예서,민새희,오채은,이하주,유독현,이가현,김현식,박종범,이섭정,강한별,김솔로몬,장석준,이수형,김한솔,박수찬"
"칼라스-파리, 1958",,프랑스,프랑스,,(주)케빈앤컴퍼니,,공연,톰 볼프,마리아 칼라스
부활 그 소망,2024-03-07,한국,한국,파이오니아21,파이오니아21,전체관람가,다큐멘터리,김상철,"천정은,권오중"
립세의 사계,2024-01-10,폴란드,폴란드,,(주)디스테이션,15세이상관람가,애니메이션,"DK 웰치먼,휴 웰치맨",
쿼바디스,1973-01-13,미국,미국,메트로-골드윈-마이어,,연소자관람가,"드라마,사극",머빈 르로이,"데보라 카,로버트 테일러,레오 겐"
간신의 피,2024-01-03,한국,한국,묘명동화,(주)에스와이코마드,15세이상관람가,액션,권하,"정회근,송길호,기주봉,현리원,신현규,김다솔"
백남준: 달은 가장 오래된 TV,2023-12-06,한국,"한국,미국",시소픽쳐스,(주)엣나인필름,12세이상관람가,다큐멘터리,어맨다 킴,"백남준,스티븐 연"
킹덤 3: 운명의 불꽃,2024-01-17,일본,일본,,"와이드 릴리즈(주),(주)플레이그램,(주)이놀미디어",15세이상관람가,"액션,전쟁",사토 신스케,"야마자키 켄토,요시자와 료,하시모토 칸나"
2만 종의 벌,2023-12-27,스페인,스페인,,주식회사 왓챠,12세이상관람가,드라마,,
"그리고, 살아간다",2024-01-01,일본,일본,,(주)미디어캐슬,12세이상관람가,"드라마,가족,멜로/로맨스",츠키카와 쇼,"아리무라 카스미,사카구치 켄타로,강지영"
비밀,2023-12-13,한국,한국,스튜디오고트,(주)영화특별시에스엠씨,청소년관람불가,"미스터리,드라마,스릴러","임경호,소준범","김정현,박성현,길해연,다원,송병훈,이형구,유태규,박성민,윤동원"
와일드 투어,2025-03-12,일본,일본,,(주)디오시네마,전체관람가,드라마,미야케 쇼,
어른 김장하,2023-11-15,한국,한국,MBC경남,(주)시네마달,전체관람가,다큐멘터리,김현지,김장하
조이랜드,2023-12-13,기타,기타,,주식회사 슈아픽처스,15세이상관람가,드라마,사임 사디크,
블루 자이언트,2023-10-18,일본,일본,,판씨네마(주),12세이상관람가,애니메이션,타치카와 유즈루,"야마다 유키,마미야 쇼타로,오카야마 아마네"
수라,2023-06-21,한국,한국,"스튜디오두마,미디어나무(주)","스튜디오두마,미디어나무(주),스튜디오 에이드",전체관람가,다큐멘터리,황윤,황윤
교토에서 온 편지,2023-12-06,한국,한국,한국영화아카데미,판씨네마(주),12세이상관람가,드라마,김민주,"한선화,윤소연,차미경,한채아,송지현"
모정,1972-12-09,미국,미국,이십세기폭스필름코퍼레이션,,12세관람가,"드라마,전쟁",헨리 킹,"윌리엄 홀든,제니퍼 존스"
공포의 보수,,프랑스,"프랑스,이탈리아",,,,"어드벤처,드라마,스릴러",앙리 조르주 클루조,"이브 몽땅,샤를 바넬,피터 반 에이크"
동경의 황혼,2024-10-09,일본,일본,,(주)엣나인필름,15세이상관람가,"드라마,가족",오즈 야스지로,"후지와라 카마타리,아리마 이네코"
패티코트 작전,,미국,미국,,,,"코미디,전쟁",블레이크 에드워즈,"캐리 그랜트,토니 커티스"
사랑의 스잔나,1976-08-12,홍콩,홍콩,동아흥행㈜,주식회사 블루필름웍스,전체관람가,멜로/로맨스,"김정용,송존수","이승룡,진추하"
호두까기 인형,,영국,영국,,(주)위즈온센,,공연,,
나의 올드 오크,2024-01-17,아일랜드,아일랜드,,(주)영화사 진진,15세이상관람가,드라마,켄 로치,"데이브 터너,에블라 마리"
약속,2023-11-01,한국,한국,(주)민병훈필름,엠라인디스트리뷰션(주),전체관람가,다큐멘터리,민병훈,"민시우,민병훈,안은미"
토스카,2018-05-05,미국,미국,,(주) 인스터 글로벌,12세이상관람가,공연,,
신세계로부터,2023-12-20,한국,한국,씨네마캣 픽쳐스,필름다빈,12세이상관람가,"드라마,미스터리",최정민,"진용욱,정하담,신나래,명채미"
전함 발진하라,,미국,미국,,,,"드라마,전쟁",조세프 페브니,
엔시티 네이션 : 투 더 월드 인 시네마,2023-12-06,한국,한국,씨제이포디플렉스 주식회사,씨제이포디플렉스 주식회사,전체관람가,"공연,다큐멘터리",오윤동,
천국의 그림자,,핀란드,핀란드,,,,"코미디,멜로/로맨스",아키 카우리스마키,"마티 펠론파,카티 오우티넨"
무기여 잘 있거라,1974-01-01,미국,미국,,,,"드라마,멜로/로맨스",찰스 비더,"록 허드슨,제니퍼 존스,비토리오 데 시카"
돈,1950-03-09,한국,한국,김프로덕션,,,"드라마,범죄",김소동,"김승호,최남현,최은희,김진규"
스노우 폭스: 썰매개가 될 거야!,2023-11-23,미국,미국,,(주)팝엔터테인먼트,전체관람가,"애니메이션,어드벤처",아론 우들리,"제레미 레너,알렉 볼드윈"
버팔로 대대,,미국,미국,,,,"범죄,서부극(웨스턴)",,
기적의 시작,2024-02-22,한국,한국,퓨어웨이픽쳐스,퓨어웨이픽쳐스,12세이상관람가,다큐멘터리,권순도,임동진
릴리 슈슈의 모든 것,2005-06-23,일본,일본,록웰아이즈 (ロックウェルアイズ),"(주)미디어캐슬,(주)튜브엔터테인먼트",15세관람가,드라마,이와이 슌지,"이치하라 하야토,오시나리 슈고"
아리엘,,핀란드,핀란드,,,,"범죄,멜로/로맨스",아키 카우리스마키,마티 펠론파
악마의 제자들,,미국,"미국,영국",,,,"코미디,멜로/로맨스","가이 해밀튼,알렉산더 맥켄드릭","버트 랭커스터,커크 더글라스"
러브레터,1999-11-20,일본,일본,후지텔레비젼네트웍,"워터홀컴퍼니(주),주식회사 왓챠,와이드 릴리즈(주),(주)제이앤씨미디어그룹,(유)조이앤시네마,(주)팝엔터테인먼트",전체관람가,"멜로/로맨스,드라마",이와이 슌지,"나까야마 미호,토요카와 에츠시,사카이 미키"
보헤미안의 생,,핀란드,핀란드,,,,"드라마,코미디",아키 카우리스마키,"마티 펠론파,에벌린 디디"
프레디의 피자가게,2023-11-15,미국,미국,유니버설픽쳐스인터내셔널 코리아(유),유니버설픽쳐스인터내셔널 코리아(유),12세이상관람가,"공포(호러),스릴러",엠마 타미,"조쉬 허처슨,엘리자베스 라일,캣 코너 스털링,파이퍼 루비오,메리 스튜어트 매스터슨,매튜 릴라드"
헝거게임: 노래하는 새와 뱀의 발라드,2023-11-15,미국,미국,,(주)누리픽쳐스,15세이상관람가,"액션,어드벤처,SF,스릴러",프란시스 로렌스,"레이첼 지글러,톰 블라이스,헌터 샤퍼,비올라 데이비스,피터 딘클리지,제이슨 슈왈츠먼"
어둠은 걷히고,,핀란드,핀란드,,,,"드라마,코미디",아키 카우리스마키,"카티 오우티넨,까리 베나넨"
패터슨,2017-12-21,프랑스,"프랑스,독일,미국",,그린나래미디어(주),12세이상관람가,드라마,짐 자무쉬,"아담 드라이버,골시프테 파라하니"
홈그라운드,2023-12-06,한국,한국,,영화배급협동조합 씨네소파,12세이상관람가,다큐멘터리,권아람,
괴인,2023-11-08,한국,한국,영화 제작위원회,(주)영화사 진진,15세이상관람가,드라마,이정홍,"박기홍,최경준,이소정,안주민,이기쁨,전길"
기인들,,미국,미국,,,,"서부극(웨스턴),드라마",존 휴스턴,"클라크 게이블,마릴린 몬로,몽고메리 클리프트"
가버나움,2019-01-24,기타,기타,,"그린나래미디어(주),플레이리스트(주)",15세이상관람가,드라마,나딘 라바키,"자인 알 라피아,요르다노스 시프로우,보루와티프 트레저 반콜,나딘 라바키"
마이 샤이니 월드,2023-11-03,한국,한국,"메가박스중앙(주) 플러스엠 엔터테인먼트,(주)에스엠엔터테인먼트",메가박스중앙(주),전체관람가,"공연,다큐멘터리",이후빈,샤이니
본 투 비 블루,2016-06-09,캐나다,"캐나다,영국,미국",,그린나래미디어(주),청소년관람불가,드라마,로버트 뷔드로,"에단 호크,카르멘 에조고"
에브리씽 에브리웨어 올 앳 원스,2022-10-12,미국,미국,,워터홀컴퍼니(주),15세이상관람가,"액션,코미디","다니엘 콴,다니엘 쉐이너트","양자경,스테파니 수,키 호이 콴,제이미 리 커티스"
"주사위놀이, 마불 세계여행",2024-01-03,한국,한국,(주)니즈텔레콤,(주)니즈텔레콤,전체관람가,어드벤처,이광범,
어파이어,2023-09-13,독일,독일,,엠엔엠인터내셔널(주),12세이상관람가,"드라마,멜로/로맨스,코미디",크리스티안 펫졸드,폴라 비어
오징어 노동조합,,핀란드,핀란드,,,,기타,아키 카우리스마키,
과거가 없는 남자,2005-10-14,핀란드,핀란드,판도라 필름프로덕션,(주)영화랑,12세관람가,"코미디,드라마",아키 카우리스마키,"마르꾸 펠톨라,카티 오우티넨"
바람과 함께 사라지다,1972-12-23,미국,미국,메트로-골드윈-마이어,(주)피터팬픽쳐스,"12세이상관람가,국민학생관람불가","드라마,멜로/로맨스,전쟁",빅터 플레밍,"클라크 게이블,비비안 리,레슬리 하워드"
이어지는 땅,2024-01-10,한국,한국,,필름다빈,12세이상관람가,드라마,조희영,"공민정,정회린,류세일,감동환,김서경"
물비늘,2023-12-06,한국,한국,플라시보 픽쳐스,㈜인디스토리,12세이상관람가,드라마,임승현,"김자영,하이안,홍예서,정애화,설시연,김현정,장준휘,최원용,하준호"
유하,,핀란드,핀란드,,,,코미디,아키 카우리스마키,"사카리 쿠오스마넨,카티 오우티넨"
리오 브라보,,미국,미국,,,,"드라마,멜로/로맨스,서부극(웨스턴)",하워드 혹스,"존 웨인,딘 마틴"
어느 가족,2018-07-26,일본,일본,,(주)티캐스트,15세이상관람가,드라마,고레에다 히로카즈,"릴리 프랭키,안도 사쿠라,마츠오카 마유,키키 키린,죠 카이리,사사키 미유,이케마츠 소스케"
무방비 도시,,이탈리아,이탈리아,,,,"드라마,전쟁",로베르토 로셀리니,"안나 마냐니,알도 파브리지"
바다 탐험대 옥토넛 어보브 앤 비욘드 : 육지 넘어 하늘까지!,2023-08-10,영국,영국,,와이드 릴리즈(주),전체관람가,"애니메이션,어드벤처,액션",,"하성용,정재헌,엄상현,윤승희,김율,유동균,김정은,한경화,박성영"
달빛 아래서,,미국,미국,,,,드라마,멜빌 샤벨슨,"캐리 그랜트,소피아 로렌"
가위손,1991-06-29,미국,미국,,(주)프레인글로벌,중학생이상관람가,드라마,팀 버튼,"조니 뎁,위노나 라이더,빈센트 프라이스"
내겐 너무 젊은 장모,2024-01-05,한국,한국,(주)씨맥스커뮤니케이션즈,(주)씨맥스커뮤니케이션즈,청소년관람불가,성인물(에로),,
찬란한 내일로,2024-05-29,이탈리아,"이탈리아,프랑스",,에무 시네마 앤 카페,12세이상관람가,드라마,난니 모레티,"난니 모레티,마르게리타 부이,실비오 올란도,마티유 아말릭"
황혼의 빛,2006-12-14,핀란드,핀란드,,(주)스폰지이엔티,12세이상관람가,드라마,아키 카우리스마키,"얀 히티아이넨,마리아 예르벤헬미"
우리 돈 벌레,2023-12-28,한국,한국,㈜스토리셋,㈜스토리셋,12세이상관람가,코미디,윤재연,"양동근,던밀스"
동경 이야기,2014-08-16,일본,일본,,"(주)엣나인필름,오드",전체관람가,드라마,오즈 야스지로,"치슈 류,히가시야마 치에코"
르네에게,2023-12-27,한국,한국,(주)허그아이엔티엘,"(주)드림팩트엔터테인먼트,(주)빅브라더스",12세이상관람가,드라마,강승원,"오정훈,주인영"
해바라기,1982-11-14,이탈리아,이탈리아,모스필름,일미디어,12세이상관람가,드라마,비토리오 데 시카,"소피아 로렌,마르첼로 마스트로얀니"
마타하리,,미국,미국,,,,드라마,조지 피츠모리스,"그레타 가르보,라이오넬 배리모어"
날씨의 아이,2019-10-30,일본,일본,,"메가박스중앙(주) 플러스엠 엔터테인먼트,(주)미디어캐슬,워터홀컴퍼니(주)",15세이상관람가,"애니메이션,판타지,멜로/로맨스",신카이 마코토,"다이고 코타로,모리 나나,오구리 슌,심규혁,최한,강은애,김서영"
남산의 부장들,2020-01-22,한국,한국,(주)하이브미디어코프,(주)쇼박스,15세이상관람가,드라마,우민호,"이병헌,이태호,이성민,곽도원,이희준,김소진,김승훈,박성근,서현우,지현준,박지일,이태형,주석태,이도국,김민상,이양희,정미형,조혜주,김명선,이하영,전우재,손병욱,윤충,염석무,박현우,김태훈,최재훈,조영규,이수광,박기만,엄지만,천명재,김낙균,천재홍,김지나,이태호,정종우,윤기창,손인용,박소윤,이영용,김성철,장은채,유정호,정문용,신하준,이승진,제리 렉터,오진석,남승화,유대식,장의돈,구윤회,양재훈,김동환,이광식,김병남,오대환,이병관,김지성,박하균,이상철,김홍파,김용우,정원석,이충훈"
레이니 데이 인 뉴욕,2020-05-06,미국,미국,,"그린나래미디어(주),(주)버킷스튜디오",15세이상관람가,"코미디,멜로/로맨스",우디 앨런,"티모시 샬라메,엘르 패닝,셀레나 고메즈,주드 로,디에고 루나,리브 슈라이버"
안나 카레니나,,미국,미국,,,,"드라마,멜로/로맨스",,
열정,,일본,일본,,(주)트리플픽쳐스,,드라마,하마구치 류스케,"오카베 나오,카와이 아오바,오카모토 류타"
타오르는 여인의 초상,2020-01-16,프랑스,프랑스,,"그린나래미디어(주),스튜디오 초이스 주식회사",15세이상관람가,드라마,셀린 시아마,"아델 에넬,노에미 멜랑"
언더 유어 베드,2023-12-13,한국,한국,(주)미스터리픽처스,(주)트리플픽쳐스,청소년관람불가,"스릴러,멜로/로맨스",사부,"이지훈,이윤우,신수항"
형제는 용감하였다,,미국,미국,,,,"멜로/로맨스,드라마",리처드 소프,"로버트 테일러,앤 블리스"
극장판 우당탕탕 은하안전단: 진정한 용기!,2023-11-30,한국,한국,(주)마로스튜디오,(주)넥스트엔터테인먼트월드(NEW),전체관람가,애니메이션,정지훈,"김은아,엄상현,이지현,이민규,전태열,정영웅,신용우,남도형,한만중,홍소영"
겨울 이야기,,프랑스,프랑스,,(주)영화사 안다미로,15세이상관람가,드라마,에릭 로메르,"샬롯 베리,프레데릭 반 덴 드리슈"
그렇게 아버지가 된다,2013-12-19,일본,일본,,(주)티캐스트콘텐츠허브,전체관람가,"드라마,가족",고레에다 히로카즈,"후쿠야마 마사하루,오노 마치코,릴리 프랭키,마키 요코"
너의 이름은.,2017-01-04,일본,일본,,메가박스중앙(주) 플러스엠 엔터테인먼트,12세이상관람가,"애니메이션,드라마,멜로/로맨스",신카이 마코토,"카미키 류노스케,카미시라이시 모네,나가사와 마사미,이치하라 에수코,유키 아오이,시마자키 노부나가,이시카와 카이토,타니 카논"
엘리자벳과 나,2023-12-13,독일,"독일,스위스,오스트리아",,(주)영화사 안다미로,15세이상관람가,드라마,프라우케 핀스터발더,"산드라 휠러,수잔느 볼프"
느티나무 아래,2023-11-15,한국,한국,영화제작소 숲길,"미디어나무(주),스튜디오 에이드",전체관람가,다큐멘터리,오정훈,
2046,2004-10-15,홍콩,홍콩,"아르떼,콜럼비아 픽쳐스 코포레이션,프랑스3시네마,젯톤프로덕션,제2 독일 텔레비젼 협회,포르티시모 필름","(주)디스테이션,이십세기폭스필름코퍼레이션","18세관람가,청소년관람불가",드라마,왕가위,"양조위,공리,왕비,기무라 다쿠야,장쯔이,유가령,장첸,장만옥"
해피 아워,2021-12-09,일본,일본,,(주)트리플픽쳐스,15세이상관람가,드라마,하마구치 류스케,"다나카 사치에,기쿠치 하즈키,미하라 마이코,가와무라 리라"
러브액츄얼리: 크리스마스 에디션,2013-12-18,미국,"미국,영국",,(주)팝엔터테인먼트,청소년관람불가,"멜로/로맨스,드라마,코미디",리차드 커티스,"휴 그랜트,콜린 퍼스,리암 니슨,키이라 나이틀리,엠마 톰슨"
황금마차,,이탈리아,"이탈리아,프랑스",,,,"코미디,드라마",장 르누아르,
꽁치의 맛,,일본,일본,,,,드라마,오즈 야스지로,"치슈 류,이와시타 시마"
유스,2016-01-07,이탈리아,"이탈리아,프랑스,스위스,영국",,그린나래미디어(주),15세이상관람가,드라마,파올로 소렌티노,"마이클 케인,하비 케이틀,레이첼 와이즈,폴 다노,제인 폰다"
빅슬립,2023-11-22,한국,한국,CINEBUS,찬란,15세이상관람가,드라마,김태훈,"김영성,오동진,임재혁,최준우"
러스트 앤 본,2013-05-02,프랑스,프랑스,,그린나래미디어(주),청소년관람불가,"멜로/로맨스,드라마",자크 오디아르,"마리옹 꼬띠아르,마티아스 쇼에나에츠,보울리 라너스"
애스터로이드 시티,2023-06-28,미국,미국,,유니버설픽쳐스인터내셔널 코리아(유),12세이상관람가,드라마,웨스 앤더슨,"제이슨 슈왈츠먼,스칼렛 요한슨,톰 행크스,제프리 라이트,틸다 스윈튼,브라이언 크랜스톤,에드워드 노튼,애드리언 브로디,리브 슈라이버,홉 데이비스"
절해고도,2023-09-27,한국,한국,보리와 오디 영화사,"아이 엠,무브먼트",12세이상관람가,드라마,김미영,"박종환,이연,강경헌,박현숙,정수빈,장준휘,강길우,최희진,이태경,구자은,류제승,이중현,변진수,윤가현,천신남,백종록,최재혁,배혜원,김신혜,김대한"
마에스트로 번스타인,2023-12-06,미국,미국,,씨제이 씨지브이(CJ CGV)(주),15세이상관람가,드라마,브래들리 쿠퍼,"캐리 멀리건,브래들리 쿠퍼"
관능 육체 부녀회장의 동정교육,2024-01-03,한국,한국,주식회사 피에스앤제이,주식회사 피에스앤제이,청소년관람불가,,,
냉정과 열정사이,2003-10-10,일본,일본,,"하준사,월트디즈니컴퍼니코리아(주),(주)디스테이션",15세관람가,"멜로/로맨스,드라마",나카에 이사무,"다케노우치 유타카,진혜림"
스즈메의 문단속,2023-03-08,일본,일본,,(주)쇼박스,12세이상관람가,애니메이션,신카이 마코토,"하라 나노카,마츠무라 호쿠토"
우연과 상상,2022-05-04,일본,일본,,"그린나래미디어(주),(주)영화사 안다미로",15세이상관람가,"드라마,멜로/로맨스",하마구치 류스케,"현리,나카지마 아유무,시부카와 키요히코,우라베 후사코,카와이 아오바"
프로메어,2022-10-20,일본,일본,,(주)영화사 그램,15세이상관람가,애니메이션,이마이시 히로유키,"마츠야마 켄이치,사카이 마사토"
붉은 장미의 추억,2023-11-02,한국,한국,(주)프로젝트42,(주)프로젝트42,12세이상관람가,"드라마,미스터리",백재호,"김영민,김태완,남기욱,위다은,김세중,배우경,이현주"
스펜서,2022-03-16,영국,영국,,"(주)영화특별시에스엠씨,그린나래미디어(주)",12세이상관람가,드라마,파블로 라라인,"크리스틴 스튜어트,샐리 호킨스,티모시 스폴,숀 해리스,잭 파딩,잭 닐렌,프레디 스프라이,스텔라 고넷"
초콜렛 고마워,,프랑스,"프랑스,스위스",,해피송,15세관람가,"범죄,스릴러",클로드 샤브롤,"이자벨 위페르,자크 뒤트롱,안나 무글라리스"
그랜드 호텔,,미국,미국,,,,드라마,에드문드 골딩,"그레타 가르보,존 배리모어"
뿌까의 짜장면파티,2022-07-04,한국,한국,(주)에픽캔,(주)에픽캔,전체관람가,기타,박상용,"유진주,임종웅,이은정,박중언,김기영,임재홍,신지윤,김민아,이지현,김은미,엄상현"
빨간 마후라,,한국,한국,신필름,,12세이상관람가,"액션,전쟁",신상옥,"남궁원,윤인자,신영균,최무룡,최은희,이대엽"
안녕하세요,2026-02-11,일본,일본,,(주)엣나인필름,12세이상관람가,드라마,오즈 야스지로,"사다 케이지,쿠가 요시코,치슈 류"
택시운전사,2017-08-02,한국,한국,더램프스튜디오(주),(주)쇼박스,15세이상관람가,드라마,장훈,"이수민,장해숙,정태석,송강호,토마스 크레취만,유해진,류준열,박혁권,최귀화,이창섭,이호균,송병철,안용우,오석규,윤석진,이새별,이성호,이정은,이주영,황민형,김신웅,김진상,김화목,차순배,김대현,서현우,이봉련,홍완표,문광식,류성현,백인권,허정도,손경원,한사명,한이진,송지언,배준수"
너는 내 아들,2023-06-28,미국,미국,,"주식회사 블루필름웍스,(주)버킷스튜디오",12세이상관람가,드라마,,
키리에의 노래: 디렉터스 컷,2023-11-24,일본,일본,,이화배컴퍼니(주),15세이상관람가,드라마,이와이 슌지,
벨리시마,,이탈리아,이탈리아,,,,기타,,안나 마냐니
샤인 리마스터링,1997-01-25,호주,호주,오스트렐리안필름파이낸스코퍼레이션,"(주)비싸이드 픽쳐스,필립 스튜디오,(주)라이크콘텐츠,(주)팝엔터테인먼트,(주)하명중 영화제작소","15세이상관람가,중학생이상관람가",드라마,스콧 힉스,"제프리 러쉬,아민 뮬러 스탈,노아 테일러,린 레드그레이브"
강변의 무코리타,2023-08-23,일본,일본,,(주)디스테이션,12세이상관람가,드라마,오기가미 나오코,"마츠야마 켄이치,무로 츠요시,미츠시마 히카리,에구치 노리코,에모토 타스쿠"
나의 피투성이 연인,2023-11-15,한국,한국,"컴플렉스필름,㈜인디스토리","(주)디오시네마,㈜인디스토리",12세이상관람가,"드라마,멜로/로맨스",유지영,"이준호,한해인,이한주,오만석,강신철,전아희,김현진,박가영,박미현,최희진,김판겸,이연진,유은진,장종호,송은지,이세령,이상환,고유준,박이수,변운섭,김수청,권민령,형슬우,김홍국"
룩앳미 터치미 키스미,2023-12-06,한국,"한국,말레이시아,인도네시아",필름라인,시네마 뉴원,15세이상관람가,"멜로/로맨스,코미디","호 유항,제나르 마에사 아유,김태식","홍완표,이태경,조선묵,채민서,이진주,박종근,임장환,이슬기,권민경,이도윤"
악의 꽃,,프랑스,프랑스,,해피송,,"드라마,스릴러",클로드 샤브롤,"브누와 마지멜,나탈리 베이"
언어의 정원,2013-08-14,일본,일본,,"(주)미디어캐슬,(주)팝엔터테인먼트",12세이상관람가,애니메이션,신카이 마코토,"이리노 미유,하나자와 카나,히라노 후미"
밤쉘: 세상을 바꾼 폭탄선언,2020-07-08,미국,"미국,캐나다",,스튜디오 초이스 주식회사,15세이상관람가,드라마,제이 로치,"샤를리즈 테론,니콜 키드먼,마고 로비"
만분의 일초,2023-11-15,한국,한국,한국영화아카데미,(주)더쿱디스트리뷰션,12세이상관람가,"액션,드라마,스릴러",김성환,"주종혁,문진성,장준휘,김용석,최민철,이주연,박지아,조유신,전진기,오자훈,최웅희,홍택근,최선중"
여름날 우리,2021-08-25,중국,중국,,"(주)바이포엠스튜디오,찬란,메가박스중앙(주)",12세이상관람가,"코미디,멜로/로맨스",한톈,"허광한,장약남"
퀸 크리스티나,,,,,,,,,
만추,2011-02-17,한국,"한국,미국,홍콩","빅뱅컨텐츠(주),(주)에스씨에스엔터테인먼트","(주)에이썸엔터테인먼트,씨제이엔터테인먼트",15세이상관람가,멜로/로맨스,김태용,"현빈,탕웨이,김서라"
엔니오: 더 마에스트로,2023-07-05,이탈리아,이탈리아,,"(주)영화사 진진,(주)씨네필운",12세이상관람가,다큐멘터리,쥬세페 토르나토레,"엔니오 모리꼬네,클린트 이스트우드,쿠엔틴 타란티노,존 윌리엄스,한스 짐머,왕가위,브루스 스프링스틴,퀸시 존스"
웨스턴 프론트: 서부전선,2023-12-21,캐나다,캐나다,,주식회사 풍경소리,15세이상관람가,"전쟁,액션",,
안나 크리스티,,미국,미국,메트로-골드윈-마이어,,,"드라마,멜로/로맨스",클라렌스 브라운,"그레타 가르보,찰스 빅포드"
폭로,2023-09-20,한국,한국,(주)로그라인스튜디오,(주)메리크리스마스,12세이상관람가,"범죄,스릴러",홍용호,"강민혁,유다인,공상아,이소윤,임승범,주보영,정새별,강길우,유이현,곽자형,고정일,김태훈,문지홍,김소숙,조광희,박종현,김지수,조셉,최우정,진혜린"
견왕: 이누오,2022-12-08,일본,일본,,트윈플러스파트너스(주),12세이상관람가,애니메이션,유아사 마사아키,"모리야마 미라이,아부짱"
썬 오브 람세스,2024-02-07,프랑스,프랑스,,그린나래미디어(주),15세이상관람가,"스릴러,드라마,범죄",클레망 코지토르,
"여름을 향한 터널, 이별의 출구",2023-09-14,일본,일본,,(주)미디어캐슬,12세이상관람가,애니메이션,타구치 토모히사,"코미야 아리사,코야마 리키야"
우리의 20세기,2017-09-27,미국,미국,,그린나래미디어(주),15세이상관람가,드라마,마이크 밀스,"아네트 베닝,그레타 거윅,엘르 패닝,루카스 제이드 주만,빌리 크루덥"
거울 속 외딴 성,2023-04-12,일본,일본,,워터홀컴퍼니(주),12세이상관람가,"애니메이션,미스터리,판타지",하라 케이이치,"아시다 마나,키타무라 타쿠미,타카야마 미나미,미야자키 아오이"
이빨요정 비올레타: 요정나라로 돌아갈래!,2023-11-18,독일,독일,,TCO(주)더콘텐츠온,전체관람가,"애니메이션,판타지,어드벤처",,
별을 쫓는 아이,2011-08-25,일본,일본,,"(주)미디어캐슬,(주)박수엔터테인먼트,에이원엔터테인먼트",전체관람가,애니메이션,신카이 마코토,
슬픔의 삼각형,2023-05-17,미국,미국,,"그린나래미디어(주),(주)플레이그램,메가박스중앙(주)",15세이상관람가,"코미디,드라마",루벤 외스틀룬드,"우디 해럴슨,해리스 딕킨슨"
나 혼자만 레벨업 : 프리뷰,2023-12-13,일본,일본,,(주)애니플러스,청소년관람불가,애니메이션,,
라스트 서바이버,2023-12-14,미국,미국,,(주)콘텐트마인,15세이상관람가,"SF,액션",드류 밀레,"알리시아 실버스톤,드류 밴 에커,스티븐 모이어"
상록수,1961-09-20,한국,한국,신필름,,기타,드라마,신상옥,"허장강,최은희"
두 사람을 위한 식탁,2023-10-25,한국,한국,킴프로덕션,필름다빈,12세이상관람가,다큐멘터리,김보람,"박채영,박상옥"
마음의 고향,,,,,,,드라마,윤용규,"변기종,최은희"
매트,2023-11-30,한국,한국,액츠픽처스,시네마 뉴원,12세이상관람가,"미스터리,스릴러,드라마",최지온,"하지인,유진성,최기은,손주열,최지온,송성사,최바울,김주희,송주영,손반석,황아리,송예은,정승주,송예찬,최시언,임조이,진하민,김주혜,윤주리,이라엘,신영인,하성원,조나라,한지윤,방혜원,유병구,한명철,오주라,이준행"
베로니카의 이중생활,1991-11-09,프랑스,프랑스,,"(주)영화사 안다미로,㈜영화사 백두대간",연소자관람불가,"드라마,멜로/로맨스,판타지",크지슈토프 키에슬로프스키,"이렌느 야곱,필립 볼테르,상드린 뒤마"
성춘향,1961-01-28,한국,한국,신필름,,,"드라마,멜로/로맨스,사극",신상옥,"최은희,김진규"
안개속에 가버린 사랑,,한국,한국,동남아영화공사,(주)프리즘웍스,15세이상관람가,드라마,변장호,"김지미,오영일"
하늘의 푸르름을 아는 사람이여,2022-03-16,일본,일본,,(주)넥스트엔터테인먼트월드(NEW),12세이상관람가,"애니메이션,판타지,멜로/로맨스",나가이 타츠유키,요시자와 료
거유녀의 사생활,2024-01-04,한국,한국,(주)샤이커뮤니케이션즈,(주)샤이커뮤니케이션즈,청소년관람불가,성인물(에로),,
꿈,1955-01-16,한국,한국,,,,드라마,신상옥,"최은희,황남"
끝까지 세운다 오늘 꼭 싸는거야,2024-01-04,일본,일본,,(주)영진크리에이티브,청소년관람불가,"성인물(에로),드라마,멜로/로맨스",츠지 코지,
내 아내 맛이 어때,2024-01-04,일본,일본,,(주)영진크리에이티브,청소년관람불가,"성인물(에로),드라마,멜로/로맨스",히무 롯쿠,
딱딱하게 세워주는 여자 선생님,2024-01-04,한국,한국,(주)샤이커뮤니케이션즈,(주)샤이커뮤니케이션즈,청소년관람불가,성인물(에로),,
로맨스그레이,,한국,한국,신필름,,,"드라마,멜로/로맨스",신상옥,"김승호,최은희"
료마! 테니스의 왕자: 디사이드,2023-09-16,일본,일본,,(주)미디어캐슬,12세이상관람가,애니메이션,코지나 히로시,미나가와 준코
매일 새아들을 세우고 있어요,2024-01-04,일본,일본,,(주)영진크리에이티브,청소년관람불가,"성인물(에로),드라마,멜로/로맨스",츠지 코지,
변태 성욕에 마구 흥분한 그녀,2024-01-05,한국,한국,(주)샤이커뮤니케이션즈,(주)샤이커뮤니케이션즈,청소년관람불가,성인물(에로),,
변태적인 남자에게 길들여지는 여자들,2024-01-05,한국,한국,(주)샤이커뮤니케이션즈,(주)샤이커뮤니케이션즈,청소년관람불가,성인물(에로),,
사채소년,2023-11-22,한국,한국,(주)26컴퍼니,영화사빅,15세이상관람가,"액션,드라마",황동석,"유선호,강미나,유인수,이일준,이찬형,신수현,서혜원,윤병희,김기두,김종호,최윤봉,류제승,류경현,신정윤,지웅배,이상연,김태성,천동빈,박준영,오승희,유수정,심소영,정태수,박창훈,박현세,문수영,김동희,양동선,황재필,민채연,연오,유미호,김도담,권민서,정혜진,조영지,오협,이원욱,이주미,정현구,고성,김빈,이시형,차성만,김진서,서홍민,양성준"
수컷냄새만 나면 발딱 서버려요,2024-01-03,일본,일본,,(주)영진크리에이티브,청소년관람불가,"성인물(에로),드라마,멜로/로맨스",,
시간 멈춰 단백질 뽑아대는 아오이,2024-01-04,일본,일본,,(주)영진크리에이티브,청소년관람불가,"성인물(에로),드라마,멜로/로맨스",,
엄마 친구들 4,2024-01-06,한국,한국,(주)영화사가을,(주)영화사가을,청소년관람불가,기타,,
옆집 영계냄새에 발딱 선 내 아내,2024-01-03,일본,일본,,(주)영진크리에이티브,청소년관람불가,"성인물(에로),드라마,멜로/로맨스",,
인생 뭐 있어 넣자 넣자,2024-01-05,한국,한국,솔앤드 주식회사,솔앤드 주식회사,청소년관람불가,성인물(에로),김도현,
장모의 혀놀림에 정신 못차리는 사위,2024-01-03,한국,한국,(주)코빈커뮤니케이션즈,(주)코빈커뮤니케이션즈,청소년관람불가,성인물(에로),,
젖큰자매의맛-무삭제,2024-01-02,한국,한국,,스마일컨텐츠,청소년관람불가,성인물(에로),김레이,
준다면 먹고 보자,2024-01-05,한국,한국,솔앤드 주식회사,솔앤드 주식회사,청소년관람불가,성인물(에로),김도현,
처형:우리 제부 해보고 싶은거 다 해,2024-01-03,일본,일본,,(주)영진크리에이티브,청소년관람불가,"성인물(에로),드라마,멜로/로맨스",나가에,
출장 간호사의 특별한서비스,2024-01-03,한국,한국,주식회사 루믹스미디어,주식회사 루믹스미디어,청소년관람불가,기타,,
컨트리 카바레,2023-11-30,프랑스,프랑스,,(주)스튜디오디에이치엘,12세이상관람가,코미디,장 피에르 아메리스,"사브리나 와자니,알반 이바노프,가이 마르컨드"
허니문 먹고 하고 싸고,2024-01-03,일본,일본,,(주)영진크리에이티브,청소년관람불가,"성인물(에로),멜로/로맨스,드라마",디렉터 O,
환희의 웃음,,이탈리아,이탈리아,,,,"코미디,드라마",,
흥건한 며느리와 대물 시아버지,2024-01-03,한국,한국,(주)코빈커뮤니케이션즈,(주)코빈커뮤니케이션즈,청소년관람불가,성인물(에로),,
번지점프를 하다,2001-02-02,한국,한국,눈엔터테인먼트(주),"(주)넥스트엔터테인먼트월드(NEW),이언픽쳐스,브에나비스타인터내셔널코리아",15세관람가,"드라마,판타지",김대승,"이은주,이병헌,김준호,장석원,강경희,강길찬,강단비,강대국,김원,최정훈,신재현,여현수,김윤오,홍수현,박준형,최낙권,유태욱,인용남,김성현,정대성,임성주,정영훈,정우진,임재근,최영준,김진주,양혜경,이원근,이충현,김용호,김준영,남궁민,기주봉,오지혜,김정영,전미선,김비비"
봄날은 간다,2001-09-28,한국,한국,"(주)싸이더스,싸이더스 우노 필름",(주)시네마서비스,15세관람가,드라마,허진호,"유지태,이영애,김태진,김명인,권희영,이범수,민현선,임승민,박성희,이숙영,김정,이영옥,박인환,엄효섭,신신애,손영순"
와니와 준하,2001-11-23,한국,한국,청년필름(주),워너브러더스 코리아(주),15세관람가,드라마,김용균,"김희선,주진모,최강희,조승우,박정환,김희선,임현균,임동혁,김연희,이지미,이정은,김홍파,조덕제,이혜숙,정경호,백정림,고준,김수진,고준,최광일,서자영"
파이란,2001-04-28,한국,한국,튜브픽쳐스(주),"(주)영화사오원,(주)튜브엔터테인먼트",15세관람가,드라마,송해성,"최민식,장백지,김수현,김지영,손병호,송현영,김해곤,김민희,정종현,공형진,지대한,손진호,김수현,한우진"
스즈메의 문단속: 다녀왔어,2024-01-10,일본,일본,,(주)쇼박스,12세이상관람가,애니메이션,신카이 마코토,"하라 나노카,마츠무라 호쿠토"
지오디 마스터피스 더 무비,2024-01-10,한국,한국,,씨제이 씨지브이(CJ CGV)(주),전체관람가,공연,손석,"박준형,윤계상,데니 안/ 안신원,손호영,김태우"
시민덕희,2024-01-24,한국,한국,"(주)씨제스스튜디오,페이지원필름(주)",(주)쇼박스,15세이상관람가,드라마,박영주,"라미란,윤희락,공명,염혜란,박병은,장윤주,이무생,안은진,김율호"
메이킹 다큐멘터리 `스즈메의 문단속`을 따라가다,2024-01-10,일본,일본,,(주)쇼박스,전체관람가,다큐멘터리,마츠모토 소,"신카이 마코토,카와무라 겐키"
보리밭을 흔드는 바람,2006-11-02,영국,"영국,독일,아일랜드,이탈리아",,"(주)영화사 진진,(주)동숭아트센터",15세관람가,드라마,켄 로치,"킬리언 머피,리암 커닝햄"
4인의 무뢰한,1971-05-28,미국,미국,유나이티드 아티스트,,,"서부극(웨스턴),액션",조세프 페브니,"돌로레스 하트,존 색슨,제프 챈들러"
라이즈,2024-01-17,프랑스,"프랑스,벨기에",,(주)무비다이브,15세이상관람가,"드라마,코미디",세드릭 클라피쉬,"마리옹 바르보,메디 바키,호페쉬 쉑터,프랑수아 시빌,피오 마르마이,수헤일라 야쿠브,뮤리엘 로빈,드니 포달리데스"
말 없는 사나이,,미국,미국,,,,"코미디,드라마,멜로/로맨스",존 포드,"존 웨인,모린 오하라,배리 피츠제럴드"
7인의 말괄량이,1976-01-15,한국,한국,남아진흥,(주)프리즘웍스,12세이상관람가,드라마,김수형,"이영옥,정소녀,정규영,홍윤정"
이브의 모든 것,,미국,미국,,,,드라마,,
"나, 다니엘 블레이크",2016-12-08,영국,영국,,(주)영화사 진진,12세이상관람가,드라마,켄 로치,"데이브 존스,데이브 터너"
도그맨,2024-01-24,프랑스,프랑스,,(주)레드아이스 엔터테인먼트,15세이상관람가,드라마,뤽 베송,"케일럽 랜드리 존스,조조 T. 깁스"
노 엑시트,2023-12-13,미국,"미국,프랑스",,(주)이놀미디어,청소년관람불가,"공포(호러),스릴러",프랑스 칼포운,
몽고의 란,,프랑스,프랑스,,,,"액션,어드벤처,드라마",안드레 드 토스,
건국전쟁,2024-02-01,한국,한국,다큐스토리,다큐스토리,12세이상관람가,다큐멘터리,김덕영,
"미안해요, 리키",2019-12-19,프랑스,프랑스,,(주)영화사 진진,12세이상관람가,드라마,켄 로치,"크리스 히친,데비 허니우드,데이브 터너"
넥스트 골 윈즈,2024-01-24,미국,미국,,월트디즈니컴퍼니코리아 유한책임회사,전체관람가,코미디,타이카 와이티티,마이클 패스벤더
하타리,,미국,미국,,,,"액션,어드벤처,드라마",하워드 혹스,존 웨인
소녀는 졸업하지 않는다,2024-01-24,일본,일본,,해피송,12세이상관람가,멜로/로맨스,나카가와 슌,"카와이 유미,오노 리나,코미야마 리나,나카이 토모,쿠보즈카 아이루,사토 히미,우사 타쿠마,후지와라 키세츠"
5인의 해병,,한국,한국,,,,"전쟁,드라마",김기덕,"곽규석,황해,최무룡,신영균,박노식"
폼페이 최후의 날,1976-01-31,이탈리아,"이탈리아,스페인,서독",,,,드라마,마리오 보나드,"크리스틴 카우프먼,스티브 리브스"
무정,,한국,한국,,,,"멜로/로맨스,드라마",이강천,"최은희,도금봉"
의식,,프랑스,"프랑스,독일",,해피송,,"범죄,스릴러",클로드 샤브롤,"이자벨 위페르,상드린 보네르"
제3한강교,1979-11-08,한국,한국,남아진흥(주),(주)프리즘웍스,15세이상관람가,"드라마,멜로/로맨스",김정현,"이계인,혜은이,원미경,남궁원,최종원,김계희"
토니 에드만,2017-03-16,독일,독일,,그린나래미디어(주),청소년관람불가,드라마,마렌 아데,"산드라 휠러,루시 러셀,블라드 이바노브,존 케오"
사형수 탈옥하다,,프랑스,프랑스,,,,"드라마,스릴러",로베르 브레송,"프랑수아 레테리에,샤를 르 클랑셰"
앤젤스 셰어: 천사를 위한 위스키,2013-05-16,영국,"영국,프랑스",,(주)티캐스트,15세이상관람가,"코미디,드라마",켄 로치,"폴 프래니건,존 헨쇼,로저 알람,윌리엄 루에인"
아마존: 더 비기닝,2024-01-11,미국,미국,,(주)누리픽쳐스,12세이상관람가,드라마,,
지미스 홀,2014-10-09,영국,"영국,아일랜드,프랑스",,그린나래미디어(주),12세이상관람가,드라마,켄 로치,"배리 워드,시모네 커비,앤드류 스캇,짐 노튼"
윤희에게,2019-11-14,한국,한국,영화사 달리기,(주)리틀빅픽쳐스,12세이상관람가,멜로/로맨스,임대형,"김희애,나카무라 유코,김소혜,성유빈,김학선,한송희,유재명,윤태희,정은경,정태오,이원자,정수언,안종숙,이충재,박종혁,한정수,오진주,오진주,박지수,류명한,박미란,송경수,이문희,김성욱,김용제,김지환,박용구,심준보,연대웅,이주환,조현진,홍길표,황성식,김소희,김유비,김찬,김태래,박윤호,서동민,서현진,이하늘,최예린,한승민"
랩소디,,미국,미국,,,,"드라마,멜로/로맨스,뮤지컬",찰스 비더,"엘리자베스 테일러,비토리오 가스만,존 에릭슨,루이스 칼헌,마이클 체코프,리차드 헤이그만"
트로이의 헤렌,,미국,미국,워너 브러더스 픽쳐스,,,"사극,전쟁",로버트 와이즈,"로잔나 포에스타,자크 쎄나스,세드릭 하드윅,스탠리 베이커"
헤드윅,2002-08-09,미국,미국,,"워너브러더스 코리아(주),(주)엣나인필름,(주)씨네월드","15세관람가,15세이상관람가",뮤지컬,존 카메론 밋첼,존 카메론 밋첼
타이페이 스토리,2019-11-07,대만,대만,,(주)드림팩트엔터테인먼트,15세이상관람가,드라마,에드워드 양,
해탄적일천,2022-01-06,대만,대만,,(주)에이썸엔터테인먼트,12세이상관람가,드라마,에드워드 양,"장애가,호인몽"
지옥,2010-12-14,프랑스,프랑스,,해피송,,"범죄,드라마",클로드 샤브롤,"엠마누엘 베아르,프랑수아 클뤼제,안드레 윔즈"
추락의 해부,2024-01-31,프랑스,프랑스,,(주)스튜디오디에이치엘,15세이상관람가,"드라마,스릴러",쥐스틴 트리에,"산드라 휠러,스완 아를로,밀로 마차도 그라너"
1947 보스톤,2023-09-27,한국,한국,"(주)비에이엔터테인먼트,(주)빅픽쳐","롯데컬처웍스(주)롯데엔터테인먼트,(주)콘텐츠지오,주식회사 에이투지엔터테인먼트",12세이상관람가,드라마,강제규,"하정우,임시완,배성우,김상호,오희준,박효주,서정연,최규환,송영창,이규복,정영주,박서원,박은빈,임현성,김정철,리민,윤희철,김서현,최종률,김민경,홍성덕,양지수,김환영,황자능,김수혁,서동규,안태준,구자건,이태형,이한종,천재홍,노형원,주영호,윤부진,정미남,조혜선,정익한,박기선,오경주,양소민,조홍우,양지수,최상재,정재윤,진범일,서동훈"
성냥공장 소녀,2001-04-28,핀란드,핀란드,,,15세관람가,드라마,아키 카우리스마키,베사 비에리코
하나 그리고 둘,2000-10-28,대만,"대만,일본",아톰필름즈,"(주)에무필름즈,(주)리틀빅픽쳐스","12세이상관람가,전체관람가","드라마,가족",에드워드 양,"오념진,금연령,켈리 리,조나단 창,이세이 오가타,진희성"
소설가의 영화,2022-04-21,한국,한국,(주)영화제작전원사,"(주)영화제작전원사 ,(주)콘텐츠판다",12세이상관람가,드라마,홍상수,"이혜영,김민희,서영화,박미소,권해효,조윤희,하성국,기주봉,이은미,김시하"
아비정전,1990-12-22,홍콩,홍콩,,(주)디스테이션,"고등학생이상관람가,15세이상관람가","멜로/로맨스,드라마",왕가위,"장국영,장만옥,유덕화"
공포분자,2020-09-17,기타,기타,,(주)에이썸엔터테인먼트,15세이상관람가,드라마,에드워드 양,"무건인,왕 안"
벌새,2019-08-29,한국,한국,에피파니(주),"(주)엣나인필름,(주)콘텐츠판다",15세이상관람가,드라마,김보라,"박지후,김새벽,정인기,이승연,박수연,손용범,박서윤,길해연,손상연,설혜인,송경아,백금옥,엄경희,정원자,한승목,류혁진,원다영,곽다은,오명은,권세빈,조시연,권귀빈,박윤희,박윤희,김미향,안민영,엄윤채,김상호,김소현,김수연,이종윤,최수빈,이선주,정혜영,최원경,김종구,정경섭,조혜빈,윤태희,이현주,이연우,김예지,이예림,김채윤,김지원,김정헌,이춘희,이유진,정윤서,최민서,안진현,임세연,손채연,임혜원,안예은,형영선,박수현"
히즈,2024-01-10,일본,일본,,(주)태양미디어그룹,12세이상관람가,드라마,이마이즈미 리키야,"미야자와 히오,후지와라 키세츠"
로보카폴리 안전교실 교통편,2022-09-19,한국,한국,(주)로이비쥬얼,(주)로이비쥬얼,전체관람가,애니메이션,엄준영,"엄상현,박선영"
파수꾼,2011-03-03,한국,한국,한국영화아카데미,필라멘트픽쳐스,15세이상관람가,드라마,윤성현,"서준영,박정민,조성하,이제훈,이초희,이재연,배제기"
소공녀,2018-03-22,한국,한국,"광화문시네마,(주)모토",CGV아트하우스,15세이상관람가,"멜로/로맨스,드라마",전고운,"이솜,안재홍,이고운,이동렬,이보경,김재화,이요섭,이윤호,이학수,김지훈,김지훈,김태곤,김태곤,김태현,김해솔,김희원,우문기,우문기,박민지,박지영,정지현,조혜경,지지연,최경덕,권현정,강민선,형슬우,황미영,황혜림,김예은,최덕문,조수향,강진아,이성욱,김국희,김민경"
사기,,프랑스,"프랑스,스위스",,해피송,,"코미디,범죄",클로드 샤브롤,"이자벨 위페르,미셸 세로"
옥스보우 인시던트,,미국,미국,,,,"범죄,서부극(웨스턴)",윌리엄 A. 웰만,"헨리 폰다,다나 앤드류스,메리 배스 휴즈,앤소니 퀸"
리틀 포레스트,2018-02-28,한국,한국,(주)영화사수박,메가박스중앙(주) 플러스엠 엔터테인먼트,전체관람가,드라마,임순례,"김태리,류준열,문소리,진기주,홍성덕,이광용,이상준,김재훈,이유진,김정은,김주은,이태영,김지윤,오수엽,박미현,박민지,박성준,임정희,박수현,박정희,박종찬,김혁,김호,강민지,김다정,김동혁,김명희,최원석,최혜림,김소정,김수현,김은영,김예슬,전국향,장재희,정준원,김현지"
재키,2017-01-25,칠레,"칠레,프랑스,미국",,그린나래미디어(주),15세이상관람가,드라마,파블로 라라인,"나탈리 포트만,피터 사스가드,그레타 거윅,빌리 크루덥,존 캐롤 린치,존 허트,맥스 카셀라,리차드 E. 그랜트,베스 그랜트,코리 존슨"
니노치카,,미국,미국,,,,"코미디,멜로/로맨스",에른스트 루비치,
델마,2018-08-15,노르웨이,"노르웨이,덴마크,스웨덴,프랑스",,그린나래미디어(주),15세이상관람가,"멜로/로맨스,미스터리,스릴러,SF",요아킴 트리에,"에일리 하보,카야 윌킨스,엘렌 도리트 페테르센,헨릭 라파엘센,이사벨 크리스틴 안드레슨"
와일드라이프,2019-12-25,미국,미국,,"그린나래미디어(주),(주)키다리이엔티",15세이상관람가,드라마,폴 다노,"캐리 멀리건,제이크 질렌할,에드 옥슨볼드"
세자매,2021-01-27,한국,한국,(주)영화사 업,(주)리틀빅픽쳐스,15세이상관람가,드라마,이승원,"윤덕용,문소리,김선영,장윤주,조한철,현봉식,김가희,임혜영,김성민,장대웅,홍기,경다은,김미경,이송희,박선주,김지안,정예나,정민준,김용준,박지홍,신용진,전호현,김윤주,김선미,이지혜,류주연,최진아,박지훈,장선,조윤희,권혁성,이주원,송치훈,박다미,정겨운,현은영,김경덕,김애진,강선영,반인환,홍현택,박시유,배나경,서유덕,설재근,전호현,김신영,최강현,신현규,이초롱,김별,천슬기,오세윤,윤유정,정영재,박진영,이정귀,조유라,이세연,이나민,홍성무,이동환,이예린,정민경,오지연,강석원,남소하,권수진,허진,박지윤,윤미연,신비,신태리,강재흠,정다워,전호현,김선진,김우유,조영익,김성혁,박차희,김이브,신지현,표태욱,남수현,김권후,서지현,권복선,채철순,강숙,구정아,이화정,조계영,이유린,박철,최승연,서경윤,김일지,박두호,김경환,박종건,황의형,유동균,비스윗,조윤서,이태영,김호연,고청휘,양준하,신준섭,김승주,정청민,정충구,이종서,양동탁,최병준,지웅배,이지나,이경미,신승용,정이삭,오세창,김대진,권강현,최상현,이상혁,윤현길,윤영민,김정근,신은경,김기남,박준,박초하,강웅곤,김병욱,이연경,김예슬,김빛나래,이원웅,유인혜,조병천,하시연,연준원,유일한,윤민,박동일,서유진,김정윤,지현준,한동원,이주호,정혜선,이상철,박민선,이선규,배현진,진원조,정지우,맹주원,강준영,임윤비,노수빈,김하늘,두경훈,정민욱,김관철,이기성,남동협,이규섭,박장순,김상권,이주찬,박상민,정대경,정환욱,정회동,손다연,이창훈,박광선,이봉련,임철수,김의성,이현지,유다미,권유진,박성진,이민규,김효진,이영지,이원희"
핑크퐁 시네마 콘서트 2: 원더스타 콘서트 대작전,2022-12-21,한국,한국,더핑크퐁컴퍼니(주),(주)넥스트엔터테인먼트월드(NEW),전체관람가,애니메이션,김수경,"조경이,이소은,김새해,송하림,김채하,정혜원,여민정,황창영"
뱀가죽 옷을 입은 사나이,,미국,미국,,,,"드라마,멜로/로맨스",시드니 루멧,"안나 마냐니,빅터 조리"
코르사주,2022-12-21,프랑스,프랑스,,"그린나래미디어(주),(주)플레이그램",15세이상관람가,드라마,,빅키 크리엡스
일 부코,2024-01-24,이탈리아,"이탈리아,독일,프랑스",,그린나래미디어(주),전체관람가,드라마,미켈란젤로 프라마르티노,
육체와 악마,,미국,미국,,,,드라마,,
더 밴디트,,이탈리아,이탈리아,,,,"범죄,드라마",,
젊은 그들,1955-11-30,한국,한국,,,,"사극,액션",신상옥,"최은희,최무룡"
하숙생 : 위험한 동거,2024-01-12,한국,한국,(주)영진크리에이티브,(주)영진크리에이티브,청소년관람불가,"멜로/로맨스,드라마,성인물(에로)",김환진,
추억의 장미,,미국,미국,파라마운트 픽쳐스,,,"멜로/로맨스,드라마",다니엘 만,"안나 마냐니,버트 랭커스터"
마지막 왜건,,이탈리아,이탈리아,,,,코미디,,
아줌마,2023-11-29,한국,"한국,싱가포르",(주)더웨일컴퍼니,"(주)싸이더스,스튜디오 에이드",12세이상관람가,드라마,허 슈밍,"이송아,김병관,홍휘팡,강형석,정동환,여진구,변승채"
우리의 하루,2023-10-19,한국,한국,(주)영화제작전원사,"(주)영화제작전원사 ,(주)콘텐츠판다",12세이상관람가,드라마,홍상수,"기주봉,김민희,송선미,박미소,하성국,김승윤"
처와 처,,한국,한국,남화흥업(주),(주)프리즘웍스,12세이상관람가,"드라마,멜로/로맨스",최훈,"신영균,문희,김정훈,최인숙,박암"
너를 줍다,2023-11-08,한국,한국,시내필름,영화로운 형제,12세이상관람가,"멜로/로맨스,드라마",심혜정,"김재경,현우"
비밀의 언덕,2023-07-12,한국,한국,오스프링 필름,(주)엣나인필름,전체관람가,기타,이지은,"문승아,임선우,장선,강길우,장재희,이동찬,곽진무,최현진,이정민"
골프연습생 돌려먹기,2024-01-10,한국,한국,,주식회사 루믹스미디어,청소년관람불가,성인물(에로),,
구멍 속 따뜻한 그녀 무삭제판,2024-01-10,일본,일본,,주식회사 피에스앤제이,청소년관람불가,성인물(에로),,
그녀의 취향,2024-01-12,한국,한국,(주)영진크리에이티브,(주)영진크리에이티브,청소년관람불가,"성인물(에로),드라마,멜로/로맨스",모니카,
남근 너무 밝히는 장모,2024-01-09,한국,한국,(주)코빈커뮤니케이션즈,(주)코빈커뮤니케이션즈,청소년관람불가,성인물(에로),,
남사친과 유부녀의 정사-무삭제,2024-01-09,한국,한국,에이원 미디어,에이원 미디어,청소년관람불가,,천성준,
남성전용 비뇨기과-참 잘 세우네,2024-01-09,일본,일본,,(주)영진크리에이티브,청소년관람불가,"성인물(에로),드라마,멜로/로맨스",,
남편 몰래온 도련님,2024-01-10,일본,일본,,(주)가온콘텐츠,청소년관람불가,멜로/로맨스,사쿠라비토,
남편 옆에서 사장님 씨를 잔뜩 품었다,2024-01-08,일본,일본,,(주)영진크리에이티브,청소년관람불가,"성인물(에로),드라마,멜로/로맨스",나가에,
내 아내는 내조왕 : 남편 몰래 섹스 내조,2024-01-11,일본,일본,,(주)영진크리에이티브,청소년관람불가,"멜로/로맨스,드라마",,
대담하게 섹스해 주는 친구 여친,2024-01-12,한국,한국,(주)샤이커뮤니케이션즈,(주)샤이커뮤니케이션즈,청소년관람불가,성인물(에로),,
대물 사위 밝히는 장모의 금지된 사랑,2024-01-09,한국,한국,(주)코빈커뮤니케이션즈,(주)코빈커뮤니케이션즈,청소년관람불가,성인물(에로),,
동창회의 목적-화장실에 퍼진 아내의 신음소리,2024-01-09,일본,일본,,(주)영진크리에이티브,청소년관람불가,"성인물(에로),드라마,멜로/로맨스",토미죠 타로,
마사지사의 질좋은 허리돌림,2024-01-08,일본,일본,,(주)영진크리에이티브,청소년관람불가,"성인물(에로),드라마,멜로/로맨스",토리피,
몰래 들어온 유부녀,2024-01-10,일본,일본,,(주)가온콘텐츠,청소년관람불가,멜로/로맨스,사쿠라비토,
몰래하는 와이프,2024-01-10,일본,일본,,(주)가온콘텐츠,청소년관람불가,멜로/로맨스,사쿠라비토,
몸으로 받은 택배,2024-01-10,일본,일본,,(주)가온콘텐츠,청소년관람불가,멜로/로맨스,사쿠라비토,
불륜 섹스에 진심인 아줌마,2024-01-11,한국,한국,(주)샤이커뮤니케이션즈,(주)샤이커뮤니케이션즈,청소년관람불가,성인물(에로),,
상사의 음란 아내,2024-01-10,일본,일본,,(주)가온콘텐츠,청소년관람불가,멜로/로맨스,사쿠라비토,
새아들 정력 미쳤다,2024-01-08,일본,일본,,(주)영진크리에이티브,청소년관람불가,"성인물(에로),드라마,멜로/로맨스",와레메 사부로,
쉽게 열린 가랑이 무삭제판,2024-01-10,일본,일본,,(주)가온콘텐츠,청소년관람불가,멜로/로맨스,오오사키히로하루,
아버님이 채운 유부녀 무삭제판,2024-01-10,일본,일본,,(주)가온콘텐츠,청소년관람불가,멜로/로맨스,,
아주버님을 맛본 아내 무삭제판,2024-01-10,일본,일본,,(주)가온콘텐츠,청소년관람불가,멜로/로맨스,사쿠라비토,
어서와 장모는 처음이지,2024-01-11,일본,일본,,(주)영진크리에이티브,청소년관람불가,"멜로/로맨스,드라마",,
여비서의 목적,2024-01-12,한국,한국,(주)샤이커뮤니케이션즈,(주)샤이커뮤니케이션즈,청소년관람불가,성인물(에로),,
옆집 유부녀의 속사정 무삭제판,2024-01-10,일본,일본,,(주)가온콘텐츠,청소년관람불가,멜로/로맨스,오오사키히로하루,
욕정 여상사의 회사생활,2024-01-09,일본,일본,,(주)영진크리에이티브,청소년관람불가,"성인물(에로),드라마,멜로/로맨스",,
욕정채운 쇼핑 무삭제판,2024-01-10,일본,일본,,(주)가온콘텐츠,청소년관람불가,멜로/로맨스,잠파,
유부녀의 비밀스런 사정 무삭제판,2024-01-10,일본,일본,,(주)가온콘텐츠,청소년관람불가,멜로/로맨스,오오사키히로하루,
유부녀의 욕망 속살 무삭제판,2024-01-10,일본,일본,,(주)가온콘텐츠,청소년관람불가,멜로/로맨스,오오사키히로하루,
적극적인 조카의 몸,2024-01-10,일본,일본,,(주)가온콘텐츠,청소년관람불가,멜로/로맨스,사쿠라비토,
젖어버린 속살 무삭제판,2024-01-10,일본,일본,,(주)가온콘텐츠,청소년관람불가,"성인물(에로),멜로/로맨스",,마에다 카나코
젖은 아랫도리 엘리트 하녀,2024-01-09,일본,일본,,(주)코빈커뮤니케이션즈,청소년관람불가,성인물(에로),,
즙 잘 뽑는 가정부,2024-01-08,일본,일본,,(주)영진크리에이티브,청소년관람불가,"성인물(에로),드라마,멜로/로맨스",,
찾아가서 삽입시켜 드립니다,2024-01-11,한국,한국,(주)샤이커뮤니케이션즈,(주)샤이커뮤니케이션즈,청소년관람불가,성인물(에로),,
키리에의 노래,2023-11-01,일본,일본,,이화배컴퍼니(주),15세이상관람가,드라마,이와이 슌지,
타락한 유부녀의 유혹 무삭제판,2024-01-10,일본,일본,,(주)가온콘텐츠,청소년관람불가,멜로/로맨스,잠파,
탐욕스런 동침 무삭제판,2024-01-10,일본,일본,,(주)가온콘텐츠,청소년관람불가,멜로/로맨스,오오사키히로하루,
탐욕에 젖은 섹스 무삭제판,2024-01-10,일본,일본,,(주)가온콘텐츠,청소년관람불가,멜로/로맨스,잠파,
헤픈 새엄마 물찬 새아들,2024-01-09,일본,일본,,(주)영진크리에이티브,청소년관람불가,"성인물(에로),드라마,멜로/로맨스",와레메 사부로,
형 와이프의 젖은 손길 무삭제판,2024-01-10,일본,일본,,(주)가온콘텐츠,청소년관람불가,멜로/로맨스,사쿠라비토,
형수는 섹스를 배운다,2024-01-10,일본,일본,,(주)가온콘텐츠,청소년관람불가,멜로/로맨스,사쿠라비토,
형수와는 괜찮아,2024-01-10,일본,일본,,(주)가온콘텐츠,청소년관람불가,멜로/로맨스,사쿠라비토,
흠뻑 젖은 장모님과 대리섹스,2024-01-09,일본,일본,,(주)코빈커뮤니케이션즈,청소년관람불가,성인물(에로),,
흠뻑채운 젖은 속살 무삭제판,2024-01-10,일본,일본,,(주)가온콘텐츠,청소년관람불가,멜로/로맨스,오오사키히로하루,
엔드 오브 에반게리온,2024-01-17,일본,일본,,"(주)삼백상회,(주)라이크콘텐츠",청소년관람불가,애니메이션,"안노 히데아키,츠루마키 카즈야",
걸즈 앤 판처 최종장 제4화,2024-01-17,일본,일본,,(주)디스테이션,12세이상관람가,애니메이션,미즈시마 츠토무,"후치가미 마이,카야노 아이,오자키 마미,나카가미 이쿠미,이구치 유카"
콜 미 바이 유어 네임,2018-03-22,이탈리아,"이탈리아,프랑스,브라질,미국",,"에무 시네마 앤 카페,(주)디스테이션,소니픽쳐스엔터테인먼트코리아주식회사극장배급지점",청소년관람불가,"드라마,멜로/로맨스",루카 구아다니노,"티모시 샬라메,아미 해머,마이클 스털버그,아미라 캐사,에스더 가렐"
작은 아씨들,2020-02-12,미국,미국,,소니픽쳐스엔터테인먼트코리아주식회사극장배급지점,전체관람가,"드라마,멜로/로맨스",그레타 거윅,"시얼샤 로넌,엠마 왓슨,플로렌스 퓨,엘리자 스캔런,로라 던,티모시 샬라메,메릴 스트립"
에반게리온 신극장판: 서,2022-10-14,일본,일본,,"(주)삼백상회,(주)라이크콘텐츠",12세이상관람가,애니메이션,"안노 히데아키,츠루마키 카즈야,마사유키",
에반게리온 신극장판: 파,2022-10-14,일본,일본,,"(주)삼백상회,(주)라이크콘텐츠",12세이상관람가,애니메이션,"안노 히데아키,츠루마키 카즈야,마사유키",
신 에반게리온 극장판,2022-10-05,일본,일본,,"(주)삼백상회,(주)라이크콘텐츠",15세이상관람가,애니메이션,안노 히데아키,
에반게리온 신극장판: Q,2022-10-14,일본,일본,,"(주)삼백상회,(주)라이크콘텐츠",15세이상관람가,애니메이션,"안노 히데아키,츠루마키 카즈야,마사유키,마에다 마히로",
아가일,2024-02-07,미국,미국,,유니버설픽쳐스인터내셔널 코리아(유),12세이상관람가,"액션,코미디",매튜 본,"헨리 카빌,브라이스 달라스 하워드,샘 록웰,브라이언 크랜스톤,캐서린 오하라,두아 리파,아리아나 데보스,존 시나,사무엘 L. 잭슨"
웡카,2024-01-31,미국,미국,,워너브러더스 코리아(주),전체관람가,"판타지,드라마",폴 킹,"티모시 샬라메,칼라 레인,올리비아 콜맨,톰 데이비스,휴 그랜트,샐리 호킨스"
영화 스미코구라시 - 튀어나오는 그림책과 비밀의 아이,2024-01-24,일본,일본,,(주)미디어캐슬,전체관람가,애니메이션,만큐,"이노하라 요시히코,혼조 마나미,박성영,전숙경"
세기말의 사랑,2024-01-24,한국,한국,(주)기린제작사,"(주)엔케이컨텐츠,(주)디스테이션",12세이상관람가,드라마,임선애,"이유영,임선우,노재원,문동혁,변중희,김기리,장성윤,허준석,미람,허진석,이근후,김중기,이지현,김윤정,이종민,박수민,장태연,이재하,손성찬,구서준,이정인,조재영,김규도,천석기,오원식,장하은,박소윤,조영미,정채무,박상훈,황선영,정재원,방원규,이영화,김윤태,이은경,차동신,허성우,임효진,임지회,윤정원,손정환,안영채,나청월,조유정,강민재,권효영,이은상,김용준"
인생의 조건,,미국,미국,,,,"코미디,드라마,멜로/로맨스",로버트 멀리건,
에메랄드,,미국,미국,,,,"드라마,어드벤처",앤드로 마톤,"스튜어트 그랜저,그레이스 켈리"
비욘드 유토피아,2024-01-31,미국,미국,,"스튜디오 초이스 주식회사,(주)드림팩트엔터테인먼트,(주)스마일이엔티",12세이상관람가,다큐멘터리,매들린 개빈,
쾌걸 조로,,미국,미국,,,,,,"타이론 파워,린다 다넬"
사랑의 찬가,1984-11-10,한국,한국,남아진흥(주),(주)프리즘웍스,12세이상관람가,"드라마,멜로/로맨스",심재석,"송재호,이영하,정윤희,김민정"
무티: 주술살인,2024-01-17,미국,미국,,주식회사 제이씨엔터웍스,15세이상관람가,"범죄,스릴러,미스터리",조지 갈로,"모건 프리먼,콜 하우저"
외계+인,,한국,한국,(주)케이퍼필름,(주)씨제이이엔엠,12세이상관람가,"액션,판타지,SF",최동훈,"류준열,김태리,소지섭,염정아,조우진,김의성,이하늬"
도그데이즈,2024-02-07,한국,한국,(주)씨제이이엔엠,(주)씨제이이엔엠,12세이상관람가,드라마,김덕민,"윤여정,유해진,김윤진,정성화,김서형,다니엘 헤니,이현우,탕준상,윤채나,김고은,이중현,임재민"
로봇 드림,2024-03-13,스페인,"스페인,프랑스",,"(주)영화사 진진,(주)하이스트레인저",전체관람가,애니메이션,파블로 베르헤르,
고령가 소년 살인사건,2017-11-23,대만,대만,,(주)리틀빅픽쳐스,15세이상관람가,드라마,에드워드 양,"장첸,왕 주안,금연령,장 구주"
매직 프린세스: 얼음 괴물과 사라진 열쇠의 비밀,2023-12-07,러시아,러시아,,(주)박수엔터테인먼트,전체관람가,"애니메이션,어드벤처,판타지",안드레이 콜핀,
깁슨 가족 연대기,,영국,영국,,,,코미디,데이빗 린,"로버트 뉴튼,셀리아 존슨"
지젤,,네덜란드,네덜란드,,,,공연,,
레트리뷰션,2024-01-24,미국,미국,,메가박스중앙(주),15세이상관람가,"액션,스릴러",님로드 안탈,"리암 니슨,엠베스 데이비츠"
밀회,,영국,영국,,,,"멜로/로맨스,드라마",데이빗 린,"셀리아 존슨,트레버 하워드"
걸한트,,미국,미국,,,,"코미디,멜로/로맨스",리처드 소프,스티브 맥퀸
울산의 별,2024-01-24,한국,한국,"후앤유아츠(주),일공이시네마",영화로운 형제,15세이상관람가,드라마,정기혁,"김금순,최우빈,변중희,주시현,임정민,고윤아,조현준"
DMZ 동물 특공대,2024-02-14,한국,한국,자루 스튜디오,(주)박수엔터테인먼트,전체관람가,애니메이션,홍인표,"김새해,조경이,황창영,이소은,박준형"
사랑하는 기생충,2024-01-16,일본,일본,,(주)미디어캐슬,12세이상관람가,드라마,카키모토 켄사쿠,"고마츠 나나,하야시 켄토"
스팔타카스,1974-01-23,미국,미국,브라이나프로덕션즈,,,"드라마,액션,사극",스탠리 큐브릭,"커크 더글라스,로렌스 올리비에"
철가면,,프랑스,"프랑스,이탈리아",,,,어드벤처,,장 마레
영혼의 줄리에타,,,,,,,,,
자니 기타,,미국,미국,,,,서부극(웨스턴),니콜라스 레이,"조안 크로포드,스터링 헤이든"
신의 코미디,,포르투갈,"포르투갈,프랑스,이탈리아,덴마크",,,,"코미디,드라마",주앙 세자르 몬테이로,"주앙 세자르 몬테이로,마누엘라 드 프레이타스,클라우디아 테이세이라"
백만장자와 결혼하는 법,,미국,미국,,,12세관람가,"코미디,멜로/로맨스",진 네글레스코,"마릴린 몬로,베티 그레블,로렌 바콜"
서치: 데스게임,2024-01-18,러시아,러시아,,주식회사 원더스튜디오,청소년관람불가,스릴러,안나 자이체바,"안나 포테브냐,티모페이 엘레츠키,다이나 슐미나,에카테리나 스튜로바"
검은 백조,,미국,미국,,,,"어드벤처,가족,멜로/로맨스",헨리 킹,"타이론 파워,모린 오하라,레어드 크레거"
신의 결혼식,,프랑스,"프랑스,포르투갈",,,,코미디,주앙 세자르 몬테이로,"주앙 세자르 몬테이로,리타 듀라오"
사물의 움직임,,포르투갈,포르투갈,,,,다큐멘터리,,
미성년,2019-04-11,한국,한국,"(주)영화사레드피터,주식회사 로아앤코홀딩스",(주)쇼박스,15세이상관람가,드라마,김윤석,"염정아,김소진,김혜준,박세진,김윤석,김희원,이희준,염혜란,이정은,미람,김혜윤,정이랑,정종준,전수빈,우민규,김대우,곽재훈,손유리,박예림,차상미,권유나,손가현,전승유,박중신,유창한,박화영,서병철,성도현,신치영,신하준,유미진,유순웅,여이레,김현석,김현숙,이상홍,곽나연,이상희,허다정,이준하,이지성,홍희자,황동욱,김종윤,김종한,황재열,정기욱,김영주,이명하,김왕도,주재윤,이윤재,송은정"
프란시스 하,2014-07-17,미국,미국,,그린나래미디어(주),15세이상관람가,"코미디,멜로/로맨스",노아 바움백,"그레타 거윅,믹키 섬너,그레이스 검머,아담 드라이버"
누명 쓴 사나이,,미국,미국,,,,"범죄,드라마",알프레드 히치콕,"헨리 폰다,베라 마일즈"
보와니의 분기점,,미국,미국,메트로-골드윈-마이어,,,"드라마,어드벤처",조지 쿠커,
기쿠지로의 여름,2002-08-30,일본,일본,,"(주)영화사 진진,(주)튜브엔터테인먼트",전체관람가,코미디,기타노 다케시,"기타노 다케시,세키구치 유스케"
레닌그라드 카우보이 미국에 가다,1996-05-18,핀란드,핀란드,,,중학생이상관람가,코미디,아키 카우리스마키,마티 펠론파
도깨비불,,포르투갈,포르투갈,,,,기타,주앙 페드로 로드리게스,
주앙 페드로 호드리게스 단편선,,포르투갈,"포르투갈,프랑스",,,,기타,주앙 페드로 로드리게스,
녹색의 해,,포르투갈,포르투갈,,,,드라마,파울로 로샤,루이 고메스
더 와이프,2019-02-27,영국,영국,,(주)팝엔터테인먼트,15세이상관람가,드라마,비욘 룬게,"글렌 클로즈,조나단 프라이스,맥스 아이언스,크리스찬 슬레이터"
이 거리는 어디에 있나요?,,포르투갈,"포르투갈,프랑스",,,,기타,주앙 페드로 로드리게스,
이브의 세 얼굴,,미국,미국,,,,드라마,누날리 존슨,"조안 우드워드,데이빗 웨인,리 J. 콥"
인디스데이 조희영 감독전,,한국,한국,,,,드라마,조희영,
아멜리에,2001-10-19,프랑스,프랑스,,"(주)영화사 안다미로,(주)블룸즈베리리소시스리미티드,콜럼비아","18세관람가,15세이상관람가","코미디,판타지",장 피에르 주네,"오드리 토투,마티유 카소비츠"
1+1 맛 좋은 골뱅이,2024-01-18,한국,한국,(주)샤이커뮤니케이션즈,(주)샤이커뮤니케이션즈,청소년관람불가,성인물(에로),,
3대1은 처음이지? 2,2024-01-19,한국,한국,,주식회사 루믹스미디어,청소년관람불가,성인물(에로),,
거르고 보는 헐렁한 동거경험녀,2024-01-17,한국,한국,(주)코빈커뮤니케이션즈,(주)코빈커뮤니케이션즈,청소년관람불가,성인물(에로),,
교잡: 다리풀린 사쿠라부인,2024-01-19,한국,한국,,(주)씨맥스커뮤니케이션즈,청소년관람불가,성인물(에로),,
길들여진 새댁의 무릎사이,2024-01-16,일본,일본,,주식회사 미콘,청소년관람불가,"멜로/로맨스,성인물(에로)",,
나를 유혹해 노리개로 만든 엄마친구,2024-01-16,일본,일본,,(주)도키엔터테인먼트,청소년관람불가,성인물(에로),,
도넘은 불장난 그녀의 이중생활,2024-01-17,한국,한국,(주)코빈커뮤니케이션즈,(주)코빈커뮤니케이션즈,청소년관람불가,성인물(에로),,
맛 ： 2대1,2024-01-16,한국,한국,(주)영화사가을,(주)영화사가을,청소년관람불가,,,
사랑의 역사,1960-06-03,한국,한국,신필름,,,멜로/로맨스,이강천,"김진규,김혜정,최은희,윤정란"
성욕 터지는 불륜 아줌마,2024-01-18,한국,한국,(주)샤이커뮤니케이션즈,(주)샤이커뮤니케이션즈,청소년관람불가,성인물(에로),,
숙녀전문 소프에서 만난 장모님,2024-01-16,일본,일본,,(주)도키엔터테인먼트,청소년관람불가,성인물(에로),,
아내를 위한 선물,2024-01-19,한국,한국,(주)룬컴퍼니,(주)룬컴퍼니,청소년관람불가,"성인물(에로),드라마",선우용,
잘 빠는 여자,2024-01-16,한국,한국,,(주)영화사가을,청소년관람불가,,,
출장도우미와 2대1,2024-01-21,한국,한국,(주)영화사가을,(주)영화사가을,청소년관람불가,,,
해야 할 일,2024-09-25,한국,한국,"영화사 나른,명필름랩",재단법인 명필름문화재단,12세이상관람가,드라마,박홍준,"장성범,서석규,김도영,김영웅,장리우,이노아,강인기,김남희,신안진,이정민,이동욱,김향기,김수현,한동원,손성찬,유지은,변창열,탁윤환,김진혁,김우진,이주현,김병철,김재훈,임정민,김준영,정마린"
상견니,2023-01-25,대만,대만,,"오드,리바이브콘텐츠 주식회사,씨제이 씨지브이(CJ CGV)(주)",15세이상관람가,"드라마,판타지,멜로/로맨스",황천인,"가가연,허광한,시백우"
라라랜드,2016-12-07,미국,미국,,판씨네마(주),12세이상관람가,"드라마,뮤지컬,멜로/로맨스",데이미언 셔젤,"엠마 스톤,라이언 고슬링,핀 위트록,J.K. 시몬스,로즈마리 드윗"
클럽 제로,2024-01-24,오스트리아,"오스트리아 ,영국",,판씨네마(주),12세이상관람가,"미스터리,스릴러",예시카 하우스너,미아 와시코브스카
소풍,2024-02-07,한국,한국,(주)로케트필름,롯데컬처웍스(주)롯데엔터테인먼트,12세이상관람가,드라마,김용균,"나문희,윤종연,김영옥,박근형,류승수,이항나,공상아,임지규,최선자,이용이,한태일,곽자형,정혜자,나호숙,차희,신예서,엄주연,이주미,황효은,나은미,허종오,장재용,조형우,성병숙,곽나현,변창열"
아기상어 극장판: 사이렌 스톤의 비밀,2024-02-07,미국,미국,,(주)넥스트엔터테인먼트월드(NEW),전체관람가,애니메이션,,"장예나,전태열,이희승(엔하이픈),박종성(엔하이픈),심재윤(엔하이픈),박성훈(엔하이픈,김선우(엔하이픈),양정원(엔하이픈),니시무라 리키(엔하이픈),김보민,이채린(CL),정재헌,김보나,김은아,윤은서,이상호"
존 휴스턴 회고전-용서받지 못할 자,,미국,미국,,,,드라마,존 휴스턴,"버트 랭커스터,오드리 헵번"
아톰 새로운 시작,2024-01-31,미국,미국,,주식회사 블루필름웍스,전체관람가,애니메이션,데이빗 보워스,"프레디 하이모어,니콜라스 케이지,빌 나이,사무엘 L. 잭슨,도날드 서덜랜드,크리스틴 벨,조병규,김소원,김강현"
탑건: 매버릭,2022-06-22,미국,미국,,롯데컬처웍스(주)롯데엔터테인먼트,12세이상관람가,액션,조셉 코신스키,"톰 크루즈,마일즈 텔러,제니퍼 코넬리,존 햄,에드 해리스,글렌 포웰,제이 엘리스,그렉 타잔 데이비스,찰스 파렐,장 루이자 켈리,대니 라미레즈"
스파이더맨: 어크로스 더 유니버스,2023-06-21,미국,미국,,소니픽쳐스엔터테인먼트코리아주식회사극장배급지점,전체관람가,애니메이션,호아킴 도스 산토스,"샤메익 무어,헤일리 스테인펠드,제이크 존슨,브라이언 타이리 헨리,오스카 아이삭"
올리버 트위스트,,영국,영국,,,,드라마,데이빗 린,"로버트 뉴튼,존 하워드 데이비스,알렉 기네스"
데드맨,2024-02-07,한국,한국,"(주)팔레트픽처스,(주)사람엔터테인먼트",메가박스중앙(주) 플러스엠 엔터테인먼트,15세이상관람가,범죄,하준원,"조은성,조진웅,김희애,이수경,권영주,남성호,정태석,이원진,박동일"
엘리멘탈,2023-06-14,미국,미국,,월트디즈니컴퍼니코리아 유한책임회사,전체관람가,애니메이션,피터 손,
봉신연의: 조가풍운,2024-01-24,중국,중국,,(주)스튜디오디에이치엘,12세이상관람가,"전쟁,판타지,액션",우얼샨,"크리스 필립스,우적,나란,이설건"
개구장이 도련님,,한국,한국,남화흥업(주),(주)프리즘웍스,12세이상관람가,"드라마,코미디",박문수,남정임
무뢰한,2015-05-27,한국,한국,(주)사나이픽처스,CGV아트하우스,청소년관람불가,멜로/로맨스,오승욱,"김남길,수정,전도연,박성웅,곽도원,김민재,강태영,박지환,정재웅,조민지,조원희,송승현,오하늬,유지연,하은진,이동진,이학주,정재헌,지승현,최정현"
요나스 카우프만 인 베로나,,독일,독일,,(주)케빈앤컴퍼니,,공연,요나스 카우프만,
정글번치: 월드투어,2024-01-31,프랑스,프랑스,,(주)무비다이브,전체관람가,애니메이션,,
기적,1972-12-23,미국,미국,워너 브러더스 픽쳐스,,중학생이상관람가,"멜로/로맨스,전쟁",어빙 래퍼,로저 무어
애니멀 킹덤,2025-01-22,프랑스,프랑스,,"그린나래미디어(주),(주)스튜디오디에이치엘",15세이상관람가,"미스터리,판타지,드라마",토마스 카일리,
해는 또다시 뜬다,,미국,미국,이십세기폭스필름코퍼레이션,,,드라마,헨리 킹,"타이론 파워,에바 가드너,멜 페레,에롤 플린"
장인과 사위,2024-02-15,한국,한국,(주)지브라더스 컴퍼니,주식회사 제이씨엔터웍스,12세이상관람가,"코미디,드라마",최이현,"동방우,지대한,이혁,노준영,유준혁,한태일,장명갑,이진경,김재철,공정환,허진,김병옥,이재용,리우진,조두현,황상경,박지연,정도원,지연주,소정인"
아네모네,2024-02-07,한국,한국,주식회사 시네마천국,㈜인디스토리,15세이상관람가,"코미디,드라마,액션",정하용,"정이랑,박성진,육미라,박혜진,이상훈,김건하,테리스 브라운,이유준,김영빈,이주미,박선애"
빙점 '81,1981-04-18,한국,한국,남아진흥(주),(주)프리즘웍스,"12세이상관람가,국민학생관람불가","가족,드라마,멜로/로맨스",고영남,"남궁원,김영애,원미경,이영하,정한용,이혜숙,한진희,박원숙,선우용녀,윤유선"
플랜 75,2024-02-07,일본,일본,,찬란,15세이상관람가,드라마,하야카와 치에,
지상 최대의 작전,,,,,,,,,
다음 침공은 어디?,2016-09-08,미국,미국,,판씨네마(주),15세이상관람가,다큐멘터리,마이클 무어,
마부,,한국,한국,화성영화,,미정,드라마,강대진,"김승호,신영균,황정순"
포크 촙 힐,,미국,미국,,,,"전쟁,드라마,액션",루이스 마일스톤,"그레고리 펙,해리 구아르디노,립 톤"
마야 3: 숲속 왕국의 위기,2023-08-24,독일,독일,,(주)박수엔터테인먼트,전체관람가,애니메이션,노엘 클리어리,
사랑의 불시착: 라이브 인 서울,2023-11-30,한국,한국,(주)위즈온센,"(주)위즈온센,씨제이 씨지브이(CJ CGV)(주)",12세이상관람가,"드라마,멜로/로맨스,뮤지컬,공연",박재석,이규형
어두운 통로,,미국,미국,,,,스릴러,델머 데이브즈,"험프리 보가트,로렌 바콜"
두 얼굴의 여인,,미국,미국,,,,"코미디,미스터리,멜로/로맨스",,
치킨래빗: 잃어버린 보물을 찾아서,2023-03-18,벨기에,"벨기에,프랑스",,(주)스튜디오디에이치엘,전체관람가,애니메이션,벤 스타센,"박시윤,김용,김소희"
로보카폴리 안전교실 소방편,,한국,한국,(주)로이비쥬얼,(주)로이비쥬얼,전체관람가,애니메이션,정광수,"엄상현,박선영"
핑크퐁 시네마 콘서트3 : 진저브레드맨을 잡아라,2023-07-26,한국,한국,더핑크퐁컴퍼니(주),더핑크퐁컴퍼니(주),전체관람가,애니메이션,변희선,"조경이,이소은,박요한,김새해,장예나"
뉴클리어 나우,2023-12-06,미국,미국,,(주)이놀미디어,전체관람가,다큐멘터리,올리버 스톤,올리버 스톤
나의 길을 가련다,,미국,미국,,,,"코미디,드라마",레오 맥커레이,"빙 크로스비,배리 피츠제럴드"
김복동,2019-08-08,한국,한국,한국탐사저널리즘센터,(주)엣나인필름,12세이상관람가,다큐멘터리,송원근,한지민
결혼 전 뚫려버린 순결,2024-01-26,한국,한국,(주)이십일세기미디어,(주)이십일세기미디어,청소년관람불가,성인물(에로),,
명탐정 추태에 빠져버린 처자,2024-01-26,한국,한국,(주)이십일세기미디어,(주)이십일세기미디어,청소년관람불가,성인물(에로),김피디,
고스트 스토리,2017-12-28,미국,미국,,"(주)리틀빅픽쳐스,주식회사 더쿱",12세이상관람가,"판타지,멜로/로맨스",데이빗 로워리,"케이시 애플렉,루니 마라"
수면의 과학,2006-12-21,프랑스,프랑스,"퍼티잔,고몽,프랑스3시네마","(주)영화사 안다미로,(주)엣나인필름,(주)스폰지이엔티",15세이상관람가,"코미디,판타지",미셸 공드리,"가엘 가르시아 베르날,샤를로뜨 갱스부르"
고백,2021-02-24,한국,한국,퍼레이드 픽쳐스,(주)리틀빅픽쳐스,15세이상관람가,"드라마,범죄",서은영,"박하선,하윤경,감소현,서영화,정은표,김평조,황리한,노기용,김만호,박명신,김완수,서석규,이헌주,김예나,박민설,원유진,변진수,김자홍,김형록,민구경,문기영,김하은,백승준,이규철,강나현,김성혁,장근영,양윤희,이철은,임형국,배유리,정기욱,박영수,서은영"
머릿속을,2024-01-24,한국,한국,(주)와우,하준사,12세이상관람가,"드라마,전쟁",조성규,"카이,선민,정연주"
1월 수요단편극장 “1월은 푸르구나 어린이는 자란다”,,한국,한국,,,,드라마,,
(로컬 픽: 시간과 빛) 봄이 오는 시간,,한국,한국,,,,"드라마,다큐멘터리",,
영화 스미코구라시 - 푸른 달밤의 마법의 아이,2024-02-07,일본,일본,,(주)미디어캐슬,전체관람가,애니메이션,오오모리 타카히로,"이노하라 요시히코,혼조 마나미,박성영,전숙경"
공부하다 자위하는 여동생,2024-01-25,한국,한국,(주)샤이커뮤니케이션즈,(주)샤이커뮤니케이션즈,청소년관람불가,성인물(에로),,
근육 대물에 미치는 여직원,2024-01-25,한국,한국,(주)샤이커뮤니케이션즈,(주)샤이커뮤니케이션즈,청소년관람불가,성인물(에로),,
나는 쏠려 존 맛,2024-01-26,한국,한국,와이키키 픽쳐스,유한회사 스튜디오 획,청소년관람불가,성인물(에로),정도수,
성욕만땅 개족보 가족,2024-01-23,일본,일본,,(주)코빈커뮤니케이션즈,청소년관람불가,성인물(에로),,
시아버지와 먼저한 업소출신 며느리,2024-01-23,일본,일본,(주)코빈커뮤니케이션즈,(주)코빈커뮤니케이션즈,청소년관람불가,성인물(에로),,
여기저기 다주고 다닌 오피스 와이프,2024-01-24,일본,일본,,(주)코빈커뮤니케이션즈,청소년관람불가,성인물(에로),,
젖 큰 며느리,2024-01-24,한국,한국,,주식회사 루믹스미디어,청소년관람불가,성인물(에로),,
친구부부 맞교환 후기,2024-01-24,한국,한국,,주식회사 플릭스코,청소년관람불가,"드라마,성인물(에로)",,
회사 일등 여사원에게 물리는 특급 대물,2024-01-24,일본,일본,(주)코빈커뮤니케이션즈,(주)코빈커뮤니케이션즈,청소년관람불가,성인물(에로),,
탑,2022-11-03,한국,한국,(주)영화제작전원사,"(주)영화제작전원사 ,(주)콘텐츠판다",15세이상관람가,드라마,홍상수,"권해효,이혜영,송선미,조윤희,박미소,신석호"
청춘 돼지는 책가방 소녀의 꿈을 꾸지 않는다,2024-02-01,일본,일본,,(주)애니플러스,12세이상관람가,애니메이션,마스이 소이치,"이시카와 카이토,세토 아사미,쿠보 유리카"
크레센도 반 클라이번 콩쿠르 실황,2024-01-31,미국,미국,,오드,전체관람가,"공연,다큐멘터리",헤더 윌크,
아녜스 V에 의한 제인 B,2024-01-31,프랑스,프랑스,,(주)영화사 안다미로,청소년관람불가,판타지,아녜스 바르다,"제인 버킨,장 피에르 레오"
두 세계 사이에서,2024-01-31,프랑스,프랑스,,(주)디오시네마,12세이상관람가,드라마,엠마뉘엘 카레르,줄리엣 비노쉬
검은 소년,2024-02-07,한국,한국,한국영화아카데미,(주)트리플픽쳐스,15세이상관람가,드라마,서정원,"안지호,안내상,윤유선,엄지성,노태엽,신세휘,김중기,구본진,안성훈,김혁종,진미사,박은영,김재록,김민영,박정원,김성준,장대웅,최지원,편규리,신강균,허진성,최선중"
사운드 오브 프리덤,2024-02-21,미국,미국,,(주)넥스트엔터테인먼트월드(NEW),15세이상관람가,범죄,알레한드로 고메즈 몬테베르드,제임스 카비젤
로빈슨가의 모험,1972-07-21,미국,미국,월트 디즈니 픽쳐스,,전체관람가,"가족,어드벤처",켄 아나킨,"존 밀스,도로시 맥과이어"
첨밀밀,1997-03-01,홍콩,홍콩,골든하베스트,워너브러더스 코리아(주),"고등학생이상관람가,15세이상관람가",멜로/로맨스,진가신,"장만옥,여명"
아파트 열쇠를 빌려드립니다,,미국,미국,,,,"멜로/로맨스,코미디,드라마",빌리 와일더,"잭 레먼,셜리 맥클레인"
탑 햇,,미국,미국,,,,"코미디,멜로/로맨스,뮤지컬",마크 샌드리히,"프레드 아스테어,진저 로저스,에드워드 에버렛 홀튼"
킹덤 1,1997-12-13,덴마크,덴마크,,(주)엣나인필름,18세 미만인 자는 관람할 수 없는 등급,"공포(호러),미스터리,코미디","라스 폰 트리에,모르텐 아른프레드",홀저 주울 한센
"타르콥스키, 기도하는 영혼",2024-01-31,이탈리아,이탈리아,,(주)와우,12세이상관람가,다큐멘터리,,안드레이 타르코프스키
킹덤: 엑소더스,,덴마크,덴마크,,(주)엣나인필름,,"공포(호러),스릴러",라스 폰 트리에,"보딜 요르겐센,미카엘 페르스브란트,라스 믹켈슨,니콜라스 브로,튜바 노보트니,니꼴라이 리 카스"
킹덤 2,1998-07-17,덴마크,덴마크,덴마크 라디오,(주)엣나인필름,18세 미만인 자는 관람할 수 없는 등급,"공포(호러),드라마,미스터리,코미디","라스 폰 트리에,모르텐 아른프레드","피터 마이긴드,기타 노비"
우견니,2024-02-14,중국,중국,,"오드,홀리가든",12세이상관람가,멜로/로맨스,루오 루오,
플라워 드럼 송,,미국,미국,,,,"코미디,뮤지컬,멜로/로맨스",헨리 코스터,낸시 콴
정염의 검사,,미국,미국,이십세기폭스필름코퍼레이션,,,"액션,드라마,어드벤처",헨리 해서웨이,"제임스 메이슨,자넷 리"
청춘 돼지는 꿈꾸는 소녀의 꿈을 꾸지 않는다,2019-08-22,일본,일본,,(주)애니플러스,12세이상관람가,"애니메이션,드라마",마스이 소이치,"이시카와 카이토,우치다 유우마,미나세 이노리,세토 아사미"
전함 슈퍼호의 최후,,영국,영국,,,,"전쟁,드라마","마이클 파웰,에메릭 프레스버거","존 그렉슨,안소니 퀘일,이안 헌터"
더 커버넌트,2024-09-27,미국,미국,,"(주)제이앤씨미디어그룹,와이드 릴리즈(주)",15세이상관람가,"전쟁,액션,드라마",가이 리치,"제이크 질렌할,다 살림"
비스마르크호를 격침하라,,영국,영국,,,,"전쟁,액션",루이스 길버트,"케네스 모어,다나 윈터"
청춘 돼지는 외출하는 여동생의 꿈을 꾸지 않는다,2023-08-31,일본,일본,,,12세이상관람가,애니메이션,마스이 소이치,
지지,,미국,미국,,,,"코미디,뮤지컬,멜로/로맨스",빈센트 미넬리,"레슬리 카론,모리스 슈발리에,루이스 주르당"
에브리씽 에브리웨어 올 앳 원스+,2023-03-01,미국,미국,,워터홀컴퍼니(주),15세이상관람가,"액션,코미디","다니엘 콴,다니엘 쉐이너트","양자경,스테파니 수,키 호이 콴,제이미 리 커티스"
그리고 삶은 계속된다,1998-03-14,이란,이란,,,12세 미만인 자는 관람할 수 없는 등급,다큐멘터리,압바스 키아로스타미,"부바 바이야르,파하드 케라만드"
스카라무슈,1973-06-02,미국,미국,메트로-골드윈-마이어,,,"드라마,사극,어드벤처",조지 시드니,"스튜어트 그랜저,자넷 리,엘리노어 파커"
올리브나무사이로,1997-08-23,프랑스,"프랑스,이란",압바스키아로스타미프로덕션,,중학생이상관람가,드라마,압바스 키아로스타미,호세인 레자이
바람이 우리를 데려다 주리라,2002-11-22,이란,이란,,㈜영화사 백두대간,전체관람가,드라마,압바스 키아로스타미,압바스 키아로스타미
야생의 순수,,프랑스,"프랑스,이탈리아,영국",,,,"어드벤처,범죄,드라마",니콜라스 레이,"앤소니 퀸,요코 타니"
마이 스몰 랜드,2024-02-01,일본,일본,,(주)미디어캐슬,12세이상관람가,드라마,카와와다 에마,"아라시 리나,오쿠다이라 다이켄"
내 친구의 집은 어디인가,1996-08-17,이란,이란,,,중학생이상관람가,드라마,압바스 키아로스타미,"바벡 아마드 푸르,아마드 아마드 푸르"
투란도트,2022-08-02,미국,미국,,(주) 인스터 글로벌,12세이상관람가,공연,,
몬스터 패밀리 2,2023-08-02,영국,영국,,메가박스중앙(주),전체관람가,애니메이션,호거 태프,"에밀리 왓슨,닉 프로스트,제시카 브라운 핀들레이"
존예 며느리의 신음소리,2024-02-02,한국,한국,,(주)씨맥스커뮤니케이션즈,청소년관람불가,성인물(에로),,
3개의 얼굴들,2021-03-04,프랑스,프랑스,,주식회사 플릭스코,15세이상관람가,드라마,자파르 파나히,"베나즈 자파리,자파르 파나히"
너와 파도를 탈 수 있다면,2020-07-08,일본,일본,,메가박스중앙(주) 플러스엠 엔터테인먼트,12세이상관람가,"애니메이션,멜로/로맨스",유아사 마사아키,"카타요세 료타,카와에이 리나,마츠모토 호노카,이토 켄타로"
체리 향기,1998-01-01,프랑스,"프랑스,이란",압바스키아로스타미프로덕션,㈜영화사 백두대간,12세 미만인 자는 관람할 수 없는 등급,드라마,압바스 키아로스타미,"호마윤 엘샤드,압돌라흐만 바게리"
살인자의 기억: 복수,,캐나다,캐나다,,,15세이상관람가,"스릴러,드라마,미스터리",아톰 에고이안,
엄마의 땅: 그리샤와 숲의 주인,2023-01-25,한국,한국,한국영화아카데미,(주)더쿱디스트리뷰션,전체관람가,"애니메이션,어드벤처,판타지",박재범,"이윤지,김서영,이용녀,김예은,강길우,이관목,송철호,이용녀"
올모스트 엔젤스,,미국,미국,,,,"가족,코미디",,한스 홀트
그녀들이 치료해주는 발기부전,2024-01-30,한국,한국,,와이제이스토리,청소년관람불가,성인물(에로),,
나눔자리 특별전 - 강진아 배우,,한국,한국,,,,드라마,,
뜨겁게 달아오른 누나의 유혹,2024-02-02,한국,한국,(주)샤이커뮤니케이션즈,(주)샤이커뮤니케이션즈,청소년관람불가,성인물(에로),,
여직원과 야근하다 한 떡,2024-01-31,한국,한국,,와이제이스토리,청소년관람불가,성인물(에로),,
자매님의 떡 전도,2024-02-02,한국,한국,솔앤드 주식회사,솔앤드 주식회사,청소년관람불가,성인물(에로),김도현,
자연산 거유 출렁이는 여직원,2024-02-01,한국,한국,(주)샤이커뮤니케이션즈,(주)샤이커뮤니케이션즈,청소년관람불가,성인물(에로),,
조련시켜주는 선배님,2024-02-02,한국,한국,(주)샤이커뮤니케이션즈,(주)샤이커뮤니케이션즈,청소년관람불가,성인물(에로),,
쫙~벌린 바까스 아줌마,2024-02-02,한국,한국,솔앤드 주식회사,솔앤드 주식회사,청소년관람불가,성인물(에로),김도현,
청소 아줌마가 좋아죽는 대물맛,2024-02-01,한국,한국,(주)샤이커뮤니케이션즈,(주)샤이커뮤니케이션즈,청소년관람불가,성인물(에로),,
여행자,,이란,이란,,,,드라마,압바스 키아로스타미,
킬 힘: 더 리벤지,,미국,미국,,(주)플레이그램,15세이상관람가,"액션,범죄",,"루크 윌슨,돌프 룬드그렌"
초속5센티미터,2007-06-21,일본,일본,,"(주)미디어캐슬,대원디지털엔터테인먼트,(주)팝엔터테인먼트",전체관람가,"애니메이션,드라마,멜로/로맨스",신카이 마코토,미즈하시 켄지
2대1 나눠먹기 무삭제,2024-02-02,한국,한국,(주)영화사가을,(주)영화사가을,청소년관람불가,성인물(에로),지아민,
MBTI E 정열섹스녀연주의첫경험,2024-01-29,한국,한국,,스마일컨텐츠,청소년관람불가,성인물(에로),김레이,
구멍공유-새엄마와 두 아들,2024-02-03,일본,일본,,(주)영진크리에이티브,청소년관람불가,"성인물(에로),드라마,멜로/로맨스",,
나를 채운 그녀,2024-02-02,일본,일본,,주식회사 피에스앤제이,청소년관람불가,성인물(에로),,
말 할 수 없는 비밀-날 세워준 새엄마,2024-02-02,일본,일본,,(주)영진크리에이티브,청소년관람불가,"성인물(에로),드라마,멜로/로맨스",키무라 히로유키,
불임치료-정자가 필요해,2024-02-02,일본,일본,,(주)영진크리에이티브,청소년관람불가,"성인물(에로),드라마,멜로/로맨스",타니구치 마사오,
새엄마가 뒷문을 열어줬다,2024-01-31,일본,일본,,(주)영진크리에이티브,청소년관람불가,"성인물(에로),드라마,멜로/로맨스",츠지 코지,
새엄마의 립서비스-남편 몰래 매일 세웠다,2024-01-31,일본,일본,,(주)영진크리에이티브,청소년관람불가,"성인물(에로),드라마,멜로/로맨스",타니구치 마사오,
숙모 삼촌한테는 비밀이야,2024-01-30,일본,일본,,(주)영진크리에이티브,청소년관람불가,"멜로/로맨스,드라마",,
쉿! 장모님 아내에게는 비밀이에요,2024-01-30,일본,일본,,(주)영진크리에이티브,청소년관람불가,"멜로/로맨스,드라마",,
아내의 몸테크-육체봉사 가정부,2024-02-03,일본,일본,,(주)영진크리에이티브,청소년관람불가,"성인물(에로),드라마,멜로/로맨스",타니구치 마사오,
아빠가 출장가면 난 새엄마의 남편이 된다,2024-02-02,일본,일본,,(주)영진크리에이티브,청소년관람불가,"성인물(에로),드라마,멜로/로맨스",와레메 사부로,
어느날 남편의 상사가 들어왔다,2024-01-30,일본,일본,,(주)영진크리에이티브,청소년관람불가,"멜로/로맨스,드라마",,
옆집 유부녀에게 정기 다 털린 썰,2024-02-02,일본,일본,,(주)영진크리에이티브,청소년관람불가,"성인물(에로),드라마,멜로/로맨스",,
젖은 과외쌤-비에 젖은 K컵은 못참지,2024-01-31,일본,일본,,(주)영진크리에이티브,청소년관람불가,"성인물(에로),드라마,멜로/로맨스",히무 롯쿠,
제수씨 내 마누라가 되어줘,2024-01-30,일본,일본,,(주)영진크리에이티브,청소년관람불가,"멜로/로맨스,드라마",,
집 나간 남편대신 시아버지,2024-02-04,한국,한국,,(주)영화사가을,청소년관람불가,멜로/로맨스,,
집주인 버섯 맛에 길들여진 가사도우미,2024-02-03,일본,일본,,(주)영진크리에이티브,청소년관람불가,"성인물(에로),드라마,멜로/로맨스",우치야마 카즈오,
쾌락 빠진 유부녀 무삭제판,2024-02-02,일본,일본,,에스팀,청소년관람불가,멜로/로맨스,아사기리 키요시,호시노 나미
탐나는 부하직원의 아내-남편을 위해 벌려라,2024-01-31,일본,일본,,(주)영진크리에이티브,청소년관람불가,"멜로/로맨스,드라마",나가에,
호기심에 꽉 물어버린 새엄마,2024-02-03,일본,일본,,(주)영진크리에이티브,청소년관람불가,"성인물(에로),드라마,멜로/로맨스",,
다시,,한국,한국,원더메이커,,전체관람가,"드라마,어드벤처",전주희,"김규리,빅알렉스,임희은,임지언,김성희,전요섭,황미선"
레전더리 콘서트: 레너드 번스타인,2021-01-03,독일,독일,,(주)케빈앤컴퍼니,전체관람가,공연,,
"귀멸의 칼날: 인연의 기적, 그리고 합동 강화 훈련으로",2024-02-14,일본,일본,,씨제이 씨지브이(CJ CGV)(주),15세이상관람가,애니메이션,소토자키 하루오,
숀더쉽 더 무비: 꼬마 외계인 룰라!,2020-02-19,영국,영국,,TCO(주)더콘텐츠온,전체관람가,"애니메이션,어드벤처,코미디","리처드 펠런,윌 베처",
바튼 아카데미,2024-02-21,미국,미국,,유니버설픽쳐스인터내셔널 코리아(유),15세이상관람가,"코미디,드라마",알렉산더 페인,폴 지아마티
뜨거운 것이 좋아,,미국,미국,,,,"코미디,멜로/로맨스",빌리 와일더,"마릴린 몬로,토니 커티스,잭 레먼"
욕망이라는 이름의 전차,,미국,미국,워너 브러더스 픽쳐스,,,드라마,엘리아 카잔,"비비안 리,말론 브란도"
산딸기,2013-05-16,스웨덴,스웨덴,,㈜영화사 백두대간,12세이상관람가,드라마,잉마르 베리만,"빅터 소스트롬,비비 안데르손"
메이 디셈버,2024-03-13,미국,미국,,판씨네마(주),청소년관람불가,드라마,토드 헤인즈,"나탈리 포트만,줄리안 무어,찰스 멜튼"
그란 투리스모,2023-09-20,미국,미국,,소니픽쳐스엔터테인먼트코리아주식회사극장배급지점,12세이상관람가,액션,,
사랑도 통역이 되나요?,2004-02-20,미국,미국,아메리칸조이트로프,씨제이엔터테인먼트,15세관람가,"멜로/로맨스,액션",소피아 코폴라,"빌 머레이,스칼렛 요한슨,지오바니 리비시"
K스쿨,2024-02-21,한국,한국,주식회사 강컨텐츠,주식회사 강컨텐츠,전체관람가,"드라마,뮤지컬",박미경,"남다원,이영준,양예나,정세민,전민기,구슬이,김소현,강세희,박도연,김도현,권혁준,나경민,권혜영"
마티,,미국,미국,,,,"코미디,드라마",델버트 만,"에스더 민치오티,어거스타 시올리,조 만텔"
코만체로스,,미국,미국,,,,"액션,서부극(웨스턴)",마이클 커티즈,"존 웨인,스튜어트 휘트먼"
동심초,,한국,한국,,,,드라마,신상옥,"최은희,김진규,엄앵란"
대니초 : 코리안 드림,2024-02-14,한국,한국,메타코미디,"씨제이 씨지브이(CJ CGV)(주),씨지브이 아이스콘",청소년관람불가,공연,,
두만강아 잘 있거라,,한국,한국,,,,"액션,전쟁",임권택,"김석훈,황해,엄앵란,문정숙,허장강,박노식,이대엽"
해저 2만리,,미국,미국,월트 디즈니 프로덕션,,,"SF,어드벤처,가족",리차드 플레이셔,"커크 더글라스,제임스 메이슨"
"오늘 밤, 세계에서 이 사랑이 사라진다 해도",2022-11-30,일본,일본,,"(주)바이포엠스튜디오,홀리가든",12세이상관람가,멜로/로맨스,미키 타카히로,"미치에다 슌스케,후쿠모토 리코,후루카와 코토네,마츠모토 호노카"
멋대로 해라,1980-09-20,한국,한국,남아진흥(주),(주)프리즘웍스,"연소자관람불가,15세이상관람가",드라마,김정현,"이대근,혜은이,김동현"
베이비 길들이기,,미국,미국,RKO 라디오 픽쳐스,,,"가족,멜로/로맨스,코미디",하워드 혹스,"캐리 그랜트,캐서린 헵번"
안시성,2018-09-19,한국,한국,"(주)영화사수작,(주)스튜디오앤뉴,모티브픽쳐스(주)",(주)넥스트엔터테인먼트월드(NEW),12세이상관람가,"사극,액션",김광식,"이태진,조인성,신현숙,남주혁,박성웅,차영주,김경희,배성우,엄태구,설현,박병은,오대환,성동일,정은채,유오성,김미지,여윤호,박인수,이승일,이현,이경재,이낙준,이동민,이상혁,이상호,이성욱,이세민,이승석,배유리,이승환,배준수,이원재,이은희,이은희,이인규,이정민,김종호,이준우,이진용,이태진,이호준,임동영,임상현,김현우,김현창,나대한,오진석,유병주,윤정열,문창준,박경관,임용순,박세준,정미경,정지훈,정태영,조석현,조형래,조혜인,조혜인,김욱,김대현,김동민,김동진,김명준,김민혁,최희열,한명환,한아름,한정환,김이현,김원중,김세홍,강희중,주석태,손영순,장광,옥자연,여이레,정인겸,신유람,박태산,정태야,황재필,이람,정현국,오일용,이정선,이민혁,문창완,장이준,스테파니 리,고영현,김한솔"
플라워 킬링 문,2023-10-19,미국,미국,,롯데컬처웍스(주)롯데엔터테인먼트,청소년관람불가,"범죄,드라마",마틴 스코세이지,"레오나르도 디카프리오,로버트 드 니로"
서부의 사나이,,미국,미국,,,,"서부극(웨스턴),멜로/로맨스",안소니 만,"게리 쿠퍼,줄리 런던"
데드 맨 워킹,,미국,미국,,,,공연,,
블랙 로터스,2024-02-07,미국,미국,,주식회사 블루필름웍스,15세이상관람가,액션,,프랭크 그릴로
게임의 규칙,,프랑스,프랑스,,,,"드라마,코미디",장 르누아르,"마르셀 달리오,노라 그레고르,오데뜨 탈라자크"
전쟁과 평화,1977-09-27,미국,미국,파라마운트 픽쳐스,,연소자관람가,"드라마,멜로/로맨스,전쟁",킹 비더,"오드리 헵번,헨리 폰다,멜 페레,비토리오 가스만"
자이언트,1974-02-28,미국,미국,워너 브러더스 픽쳐스,,12세이상관람가,드라마,조지 스티븐스,"록 허드슨,제임스 딘,엘리자베스 테일러"
5시부터 7시까지 클레오,,프랑스,"프랑스,이탈리아",,(주)영화사 안다미로,,드라마,아녜스 바르다,"코린느 마르샹,앙트완느 부르세이에"
행복,,프랑스,프랑스,,(주)영화사 안다미로,,드라마,아녜스 바르다,"장 클로드 드루오,클레어 드루오"
이삭줍는 사람들과 나,,프랑스,프랑스,,(주)영화사 안다미로,,다큐멘터리,아녜스 바르다,아녜스 바르다
40정의 총,,미국,미국,,,,"서부극(웨스턴),드라마",사무엘 풀러,"바바라 스탠윅,배리 설리반"
낭트의 자코,,프랑스,프랑스,,(주)영화사 안다미로,,드라마,아녜스 바르다,"필리페 마론,에두아르드 주보"
제77회 작은영화영화제 - 전국~ 영화자랑! - 강원편,,한국,한국,,,,드라마,,
토니,,프랑스,프랑스,,,12세이상관람가,드라마,장 르누아르,
날 것으로 맛보는 그녀의 성생활,2024-02-09,한국,한국,(주)샤이커뮤니케이션즈,(주)샤이커뮤니케이션즈,청소년관람불가,성인물(에로),,
"노래하는 여자, 노래하지 않는 여자",,프랑스,"프랑스,벨기에",,(주)영화사 안다미로,,드라마,아녜스 바르다,"테레스 리오타드,발레리 메레스"
신음하는 그녀의 사정,2024-02-08,한국,한국,(주)샤이커뮤니케이션즈,(주)샤이커뮤니케이션즈,청소년관람불가,성인물(에로),,
야한 그녀의 리얼 사생활,2024-02-09,한국,한국,(주)샤이커뮤니케이션즈,(주)샤이커뮤니케이션즈,청소년관람불가,성인물(에로),,
이혼한 엄마의 성욕,2024-02-08,한국,한국,(주)샤이커뮤니케이션즈,(주)샤이커뮤니케이션즈,청소년관람불가,성인물(에로),,
방랑자,,프랑스,프랑스,,(주)영화사 안다미로,,드라마,아녜스 바르다,상드린 보네르
아녜스 바르다의 해변,,프랑스,프랑스,,(주)영화사 안다미로,,다큐멘터리,아녜스 바르다,아녜스 바르다
프렌치 캉캉,,프랑스,"프랑스,이탈리아",,,,"코미디,뮤지컬,드라마,멜로/로맨스",장 르누아르,"장 가뱅,프랑스와 아르놀"
미드 90,2019-09-25,미국,미국,,"오드,스튜디오 초이스 주식회사",청소년관람불가,드라마,조나 힐,"서니 설직,캐서린 워터스턴,루카스 헤지스"
엘레나와 남자들,,프랑스,"프랑스,이탈리아",,,,"코미디,드라마,멜로/로맨스",장 르누아르,"잉그리드 버그만,장 마레"
밑바닥,2008-03-01,프랑스,프랑스,,,,드라마,장 르누아르,
너의 눈을 들여다보면,2023-06-14,프랑스,프랑스,,(주)디오시네마,전체관람가,드라마,미야케 쇼,"키시이 유키노,미우라 토모카즈,미우라 마사키"
특수요원S,2024-02-06,인도,인도,,(주)빅웨이브시네마,15세이상관람가,액션,,
유전,2018-06-07,미국,미국,,(주)팝엔터테인먼트,15세이상관람가,공포(호러),아리 에스터,"토니 콜렛,가브리엘 번,알렉스 울프,밀리 샤피로"
미드소마,2019-07-11,미국,미국,,(주)팝엔터테인먼트,청소년관람불가,공포(호러),아리 에스터,"플로렌스 퓨,잭 레이너,윌 폴터,윌리엄 잭슨 하퍼"
동갑내기 이모,2024-02-09,한국,한국,(주)영진크리에이티브,(주)영진크리에이티브,청소년관람불가,"성인물(에로),드라마,멜로/로맨스",모니카,
구멍 하나 버섯 둘,2024-02-05,일본,일본,,(주)영진크리에이티브,청소년관람불가,"성인물(에로),드라마,멜로/로맨스",,
대리 배달녀,2024-02-07,한국,한국,,주식회사 루믹스미디어,청소년관람불가,성인물(에로),,
돈 훔치다 걸리니 즙 짜준 알바녀,2024-02-05,일본,일본,,(주)영진크리에이티브,청소년관람불가,"성인물(에로),드라마,멜로/로맨스",우치야마 카즈오,
몸굴리는 생계 자매,2024-02-06,일본,일본,,(주)코빈커뮤니케이션즈,청소년관람불가,성인물(에로),,
발정난 새엄마가 날 세워버렸다,2024-02-05,일본,일본,,(주)영진크리에이티브,청소년관람불가,"성인물(에로),드라마,멜로/로맨스",츠지 코지,
빚 독촉에 뒷문 열어준 유부녀,2024-02-05,일본,일본,,(주)영진크리에이티브,청소년관람불가,"성인물(에로),드라마,멜로/로맨스",사쿠라비토,
욕구 불만족 중년의 더러운 섹스,2024-02-06,일본,일본,,(주)코빈커뮤니케이션즈,청소년관람불가,성인물(에로),,
조건섹스:라스트 원나잇,2024-02-09,한국,한국,(주)파랑새미디어,(주)영진크리에이티브,청소년관람불가,"성인물(에로),드라마,멜로/로맨스",이타치,
호빠 : 예쁜 언니들과 하드코어,2024-02-08,한국,한국,,(주)영화사가을,청소년관람불가,멜로/로맨스,,
고양이를 부탁해,2001-10-12,한국,한국,(주)마술피리,"(주)엣나인필름,(주)시네마서비스",12세관람가,드라마,정재은,"배두나,이요원,옥지영,손기호,정효인,김화영,홍승환,박성근,이은실,임근아,유순철,장소연,김광규,황석정,오태경,김수현,문정희"
나쁜 영화,1997-08-02,한국,한국,미라신코리아(주),대우시네마,연소자관람불가,드라마,장선우,"한슬기,장남경,기주봉,박길수,박미현,권태원,김기천"
마이 제너레이션,2004-12-03,한국,한국,엔디에스오삼일칠,아트플러스시네마네트워크,15세관람가,드라마,노동석,"이명수,최두영,김병석,최재훈,안슬기,박경목,이성중,이광우,유재경"
바이 준,1998-03-28,한국,한국,(주)동아수출공사,,18세 미만인 자는 관람할 수 없는 등급,"드라마,멜로/로맨스",최호,"김하늘,이장욱,유지태,서영희"
스노우 퍼핀즈,2024-02-15,스페인,스페인,,(주)팝엔터테인먼트,전체관람가,애니메이션,,"조니 뎁,김대중"
에스파: 마이 퍼스트 페이지,2024-02-14,한국,한국,(주)에스엠엔터테인먼트,"롯데컬처웍스(주)롯시플,(주)영화사 그램",전체관람가,"공연,다큐멘터리","김지선,조현정",
중경삼림,1995-09-02,홍콩,홍콩,젯톤프로덕션,(주)디스테이션,"고등학생이상관람가,15세이상관람가",드라마,왕가위,"임청하,양조위,왕비,금성무"
화양연화,2000-10-20,홍콩,"홍콩,프랑스",,(주)디스테이션,"15세관람가,15세이상관람가","드라마,멜로/로맨스",왕가위,"장만옥,양조위"
해피 투게더,1998-08-22,홍콩,홍콩,,(주)디스테이션,"15세이상관람가,18세 미만인 자는 관람할 수 없는 등급","드라마,멜로/로맨스",왕가위,"장국영,양조위,장첸"
링팝 : 더 브이알콘서트 카이,,한국,한국,,(주)어메이즈브이알코리아,전체관람가,공연,,
막걸리가 알려줄거야,2024-02-28,한국,한국,(주)안나푸르나필름,"판씨네마(주),스튜디오 초이스 주식회사",전체관람가,"드라마,SF,코미디",김다민,"박나은,박효주,김희원,김지훈,임재민"
극장판 츠루네: 시작의 한 발,2024-02-21,일본,일본,,(주)라이크콘텐츠,전체관람가,애니메이션,야마무라 타쿠야,"우에무라 유우토,이치카와 아오이"
야성의 킬리만자로,,영국,영국,,,,어드벤처,리처드 소프,"로버트 테일러,안소니 뉼리"
브레드이발소: 셀럽 인 베이커리타운,2024-03-01,한국,한국,주식회사 브레드이발소,롯데컬처웍스(주)롯데엔터테인먼트,전체관람가,애니메이션,정지환,"엄상현,박윤희,강시현,홍범기,김현욱,송하림,조경이,정주원,윤아영,김신우"
동백꽃 신사,1979-11-24,한국,한국,남아진흥(주),(주)프리즘웍스,12세이상관람가,액션,이혁수,"이대근,김희라,최봉,박원숙"
걸즈 앤 판처 최종장,2020-03-12,일본,일본,,(주)디스테이션,12세이상관람가,애니메이션,미즈시마 츠토무,"후치가미 마이,카야노 아이,오자키 마미,나카가미 이쿠미,이구치 유카"
걸즈 앤 판처 최종장 제3화,2022-01-12,일본,일본,,(주)디스테이션,12세이상관람가,애니메이션,미즈시마 츠토무,"후치가미 마이,카야노 아이,오자키 마미,나카가미 이쿠미,이구치 유카,타케타츠 아야나"
꽃신,,한국,한국,남아진흥,(주)프리즘웍스,12세이상관람가,드라마,고영남,"김천만,정희,황해,최봉,김지영"
오키쿠와 세계,2024-02-21,일본,일본,,(주)엣나인필름,12세이상관람가,드라마,사카모토 준지,"쿠로키 하루,이케마츠 소스케,칸이치로,사토 코이치,이시바시 렌지"
여기는 아미코,2024-02-28,일본,일본,,주식회사 슈아픽처스,전체관람가,"가족,드라마",,"아라타,오노 마치코"
퍼펙트 데이즈,2024-07-03,일본,일본,,(주)티캐스트,12세이상관람가,드라마,빔 벤더스,야쿠쇼 코지
전송가,,미국,미국,유니버셜 픽쳐스,,,"전쟁,드라마",더글라스 서크,"록 허드슨,안나 카스피,댄 두리아,돈 드 프레,마사 하이어"
두 여인,,이탈리아,"이탈리아,프랑스",,,,"드라마,전쟁",비토리오 데 시카,"장 폴 벨몽도,소피아 로렌"
레이징 그레이스,2024-03-13,영국,영국,,(주)이놀미디어,15세이상관람가,"스릴러,미스터리",패리스 자실라,"맥스 에이겐만,리앤 베스트,데이비드 헤이먼,제이든 페이지 보아디야"
바비,2023-07-19,미국,미국,,워너브러더스 코리아(주),12세이상관람가,기타,그레타 거윅,"마고 로비,라이언 고슬링,아메리카 페레라,케이트 맥키넌,잇사 레이,두아 리파,시무 리우"
영 앳 하트,,미국,미국,,,,"드라마,뮤지컬,멜로/로맨스",고든 더글라스,"도리스 데이,프랭크 시내트라"
애정이 꽃피는 나무,,미국,미국,메트로-골드윈-마이어,,,"드라마,전쟁",에드워드 디미트릭,"몽고메리 클리프트,엘리자베스 테일러,에바 마리 세인트"
플라시도 도밍고 인 베로나,,독일,독일,,(주)케빈앤컴퍼니,,공연,플라시도 도밍고,
빅 트리,,미국,미국,워너 브러더스 픽쳐스,,,액션,펠릭스 E. 페스트,"커크 더글라스,이브 밀러"
예수는 역사다,2017-07-13,미국,미국,,"길갈,(재)CBS",전체관람가,드라마,존 건,"마이크 보겔,에리카 크리스틴슨,페이 더너웨이,로버트 포스터"
킹 VS. 머신킹,2024-02-15,미국,미국,,(주)제이앤씨미디어그룹,12세이상관람가,"액션,SF,판타지",,톰 아놀드
사막의 여우 롬멜,,미국,미국,,,,"액션,전쟁,드라마",헨리 해서웨이,"제임스 메이슨,제시카 탠디,세드릭 하드윅"
웨스트 사이드 스토리,1999-05-29,미국,미국,"세븐 아트 프로덕션,미리쉬 코퍼레이션,베타 프로덕션",,전체관람가,"뮤지컬,드라마,멜로/로맨스","로버트 와이즈,제롬 로빈스","리차드 베이머,나탈리 우드,조지 차키리스"
벗어날 탈 脫,2024-02-21,한국,한국,사보타지 필름,영화배급협동조합 씨네소파,15세이상관람가,미스터리,서보형,"임호준,위지원"
인간의 증명,,일본,일본,,,,기타,,
이터널 메모리,2023-09-20,칠레,칠레,,(주)엣나인필름,전체관람가,다큐멘터리,마이테 알베르디,
마담 프루스트의 비밀정원,2014-07-24,프랑스,프랑스,,찬란,전체관람가,드라마,실뱅 쇼메,"귀욤 고익스,앤 르 니"
언니는 말괄량이,,한국,한국,,,,드라마,한형모,"김진규,엄앵란,문정숙,이대엽"
극장판 오드 택시 인 더 우즈,2024-02-16,일본,일본,,(주)미디어캐슬,15세이상관람가,애니메이션,키노시타 바쿠,"이이다 리호,키무라 료헤이"
서스페리아 1977,1977-09-15,이탈리아,이탈리아,,주식회사 더쿱,청소년관람불가,공포(호러),다리오 아르젠토,"제시카 하퍼,스테파니아 카시니"
만날때는 언제나 타인,,미국,미국,,,,멜로/로맨스,리차드 퀴니,"커크 더글라스,킴 노박"
로코와 그의 형제들,,이탈리아,"이탈리아,프랑스",,,,"범죄,드라마",루치노 비스콘티,"알랑 드롱,애니 지라르도,레나토 살바토리"
회색 벨벳 위의 네 마리 파리,,이탈리아,"이탈리아,프랑스",,,,"미스터리,스릴러",다리오 아르젠토,
딸에 대하여,2024-09-04,한국,한국,(주)아토,"찬란,스튜디오 에이드",12세이상관람가,드라마,이미랑,"오민애,허진,임세미,하윤경,신정섭,이슬이"
가족 게임,,일본,일본,,,,"드라마,코미디",모리타 요시미츠,
길다,,미국,미국,,,,"멜로/로맨스,스릴러",찰스 비더,"리타 헤이워드,글렌 포드,조지 맥크리디"
가장 위험한 유희,,일본,일본,,,,기타,,
깨어난 긴로,,일본,일본,,,,기타,,"후부키 준,사토 케이"
다리오 아르젠토 패닉,,영국,영국,,,,기타,,
시골 여인,,이탈리아,"이탈리아,프랑스",,,,"코미디,드라마",마리오 솔다티,"지나 롤로브리지다,가브리엘 페르제티,프랑코 인터렌치"
끝없는 일요일,,이탈리아,"이탈리아,독일",,,,기타,,
살인유희,,일본,일본,,,,기타,,
오오극장 개관 9주년 특별전 - 단편섹션,,한국,한국,,,,드라마,,
폭풍의 언덕,,일본,"일본,스위스",,,,드라마,요시다 기주,다나카 유코
아파도 대물이 좋은 사모님,2024-02-15,한국,한국,(주)샤이커뮤니케이션즈,(주)샤이커뮤니케이션즈,청소년관람불가,성인물(에로),,
야수는 죽어야 한다,,일본,일본,,,,기타,,
회식 후 취해 쓰러진 육덕진 아내,2024-02-15,한국,한국,(주)샤이커뮤니케이션즈,(주)샤이커뮤니케이션즈,청소년관람불가,성인물(에로),,
미션 임파서블: 데드 레코닝 PART ONE,2023-07-12,미국,미국,파라마운트 픽쳐스,롯데컬처웍스(주)롯데엔터테인먼트,15세이상관람가,"액션,스릴러,어드벤처",크리스토퍼 맥쿼리,"톰 크루즈,헤일리 앳웰,빙 라메스,사이먼 페그,레베카 퍼거슨,바네사 커비,에사이 모랄레스,폼 클레멘티에프"
백만장자,,영국,영국,,,,"코미디,멜로/로맨스",,그레고리 펙
에네아,,이탈리아,이탈리아,,,,기타,,
옥순로그,,한국,한국,,영화배급협동조합 씨네소파,12세이상관람가,다큐멘터리,"김나연,이동한",김나연
THE 자연인,2025-08-20,한국,한국,스톤워크,스톤워크,12세이상관람가,"코미디,미스터리",노영석,"변재신,정용훈,신운섭,이란희"
처형유희,,일본,일본,,,,기타,,
노웨어,,이탈리아,"이탈리아,스위스",,,,기타,,
아다지오,,이탈리아,이탈리아,,,,기타,,
치치핑핑의 쿵쿵따 탐험대,2023-04-10,한국,한국,(주)에픽캔,(주)에픽캔,전체관람가,공연,이광범,
탐정 이야기,,일본,일본,,,,기타,네기시 키치타로,야쿠시마루 히로코
시간의 질서,,이탈리아,"이탈리아,벨기에",,,,기타,,
장손,2024-09-11,한국,한국,영화사 대명,㈜인디스토리,12세이상관람가,"가족,미스터리,드라마",오정민,"강승호,우상전,손숙,차미경,오만석,안민영,정재은,서현철,김시은,강태우,이연진,이재남,서인영"
카메라를 멈추면 안 돼!,2018-08-23,일본,일본,,"(주)디오시네마,(주)영화사 그램",15세이상관람가,"공포(호러),코미디",우에다 신이치로,"하마츠 타카유키,아키야마 유즈키,나가야 카즈아키,슈하마 하루미,마오"
랑종,2021-07-14,한국,"한국,태국",(주)노던크로스,(주)쇼박스,청소년관람불가,"공포(호러),스릴러,드라마",반종 피산다나쿤,"나릴야 군몽콘켓,싸와니 우툼마,씨라니 얀키띠칸,야사카 차이쏜"
2대1 여친 팔아먹기 2,2024-02-17,한국,한국,(주)영화사가을,(주)영화사가을,청소년관람불가,,,
매장 아가씨 손님 따먹기,2024-02-15,일본,일본,,주식회사 미콘,청소년관람불가,성인물(에로),,
씨받고 싶은 사모님의 질 좋은 구멍,2024-02-15,일본,일본,,(주)영진크리에이티브,청소년관람불가,"멜로/로맨스,드라마",,
아내의 직업 2: 텐프로,2024-02-16,한국,한국,(주)담화,(주)담화,청소년관람불가,성인물(에로),정어린,
은근슬젖 동료와이프,2024-02-16,한국,한국,,(주)씨맥스커뮤니케이션즈,청소년관람불가,성인물(에로),,
의붓아들에게 수컷의 향기가 난다,2024-02-15,일본,일본,,(주)영진크리에이티브,청소년관람불가,"멜로/로맨스,드라마",,
처제와 2대1,2024-02-18,한국,한국,,(주)영화사가을,청소년관람불가,멜로/로맨스,,
치한새엄마와 폭풍정사,2024-02-16,일본,일본,,(주)도키엔터테인먼트,청소년관람불가,성인물(에로),,
파묘,2024-02-22,한국,한국,(주)쇼박스,(주)쇼박스,15세이상관람가,"미스터리,공포(호러)",장재현,"최민식,김고은,유해진,이도현,김재철,김민준,김병오,전진기,박정자,박지일,이종구,이영란,정상철,김지안,김태준,김서현,송광자,최문경,김선영,이다윗,김소숙,정윤하,설승혜,홍서준,안태영,최정화,이아연,심소연,한미자,현지인,이경민,한동희,이정현,설창희,황유나,윤재인,김희상,선인호,백승철,윤종구,박종원,임호준,김진욱,류한선,박태양,이은경,박진영,홍석빈,한혜지,박재완,윤정훈,최교식,이지현,정예서,이은주,은수,장의돈,주광현,박용,신무호,김이석,김선동,한동균,박예빈,윤수진,정승기,강일웅,김영주,오보혜,고영규,선인호,전형규,이태운,임예은,최낙윤,정무성,진대연,송나영,유한솔,김하영"
이프 온리,2004-10-29,미국,미국,"인터미디어필름,아웃로 프로덕션즈,테이피스트리 필름","(주)삼백상회,와이드 릴리즈(주),(주)제이앤씨미디어그룹,유니코리아문예투자(주),(주)씨제이이엔엠","15세관람가,12세이상관람가","멜로/로맨스,판타지",길 정거,"제니퍼 러브 휴잇,폴 니콜스"
월레스와 그로밋 더 클래식 컬렉션,2024-02-21,영국,영국,아드만 애니메이션즈,씨지브이 아이스콘,전체관람가,애니메이션,닉 파크,
가여운 것들,2024-03-06,미국,미국,,월트디즈니컴퍼니코리아 유한책임회사,청소년관람불가,"드라마,코미디,멜로/로맨스",요르고스 란티모스,"엠마 스톤,마크 러팔로,윌렘 데포"
블레이드 러너 2049,2017-10-12,미국,미국,,소니픽쳐스엔터테인먼트코리아주식회사극장배급지점,15세이상관람가,"SF,액션",드니 빌뇌브,"라이언 고슬링,해리슨 포드,아나 디 아르마스,실비아 획스,자레드 레토,데이브 바티스타,로빈 라이트,맥켄지 데이비스,레니 제임스,우드 해리스,데이비드 다스트말치안,카를라 주리,히암 압바스"
오펜하이머,2023-08-15,미국,미국,,유니버설픽쳐스인터내셔널 코리아(유),15세이상관람가,"스릴러,드라마",크리스토퍼 놀란,"킬리언 머피,에밀리 블런트,맷 데이먼,로버트 다우니 주니어,플로렌스 퓨,조쉬 하트넷,케이시 애플렉,라미 말렉,케네스 브래너"
아이엠 티라노,2024-03-01,중국,중국,,"주식회사 원더스튜디오,영화사빅",전체관람가,애니메이션,,
듄: 파트2,2024-02-28,미국,미국,,워너브러더스 코리아(주),12세이상관람가,액션,드니 빌뇌브,"티모시 샬라메,젠데이아 콜먼,레베카 퍼거슨,조슈 브롤린,오스틴 버틀러,플로렌스 퓨,데이브 바티스타,크리스토퍼 월켄,스티븐 헨더슨,레아 세이두,스텔란 스카스가드,샬롯 램플링,하비에르 바르뎀"
대결! 애니메이션,2024-03-06,일본,일본,,"(주)빌리언스플러스,(주)블루라벨픽쳐스",12세이상관람가,드라마,요시노 코헤이,"요시오카 리호,나카무라 토모야,오노 마치코,에모토 타스쿠"
조폭인 내가 고등학생이 되었습니다,2024-02-22,한국,한국,주식회사 넘버쓰리픽쳐스,주식회사 넘버쓰리픽쳐스,15세이상관람가,"판타지,드라마",이성택,"최민석,윤찬영,봉재현,이서진"
십계,1973-06-16,미국,미국,파라마운트 픽쳐스,,전체관람가,"드라마,가족",세실 B. 데밀,"앤 박스터,찰톤 헤스톤,에드워드 G. 로빈슨"
창공에 지다,,미국,미국,,,,드라마,고든 더글라스,"앨런 래드,준 앨리슨,제임스 위트모어"
코다,2021-08-31,프랑스,프랑스,,판씨네마(주),12세이상관람가,드라마,션 헤이더,"에밀리아 존스,퍼디아 월시-필로,말리 매트린,트로이 코처,다니엘 듀런트,에우헤니오 데르베스"
야성녀,,미국,미국,이십세기폭스필름코퍼레이션,,,"액션,어드벤처",헨리 킹,
기생충,2019-05-30,한국,한국,(주)바른손이앤에이,(주)씨제이이엔엠,15세이상관람가,드라마,봉준호,"송강호,이선균,조여정,최우식,박소담,이정은,장혜진,박명훈,현승민,정현준,박서준,윤혜리,박근록,이시훈,김규백,설민,박가빈,정이서,조재명,정익한,안진상,이루아,김하언,하윤희,이도운,오별하,유인,유채련,정일화,지혜영,지연,최정연,서복현,심수미,장지우,한미자,주수지,강현규,고관재,곽신애,류영훈,문상근,김건,박재완,서한결,서희영,손지영,박혜숙,백동현,신승민,백승환,안성봉,염재민,오상준,오상준,김성수,김세인,윤영우,정재훈,김이슬,이종현,이주형,제승현,김혜련,김정우,이지혜,황인경,이덕형,이시은,김영조,이도용,김보령,김용각,정세현,이옥희,이상경,정아름,이은희,이인경,박미애,김진형,이시후,박재욱,양선영,장예원,최정현,김성준,최지원,김향배,채하니"
애프터: 유혹의 끝,2024-02-21,미국,미국,,스튜디오 에이드,15세이상관람가,멜로/로맨스,캐스틸 랜던,"조세핀 랭포드,히어로 파인즈 티핀"
워싱턴 정가,,미국,미국,,,,"드라마,스릴러",오토 프레밍거,"프랑코트 톤,류 아이리스,헨리 폰다"
생츄어리 2 : 쿼카가 너무해,2024-03-07,호주,호주,,(주)팝엔터테인먼트,전체관람가,"애니메이션,액션,어드벤처",리카르드 쿠소,"앵거리 라이스,샘 닐,김소희,김용,박시윤"
시몬 김성수 : 우리는 최고다,,한국,한국,올록볼록 영화사,영화배급협동조합 씨네소파,,"다큐멘터리,드라마,가족",남승석,
타락천사,1995-12-23,홍콩,홍콩,택동전영제작유한공사,(주)디스테이션,"연소자관람불가,15세이상관람가",드라마,왕가위,"여명,이가흔,금성무,양채니,막문위"
두 계절,,한국,한국,,,,다큐멘터리,,
사도: 유니아,,한국,한국,,,,다큐멘터리,,
애국소녀,,한국,한국,,,12세이상관람가,"다큐멘터리,가족",남아름,남아름
자유가족,,한국,한국,,,,다큐멘터리,,
한예종 방송영상과 2024 졸업상영회 단편섹션 1,,한국,한국,,,,기타,,
할머니의 내일,,한국,한국,,,,다큐멘터리,,
파기상접: 깨진 그릇 붙이기,,한국,한국,,,,다큐멘터리,,
페달을 찍어라!,,한국,한국,,,,다큐멘터리,,
한예종 방송영상과 2024 졸업상영회 단편섹션 2,,한국,한국,,,,기타,,
휴게소,,한국,한국,,,,다큐멘터리,,
청춘은 밤이 없다,,미국,미국,,,,드라마,델머 데이브스,"트로이 도나휴,도로시 맥과이어"
갓랜드,2024-02-28,덴마크,"덴마크,아이슬란드,프랑스,스웨덴",,엠엔엠인터내셔널(주),15세이상관람가,드라마,흘리뉘르 팔메이슨,
첫사랑,,프랑스,프랑스,,,,드라마,로제 리셰베,"장 마레,다니 로뱅"
맨츄리안 캔디데이트,,미국,미국,,,,"드라마,스릴러",존 프랑켄하이머,"프랭크 시내트라,로렌스 하비"
서바이벌 택틱스,2024-02-21,한국,한국,요지경필름,필름다빈,12세이상관람가,드라마,박근영,"성령,최원용,계영호,최기윤,손예원,장준휘"
쥬발,,미국,미국,,,,서부극(웨스턴),델머 데이비스,"글렌 포드,어네스트 보그나인"
메릴의 약탈자들,,미국,미국,,,,"어드벤처,전쟁",사무엘 풀러,"제프 챈들러,타이 하딘"
혈과사,,미국,미국,,,,드라마,루벤 마물리안,"린다 다넬,타이론 파워,리타 헤이워드"
유어 럭키 데이,2024-02-22,미국,미국,,주식회사 풍경소리,15세이상관람가,"액션,스릴러",,엘리엇 나이트
순수한 사람들,,이탈리아,"이탈리아,프랑스",,,,기타,,"로라 안토넬리,지안 카를로 지아니니,제니퍼 오닐"
글렌 밀러 스토리,,미국,미국,,,,"드라마,멜로/로맨스",안소니 만,"제임스 스튜어트,준 앨리슨"
불청객,2010-09-30,한국,한국,삼천리영화사,(주)이모션픽처스,12세이상관람가,"SF,판타지,드라마",이응일,"김진식,원강영,이응일,조정민,양은주"
엑스,,미국,미국,,,,공연,,
아모르,,이탈리아,"이탈리아,기타",,,,기타,,
무명의 비평가들 섹션 4,,한국,한국,,,,드라마,,
여대생 답지 않은 테크닉의 마사지녀,2024-02-22,한국,한국,(주)샤이커뮤니케이션즈,(주)샤이커뮤니케이션즈,청소년관람불가,성인물(에로),,
처음부터 밀고 들어온 아저씨 대물,2024-02-22,한국,한국,(주)샤이커뮤니케이션즈,(주)샤이커뮤니케이션즈,청소년관람불가,성인물(에로),,
버드맨 오브 알카트라즈,,미국,미국,,,,드라마,존 프랑켄하이머,"버트 랭커스터,칼 말든,베티 필드"
무명의 비평가들 섹션 1,,한국,한국,,,,드라마,,
2월 수요단편극장 맨도롱 또똣한 날들 - 이토록 제주스러운 순간,,한국,한국,,,,드라마,,
어머니의 영광,1973-02-24,한국,한국,남화흥업(주),(주)프리즘웍스,전체관람가,멜로/로맨스,김기,"나훈아,나오미"
개봉 기념 서보형 감독 단편전,,한국,한국,,,,기타,서보형,
어른들은 몰라요,2021-04-15,한국,한국,(주)돈키호테엔터테인먼트,(주)리틀빅픽쳐스,청소년관람불가,드라마,이환,"이유미,정다유,안희연,신햇빛,이환,이현지,박강섭,방은정,허준석,한성수,용석주,안대천,최은경,김서하,명승훈,이태환,김시호,이재석,이기쁨,김단하,한혜지,김세은,박크미,김하늘,송영주,김철환,형슬우,안시연,김가빈,김유나,이현지,이지호,김희원,전지혜,이동준,김영휘,이규혁,최지혜,손창대,최진,석유진,김진현,권도영,김효진,이수빈,박수찬,임지우,전아희,조성하,이승연,박수영,김강현,남문철,현봉식,류아벨,노수산나,유재연"
(로컬 픽: 시간과 빛) 얼굴들 사람들,,한국,한국,,,,다큐멘터리,,
나는 쏠려 노 맛,2024-02-23,한국,한국,와이키키 픽쳐스,유한회사 스튜디오 획,청소년관람불가,성인물(에로),정도수,
섹스에 미친 환자에게 넣는 대물 정신과의사,2024-02-20,일본,일본,,(주)코빈커뮤니케이션즈,청소년관람불가,성인물(에로),,
"실화, 불륜에 빠진 이유",2024-02-21,한국,한국,(주)룬컴퍼니,(주)룬컴퍼니,청소년관람불가,"성인물(에로),드라마",모니카,민도윤
우주전함 야마토,2024-02-23,일본,일본,,(주)도키엔터테인먼트,12세이상관람가,"SF,액션",야마자키 타카시,"기무라 타쿠야,쿠로키 메이사"
지성：일본 여자가 더 맛있다,2024-02-23,한국,한국,,(주)영화사가을,청소년관람불가,멜로/로맨스,,
초거유 새엄마와 열탕정사,2024-02-19,일본,일본,,(주)도키엔터테인먼트,청소년관람불가,성인물(에로),,
흑인과하고싶은섹시한지원-무삭제,2024-02-20,한국,한국,스마일컨텐츠,스마일컨텐츠,청소년관람불가,성인물(에로),김레이,
흠뻑 젖은 육덕 AV배우,2024-02-20,일본,일본,,(주)코빈커뮤니케이션즈,청소년관람불가,성인물(에로),,
패스트 라이브즈,2024-03-06,미국,미국,,(주)씨제이이엔엠,12세이상관람가,드라마,셀린 송,"그레타 리,유태오,존 마가로"
아파치요새,1971-05-01,미국,미국,,,,서부극(웨스턴),존 포드,"셜리 템플,헨리 폰다,존 웨인"
돌핀,2024-03-13,한국,한국,한국영화아카데미,(주)마노엔터테인먼트,12세이상관람가,드라마,배두리,"권유리,길해연,현우석,박미현,심희섭,김학선,한승도,김민석,하승연,원미원,김명지,김용준,강세현,조민국"
여자이기 때문에,,한국,한국,남화흥업(주),,12세이상관람가,드라마,조문진,"윤정희,신성일"
하비 걸,,미국,미국,,,,"코미디,뮤지컬,서부극(웨스턴)",조지 시드니,주디 갈란드
에너지 선생,1978-10-28,한국,한국,남아진흥,(주)프리즘웍스,전체관람가,"드라마,멜로/로맨스",석래명,"김순철,이승현,강주희,조숙현"
원 앤 온리,2024-03-13,중국,중국,,(주)스튜디오디에이치엘,12세이상관람가,드라마,동성붕,왕이보
용감한 돌고래 벨루와 바닷속 친구들,2024-03-13,캐나다,캐나다,,"찬란,(주)빅브라더스",전체관람가,애니메이션,,
인 올드 시카고,,미국,미국,,,,"뮤지컬,드라마,액션",헨리 킹,"타이론 파워,앨리스 파예"
300 스파르탄,,미국,미국,,,,"전쟁,드라마",루돌프 마테,"리차드 에건,랄프 리차드슨"
아라비아의 로렌스,1998-10-24,영국,영국,콜럼비아 픽쳐스 코포레이션,,12세 미만인 자는 관람할 수 없는 등급,드라마,데이빗 린,"피터 오툴,알렉 기네스,앤소니 퀸"
의적 일지매,,한국,한국,,,,드라마,장일호,"최은희,김석훈"
혐오의 스타,,한국,한국,(주)앞에있다,(주)앞에있다,15세이상관람가,드라마,정병식,"황미영,여대현,황순원,이가경,이강녕,정인태,신영옥,김종훈,이인화,임도윤,천유진,김철진,도예림,여준환,조은주,류제승,강병구,황성호,고광준,김태하,안상은,이기문,고광준,정성윤,방상현"
천국과 지옥,,미국,미국,,,,"드라마,전쟁",리차드 플레이셔,"로버트 와그너,테리 무어,브로데릭 크로포드"
극장판 후르츠 바스켓: 프렐류드,2024-03-01,일본,일본,,(주)미디어캐슬,12세이상관람가,애니메이션,이바타 요시히데,"사와시로 미유키,호소야 요시마사"
전장이여 영원히,,미국,미국,,,,"드라마,전쟁",필 칼슨,"제프리 헌터,데이비드 잰슨"
외로운 아내,,인도,인도,,,,드라마,사티야지트 레이,
가디언즈 오브 갤럭시: Volume 3,2023-05-03,미국,미국,,월트디즈니컴퍼니코리아 유한책임회사,12세이상관람가,액션,제임스 건,"크리스 프랫,조 샐다나,데이브 바티스타,카렌 길런,폼 클레멘티에프,빈 디젤,브래들리 쿠퍼,윌 폴터"
갈채,,미국,미국,파라마운트 픽쳐스,,,드라마,조지 시튼,
"[낫띵벗필름 x 인디스페이스] 3월 기획전: 그럼에도 나는, 그리고 우리는. 섹션 1: 단편 모음",,한국,한국,,,,드라마,,
대도시,,인도,인도,,,,드라마,사티야지트 레이,
킹 오브 뉴욕,2023-09-27,미국,"미국,이탈리아",,일미디어,청소년관람불가,"액션,범죄",아벨 페라라,"크리스토퍼 월켄,로렌스 피쉬번,데이빗 카루소,웨슬리 스나입스"
영웅,,인도,인도,,,,드라마,사티야지트 레이,
극장판 5등분의 신부,2022-09-22,일본,일본,,(주)애니플러스,12세이상관람가,"애니메이션,드라마",진보 마사토,"마츠오카 요시츠구,하나자와 카나,타케타츠 아야나,이토 미쿠,사쿠라 아야네,미나세 이노리"
너의 췌장을 먹고 싶어,2017-10-25,일본,일본,,"(주)키노라이츠,(주)넥스트엔터테인먼트월드(NEW)",12세이상관람가,드라마,츠키카와 쇼,"키타가와 케이코,오구리 슌,하마베 미나미,키타무라 타쿠미"
성인,,인도,인도,,,,코미디,사티야지트 레이,
중공탈출,,미국,미국,"워너 브러더스 픽쳐스,세기",,,"액션,전쟁",윌리엄 A. 웰만,"존 웨인,로렌 바콜,폴 픽스"
말하는 건축가,2012-03-08,한국,한국,(주)두타연,"(주)두타연,(주)미디어데이",전체관람가,다큐멘터리,정재은,"정기용,승효상,유걸"
너무 예뻐진 친구 여동생의 유혹,2024-02-28,한국,한국,,와이제이스토리,청소년관람불가,성인물(에로),,
순진한 그녀의 첫 경험,2024-02-27,한국,한국,,와이제이스토리,청소년관람불가,성인물(에로),,
밤의 충돌,,미국,미국,,,,드라마,프리츠 랑,"바바라 스탠윅,폴 더글라스,로버트 라이언"
겁쟁이,,인도,인도,,,,"드라마,멜로/로맨스",사티야지트 레이,
코끼리 신,,인도,인도,,,,"가족,어드벤처,범죄",사티야지트 레이,
다음 소희,2023-02-08,한국,한국,"트윈플러스파트너스(주),크랭크업필름(주)",트윈플러스파트너스(주),15세이상관람가,드라마,정주리,"이지호,김시은,윤소희,배두나,박우영,이인영,박희은,김용준,심희섭,정수하,박현하,이윤지,조하민,박윤희,최희진,유정호,문정웅,박서경,김우겸,김태웅,송요셉,나종민,허정도,박수영,권다함,황정민,한혜지,엄옥란,이종민,박건주,김우영,이승영,유용희,민재원,안소정,나예은,추은경,정수하,문성렬,문정웅,윤가이,유재연"
하녀,1960-11-03,한국,한국,김기영프로덕션,,"청소년관람불가,15세이상관람가","멜로/로맨스,스릴러",김기영,"김진규,이은심,주증녀,엄앵란,안성기"
거유 오피스 : 선배님 저랑 해주세요,2024-02-27,일본,일본,,(주)영진크리에이티브,청소년관람불가,"멜로/로맨스,드라마",,
건방지고 끈적한 육덕 유부녀,2024-03-01,한국,한국,(주)샤이커뮤니케이션즈,(주)샤이커뮤니케이션즈,청소년관람불가,성인물(에로),,
며늘아 그동안 많이 쌓였구나,2024-02-27,일본,일본,,(주)영진크리에이티브,청소년관람불가,"멜로/로맨스,드라마",,
술 마시고 오늘은 꼭 싸는거야,2024-02-27,일본,일본,,(주)영진크리에이티브,청소년관람불가,"멜로/로맨스,드라마",,
시아버지의 앓는 소리,2024-03-01,한국,한국,솔앤드 주식회사,솔앤드 주식회사,청소년관람불가,성인물(에로),김도현,
쓰리썸 : 은밀한 제안,2024-03-02,한국,한국,,(주)영화사가을,청소년관람불가,멜로/로맨스,,
얌전한 와이프 : 색녀의 복수,2024-02-29,한국,한국,폭풍의 눈,주식회사 플릭스코,청소년관람불가,"드라마,성인물(에로)",,
엄친아 : 저 이제 아줌마 없이 못살아요,2024-02-27,일본,일본,(주)영진크리에이티브,(주)영진크리에이티브,청소년관람불가,"멜로/로맨스,드라마",,
연하남과 불륜을 하고 싶은 아줌마,2024-03-01,한국,한국,(주)샤이커뮤니케이션즈,(주)샤이커뮤니케이션즈,청소년관람불가,성인물(에로),,
이웃집 아줌마를 위로하는 대물 꽃미남,2024-02-29,한국,한국,(주)샤이커뮤니케이션즈,(주)샤이커뮤니케이션즈,청소년관람불가,성인물(에로),,
장모님의 신음소리,2024-03-01,한국,한국,솔앤드 주식회사,솔앤드 주식회사,청소년관람불가,성인물(에로),김도현,
짐승남에게 농락 당한 자매,2024-02-29,한국,한국,(주)샤이커뮤니케이션즈,(주)샤이커뮤니케이션즈,청소년관람불가,성인물(에로),,
콜로니얼,2024-02-29,미국,미국,,(주)콘텐트마인,12세이상관람가,"SF,액션",,다니엘 로벅
비트,1997-05-03,한국,한국,(주)우노필름,(주)싸이더스,연소자관람불가,"액션,멜로/로맨스,범죄",김성수,"정우성,고소영,임창정,유오성,이기영,김부선,권태원"
밥 말리: 원 러브,2024-03-13,미국,미국,,롯데컬처웍스(주)롯데엔터테인먼트,15세이상관람가,드라마,레이날도 마커스 그린,"킹슬리 벤-어디어,라샤냐 린치,제임스 노턴"
서부의 왕자,,미국,미국,이십세기폭스필름코퍼레이션,,,"사극,서부극(웨스턴)",윌리엄 A. 웰만,
애인과 정부,,미국,미국,,,,"드라마,멜로/로맨스",리차드 브룩스,"폴 뉴먼,제랄딘 페이지,셜리 나이트"
설중매,,한국,한국,남아진흥(주),(주)프리즘웍스,12세이상관람가,사극,김시현,"맹추,황인식"
랜드 오브 배드,2024-03-13,미국,미국,,메가박스중앙(주),15세이상관람가,"액션,전쟁",윌리엄 유뱅크,"러셀 크로우,리암 헴스워스,루크 헴스워스,마일로 벤티밀리아"
오즈의 마법사,2012-05-03,미국,미국,,"주식회사 마운틴픽쳐스,워너브러더스 코리아(주)",전체관람가,"가족,판타지,어드벤처,뮤지컬",빅터 플레밍,주디 갈란드
그을린 사랑,2011-07-21,캐나다,캐나다,,(주)티캐스트,청소년관람불가,드라마,드니 빌뇌브,루브나 아자발
벙커 게임,2024-03-06,이탈리아,이탈리아,,스튜디오 에이드,15세이상관람가,"공포(호러),스릴러",로베르토 자짜라,"가이아 와이즈,마크 라이더"
마담 웹,2024-03-13,미국,미국,,소니픽쳐스엔터테인먼트코리아주식회사극장배급지점,12세이상관람가,"액션,어드벤처,SF",S.J. 클락슨,"다코타 존슨,시드니 스위니,이사벨라 메르세드,셀레스트 오코너,타하르 라힘"
조용한 이주,2024-03-20,덴마크,덴마크,,필름다빈,12세이상관람가,드라마,말레나 최,코르넬리우스 원 리델클라우센
무경계,2023-11-30,한국,한국,(주)KNN,"(주)빅브라더스,(주)드림팩트엔터테인먼트",전체관람가,다큐멘터리,진재운,김명곤
극장판 스파이 패밀리 코드 : 화이트,2024-03-20,일본,일본,,"(주)넥스트엔터테인먼트월드(NEW),(주)대교 미디어콘텐츠사업본부",12세이상관람가,애니메이션,카타기리 타카시,"에구치 타쿠야,타네자키 아츠미,하야미 사오리"
탈옥,,미국,미국,,,,"드라마,서부극(웨스턴)",데이비드 밀러,"커크 더글라스,지나 롤랜즈"
힙노시스: LP 커버의 전설,2024-05-01,영국,영국,,(주)티캐스트,15세이상관람가,다큐멘터리,안톤 코르빈,"오브리 파월,스톰 소거슨,폴 매카트니,데이비드 길모어,로저 워터스,닉 메이슨,지미 페이지,로버트 플랜트,노엘 갤러거,피터 가브리엘,그레이엄 굴드먼,글렌 매틀록"
화녀,2024-03-14,한국,한국,"(주)베러투모로우,나로픽처스(주)","와이드 릴리즈(주),(주)제이앤씨미디어그룹",청소년관람불가,스릴러,유영선,"박지연,송지은,김누리,조민아,김희상,이현주,오서정,서진원,이지훈,조윤상,손상경,주아연,이지호,유인환,이채민,신지웅,이승재,이서현,김수아,김현경,류성원"
파리 에펠탑 콘서트,,프랑스,프랑스,,(주)케빈앤컴퍼니,,공연,크리스티안 마첼라루,
세레나데,,미국,미국,워너 브러더스 픽쳐스,,,드라마,안소니 만,"마리오 란자,사라 몬티엘,조안 폰테인,마리오 란자,Leonora Amar"
슬픔이여 안녕,,미국,미국,,,,드라마,오토 프레밍거,"데보라 카,데이비드 니븐"
어페어 투 리멤버,,미국,미국,이십세기폭스필름코퍼레이션,,,"드라마,멜로/로맨스",레오 맥커레이,"캐리 그랜트,데보라 카,리차드 데닝"
몽골,,몽고,몽고,,,,액션,,
그 여인,,몽고,몽고,,,,드라마,,
카운트,2023-02-22,한국,한국,(주)필름케이,(주)씨제이이엔엠,12세이상관람가,드라마,권혁재,"진선규,성유빈,고창석,오나라,장동주,고규필,이종화,최형태,추정훈,태인호,차순배,이준혁,이홍내,이일화,박성근,김한종,이윤희,김지창,한태경,김욱인,우정원,한철우,전승재,전승재,임정민,강남욱"
미싱타는 여자들,2022-01-20,한국,한국,플라잉타이거픽처스,(주)영화사 진진,전체관람가,다큐멘터리,"이혁래,김정영","이숙희,신순애,임미경,노석미"
기억해줘,,몽고,몽고,,,,멜로/로맨스,,
서울의 지붕 밑,,한국,한국,신필름,,,"코미디,드라마",이형표,"김승호,허장강,김희갑,최은희,김진규,황정순"
잃어버린 날들,,몽고,몽고,,,,드라마,,
기묘한 가족,2019-02-13,한국,한국,"씨네주 유한회사,오스카10스튜디오",메가박스중앙(주) 플러스엠 엔터테인먼트,12세이상관람가,"코미디,가족",이민재,"정재영,김남길,엄지원,이수경,정가람,박인환,장세아,김지안,장지건,오안진,이성우,전배수,오의식,황우상,정용구,강운,유독현,백송희,홍예서,장혜은,이라온,변주우,박솜이,신주현,김이라,안미라,고동형,강민구,박기루,이범직,한규칠,배주혜,유은조,나병기,정종한,임승하,안세일,심국보,성창호,손정수,지원석,곽한훈,김봉수,김기천,나애진,박경혜,노혜영,류경인,곽성은,김가빈,서문호,김다솜,박태진,박혜숙,송현욱,김만호,김미나,김민,김민상,안소영,안지원,김민희,유병선,유병선,김상현,오제근,김선화,오진호,지환,장민영,이상훈,최영민,이성훈,최유진,조민지,김혜지,김정원,조아라,이소연,이수경,김종기,이수아,윤정일,김승비,조은아,조은주,조은주,이순자,김시윤,최종률,이가경,김주형,한이원,이건수,이건창,이경민,김연정,김준석,강유나,강윤석,고경인,이규현,구본웅,김연희,차정민,이영석,이동희,이영아,김수란,이미지,김정중,한아름,김진문,이태건,김창조,한정화,이형직,김홍근,이유진,류철호,정우영,정우영,유순철,문지영,정민서,정민섭,유호연,신정근,윤지현,윤혜진,윤희철,최기범,정태인,이덕건,이창숙,최송이,최유라,김지안,장은총,장진경,장호정,서장현,오순태,오순태,장루이,임효성,채이설,김성준,강지혜,이승철,김시운,오진호"
미시시피의 도박사,,프랑스,프랑스,,,,"멜로/로맨스,드라마",루돌프 마테,"타이론 파워,파이퍼 로리"
얼굴들,2019-01-24,한국,한국,(주)시네마달,(주)시네마달,12세이상관람가,드라마,이강현,"박종환,김새벽,백수장,윤종석,남경우,김기준,박찬호,박현지,백길찬,변진수,신치영,김민성,김민성,유민아,오영림,옥자연,김은희,이주원,정태훈,허석,허영진,정효정,황정남,조민기,김종수,오지영,황영수,김종일,이진혁,황정한,강기만,지성은,최청자,권성일,권영호,길아성,김계형,김영선,이영민,이영석,이완민,이운식,이호재,김화중,류제승,우이경,주홍성,이윤재,한해인,유채은,최높은샘,박부건,박승호,이현욱,최유송,양찬주,어원준,여귀순,전소현,박영복,오태은,신이수,송지원,홍재협,홍석연,최요운,김송일,조하성,왕혜지,하진,이완민"
나의 계곡은 푸르렀다,,미국,미국,,,,"드라마,멜로/로맨스,가족",존 포드,"월터 피전,모린 오하라"
제수씨의 황제 VIP 서비스,2024-03-08,한국,한국,,(주)씨맥스커뮤니케이션즈,청소년관람불가,성인물(에로),,
철화의 박차,,미국,미국,,,,서부극(웨스턴),안소니 만,"제임스 스튜어트,자넷 리"
아마존의 플로렌시아,,미국,미국,,,,공연,,
베를린 리포트,1991-06-08,한국,한국,(주)모가드코리아,(주)프리즘웍스,"연소자관람불가,15세이상관람가","드라마,전쟁",박광수,"강수연,안성기,문성근"
국외자들,2024-09-25,프랑스,프랑스,,엠엔엠인터내셔널(주),12세이상관람가,"드라마,범죄",장 뤽 고다르,"안나 카리나,사미 프레이"
보라,2011-11-24,한국,한국,,시네마달,전체관람가,다큐멘터리,이강현,
파산의 기술,,한국,한국,영화제작소 청년,,15세이상관람가,다큐멘터리,이강현,"이민아,이승희"
주말,,이탈리아,"이탈리아,프랑스",,,,"코미디,드라마",장 뤽 고다르,
중국 여인,,프랑스,프랑스,,,,"코미디,드라마",장 뤽 고다르,
결혼한 여자,,프랑스,프랑스,,,,드라마,장 뤽 고다르,
"그 겨울, 나는",2022-11-30,한국,한국,한국영화아카데미,(주)더쿱디스트리뷰션,15세이상관람가,멜로/로맨스,오성호,"권다함,권소현,오지혜,계영호,이한주,정수교,김신비,권혁성,지웅배,백승철,양희영,이천희,김자영,이금주,이가경,이택근,김종태,변진수,박수진,이현서,김수빈,정태영,신치영,이재우,김남호,진수선,김현식,김수란,윤영,정유담,최진호"
우리집에 이채담이 산다,2024-03-08,한국,한국,(주)영진크리에이티브,(주)영진크리에이티브,청소년관람불가,"성인물(에로),드라마,멜로/로맨스",모니카,
너의 새는 노래할 수 있어,2020-04-16,일본,일본,,(주)디오시네마,15세이상관람가,"멜로/로맨스,판타지",미야케 쇼,"에모토 타스쿠,이시바시 시즈카,소메타니 쇼타"
파문,,한국,한국,,(주)프리즘웍스,15세이상관람가,"멜로/로맨스,드라마",최훈,문희
"1986 그 여름, 그리고 고등어통조림",2023-07-05,일본,일본,,와이드 릴리즈(주),12세이상관람가,"드라마,가족,코미디",,"반카 이치로,하라다 코노스케,쿠사나기 츠요시,오노 마치코,타케하라 피스톨,후쿠치 모모코,하치무라 린타로,카야시마 미즈키,칸지야 시호리,이와마츠 료"
라스트 필름 쇼,2023-04-12,인도,"인도,프랑스,미국",,"주식회사 블루필름웍스,(주)버킷스튜디오",전체관람가,드라마,판 나린,
철벽선생,2019-03-14,일본,일본,,(주)미디어캐슬,12세이상관람가,멜로/로맨스,츠키카와 쇼,"하마베 미나미,타케우치 료마"
100프로 예약제 여성전용 마사지샵의 비밀,2024-03-04,한국,한국,,(주)두리컴미디어,청소년관람불가,성인물(에로),,
거부할 수 없는 절정 체험,2024-03-08,일본,일본,,(주)가온콘텐츠,청소년관람불가,멜로/로맨스,오오사키히로하루,미즈타니 코코네
거절할 수 없는 며느리,2024-03-08,일본,일본,,(주)가온콘텐츠,청소년관람불가,멜로/로맨스,사쿠라비토,하마사키 마오
과장님 아내의 속사정,2024-03-05,일본,일본,,(주)영진크리에이티브,청소년관람불가,"성인물(에로),드라마,멜로/로맨스",사쿠라비토,
구멍관계-이모의 맛,2024-03-06,일본,일본,,(주)영진크리에이티브,청소년관람불가,"성인물(에로),드라마,멜로/로맨스",,
군인전문 여선배,2024-03-06,한국,한국,,주식회사 루믹스미디어,청소년관람불가,성인물(에로),,
굵은 새아들 불빠따로 오늘밤 홈런,2024-03-07,일본,일본,,(주)영진크리에이티브,청소년관람불가,"성인물(에로),드라마,멜로/로맨스",키무라 히로유키,
굶주린 오빠의 제물이 된 여동생,2024-03-07,한국,한국,(주)샤이커뮤니케이션즈,(주)샤이커뮤니케이션즈,청소년관람불가,성인물(에로),,
그녀는 세워주는 동창,2024-03-08,일본,일본,,주식회사 피에스앤제이,청소년관람불가,멜로/로맨스,,
그녀는 세워주는 동창 무삭제판,2024-03-08,일본,일본,,주식회사 피에스앤제이,청소년관람불가,멜로/로맨스,,
꽁떡 쿠폰서비스 받는 변태손님,2024-03-05,일본,일본,,(주)코빈커뮤니케이션즈,청소년관람불가,성인물(에로),,
누나 친구의 손기술-아!잇쿠!,2024-03-07,일본,일본,,(주)영진크리에이티브,청소년관람불가,"성인물(에로),드라마,멜로/로맨스",토미죠 타로,
대물 입사동기와 음란한 창고 야근,2024-03-05,일본,일본,,(주)코빈커뮤니케이션즈,청소년관람불가,성인물(에로),,
동갑내기 장모,2024-03-08,한국,한국,(주)영진크리에이티브,(주)영진크리에이티브,청소년관람불가,"성인물(에로),드라마,멜로/로맨스",모니카,
며느리 친구들과 2대1,2024-03-05,한국,한국,,(주)영화사가을,청소년관람불가,멜로/로맨스,,
사모님 봇물 터졌네-부장님이 허락했어요,2024-03-04,일본,일본,,(주)영진크리에이티브,청소년관람불가,"성인물(에로),드라마,멜로/로맨스",나가에,
상사 아내의 손맛,2024-03-08,일본,일본,,(주)가온콘텐츠,청소년관람불가,멜로/로맨스,사쿠라비토,니노미야 와카
성욕 탐한 음란형수,2024-03-08,일본,일본,,(주)가온콘텐츠,청소년관람불가,멜로/로맨스,사쿠라비토,
스와핑 : 형수와 제수씨,2024-03-10,한국,한국,,(주)영화사가을,청소년관람불가,멜로/로맨스,,
시간 멈춰 단백질 몽땅 뽑아낸 간호사,2024-03-06,일본,일본,,(주)영진크리에이티브,청소년관람불가,"성인물(에로),드라마,멜로/로맨스",,
신음하는 육덕녀의 흐르는 액체,2024-03-07,한국,한국,(주)샤이커뮤니케이션즈,(주)샤이커뮤니케이션즈,청소년관람불가,성인물(에로),,
아랫도리 세워준 유부녀 여직원,2024-03-08,한국,한국,(주)샤이커뮤니케이션즈,(주)샤이커뮤니케이션즈,청소년관람불가,성인물(에로),,
어디에 넣을 것인가,2024-03-08,일본,일본,,(주)가온콘텐츠,청소년관람불가,멜로/로맨스,사쿠라비토,
엄마 말고 나랑 해줘 아저씨,2024-03-04,한국,한국,,(주)두리컴미디어,청소년관람불가,성인물(에로),,
옆집여자는 취하면 찾아와 팬티를 내린다,2024-03-05,일본,일본,,(주)영진크리에이티브,청소년관람불가,"성인물(에로),드라마,멜로/로맨스",디렉터 O,
옆집여자의 약점을 잡았다-물 빼주면 되죠?,2024-03-04,일본,일본,,(주)영진크리에이티브,청소년관람불가,"성인물(에로),드라마,멜로/로맨스",우치야마 카즈오,
오늘도 여사장은 올라탄다-단백질 많이 채워뒀지?,2024-03-04,일본,일본,,(주)영진크리에이티브,청소년관람불가,"성인물(에로),드라마,멜로/로맨스",,
욕정의 노브라,2024-03-08,일본,일본,,(주)가온콘텐츠,청소년관람불가,멜로/로맨스,,
유부녀 몸수발-맛있어 계속 찾네,2024-03-06,일본,일본,,(주)영진크리에이티브,청소년관람불가,"성인물(에로),드라마,멜로/로맨스",나가에,
유부녀의 맛,2024-03-05,일본,일본,,(주)영진크리에이티브,청소년관람불가,"성인물(에로),드라마,멜로/로맨스",우치야마 카즈오,
음탕 아내의 공유 성생활,2024-03-08,일본,일본,,(주)가온콘텐츠,청소년관람불가,멜로/로맨스,사쿠라비토,
의류 회사 여사장의 거래,2024-03-08,한국,한국,(주)샤이커뮤니케이션즈,(주)샤이커뮤니케이션즈,청소년관람불가,성인물(에로),,
임신한 아내 대신 옆집 유부녀가 물 빼줬다,2024-03-05,일본,일본,,(주)영진크리에이티브,청소년관람불가,"성인물(에로),드라마,멜로/로맨스",나가에,
젊은 새엄마-나이차도 안 나는데 뭐,2024-03-06,일본,일본,,(주)영진크리에이티브,청소년관람불가,"성인물(에로),드라마,멜로/로맨스",,
젖은 계곡 헤집고 들어온 새아들,2024-03-07,일본,일본,,(주)영진크리에이티브,청소년관람불가,"성인물(에로),드라마,멜로/로맨스",츠지 코지,
참을 수 없는 탐욕 무삭제판,2024-03-08,일본,일본,,주식회사 피에스앤제이,청소년관람불가,성인물(에로),,
커지는 걸 좋아하는 형수,2024-03-08,일본,일본,,(주)가온콘텐츠,청소년관람불가,멜로/로맨스,사쿠라비토,
크게 잘 세워버린 새엄마,2024-03-04,일본,일본,,(주)영진크리에이티브,청소년관람불가,"성인물(에로),드라마,멜로/로맨스",츠지 코지,
형과 아내의 섹스기록-죽기 전 씨 뿌리고 가련다,2024-03-07,일본,일본,,(주)영진크리에이티브,청소년관람불가,"성인물(에로),드라마,멜로/로맨스",사쿠라비토,
형수와는 괜찮아 무삭제판,2024-03-08,일본,일본,,(주)가온콘텐츠,청소년관람불가,멜로/로맨스,사쿠라비토,
가문의 영광,2002-09-12,한국,한국,(주)태원엔터테인먼트,(주)시네마서비스,15세관람가,코미디,정흥순,"김정은,정준호,유동근,박근형,성지루,박상욱,이서연,이영선,신순식,이기영,김세영,조성인,이성훈,오정석,조상현,김해숙,최홍일"
공동경비구역 JSA,2000-09-08,한국,한국,(주)명필름,씨제이엔터테인먼트,15세관람가,"드라마,미스터리",박찬욱,"송강호,이병헌,이영애,신하균,김태우,김광일,이종용,이대연,김명수,이한위,기주봉,원근희"
웰컴 투 동막골,2005-08-04,한국,한국,"필름있수다,(주)쇼박스",(주)쇼박스,12세관람가,"전쟁,드라마",박광현,"신하균,정재영,강혜정,류덕환,임하룡,강남석,조혜진,손재영,신영철,류창국,김도영,민창기,이화경,최민영,최상순,임은희,박아형,정영기,김찬호,이경애,이다운,김영배,서재경,유승목,조덕현,심원철,리민,이란희,하성광"
황산벌,2003-10-17,한국,한국,(주)씨네월드,(주)씨네월드,15세관람가,코미디,이준익,"박중훈,정진영,오지명,김병철,김선아,김윤태,이문식,조대은,김만수,김현두,나수원,조철현,박희영,한기업,주은영,권진모,김대중,김덕수,민성주,이지홍,이환,최석환,박수현,김진섭,이준희,김영조,김요한,이원종,신정근,우현,손진호,정대용,전원주,고규필,류승수,조달환,이상훈,박윤호,김형일"
인어공주: 마법물약의 비밀,2024-03-14,미국,미국,,(주)박수엔터테인먼트,전체관람가,애니메이션,,
태양은 없다,1999-01-01,한국,한국,(주)우노필름,(주)싸이더스,18세 미만인 자는 관람할 수 없는 등급,"드라마,액션",김성수,"정우성,문소연,박지훈,이정재,이범수,한고은,이기열,박성웅,이봉규,권태원"
레미제라블,2012-12-19,미국,미국,,유니버설픽쳐스인터내셔널 코리아(유),12세이상관람가,드라마,톰 후퍼,"휴 잭맨,러셀 크로우,앤 해서웨이,아만다 사이프리드,헬레나 본햄 카터"
댓글부대,2024-03-27,한국,한국,(주)영화적순간,(주)에이스메이커무비웍스,15세이상관람가,"범죄,드라마",안국진,"윤덕용,박상혁,손희서,손석구,김성철,김동휘,홍경,이찬유,이현,박인국,김한솔,박선웅"
목스박,2024-03-20,한국,한국,스튜디오설,(주)라온컴퍼니플러스,15세이상관람가,"액션,코미디",고훈,"오태근,곽경화,황호성,오대환,관우,고해린,지승현,김정태,이영준,김영훈"
007 살인번호,,영국,영국,,,,"액션,어드벤처",테렌스 영,"숀 코네리,우슬라 안드레스,버나드 리"
캐나다 평원,,미국,미국,,,,서부극(웨스턴),에드윈 L. 마린,"랜돌프 스콧,제인 와이어트,J. 캐롤 네이쉬"
당신이 잠든 사이,2024-03-20,한국,한국,(주)로그라인스튜디오,트윈플러스파트너스(주),12세이상관람가,"미스터리,멜로/로맨스",장윤현,"추자현,이무생,손숙,박민정,남대협,고병완,권겸민,성지루,김진수,김미우,신우성,서유나"
은하수,2024-04-10,한국,한국,(주)허그아이엔티엘,(주)영화특별시에스엠씨,12세이상관람가,드라마,최정한,"윤제문,김지훈,이시아,김낙연,김정운,조동혁,최호섭,이성우,김현정,유미,박선주,김은우,고유진,전인혁,김종구,임경희,한승현,김누리,이동현,정승진,강희구,윤예림,정애화,차건우,박성호,서은지,김준원,윤관우,안민영,전우재,김성주,이고운,김나윤,김가은,송두학,윤예솔,서예선,장재희,이승진,김홍국,배은비,모노제이,이동기,이정현,김시현,오윤겸,조준기,윤지수,김기웅,김회진,손예빈,박우영,이동민,김정환,박유진,서현우,노태준,문서형,박성훈,김형근,강지민,김병탁"
연애센터,,미국,미국,,,,"드라마,멜로/로맨스",델머 데이브스,"트로이 도나휴,수잔 플레쉐트,로사노 브랏지"
스타탄생,,미국,미국,,,,"뮤지컬,멜로/로맨스",조지 쿠커,"주디 갈란드,제임스 메이슨,잭 카슨"
왓츠 러브,2024-03-20,영국,영국,워킹 타이틀 필름,(주)디스테이션,15세이상관람가,"멜로/로맨스,드라마,코미디",세자르 카푸르,"릴리 제임스,샤자드 라티프,엠마 톰슨"
지고이네르바이젠,,일본,일본,,(주)엣나인필름,청소년관람불가,"미스터리,드라마",스즈키 세이준,하라다 요시오
아지랑이좌,,일본,일본,,,,"멜로/로맨스,드라마",스즈키 세이준,오쿠스 미치요
유메지,,일본,일본,,,,"스릴러,드라마",스즈키 세이준,
악은 존재하지 않는다,2024-03-27,일본,일본,,"그린나래미디어(주),(주)레드아이스 엔터테인먼트",12세이상관람가,드라마,하마구치 류스케,"오미카 히토시,니시카와 료,코사카 류지,시부타니 아야카"
사탄은 잠들지 않는다,,미국,미국,,,,"드라마,전쟁",레오 맥커레이,"윌리엄 홀든,클리프톤 웹"
인목대비,,한국,한국,,,,사극,안현철,"조미령,이민자,허장강,신영균"
세월: 라이프 고즈 온,2024-03-27,한국,한국,독바위 프로덕션,영화배급협동조합 씨네소파,전체관람가,다큐멘터리,장민경,"고석,황명애"
황색리본,,미국,미국,,,,"드라마,서부극(웨스턴)",존 포드,"존 웨인,조안나 드루"
송곳니,2012-01-05,그리스,그리스,,(주)컴퍼니엘,청소년관람불가,"코미디,드라마",요르고스 란티모스,"크리스토스 스테르기오글루,미셸 발리"
남태평양,1971-08-07,미국,미국,이십세기폭스필름코퍼레이션,,15세이상관람가,"멜로/로맨스,뮤지컬,전쟁",조슈아 로건,"밋지 게이너,로자노 브레지,밋지 게이너,로자노 브레지"
캉캉,,미국,미국,,,,"코미디,뮤지컬",월터 랭,"프랭크 시내트라,셜리 맥클레인"
상처뿐인 영광,1971-06-26,미국,미국,,,,드라마,로버트 와이즈,"폴 뉴먼,에버렛 슬로언"
제13회 스토리업쇼츠 섹션2. 1인분의 딜레마,,한국,한국,,,,기타,,
제13회 스토리업쇼츠 섹션1. 지구인으로 살아남기,,한국,한국,,,,기타,,
수지윙의 세계,,영국,"영국,미국",,,,"드라마,멜로/로맨스",리차드 퀴니,"윌리엄 홀든,낸시 콴"
전선의 우정,,미국,"미국,영국,이탈리아",,,,"전쟁,어드벤처",가이 해밀튼,"데이비드 니븐,마이클 윌딩"
벨벳 골드마인,1999-08-28,영국,"영국,미국","채널4필름,골드윈필름,킬러 필름즈,미라맥스 필름즈,뉴마켓 캐피탈 그룹","(주)디스테이션,(주)엔케이컨텐츠","18세관람가,청소년관람불가","드라마,뮤지컬",토드 헤인즈,"이완 맥그리거,조나단 리스 마이어스,크리스찬 베일,토니 콜레뜨"
황금의 검,,미국,미국,,,,"액션,어드벤처",나단 주런,"록 허드슨,파이퍼 로리"
무녀도,2021-11-24,한국,한국,(주)연필로명상하기,(주)씨네필운,12세이상관람가,"뮤지컬,애니메이션",안재훈,"소냐,김다현,장원영,안정아,권오중,달시 파켓,공상아,전혜영,조영철"
공백,2024-03-16,일본,일본,,(주)미디어캐슬,12세이상관람가,드라마,요시다 케이스케,"후루타 아라타,마츠자카 토리"
어바웃 타임,2013-12-05,영국,영국,,유니버설픽쳐스인터내셔널 코리아(유),15세이상관람가,"멜로/로맨스,코미디",리차드 커티스,"레이첼 맥아담스,도널 글리슨,빌 나이"
(인디스데이) 시작의 순간,,한국,한국,,,,드라마,,
캐롤,2016-02-04,미국,"미국,영국",,"(주)스튜디오디에이치엘,(주)키노라이츠,CGV아트하우스",청소년관람불가,드라마,토드 헤인즈,"케이트 블란쳇,루니 마라,카일 챈들러,제이크 레이시,사라 폴슨"
젊은 남자,1994-12-17,한국,한국,배창호프로덕션,(주)스튜디오 보난자,"연소자관람불가,15세이상관람가",드라마,배창호,"이정재,신은경,이응경,김보연,전미선"
하나와 앨리스,2004-11-17,일본,일본,록웰아이즈 (ロックウェルアイズ),"(주)미디어캐슬,(주)팝엔터테인먼트,쇼이스트(주)",12세관람가,드라마,이와이 슌지,"아오이 유우,스즈키 안"
MBTI E 정열섹스녀연주의첫경험-무삭제,2024-03-13,한국,한국,,스마일컨텐츠,청소년관람불가,성인물(에로),김레이,
나는 쏠려 마라맛,2024-03-14,한국,한국,와이키키 픽쳐스,유한회사 스튜디오 획,청소년관람불가,성인물(에로),정도수,
매혹적인 아래층 유부녀,2024-03-14,한국,한국,,(주)룬컴퍼니,청소년관람불가,"성인물(에로),드라마",선우용,
무차별 삽입한 옆집 아줌마,2024-03-14,한국,한국,(주)샤이커뮤니케이션즈,(주)샤이커뮤니케이션즈,청소년관람불가,성인물(에로),,
바람난 아내들,2024-03-11,한국,한국,,주식회사 플릭스코,청소년관람불가,"드라마,성인물(에로)",한동연,
쇼킹 마사지 샵 무삭제판,2024-03-12,일본,일본,,주식회사 미콘,청소년관람불가,성인물(에로),,
스와핑 ： 엄마와 딸 2,2024-03-17,한국,한국,,(주)영화사가을,청소년관람불가,멜로/로맨스,,
완벽한 환승섹스,2024-03-11,한국,한국,,주식회사 플릭스코,청소년관람불가,"드라마,성인물(에로)",,
외간 남자의 대물을 꿈꾸는 아내,2024-03-14,한국,한국,(주)샤이커뮤니케이션즈,(주)샤이커뮤니케이션즈,청소년관람불가,성인물(에로),,
진한 수컷냄새에 환장한 엄마친구,2024-03-15,일본,일본,,(주)도키엔터테인먼트,청소년관람불가,성인물(에로),,
헌팅 노래방 : 부킹 맛집,2024-03-12,한국,한국,,(주)영화사가을,청소년관람불가,멜로/로맨스,,
현관에서 대홍수난 새엄마 유리아짱,2024-03-15,일본,일본,,(주)도키엔터테인먼트,청소년관람불가,성인물(에로),,
드림,2023-04-26,한국,한국,"(주)옥토버시네마,(주)노브레이크필름",메가박스중앙(주) 플러스엠 엔터테인먼트,12세이상관람가,"코미디,드라마",이병헌,"박서준,아이유,김종수,고창석,정승길,이현우,양현민,홍완표,허준석,이하늬,박선웅,박재철,홍지석"
헌트,2022-08-10,한국,한국,"(주)아티스트스튜디오,(주)사나이픽처스",메가박스중앙(주) 플러스엠 엔터테인먼트,15세이상관람가,"액션,드라마",이정재,"장재혁,이상혁,오동훈,이한준,이정재,정우성,전혜진,허성태,고윤정,김종수,정만식,임형국,정경순,정재성,송영창,강경헌,임성재,정성모,손성호,김학선,오만석,김문찬,박건우,이채은,김윤도,송덕호,이서한,장서경,김찬형,송철호,김형범,경성환,윤정섭,최우준,정재현,김효준,차래형,박중근,홍성덕,문정대,이도국,이한주,고서희,손경원,이태형,조진결,고경만,김호준,김은우,정종우,박민이,윤대열,김완수,김결,김덕주,민경옥,김송일,이가경,차우진,박민정,옥주리,조광유,박도영,조혜린,박병관,이도헌,이주안,손승범,장재혁,박인국,문유성,김동형,김시원,배정환,이시안,정상균,박영준,최기표,김재환,남열,태윤,박형준,백승우,이찬희,전현석,장나라,이웅규,진가민,허윤,권민경,김의신,조영미,최은애,백경윤,박서희,박민정,김기태,김재환,김한솔,서문호,여이레,이도군,홍지원,황정민,이성민,유재명,박성웅,조우진,김남길,주지훈,정용식,김동규,김동훈,김명선,최민,권은성,박윤희,이도군,이재원"
나이트 스윔,2024-03-20,미국,미국,,유니버설픽쳐스인터내셔널 코리아(유),12세이상관람가,공포(호러),브라이스 맥과이어,"와이어트 러셀,케리 콘든,아멜리 호펄레,개빈 워렌"
탐정 말로,2024-03-21,아일랜드,"아일랜드,미국",,(주)바이포엠스튜디오,15세이상관람가,"범죄,액션,스릴러",닐 조단,"리암 니슨,다이앤 크루거,제시카 랭"
이승윤 콘서트 도킹 : 리프트오프,2024-03-22,한국,한국,마름모,"롯데컬처웍스(주)롯시플,(주)영화사 그램",전체관람가,공연,,
에픽하이 20 더 무비,2024-03-20,한국,한국,(주)영화사 그램,"씨지브이 아이스콘,(주)플레이그램",12세이상관람가,공연,조윤수,"타블로,투컷,미쓰라"
1980,2024-03-27,한국,한국,"히스토리 디앤피,(주)디에이치미디어,굿픽처스","(주)제이앤씨미디어그룹,와이드 릴리즈(주)",12세이상관람가,드라마,강승용,"강신일,김규리,백성현,한수연,박준혁,전수진,이정우,윤정로,이달형,박노식,나종민,황인무,양동원,정예지"
고질라 X 콩: 뉴 엠파이어,2024-03-27,미국,미국,,워너브러더스 코리아(주),12세이상관람가,"액션,어드벤처,SF",아담 윈가드,"댄 스티븐스,레베카 홀,브라이언 타이리 헨리"
다윗과 밧세바,,미국,미국,,,,"드라마,멜로/로맨스",헨리 킹,"그레고리 펙,수잔 헤이워드"
삼손과 데릴라,1974-12-21,미국,미국,,,청소년관람불가,"드라마,멜로/로맨스,사극",세실 B. 데밀,"안젤라 랜스베리,헤디 라머,조지 샌더스"
애인교실,1973-04-13,한국,한국,남화흥업(주),(주)프리즘웍스,"12세이상관람가,15세이상관람가",멜로/로맨스,고영남,"신성일,윤정희,김미영"
알라바마 이야기,,미국,미국,,,,드라마,로버트 멀리건,그레고리 펙
리볼버 릴리,2024-03-21,일본,일본,,와이드 릴리즈(주),15세이상관람가,액션,유키사다 이사오,"아야세 하루카,하세가와 히로키"
천국의 열쇠,,미국,미국,,,,드라마,존 M. 스탈,"그레고리 펙,토마스 미첼"
루팡 3세: 칼리오스트로의 성,2017-05-25,일본,일본,,"(주)씨제이이엔엠,(주)에이원엔터테인먼트",12세이상관람가,애니메이션,미야자키 하야오,
동백정원,2023-12-01,일본,일본,,(주)미디어캐슬,전체관람가,드라마,우에다 요시히코,"심은경,후지 스미코"
래빗스쿨 2: 부활절 대소동,2024-03-27,독일,독일,,"(주)버킷스튜디오,주식회사 블루필름웍스",전체관람가,애니메이션,우테 폰 뮌쇼폴,
유미의 세포들 더 무비,2024-04-03,한국,한국,"(주)로커스,스튜디오엔(주)","씨제이 씨지브이(CJ CGV)(주),롯데컬처웍스(주)롯데시네마",전체관람가,애니메이션,,"윤아영,신범식,송하림,안소이,사문영,안영미"
쿠바 리브레,,독일,독일,,,,"드라마,멜로/로맨스",크리스티안 페촐트,
바람의 세월,2024-04-03,한국,한국,연분홍치마,"(주)시네마달,주식회사 연분홍프로덕션",12세이상관람가,다큐멘터리,"김환태,문종택",
집안의 주인,,덴마크,덴마크,,,,"드라마,코미디",칼 테오도르 드레이어,"요하네스 마이어,아스트리드 홀름"
나폴리의 황금,,이탈리아,이탈리아,,,,드라마,비토리오 데 시카,"소피아 로렌,실바나 망가노"
로마여 안녕,,미국,"미국,이탈리아",,,,"드라마,멜로/로맨스,뮤지컬",로이 롤랜드,"마리오 란자,페기 캐슬"
뱀파이어,,프랑스,"프랑스,독일",,,,공포(호러),칼 테오도르 드레이어,"줄리안 웨스트,모리스 슈츠"
키메라,2024-04-03,이탈리아,이탈리아,,엠엔엠인터내셔널(주),12세이상관람가,드라마,알리체 로르와커,
페트라,,독일,독일,,,,"스릴러,드라마",크리스티안 페촐트,
백야의 탈출,,미국,미국,,,,"어드벤처,드라마",윌리엄 A. 웰만,"존 웨인,로이드 놀랜"
엘 시드,1971-09-21,미국,"미국,이탈리아,영국",,,,"드라마,사극,전쟁",안소니 만,"찰톤 헤스톤,소피아 로렌"
디데이,,미국,미국,,,,"전쟁,드라마",헨리 코스터,"로버트 테일러,리처드 토드,다나 윈터"
검은 난초,,미국,미국,,,,드라마,마틴 리트,"소피아 로렌,앤소니 퀸,피터 마크 리치만"
동아시아반일무장전선,2020-08-20,한국,한국,감 픽쳐스,아이 엠,15세이상관람가,다큐멘터리,김미례,
그라페넥 미드 썸머 갈라,,오스트리아,오스트리아,,,,공연,사도 유타카,
나부코,,미국,미국,,,,공연,,
아마도 악마가,,프랑스,프랑스,,,,드라마,로베르 브레송,"앙트완느 모니에,티나 이리사리"
브로크백 마운틴,2006-03-01,미국,미국,,"유니버설픽쳐스인터내셔널 코리아(유),씨제이엔터테인먼트",15세관람가,드라마,이안,"히스 레저,제이크 질렌할"
인디플러스 개관 8주년 기획전 이연 단편전,,한국,한국,,,,드라마,,
아버지의 마음,2023-07-20,한국,한국,파이오니아21,"(주)드림팩트엔터테인먼트,파이오니아21",전체관람가,다큐멘터리,김상철,신애라
볼프스부르크,,독일,독일,,,,드라마,크리스티안 펫졸드,"벤노 퓨어만,니나 호스"
유령,,독일,독일,,,,드라마,크리스티안 펫졸드,"마리안느 바슬레르,사비네 티모테오,줄리아 험머"
칼 드레이어 단편선,,덴마크,덴마크,,,,기타,칼 테오도르 드레이어,
영광의 탈출,,미국,미국,,,,"드라마,전쟁",오토 프레밍거,"폴 뉴먼,에바 마리 세인트"
"프란체스코, 신의 어릿광대",2025-09-17,이탈리아,이탈리아,,일미디어,12세이상관람가,드라마,로베르토 로셀리니,알도 파브리지
미카엘,,덴마크,덴마크,,,,드라마,칼 테오도르 드레이어,"벤야민 크리스텐센,월터 슬레자크,노라 그레고르"
황금 문,,독일,독일,,,,기타,,
오데트,,덴마크,덴마크,,,,드라마,칼 테오도르 드레이어,"한네 아그슨,에밀 하스 크리스텐센,프레벤 레어도르프 라이"
인터멧조,,미국,미국,,,,멜로/로맨스,그레고리 라토프,"레슬리 하워드,잉그리드 버그만"
창가의 토토,2024-05-29,일본,일본,,(주)디스테이션,전체관람가,애니메이션,야쿠와 신노스케,"야쿠쇼 코지,오구리 슌,박지윤,장광"
마태복음,2005-09-01,이탈리아,이탈리아,,씨네마오병이어(주),전체관람가,"드라마,사극",피에르 파올로 파솔리니,"마르게리타 카루소,엔리케 이라조퀴,수잔나 파솔리니"
분노의 날,,덴마크,덴마크,,,,드라마,칼 테오도르 드레이어,"토킬드 루스,리스베르 모빈,지그리드 네이엔담"
글롬달의 신부,,노르웨이,"노르웨이,스웨덴",,,,드라마,칼 테오도르 드레이어,
추억의 불야성,,영국,영국,,,,"범죄,드라마",로버트 스티븐슨,"제인 러셀,빅토르 머쳐"
다운폴,2024-03-27,독일,독일,,(주)피터팬픽쳐스,청소년관람불가,"전쟁,드라마",올리버 히르비겔,"알렉산드라 마리아 라라,울리히 마트데스,코리나 하르포히,브루노 간츠"
서로 사랑하라,,독일,독일,,,,드라마,칼 테오도르 드레이어,
옛날 옛적에,,덴마크,덴마크,,,,드라마,칼 테오도르 드레이어,"클라라 폰토피단,스벤트 메들링"
"인디플러스 개관 8주년 기획전 사라진극장, 남아있는 순간들",,한국,한국,,,,"드라마,다큐멘터리",,
스텝 업: 브레이킹,2024-03-23,영국,영국,,(주)누리픽쳐스,12세이상관람가,드라마,"맥스 기와,다니아 파스퀴니",해나 존-케이먼
청년정치백서-쇼미더저스티스,,한국,한국,익스포스 필름,익스포스 필름,12세이상관람가,다큐멘터리,이일하,"김창인,김현진"
버텨내고 존재하기,2023-11-01,한국,한국,,(주)엣나인필름,전체관람가,다큐멘터리,권철,
그날이 와버렸네,2024-03-21,한국,한국,김충길 필름,김충길 필름,12세이상관람가,"드라마,코미디",김충길,"김충길,신연재,한동원,이원선,이이슬,박단비,이도군,유정환,이원진,정회동,김창수,장순정,서수찬"
라스트 씬,2019-12-12,한국,한국,오지필름,(주)시네마달,전체관람가,다큐멘터리,박배일,"정진아,김형운,성호준,이현아,김도란,김슬기,김소정,권정삼,박광수,백진이,이상우,이세린,김현수,김형수,변영주,안정숙,안재훈,송은지,조영각,지용석"
거룩한 분노,2018-06-28,스위스,스위스,,시네마 뉴원,12세이상관람가,드라마,페트라 볼프,
되살아나는 목소리,2024-11-13,한국,"한국,일본",영화사 하르빈,"(주)시네마달,푸른영상",12세이상관람가,다큐멘터리,"박수남,박마의","박수남,박마의"
말이야 바른 말이지,2023-05-17,한국,한국,"서울독립영화제,씨에스픽쳐스",서울독립영화제,전체관람가,코미디,"김소형,박동훈,최하나,송현주,한인미,윤성호","김경일,양현민,김소형,김우겸,정승길,조윤서,신사랑,오경화,서벽준,정유연,김준석,이태경,유은정"
오마주,2022-05-26,한국,한국,(주)준필름,트윈플러스파트너스(주),12세이상관람가,드라마,신수원,"이정은,권해효,탕준상,고서희,오재이,유순철,이주실,이상희,정애화,한태일,김호정,김현태,동효희,신동력,김남우,임희철,손종복,김선경,이다영,이명옥,구자은,조우진,윤영우,라윤,오춘환,장진희,오세인,정영환,김수현,강민서,강민서"
각기 다른 세 자매의 맛,2024-03-22,한국,한국,(주)이십일세기미디어,(주)이십일세기미디어,청소년관람불가,성인물(에로),김피디,
굶주린 과부 장모님의 한풀이 섹스,2024-03-22,한국,한국,주식회사 바나나픽쳐스,주식회사 바나나픽쳐스,청소년관람불가,"성인물(에로),드라마",,
권태기 부부도 지려버린 본능적 섹스,2024-03-21,한국,한국,(주)샤이커뮤니케이션즈,(주)샤이커뮤니케이션즈,청소년관람불가,성인물(에로),,
남의 섹스 보며 젖어버린 여직원,2024-03-21,한국,한국,(주)샤이커뮤니케이션즈,(주)샤이커뮤니케이션즈,청소년관람불가,성인물(에로),,
두얼굴의 남편,2024-03-20,한국,한국,,주식회사 플릭스코,청소년관람불가,"드라마,성인물(에로)",손성용,
막힌 아래 뻥 뚫어주는 배관공 아저씨,2024-03-20,일본,일본,,(주)코빈커뮤니케이션즈,청소년관람불가,성인물(에로),,
미래를 위해 쑤시는 시아버지,2024-03-20,일본,일본,,(주)코빈커뮤니케이션즈,청소년관람불가,성인물(에로),,
밤마다 들리는 며느리의 신음소리,2024-03-22,한국,한국,,(주)씨맥스커뮤니케이션즈,청소년관람불가,성인물(에로),,
의붓여동생이랑 해버렸어요,2024-03-18,일본,일본,,(주)영진크리에이티브,청소년관람불가,"멜로/로맨스,드라마",,
이모 저 목욕 시켜주세요,2024-03-18,일본,일본,,(주)영진크리에이티브,청소년관람불가,"멜로/로맨스,드라마",,
젖 큰 그녀의 골프레슨,2024-03-20,한국,한국,,주식회사 루믹스미디어,청소년관람불가,성인물(에로),,
피보다 진한 떡정의 최후,2024-03-22,한국,한국,(주)이십일세기미디어,(주)이십일세기미디어,청소년관람불가,성인물(에로),김피디,
패왕별희 디 오리지널,2017-03-30,중국,중국,,"와이드 릴리즈(주),(주)제이앤씨미디어그룹,(주)드림팩트엔터테인먼트",15세이상관람가,"드라마,멜로/로맨스",첸 카이거,"장국영,공리,장풍의"
기동전사 건담 시드 프리덤,2024-04-03,일본,일본,,워터홀컴퍼니(주),12세이상관람가,애니메이션,후쿠다 미츠오,"호시 소이치로,이시다 아키라,타나카 리에"
드림쏭3,2024-03-28,미국,미국,,"주식회사 원더스튜디오,영화사빅",전체관람가,애니메이션,안소니 벨,
영웅본색,1987-05-23,홍콩,홍콩,이니그마 프로덕션,"(주)제이앤씨미디어그룹,와이드 릴리즈(주),(유)조이앤시네마","고등학생이상관람가,15세이상관람가","액션,범죄",오우삼,"주윤발,장국영,적룡"
뒤주,2024-03-28,한국,한국,(주)그노스,(주)파이브데이,15세이상관람가,"공포(호러),미스터리,스릴러",김지운,"김인서,신기환,박예리,정상훈,장형모,박정환,한아름,이주한,한예주,최하윤,김성경,오영훈,심희영,나지엽,박혜정,강아름,윤정한,최원영,우지만,유민재,이승원,곽동학,정성렬,김성준"
비키퍼,2024-04-03,미국,미국,,(주)바른손이앤에이,청소년관람불가,"액션,스릴러",데이비드 에이어,"제이슨 스타뎀,조쉬 허처슨,제레미 아이언스"
쿵푸팬더4,2024-04-10,미국,미국,,유니버설픽쳐스인터내셔널 코리아(유),전체관람가,"애니메이션,액션,코미디","마이크 미첼,스테파니 스티네","잭 블랙,아콰피나,비올라 데이비스,더스틴 호프만,제임스 홍,브라이언 크랜스톤,이눈솔"
잠행,2024-03-27,홍콩,홍콩,,(주)이놀미디어,15세이상관람가,"액션,범죄",관지요,"유덕화,임가동,펑위옌,임달화"
사바하,2019-02-20,한국,한국,"(주)외유내강,(주)필름케이",(주)씨제이이엔엠,15세이상관람가,"미스터리,스릴러",장재현,"이정재,박정민,이재인,유지태,정진영,진선규,이다윗,황정민,지승현,이항나,정동환,오윤홍,진선규,차순배,김승현,이상우,배해선,차래형,김근영,윤경호,문창길,문숙,강나영,김두은,김유린,김지후,조수지,신보경,정병두,이재순,배선엽,곽영신,유승희,장지민,정혜은,강우진,윤창희,김근우,이치민,하승협,권해성,손병우,박상현,김찬빈,한유한,이월진,박재만,박영래,이광석,한형주,류현주,손연서,유선이,강민재,남도현,강성철,강지현,류경인,권귀빈,박수미,권오준,민설애,김가은,김금순,박종범,설시연,박지윤,박지환,박진영,박훈,김명희,백승철,신유진,안성진,안현빈,김범수,오누리,노유림,옥영진,옥주리,김소숙,강민지,임현주,정재은,임효진,김현정,이주실,허다정,이준구,정한호,장영애,권태호,김홍파,김정훈,조한준,이문석,이수정,황인준,정미경,조한아름,이건창,김지수,정서인,권해성,이대현,김진옥,표성수,표예리,한다경,이한울,이한울,김태윤,이은주,김유나,이재진,장희욱,박지윤,박규범"
다시 김대중-함께 합시다,2024-03-28,한국,한국,(주)영화사메이플러스,주식회사 블루필름웍스,12세이상관람가,다큐멘터리,김진홍,"김대중,유시민,문성근"
나이아가라,,미국,미국,,,,"드라마,기타,스릴러",헨리 해서웨이,"마릴린 몬로,조셉 코튼,진 피터스"
영웅본색 2,1988-07-22,홍콩,홍콩,,"(주)제이앤씨미디어그룹,와이드 릴리즈(주),(유)조이앤시네마","고등학생이상관람가,15세이상관람가","액션,범죄",오우삼,"주윤발,장국영,적룡,석천"
천녀유혼,1987-12-05,홍콩,홍콩,(주)동아수출공사,"(주)제이앤씨미디어그룹,와이드 릴리즈(주)",중학생이상관람가,"공포(호러),드라마,판타지",정소동,"장국영,왕조현"
바라바,,이탈리아,이탈리아,,,,어드벤처,리차드 플레이셔,앤소니 퀸
파계,,미국,미국,,,,드라마,프레드 진네만,"오드리 헵번,피터 핀치"
성의,1986-12-31,미국,미국,이십세기폭스코리아(주),,연소자관람가,"드라마,사극",헨리 코스터,"리차드 버튼,장 시몬즈,빅토르 머쳐,마이클 레니"
오멘: 저주의 시작,2024-04-03,미국,미국,,월트디즈니컴퍼니코리아 유한책임회사,15세이상관람가,공포(호러),아르카샤 스티븐슨,"넬 타이거 프리,타우픽 바롬,소냐 브라가,랄프 이네슨,빌 나이"
라스트 썸머,2024-04-03,프랑스,프랑스,,(주)디스테이션,청소년관람불가,"드라마,멜로/로맨스",카트린느 브레이야,"레아 드루케,올리비에 라보르딘"
씬,2024-04-03,한국,한국,(주)도어이앤엠,롯데컬처웍스(주)롯데엔터테인먼트,15세이상관람가,공포(호러),한동석,"김윤혜,한지안,송이재,박지훈,이상아,신준철"
검치호,2024-03-28,한국,한국,바투 필름,"(주)드림팩트엔터테인먼트,(주)빅브라더스",15세이상관람가,"액션,스릴러",이강욱,"왕호,감독, 무술감독, 배우,박지희"
왕자 호동,,한국,한국,,,,사극,한형모,"김진규,엄앵란"
모던 타임즈,1988-07-02,미국,미국,"찰리채플린프로덕션,유나이티드 아티스트",(주)엣나인필름,"연소자관람가,전체관람가",코미디,찰리 채플린,"찰리 채플린,파울레트 고다드"
마더스,2024-04-03,미국,미국,,(주)스튜디오디에이치엘,15세이상관람가,스릴러,브누아 들롬,"앤 해서웨이,제시카 차스테인"
마농,,영국,영국,,(주)위즈온센,,공연,,
잔다르크의 수난,,프랑스,프랑스,,,,드라마,칼 테오도르 드레이어,
운디네,2020-12-24,독일,독일,,엠엔엠인터내셔널(주),12세이상관람가,"드라마,멜로/로맨스",크리스티안 펫졸드,"폴라 비어,프란츠 로고스키"
젊은 사자들,,미국,미국,,,,"드라마,전쟁",에드워드 디미트릭,"말론 브란도,몽고메리 클리프트,딘 마틴"
산,,미국,미국,파라마운트 픽쳐스,,,드라마,에드워드 디미트릭,"스펜서 트레이시,로버트 와그너,클레어 트레버"
게르트루드,,덴마크,덴마크,,,,드라마,칼 테오도르 드라이어,"니나 펜스 로드,벤트 루스"
제2회 반짝다큐페스티발 섹션 5,,한국,한국,,,,드라마,,
피닉스,2021-07-22,독일,독일,,엠엔엠인터내셔널(주),12세이상관람가,드라마,크리스티안 펫졸드,"니나 호스,로널드 제르펠트"
황금팔을 가진 사나이,,미국,미국,,,,드라마,오토 프레밍거,"프랭크 시내트라,엘리노어 파커"
정복되지 않는 사람들,,미국,미국,,,,어드벤처,세실 B. 데밀,"게리 쿠퍼,파울레트 고다드"
루비 스팍스,2018-05-10,미국,미국,,(주)팝엔터테인먼트,15세이상관람가,"코미디,판타지","조나단 데이턴,발레리 페리스","폴 다노,조 카잔"
커피와 담배,2006-07-27,미국,미국,,"(주)영화사 안다미로,(주)스폰지이엔티","12세이상관람가,12세관람가",드라마,짐 자무시,"로베르토 베니니,빌 머레이"
제2회 반짝다큐페스티발 섹션 7,,한국,한국,,,,드라마,,
부르달락: 흡혈귀,2024-03-28,프랑스,프랑스,,주식회사 풍경소리,15세이상관람가,기타,에이드리언 보우,"캐시 모텟 클레인,아리안 라베드"
옐라,,독일,독일,,엠엔엠인터내셔널(주),,"멜로/로맨스,스릴러",크리스티안 펫졸드,"니나 호스,데비드 스트리에소브"
제2회 반짝다큐페스티발 섹션 4,,한국,한국,,,,드라마,,
제2회 반짝다큐페스티발 섹션 8,,한국,한국,,,,드라마,,
베어헌터,2024-03-28,러시아,러시아,,주식회사 원더스튜디오,15세이상관람가,"어드벤처,스릴러",안톤 머스,
내가 속한 나라,,독일,독일,,엠엔엠인터내셔널(주),,드라마,크리스티안 펫졸드,"줄리아 험머,바바라 오어"
트랜짓,2020-07-02,독일,독일,,엠엔엠인터내셔널(주),12세이상관람가,"드라마,SF",크리스티안 펫졸드,"프란츠 로고스키,폴라 비어"
태양을 향해 달려라,,미국,미국,유나이티드 아티스트,,,"드라마,어드벤처",로이 부틀링,"리차드 위드마크,트레버 하워드,제인 그리어,피터 반 에이크"
제2회 반짝다큐페스티발 섹션 6,,한국,한국,,,,드라마,,
바바라,2013-03-21,독일,독일,,"엠엔엠인터내셔널(주),(주)영화사 조제",15세이상관람가,드라마,크리스티안 펫졸드,"니나 호스,로널드 제르펠트,라이너 보크"
연련,2024-03-27,한국,한국,나도밤보 주식회사,나도밤보 주식회사,12세이상관람가,"가족,드라마,사극",강서곤,"서문경,윤수진,이구민,신소연,박중리,박석용,강서곤,최이랑"
제2회 반짝다큐페스티발 섹션 3,,한국,한국,,,,드라마,,
라 붐,2013-10-24,프랑스,프랑스,,(주)앤드플러스미디어웍스,15세이상관람가,"드라마,멜로/로맨스,코미디",클로드 피노토,"소피 마르소,클로드 브라세,브리지트 포세이"
아사코,2019-03-14,일본,일본,,(주)이수C&E,12세이상관람가,드라마,하마구치 류스케,"히가시데 마사히로,카라타 에리카"
제2회 반짝다큐페스티발 섹션 2,,한국,한국,,,,드라마,,
열망,,독일,독일,,엠엔엠인터내셔널(주),,드라마,크리스티안 펫졸드,"벤노 퓨어만,니나 호스"
제2회 반짝다큐페스티발 섹션 1,,한국,한국,,,,드라마,,
티코,,이탈리아,"이탈리아,프랑스",,,,드라마,폴코 퀴리치,
마구 삽입하는 미시 사냥꾼,,한국,한국,(주)샤이커뮤니케이션즈,(주)샤이커뮤니케이션즈,청소년관람불가,성인물(에로),,
미스테리 트레인,,일본,"일본,미국",,(주)영화사 안다미로,15세이상관람가,드라마,짐 자무시,"나가세 마사토시,쿠도 유키"
시아버지의 성교육,2024-03-29,한국,한국,솔앤드 주식회사,솔앤드 주식회사,청소년관람불가,성인물(에로),김도현,
움찔움찔 즙 터지는 성감대,2024-03-29,한국,한국,(주)샤이커뮤니케이션즈,(주)샤이커뮤니케이션즈,청소년관람불가,성인물(에로),박나은,
장모님의 육체적 본능,2024-03-29,한국,한국,솔앤드 주식회사,솔앤드 주식회사,청소년관람불가,성인물(에로),김도현,
짝사랑했던 누나와 드디어 삽입,2024-03-29,한국,한국,(주)샤이커뮤니케이션즈,(주)샤이커뮤니케이션즈,청소년관람불가,성인물(에로),,
참았던 봇물이 터져버린 그녀,,한국,한국,(주)샤이커뮤니케이션즈,(주)샤이커뮤니케이션즈,청소년관람불가,성인물(에로),,
천국보다 낯선,1995-11-11,미국,미국,,(주)영화사 안다미로,"고등학생이상관람가,15세이상관람가",드라마,짐 자무시,"존 루리,리차드 에드슨"
그녀가 좋아하는 것은,2023-07-19,일본,일본,,홀리가든,15세이상관람가,멜로/로맨스,쿠사노 쇼고,"카미오 후주,야마다 안나,마에다 오시로,미우라 토코"
내가 사랑했다,1982-09-19,한국,한국,남아진흥(주),(주)프리즘웍스,"연소자관람불가,15세이상관람가","드라마,범죄",고영남,"김영애,이영하,신성일,김지영"
데드 맨,1998-05-23,미국,"미국,독일,일본",미라맥스 필름즈,(주)영화사 안다미로,"고등학생이상관람가,15세이상관람가",드라마,짐 자무쉬,"게리 파머,랜스 헨릭슨"
스파이의 아내,2021-03-25,일본,일본,,엠엔엠인터내셔널(주),12세이상관람가,드라마,구로사와 기요시,"아오이 유우,타카하시 잇세이,히가시데 마사히로"
원더풀 라이프,2001-12-09,일본,일본,,"(주)영화사 안다미로,(주)라이크콘텐츠,㈜영화사 백두대간",전체관람가,드라마,고레에다 히로카즈,"아베 사다오,아라타,하라 히사코"
드림쏭2,2023-10-03,미국,미국,,주식회사 원더스튜디오,전체관람가,애니메이션,마크 밸도,
"[로컬 픽, 시간과 빛] 픽션만세",,한국,한국,,,,기타,"박범진,이강욱,전수빈",
라 비 앙 로즈,2007-11-21,프랑스,"프랑스,영국,체코",,"(주)영화사 안다미로,(주)블룸즈베리리소시스리미티드,(주)프라임엔터테인먼트",12세이상관람가,드라마,올리비에 다한,"마리옹 꼬띠아르,장 피에르 마틴"
흐르다,2023-03-29,한국,한국,영화문,엠엔엠인터내셔널(주),12세이상관람가,드라마,김현정,"이설,박이수"
3월 수요단편극장 “그녀는 지금 당신 곁에 있다-김금순 배우전”,,한국,한국,,,,드라마,,
미나리,2021-03-03,미국,미국,,판씨네마(주),12세이상관람가,드라마,정이삭,"스티븐 연,한예리,윤여정,앨런 김,노엘 조,윌 패튼"
인생은 아름다워,2022-09-28,한국,한국,더램프스튜디오(주),롯데컬처웍스(주)롯데엔터테인먼트,12세이상관람가,뮤지컬,최국희,"류승룡,염정아,박세완,옹성우,심달기,하현상,김다인,전무송,박영규,김혜옥,신신애,김종수,고창석,염혜란,김선영,류현경,김형석,김동국,조효준,주진우,서범진,정현정,유순웅,이세령,김민체,조승연,조수지,변진수,문정대,박경근,김호준,정영섭,박경찬,황정윤,한이진,김영준,남성호,이희규,김진아,한찬규,김인경"
"님아, 그 강을 건너지 마오",2014-11-27,한국,한국,아거스필름,"CGV아트하우스,(주)대명문화공장",전체관람가,다큐멘터리,진모영,"조병만,강계열"
워낭소리,2009-01-15,한국,한국,스튜디오느림보,㈜인디스토리,전체관람가,다큐멘터리,이충렬,"최원균,이삼순,최종만,최종민,김민자"
남편 대신 옆집 남자 : 제가 세워드릴게요,2024-03-28,일본,일본,,(주)영진크리에이티브,청소년관람불가,"멜로/로맨스,드라마",,
내 아내는 인사부장의 1지명,2024-03-28,일본,일본,,(주)영진크리에이티브,청소년관람불가,"멜로/로맨스,드라마",,
새엄마 : 아빠 미안해요. 괜찮아 아들아,2024-03-29,한국,한국,,(주)영화사가을,청소년관람불가,멜로/로맨스,,
섹꼽친구 : 속궁합이 아주 잘 맞아,2024-03-28,일본,일본,,(주)영진크리에이티브,청소년관람불가,"멜로/로맨스,드라마",,
신도시 엄마들,2024-03-29,한국,한국,진픽쳐스,유한회사 스튜디오 획,청소년관람불가,성인물(에로),정도수,
어린 며느리 길들이기2,2024-03-27,한국,한국,,주식회사 루믹스미디어,청소년관람불가,성인물(에로),,
의붓아들 팬티 벗긴 새엄마,2024-03-29,일본,일본,,(주)영진크리에이티브,청소년관람불가,성인물(에로),,
이웃 청년에게 올라타는 아줌마,2024-03-29,일본,일본,,(주)영진크리에이티브,청소년관람불가,"멜로/로맨스,드라마",,
직장상사를 꼬셨는데 그의 아내와 눈이 맞다,2024-03-28,일본,일본,,(주)영진크리에이티브,청소년관람불가,"멜로/로맨스,드라마",,
쫀득한 맛으로 치료하는 변태 상담사,2024-03-29,일본,일본,,(주)영진크리에이티브,청소년관람불가,"멜로/로맨스,드라마",,
체액 냄새 가득한 오피스,2024-03-29,일본,일본,,(주)영진크리에이티브,청소년관람불가,"멜로/로맨스,드라마",,
계춘할망,2016-05-19,한국,한국,"지오엔터테인먼트,(주)퍼플캣츠필름,(주)빅스토리픽쳐스",(주)콘텐츠지오,15세이상관람가,"가족,드라마",창,"윤여정,김고은,김희원,신은정,최민호,류준열,양익준,박민지,남태부,강경탁,안소요,이상화,이슬비,이윤혁,신문성,오희준,김영철,주가영,송영숙"
스코어: 영화음악의 모든 것,2017-10-19,미국,미국,,(주)라이크콘텐츠,전체관람가,다큐멘터리,맷 슈레이더,
아이 캔 스피크,2017-09-21,한국,한국,주식회사 영화사 시선,"(주)마노엔터테인먼트,롯데쇼핑㈜롯데엔터테인먼트,(주)리틀빅픽쳐스",12세이상관람가,코미디,김현석,"나문희,이제훈,박철민,염혜란,성유빈,김소진,이상희,정연주,이지훈,손숙,이재인,최수인,이대연,박준서,이정현,홍상원,황연희,우지현,이신성,우상기,이정현,손성찬,정원창,김자영,김경덕,손경원,설창희,정태야,추연규,이승민,이범규,김선경,이소진"
자객 섭은낭,2016-02-04,대만,대만,,(주)영화사 진진,12세이상관람가,"사극,액션",허우 샤오시엔,"서기,장첸,츠마부키 사토시"
제2회 반짝다큐페스티발 개막섹션,,한국,한국,,,,기타,,
제2회 반짝다큐페스티발 섹션 9,,한국,한국,,,,드라마,,
남은 인생 10년,2023-05-24,일본,일본,,"(주)바이포엠스튜디오,(주)디스테이션",12세이상관람가,멜로/로맨스,후지이 미치히토,"고마츠 나나,사카구치 켄타로,쿠로키 하루,마츠시게 유타카,릴리 프랭키"
신 가면라이더,2024-04-03,일본,일본,,(주)블루라벨픽쳐스,12세이상관람가,"액션,드라마",안노 히데아키,"이케마츠 소스케,하마베 미나미,에모토 타스쿠,사이토 타쿠미,타케노우치 유타카,모리야마 미라이"
극장판 여성향 게임의 파멸 플래그밖에 없는 악역 영애로 환생해버렸다...,2024-04-04,일본,일본,,(주)애니플러스,전체관람가,애니메이션,이노우에 케이스케,"우치다 마아야,오노 켄쇼"
어게인 1997,2024-04-10,한국,한국,(주)로그라인스튜디오,(주)메리크리스마스,15세이상관람가,"판타지,드라마",신승훈,"조병규,한은수,구준회,최희승,박철민,이미도,임세찬"
청춘 스케치,,미국,미국,,,고등학생이상관람가,"코미디,멜로/로맨스",벤 스틸러,"위노나 라이더,에단 호크,벤 스틸러,재닌 가로팔로"
흑기사,1973-10-24,미국,미국,메트로-골드윈-마이어,,,"드라마,멜로/로맨스,사극",리차드 소프,"마가리타 로버츠,아이니스 맥켄지"
용감한 시민,2023-10-25,한국,한국,"스튜디오엔(주),볼미디어(주)",(주)마인드마크,15세이상관람가,"액션,드라마",박진표,"신혜선,민아람,오동진,김기범,이준영,박정우,박혁권,차청화,손숙,이중옥,이찬형,동효희,남정우,장혜조,김경룡,김소희,김정호,김혜화,김동혁,이필라,하경민,이주미,이율"
모로코,,미국,미국,,,,멜로/로맨스,조세프 본 스텐버그,"게리 쿠퍼,마를렌느 디트리히"
솔로몬과 시바의 여왕,1972-11-24,미국,미국,,,,드라마,킹 비더,"지나 롤로브리지다,율 브린너"
정순,2024-04-17,한국,한국,시네마루,(주)더쿱디스트리뷰션,15세이상관람가,드라마,정지혜,"김금순,윤금선아,조현우,김최용준,이은주,정세비,진아진,박진수,박동영,고은렬,이은희,정재환,곽대희,최동석,박우일,김수한,김수연,오유민,이주현,박광서,김준환"
소돔과 고모라,1974-04-25,미국,"미국,이탈리아,프랑스",,,,"드라마,어드벤처,사극",로버트 알드리치,"스튜어트 그랜저,피어 안젤리,아누크 에메"
잔 뒤 바리,2024-04-03,프랑스,프랑스,,"(주)태양미디어그룹,(주)라이크콘텐츠",15세이상관람가,드라마,마이웬 르 베스코,"조니 뎁,마이웬 르 베스코"
리바운드,2023-04-05,한국,한국,"(주)비에이엔터테인먼트,워크하우스컴퍼니(주)",(주)바른손이앤에이,12세이상관람가,드라마,장항준,"안재홍,이신영,정진운,정건주,김민,안지호,홍성표,이준혁,김회진,김수진,강애심,민무제,최정윤,강신철,배성일,장현성,박상면,박재민,홍성우,나현우,김영훈,배진완,박건우,유인혜,송창규,이상원,이태영,백도겸,오현수,서자영,정서인,전영,윤인조,김용현,조준기,양한열,송예슬,김희상,변진수,유순웅,박경관,장준혁,정승원,김정한,이진혁,박시환,이남우,김방선,이형석,이은주,김종은,노경,유인혁,정윤호,한주희,백재민,이순원,성도현,정대경,이준서,김서원,김병준,조윤담,현진호,이진한,안정빈,한대훈,박건우,선미진"
골드핑거,2024-04-10,홍콩,홍콩,,메가박스중앙(주),15세이상관람가,"범죄,액션",장문강,"양조위,유덕화,임달화"
은술잔,,미국,미국,,,,"멜로/로맨스,드라마",빅터 사빌,"피에르 안젤리,자크 오부컨"
땅에 쓰는 시,2024-04-17,한국,한국,기린그림,(주)영화사 진진,전체관람가,다큐멘터리,정다운,정영선
모르는 이야기,2024-04-24,한국,한국,한국영화아카데미,(주)마노엔터테인먼트,12세이상관람가,"판타지,어드벤처,드라마",양근영,"정하담,김대건,박명신,이현진,이주원,김난희,정영주,박소을,이선우,서영주,강희만,이자령,최재옥,김규도,심수영,임찬상,최주영"
돌들이 말할 때까지,2024-04-17,한국,한국,(주)영화사백호,"(주)디스테이션,무브먼트",12세이상관람가,다큐멘터리,김경만,
그날의 딸들,2024-04-03,한국,한국,(주)미학인 우주선,(주)누리픽쳐스,12세이상관람가,다큐멘터리,고훈,
태양은 가득히,1973-02-03,프랑스,"프랑스,이탈리아",,,12세이상관람가,"범죄,스릴러",르네 끄레망,"알랑 드롱,마리 라포레,모리스 로네"
우당탕탕 운동회,2024-04-03,한국,한국,(주)니즈텔레콤,(주)니즈텔레콤,전체관람가,기타,이광범,
버스정류장,,미국,미국,,,12세이상관람가,"코미디,드라마,멜로/로맨스",조슈아 로간,"마릴린 몬로,돈 머레이,아서 오코넬"
우리는 천국에 갈 순 없지만 사랑은 할 수 있겠지,2024-10-16,한국,한국,(주)에스더블유콘텐츠,(주)메리크리스마스,15세이상관람가,드라마,한제이,"박수연,이유미,신기환,김현목,박지안"
황야의 독수리,,한국,한국,남화흥업(주),(주)프리즘웍스,,서부극(웨스턴),임권택,"장동휘,김희라,박노식"
에스파: 월드 투어 인 시네마,2024-04-10,한국,한국,스크린엑스 스튜디오,씨제이포디플렉스 주식회사,전체관람가,공연,"김하민,오윤동",
데스티네이션 도쿄,,미국,미국,,,,"어드벤처,전쟁,SF",델머 데이비스,"캐리 그랜트,존 가필드"
어쩌면 해피엔딩,2025-10-02,한국,한국,(주)히든시퀀스,"(주)키노필름,(주)아센디오,(주)영화특별시에스엠씨,(주)로드쇼플러스",12세이상관람가,"뮤지컬,멜로/로맨스",이원회,"신주협,강혜인,유준상"
극장판 아름다운 그: 이터널,2023-07-12,일본,일본,,홀리가든,15세이상관람가,멜로/로맨스,사카이 마이,"하기와라 리쿠,야기 유세이"
이도공간,2003-06-05,홍콩,홍콩,,(주)엣나인필름,12세관람가,스릴러,나지량,"장국영,임가흔"
카니펙스: 죽음의 숲,2024-04-03,호주,호주,,(주)누리픽쳐스,15세이상관람가,"공포(호러),스릴러",,
뮌헨 오데온스 광장 콘서트,,독일,독일,,,,공연,안드레스 오로스코-에스트라다,
재판장,,덴마크,덴마크,,,,드라마,칼 테오도르 드레이어,"할바드 호프,리차드 크리스텐슨"
인디피크닉2024 단편2. 판타스틱 유니버스,,한국,한국,,,,기타,,
사탄의 책,,덴마크,덴마크,,,,드라마,칼 테오도르 드레이어,"윌헴 젠슨,할바드 호프"
벤허,1972-09-07,미국,미국,메트로-골드윈-마이어,(주)팝엔터테인먼트,"12세이상관람가,연소자관람가,전체관람가","드라마,액션",윌리엄 와일러,"찰톤 헤스톤,잭 호킨스,하야 할라이드,스티븐 보이드"
장안삼만리,,중국,중국,,,,애니메이션,,
니남편 잘하더라,2024-04-05,한국,한국,,(주)씨맥스커뮤니케이션즈,청소년관람불가,성인물(에로),,
더 콕핏,,일본,일본,,,,다큐멘터리,미야케 쇼,
인디피크닉2024 단편1. 더 가까워지는 중,,한국,한국,,,,기타,,
왕중왕,,미국,미국,,,,드라마,니콜라스 레이,"제프리 헌터,시오반 맥켄나"
인생로불숙,,중국,중국,,,,코미디,,
탄생,2022-11-30,한국,한국,"(주)민영화사,가톨릭문화원 ALMA ART","씨제이 씨지브이(CJ CGV)(주),(주)레드아이스 엔터테인먼트",12세이상관람가,드라마,박흥식,"윤시윤,안성기,윤경호,이문식,이호원,이경영,신정근,송지연,하경,김광규,임현수,김승훈,박지훈,성혁,백지원,최무성,차청화,남다름,이준혁,강말금,강덕중,송길호,정준환,송훈,김강우,정유미,한창현,이문빈,고봉구,김동현,이승훈,조재룡,최윤우,한바다,김용태,이경훈,최로운,최민주,김형도,김나운,나기수,강두,박주연,장민영,김여준,공현지,이용이,김대종,이호영,이용헌,오현진,김성수,김재훈,신성용,고해성,전운종,김기현,김주헌,장용원,황수진,양정인,윤지애"
거칠게 움켜쥔 대물,2024-04-04,한국,한국,(주)샤이커뮤니케이션즈,(주)샤이커뮤니케이션즈,청소년관람불가,성인물(에로),,
남자 미치게 만드는 폭유녀들,2024-04-04,한국,한국,(주)샤이커뮤니케이션즈,(주)샤이커뮤니케이션즈,청소년관람불가,성인물(에로),,
너무 커져버린 과외쌤 오빠,2024-04-05,한국,한국,(주)샤이커뮤니케이션즈,(주)샤이커뮤니케이션즈,청소년관람불가,성인물(에로),,
어린 글래머의 마사지,2024-04-05,한국,한국,(주)샤이커뮤니케이션즈,(주)샤이커뮤니케이션즈,청소년관람불가,성인물(에로),,
여친의 엄마와 그리고 남친의 삼촌과,2024-04-02,한국,한국,,와이제이스토리,청소년관람불가,성인물(에로),,
그녀에게,2024-09-11,한국,한국,"애즈필름,프로덕션 에스에프에스",영화로운 형제,12세이상관람가,드라마,이상철,"이수원,한지안,김재화,성도현,빈주원,이하린,최이랑,정지인"
수프와 이데올로기,2022-10-20,한국,한국,"㈜PLACE TO BE,㈜나비온에어",(주)엣나인필름,12세이상관람가,다큐멘터리,양영희,"강정희,양영희,아라이 카오루"
홀리 모터스,2013-04-04,프랑스,"프랑스,독일",,"(주)영화사 안다미로,오드",청소년관람불가,드라마,레오스 카락스,"드니 라방,에바 멘데스,카일리 미노그,에디뜨 스콥,미셸 피콜리"
인디피크닉2024 단편4. 비밀의 역학,,한국,한국,,,,기타,,
미스터 노바디: 감독판,,프랑스,프랑스,,(주)영화사 안다미로,15세이상관람가,"드라마,판타지",자코 반 도마엘,"자레드 레토,다이앤 크루거"
제79회 작은영화영화제 - 마음의 경로,,한국,한국,,,,드라마,,
성실한 나라의 앨리스,2015-08-13,한국,한국,한국영화아카데미,CGV아트하우스,청소년관람불가,드라마,안국진,"이정현,이해영,서영화,명계남,오광록,이준혁,이대연,전홍석,박은영,정혜지,최경옥,최성현,안소영,윤희경,이상현,배제기,손범수,지대한,이용녀,정애화,임용순"
비치인생2,,중국,중국,,,,코미디,,
애정신화,,중국,중국,,,,멜로/로맨스,,
비치인생1,,중국,중국,,,,코미디,,
가사도우미-걸레질 잘 하고 잘 빨아요,2024-04-06,일본,일본,,(주)영진크리에이티브,청소년관람불가,"성인물(에로),드라마,멜로/로맨스",,
과부새엄마 욕정 되살린 의붓아들,2024-04-03,일본,일본,,(주)영진크리에이티브,청소년관람불가,"성인물(에로),드라마,멜로/로맨스",,
남편 몰래 건물주와 섹스하고 있어요,2024-04-03,일본,일본,,(주)영진크리에이티브,청소년관람불가,"성인물(에로),드라마,멜로/로맨스",,
내 아내가 다른 남자와 싸고 있습니다,2024-04-02,일본,일본,,(주)영진크리에이티브,청소년관람불가,"성인물(에로),드라마,멜로/로맨스",,
내 아내에게 씨뿌린 전무님,2024-04-02,일본,일본,,(주)영진크리에이티브,청소년관람불가,"성인물(에로),드라마,멜로/로맨스",,
너무 야한 거유 형수,2024-04-04,일본,일본,,주식회사 미콘,청소년관람불가,성인물(에로),,
네토의 시작과 끝-남편 상사 씨받기,2024-04-02,일본,일본,,(주)영진크리에이티브,청소년관람불가,"성인물(에로),드라마,멜로/로맨스",,
단백질 잘 뽑는 새엄마,2024-04-03,일본,일본,,(주)영진크리에이티브,청소년관람불가,"성인물(에로),드라마,멜로/로맨스",츠지 코지,
발정난 새엄마가 뒷문을 허락했다,2024-04-03,일본,일본,,(주)영진크리에이티브,청소년관람불가,"성인물(에로),드라마,멜로/로맨스",,
부부교환 : 자매의 스와핑,2024-04-02,한국,한국,,(주)영화사가을,청소년관람불가,멜로/로맨스,,
상사와 지방출장-착즙당한 여사원,2024-04-06,일본,일본,,(주)영진크리에이티브,청소년관람불가,"성인물(에로),드라마,멜로/로맨스",,
새엄마와 온천여관-1박2싸,2024-04-02,일본,일본,,(주)영진크리에이티브,청소년관람불가,"성인물(에로),드라마,멜로/로맨스",,
세우는 모녀와 새아들의 사정,2024-04-06,일본,일본,,(주)영진크리에이티브,청소년관람불가,"성인물(에로),드라마,멜로/로맨스",,
섹스 봇 선녀,2024-04-05,한국,한국,(주)영진크리에이티브,(주)영진크리에이티브,청소년관람불가,"성인물(에로),드라마,멜로/로맨스",모니카,
시아버지 잡는 굶주린 며느리,2024-04-04,일본,일본,,(주)영진크리에이티브,청소년관람불가,"성인물(에로),드라마,멜로/로맨스",,
쏠린 여상사 빨린 남직원,2024-04-04,일본,일본,,(주)영진크리에이티브,청소년관람불가,"성인물(에로),드라마,멜로/로맨스",,
오일마사지에 허리 휘는 유부녀,2024-04-04,일본,일본,,(주)영진크리에이티브,청소년관람불가,"성인물(에로),드라마,멜로/로맨스",,
완벽한 마사지-경련 일으킨 유부녀,2024-04-04,일본,일본,,(주)영진크리에이티브,청소년관람불가,"성인물(에로),드라마,멜로/로맨스",,
이자카야 여사장들 : 오늘 몸보신 할래요?,2024-04-06,한국,한국,,(주)영화사가을,청소년관람불가,멜로/로맨스,,
잘느끼는설탕의야한신음소리,2024-04-05,한국,한국,에이원 미디어,에이원 미디어,청소년관람불가,성인물(에로),천성준,
정자 고파 찾아온 옆집여자,2024-04-06,일본,일본,,(주)영진크리에이티브,청소년관람불가,"성인물(에로),드라마,멜로/로맨스",,
친구아빠 3,2024-04-07,한국,한국,,(주)영화사가을,청소년관람불가,멜로/로맨스,,
파트너 바꿔먹기,2024-04-07,한국,한국,(주)영화사가을,(주)영화사가을,청소년관람불가,멜로/로맨스,,
그녀를 믿지 마세요,2004-02-20,한국,한국,㈜영화사시선,(주)시네마서비스,12세관람가,코미디,배형준,"강동원,김용선,진경,김지영,김하늘,김은영,송재호,임하룡,최연수,김창수,최유선,이안나,이미은,류태호,권태원,홍인,이영은"
범죄의 재구성,2004-04-15,한국,한국,(주)싸이더스,(주)쇼박스,18세관람가,스릴러,최동훈,"김윤석,박신양,주진모,염정아,이기철,백윤식,이문식,천호진,박원상,김상호,성소원,송현정,한지선,서종해,김선태,이호원,박세환,오형진,이경헌,이인성,이현정,임하룡,정석원,손지나,조희봉,김기천,손병욱,최화진"
킬러들의 수다,2001-10-12,한국,한국,(주)시네마서비스,(주)시네마서비스,15세관람가,코미디,장진,"정진영,원빈,신현준,정재영,신하균,공효진,김민교,김준석,김지영,호산,김형중,한용수,민윤정,류승범,양동재,김영웅,이정환,조덕현,김학철,윤주상"
타짜,2006-09-28,한국,한국,"(주)싸이더스,(주)영화사참",씨제이엔터테인먼트,18세관람가,드라마,최동훈,"조승우,김혜수,백윤식,유해진,김응수,김상호,김윤석,주진모,이수경,김정난,조상건,서동수,백도빈,조상원,김의성,서종해,차지은,이석원,윤준호,최영준,오호진,김민경,김진묵,김정현,최재섭,허영만,오정세,김광규,장준녕,최종률,장원영,박명신,박수영,권태원,정인기,김자영,함건수"
슈가│어거스트 디 투어 ‘디-데이’ 더 무비,2024-04-10,한국,한국,(주)하이브,씨지브이 아이스콘,12세이상관람가,공연,박준수,민윤기
꽃다발 같은 사랑을 했다,2021-07-14,일본,일본,,"(주)미디어캐슬,(주)리틀빅픽쳐스,(주)레드로버",12세이상관람가,멜로/로맨스,도이 노부히로,"아리무라 카스미,스다 마사키"
스턴트맨,2024-05-01,미국,미국,,유니버설픽쳐스인터내셔널 코리아(유),15세이상관람가,"액션,코미디,멜로/로맨스",데이빗 레이치,"라이언 고슬링,에밀리 블런트,애론 테일러 존슨,윈스턴 듀크,스테파니 수,테레사 팔머"
기생수 파트1,2015-02-26,일본,일본,,판씨네마(주),청소년관람불가,"스릴러,SF",야마자키 타카시,"소메타니 쇼타,후카츠 에리,하시모토 아이,키타무라 카즈키,아사노 타다노부"
녹차의 맛,2006-11-23,일본,일본,,"메가박스중앙(주),(주)스폰지이엔티",12세이상관람가,"코미디,드라마",이시이 카츠히토,"반노 마야,사토 타카히로"
성숙의 20세,,미국,미국,,,,"드라마,가족",델머 데이브스,"트로이 도나휴,클로데트 콜베트"
빵과 포도주의 마르첼리노,1990-04-07,스페인,"스페인,이탈리아",,일미디어,"연소자관람가,전체관람가",드라마,"라디슬라오 바흐다,안토니오 비코","라파엘 리벨레스,후안 카르보,안토니오 비코,조스 마르코 다보"
몬도 가네,,이탈리아,이탈리아,,,,다큐멘터리,"파올로 카바라,갈티에로 자코페티,프랑코 프로스페리",
고스트버스터즈: 오싹한 뉴욕,2024-04-17,미국,미국,,소니픽쳐스엔터테인먼트코리아주식회사극장배급지점,12세이상관람가,"액션,어드벤처",길 키넌,"폴 러드,핀 울프하드,맥케나 그레이스,빌 머레이,댄 애크로이드,어니 허드슨"
지상에서 영원으로,,미국,미국,콜럼비아 픽쳐스 코포레이션,,,"전쟁,드라마,멜로/로맨스",프레드 진네만,몽고메리 클리프트
피크닉,,미국,미국,콜럼비아 픽쳐스 코포레이션,,,"드라마,멜로/로맨스",조슈아 로건,"윌리엄 홀든,킴 노박"
말모이,2019-01-09,한국,한국,더램프스튜디오(주),롯데컬처웍스(주)롯데엔터테인먼트,12세이상관람가,드라마,엄유나,"유해진,윤계상,김홍파,우현,김선영,민진웅,이성욱,조현철,오희준,정기섭,허성태,김동영,예수정,김태훈,김규백,이정은,유재명,이서환,윤경호,조현도,선승수,채동현,송형수,이새로미,김철무,이다일,최윤봉,차준서,지원호,윤준열,정원,고재원,정임섭,조성운,유용희,명인호,이상희,박경근,강유미,강태수,구민혁,박성용,권혁,박영서,서문호,서영주,박준희,김남훈,김대현,김도엽,송부건,송영창,송영창,송지호,김동효,백경윤,김문식,신재영,유순웅,유은미,오경민,오규택,김서윤,김세한,윤영균,최귀화,이상희,조수빈,조승구,조유신,전진기,이육헌,윤준상,윤준호,이강우,강전영,구준우,김길범,이도용,이동현,김한빛,김학충,이영호,한대훈,임수지,조용진,이호철,노영주,김태율,유상재,이현걸,박예나,박원석,전병덕,서영재,김민석,박나은,조석인"
연애 지상주의 구역 Part 2,,한국,한국,,,,"멜로/로맨스,드라마,판타지",,
연애 지상주의 구역 Part 1,,한국,한국,,,,"판타지,드라마,멜로/로맨스",,
기생수 파트2,2015-05-07,일본,일본,,판씨네마(주),청소년관람불가,"SF,스릴러",야마자키 타카시,"소메타니 쇼타,아베 사다오,후카츠 에리,하시모토 아이"
사나이 삼대,,한국,한국,남화흥업(주),(주)프리즘웍스,15세이상관람가,드라마,임권택,
광주독립영화관 개관 6주년 기획전 단편모음2,,한국,한국,,,,"드라마,스릴러,공포(호러),판타지",,
흑과 백,,미국,미국,,,12세관람가,"범죄,스릴러",스탠리 크래이머,"토니 커티스,시드니 포이티어"
와이키키 브라더스,2001-10-26,한국,한국,(주)명필름,씨제이엔터테인먼트,18세관람가,드라마,임순례,"이얼,박원상,황정민,오광록,오지혜,류승범,한기중,신현종,박해일,문혜원,정대용,김종언,이봉규,주진모,최은정,최현석,이민호,허민정,신진아,심상운,황지희,하윤정,백민희,주현철,김경인,박경호,박동식,유신,박미라,윤미정,김세현,윤주현,정윤정,임잔희,최승현,이수은,김수경,이운철,이준호,양영애,김정영,전국향"
다우렌의 결혼,2024-06-12,한국,한국,한국영화아카데미,(주)트리플픽쳐스,12세이상관람가,드라마,임찬익,"이주승,아디나 바잔,구성환,조하석,유승목,박루슬란"
랜드 앤 프리덤,1996-05-24,영국,"영국,독일,스페인",브리티쉬브로드캐스팅코퍼레이션,,고등학생이상관람가,"전쟁,드라마",켄 로치,"이안 하트,로사나 빠스트르,톰 길로이"
세 가지 색: 레드,1994-09-17,프랑스,프랑스,엠케이투 프로덕션즈,"주식회사 로아앤코홀딩스,(주)영화사 안다미로","연소자관람불가,15세이상관람가",드라마,크지슈토프 키에슬로프스키,"장-루이 트린티냥,이렌느 야곱"
인디피크닉2024 단편6. 마주보는 빈 자리,,한국,한국,,,,기타,,
숨겨진 계략,,영국,영국,,,,"드라마,스릴러",켄 로치,"프란시스 맥도먼드,브라이언 콕스,브래드 듀리프"
사랑에 관한 짧은 필름,1995-10-14,폴란드,폴란드,,(주)영화사 안다미로,연소자관람불가,드라마,크지슈토프 키에슬로프스키,"그라지나 자폴로브스카,올라프 루바스쳉코"
세 가지 색 : 블루,1994-04-23,프랑스,프랑스,엠케이투 프로덕션즈,"주식회사 로아앤코홀딩스,(주)영화사 안다미로,㈜영화사 백두대간","청소년관람불가,15세이상관람가",드라마,크지슈토프 키에슬로프스키,"위그 웨스태르,줄리엣 비노쉬"
장기자랑,2023-04-05,한국,한국,영화사 연필,(주)영화사 진진,12세이상관람가,다큐멘터리,이소현,"김명임,김도현,김순덕,박유신,이미경,최지영,박혜영,김태현"
소울메이트,2023-03-15,한국,한국,"클라이맥스 스튜디오(주),(주)앤드마크,(주)스튜디오앤뉴,(주)키이스트",(주)넥스트엔터테인먼트월드(NEW),12세이상관람가,드라마,민용근,"김다미,전소니,변우석,장혜진,박충선,허지나,박성연,김새벽,류지안,강말금,현봉식,이현균,오민애,정수지,김정현,박지연,박진수,이석형,박경은,임영주,조대희,어성욱,김동인,안현정,박정환,임정균,리우진,김나윤,채윤희,김미소,김남규,이종훈,곽진석,우정환,황우상,이광호,신치영,최교식,이강진,김기정,나규비,김환영,황자능,이정철,석예린,이류경,원서영,황지선,오채은,강민지,김동원,이유진,김경애,박찬우"
녹색광선,,프랑스,프랑스,,(주)영화사 안다미로,12세이상관람가,"드라마,멜로/로맨스",에릭 로메르,마리 리비에르
인디피크닉2024 단편3. 오해의 갈림길,,한국,한국,,,,기타,,
광주독립영화관 개관 6주년 기획전 단편모음1,,한국,한국,,,,"드라마,액션",,
세 가지 색: 화이트,1994-06-18,프랑스,프랑스,,"주식회사 로아앤코홀딩스,(주)영화사 안다미로","연소자관람불가,15세이상관람가","드라마,코미디",크지슈토프 키에슬로프스키,"즈비그니에프 자마호브스키,줄리 델피"
"안전제일, 놀이퀴즈 최강전",2024-04-11,한국,한국,(주)니즈텔레콤,(주)니즈텔레콤,전체관람가,기타,이광범,
인디피크닉2024 단편5. 기억해? 무엇이든,,한국,한국,,,,기타,,
라스트 레터,2021-02-24,일본,일본,,주식회사 로아앤코홀딩스,전체관람가,멜로/로맨스,이와이 슌지,"마츠 다카코,히로세 스즈,안노 히데아키,모리 나나,토요카와 에츠시,나카야마 미호,카미키 류노스케,후쿠야마 마사하루"
사랑의 원자탄,1977-11-09,한국,한국,남아진흥,(주)프리즘웍스,12세이상관람가,사극,강대진,"이신재,이경희,송승환"
1945년의 시대정신,,영국,영국,,,,다큐멘터리,켄 로치,
굵고 강한 물건을 원하는 아내,2024-04-11,한국,한국,(주)샤이커뮤니케이션즈,(주)샤이커뮤니케이션즈,청소년관람불가,성인물(에로),,
육덕녀 신고식,2024-04-11,한국,한국,(주)샤이커뮤니케이션즈,(주)샤이커뮤니케이션즈,청소년관람불가,성인물(에로),,
젖 큰 옆집 누나,2024-04-10,한국,한국,주식회사 피에스앤제이,주식회사 피에스앤제이,청소년관람불가,성인물(에로),,
형부에게 몸으로 위로 받은 처제,2024-04-09,한국,한국,,와이제이스토리,청소년관람불가,성인물(에로),,
세 가지 안부,,한국,한국,연분홍치마,,,다큐멘터리,"오지수,한영희,주현숙",
살인에 관한 짧은 필름,1997-07-05,폴란드,폴란드,"제스폴 필모이 ""토르""",(주)영화사 안다미로,연소자관람불가,"범죄,드라마",크지슈토프 키에슬로프스키,"미로슬로브 바카,크지슈토프 글로비쉬"
로그 인 벨지움,2021-12-01,한국,한국,태오닉 모,(주)엣나인필름,전체관람가,다큐멘터리,유태오,유태오
죽거나 혹은 나쁘거나,2000-07-15,한국,한국,"(주)외유내강,씨앤피엔터테인먼트(주)",(주)라이크콘텐츠,"18세관람가,청소년관람불가","드라마,액션",류승완,"류승완,류승범,박성빈,배중식,김수현,정재영,임원희,안길강,기주봉,천성훈,박성일"
뺏길 수 없어 새엄마,2024-04-12,한국,한국,(주)영진크리에이티브,(주)영진크리에이티브,청소년관람불가,"성인물(에로),드라마,멜로/로맨스",모니카,
외모와 미소,,영국,영국,,,,드라마,켄 로치,
레토,2019-01-03,러시아,"러시아,프랑스",,"(주)엣나인필름,플레이리스트(주)",15세이상관람가,드라마,키릴 세레브렌니코프,"유태오,로만 빌릭,이리나 스타르셴바움"
버티고,2019-10-16,한국,한국,영화사 도로시(주),(주)트리플픽쳐스,15세이상관람가,"드라마,멜로/로맨스",전계수,"천우희,유태오,정재광,홍지석,박예영,나미희,전국향,윤상화,박영수,이수인,유명우,문선용,김규도,이지혁,이수안,이다영,곽진,하도권,전진오,윤동하,기도영,송용호,김성우,박형규,박종현,정성인,신성익,김영기,손난아,김니나,김재원,김준형,한제이,권수진,박수진,박진호,이은정,유현서,정재용,홍미자,랑이,양호경,양윤정,정지우"
동사서독 리덕스,2013-12-05,홍콩,"홍콩,대만",,"(주)디스테이션,(주)엔케이컨텐츠,(주)앤드플러스미디어웍스",15세이상관람가,"액션,드라마",왕가위,"장국영,임청하,양조위,양가휘,장학우,장만옥"
새엄마와 욕탕의 가면정사,2024-04-12,일본,일본,,(주)도키엔터테인먼트,청소년관람불가,성인물(에로),,
젊은냄새가 생생한 딸의 남친,2024-04-12,일본,일본,,(주)도키엔터테인먼트,청소년관람불가,성인물(에로),,
캠핑의 목적,2024-04-13,한국,한국,(주)영화사가을,(주)영화사가을,청소년관람불가,멜로/로맨스,,
한달에 한번 진짜 마법에 걸리는 여자,2024-04-12,한국,한국,(주)룬컴퍼니,(주)룬컴퍼니,청소년관람불가,"코미디,드라마,판타지,성인물(에로)",모니카,이초희
찬실이는 복도 많지,2020-03-05,한국,한국,"(주)지이프로덕션,(주)사이드미러",찬란,전체관람가,"드라마,멜로/로맨스,판타지",김초희,"강말금,윤여정,김영민,윤승아,배유람,서상원,강태우,길도영,이도윤,문혜인,이혜아,최화정,구교익,김영필,강동원,강민수,김화중,김승윤,문인환,송인국,신석호,엄주용,오소영,우성은,유혜민,최현영,이영진"
범죄도시4,2024-04-24,한국,한국,"주식회사 빅펀치픽쳐스,(주)홍필름,(주)비에이엔터테인먼트","주식회사 에이비오엔터테인먼트,메가박스중앙(주) 플러스엠 엔터테인먼트",15세이상관람가,"액션,범죄",허명행,"김다빛,김무열,박지환,이동휘,마동석,곽자형,이범수,김민재,이지훈,이주빈,김도건,김지훈,현봉식,김신비,김영웅,류지훈,백승환,배재원,안성봉,김호준,정인기,권일용,박보경,김수진,배해선,조진결,최현도,강준석,정유겸,김선문,김모범,박근정,이상진,최순진,강전영,정지영,고서정,조현식,정기욱,김근혁,장태민,임서아,강신철,김형범,김형국,홍상우,주미진,서원준,이가회,김시영,민효경,박현진,강지연,지지안,우지영,김예소리,이한솔,조석인"
레옹,1995-02-18,프랑스,프랑스,고몽,"와이드 릴리즈(주),(주)제이앤씨미디어그룹,(주)팝파트너스","연소자관람불가,청소년관람불가","액션,범죄",뤽 베송,"장 르노,게리 올드만,나탈리 포트만"
듄,2021-10-20,미국,미국,,워너브러더스 코리아(주),12세이상관람가,SF,드니 빌뇌브,"티모시 샬라메,레베카 퍼거슨,오스카 아이삭,조슈 브롤린,제이슨 모모아,하비에르 바르뎀,젠데이아 콜먼,스텔란 스카스가드,장첸,데이브 바티스타,데이비드 다스트말치안,샬롯 램플링,샤론 던컨 브루스터,스티븐 헨더슨"
아서,2024-04-17,미국,미국,,(주)누리픽쳐스,12세이상관람가,"어드벤처,드라마",사이먼 셀란 존스,"마크 월버그,시무 리우"
8월의 크리스마스,1998-01-24,한국,한국,(주)우노필름,"한국영상투자개발(주),(주)싸이더스",15세 미만인 자는 관람할 수 없는 등급,"멜로/로맨스,드라마",허진호,"한석규,심은하,신구,이한위,전미선,오지혜,이용녀,김기천"
극장판 울려라! 유포니엄: 앙상블 콘테스트,2024-04-17,일본,일본,,(주)스튜디오디에이치엘,전체관람가,애니메이션,이시하라 타츠야,"쿠로사와 토모요,아사이 아야카,토요타 모에,안자이 치카,타네자키 아츠미"
올 더 네임즈 오브 갓,2024-04-17,헝가리,헝가리,,"(주)이놀미디어,(주)플레이그램",12세이상관람가,"액션,드라마",다니엘 칼파소로,
샐러리맨,,미국,미국,,,,"멜로/로맨스,코미디,드라마",잭 콘웨이,"클라크 게이블,데보라 카"
내 사랑,2017-07-12,아일랜드,"아일랜드,캐나다",,오드,12세이상관람가,"드라마,멜로/로맨스",에이슬링 월쉬,"샐리 호킨스,에단 호크"
차와 동정,,미국,미국,,,,드라마,빈센트 미넬리,데보라 카
들리나요?,2020-06-10,한국,한국,(주)영화사장춘,(주)트리플픽쳐스,전체관람가,다큐멘터리,"김봉한,신승환","김창옥,김홍주,한정자,김미경,김미자,김효숙,문영철,박종호,이종인,임남훈,곽도원,곽봉훈,구소영,김정열,김지열,김창희,김현정,김형욱,최병윤,혜민스님,홍은희,조달원,정지혁"
스파이더맨: 노 웨이 홈 '펀버전',2022-10-05,미국,미국,,소니픽쳐스엔터테인먼트코리아주식회사극장배급지점,12세이상관람가,"액션,어드벤처,SF",존 왓츠,"톰 홀랜드,젠데이아 콜먼,베네딕트 컴버배치,제이콥 배덜런,존 파브로,마리사 토메이"
브레이브 온 파이어,2024-04-17,미국,미국,,(주)박수엔터테인먼트,12세이상관람가,"액션,드라마","피터 파시넬리,닉 라이온","피터 파시넬리,애셔 앤젤,피오나 도리프"
챌린저스,2024-04-24,미국,미국,,"찬란,워너브러더스 코리아(주)",15세이상관람가,"드라마,멜로/로맨스",루카 구아다니노,"젠데이아 콜먼,조쉬 오코너,마이크 파이스트"
8인의 용의자들,2024-04-17,한국,한국,(주)영화맞춤제작소 영화공장,스튜디오타겟(주),15세이상관람가,"드라마,미스터리,범죄",오인천,"이설구,류필립,임채영"
감쪽같은 그녀,2019-12-04,한국,한국,(주)지오필름,메가박스중앙(주) 플러스엠 엔터테인먼트,전체관람가,드라마,허인무,"나문희,김수안,천우희,최수영,연제욱,정유진,고규필,임한빈,강보경,심완준,최정윤,진선미,임현성,이용이,이미영,박서진,김서영,권소현,송지안,유지연,연송하,김지유,박지원,허재호,정예진,최경미,남윤주,차승호,박도영,김미우,현소라,유채은,주혜지,김지원,김재철,서예선,서은진,이현옥,송민석,송원종,송채원,박인성,문현옥,이현지"
몬스터 프렌즈,2024-04-25,스페인,스페인,,(주)박수엔터테인먼트,전체관람가,애니메이션,,
39 계단,,영국,영국,,,,"미스터리,스릴러",알프레드 히치콕,"로버트 도냇,매들린 캐롤"
청춘 18X2 너에게로 이어지는 길,2024-05-22,대만,"대만,일본",,(주)쇼박스,12세이상관람가,멜로/로맨스,후지이 미치히토,"허광한,키요하라 카야,장효전,미치에다 슌스케,쿠로키 하루,마츠시게 유타카,쿠로키 히토미"
암행어사 박문수,,한국,한국,동보영화사,,,사극,이규웅,"김진규,김지미,조미령"
카라마조프가의 형제들,,미국,미국,,,,드라마,리차드 브룩스,"율 브린너,마리아 쉘"
여행자의 필요,2024-04-24,한국,한국,(주)영화제작전원사,"(주)영화제작전원사 ,(주)콘텐츠판다",12세이상관람가,드라마,홍상수,"이자벨 위페르,이혜영,권해효,조윤희,김승윤,강소이"
차이콥스키의 아내,2024-05-01,러시아,러시아,,(주)엣나인필름,청소년관람불가,"멜로/로맨스,드라마",키릴 세레브렌니코프,"일리오나 미하일로바,오딘 런드 바이런"
걸즈 앤 판처 제​ 63회 전차도 전국 고교생 대회,2020-04-09,일본,일본,,"주식회사 온 피크,(주)다날엔터테인먼트",12세이상관람가,애니메이션,미즈시마 츠토무,"후치가미 마이,카야노 아이,오자키 마미"
시마론,,,,,,,,,
각하의 만수무강 + 돌들이 말할 때까지,,한국,한국,,,,기타,,
내겐 너무 소중한 너,2021-05-12,한국,한국,"(주)파인스토리,(주)모인그룹",(주)파인스토리,12세이상관람가,드라마,"이창원,권성모","진구,정서연,강신일,장혜진,박예니,김태훈,장윤정,이나현,송채린,박민지,방은정,김다원,김종구,김낙연,박희은,오윤수,김재록,조영지,최기범,김태환,이유진,김정아,노하연,전해솔,김한,김대홍,고나영,박인환,김동윤,박건용,장시훈,정재우,김영국,정이영,강동구,황도원,김재록,권용덕,서정란,최예찬,천민진,장선율,서재희,윤해나,황정음,정예나,김연우,김테이,최우영,임동민,주선하,김도윤"
학교 가는 길,2021-05-05,한국,한국,(주)마로스튜디오,(주)영화사 진진,12세이상관람가,다큐멘터리,김정인,"조부용,이은자,정난모,장민희,김남연"
사랑은 빛,2024-04-16,일본,일본,,(주)미디어캐슬,12세이상관람가,멜로/로맨스,코바야시 케이이치,"카미오 후주,니시노 나나세"
원더,2017-12-27,미국,미국,,"씨제이 씨지브이(CJ CGV)(주),(주)키노라이츠,(주)스튜디오디에이치엘,CGV아트하우스,그린나래미디어(주)",전체관람가,드라마,스티븐 크보스키,"줄리아 로버츠,오웬 윌슨,제이콥 트렘블레이"
최초의 기억,2025-11-12,한국,한국,(주)모쿠슈라,(주)모쿠슈라,12세이상관람가,드라마,"안선경,장건재","이금주,서동근,강민주,백요선,조은경,엄선영,강동윤,박종환,서은지,윤예림,강병욱,김형근,김아해,옥수분,김다아,윤예솔"
더 납작 엎드릴게요,2024-07-10,한국,한국,고라니북스,(주)마노엔터테인먼트,전체관람가,드라마,김은영,"김연교,장리우,손예원,임호준,김금순,이은미,권민경,손호석,윤진,박재선,석민호,이세령"
신생대의 삶,,한국,한국,신생대,,,"드라마,판타지,미스터리",임정환,"김새벽,심달기"
오! 문희,2020-09-02,한국,한국,(주)빅스톤픽쳐스,CGV아트하우스,12세이상관람가,"코미디,드라마",정세교,"나문희,이희준,최원영,박지영,전배수,김예은,김선경,박진우,최광일,김정영,김학선,이진주,박예찬,차순배,김수경,김보정,이규성,김동규,김혜나,동현배,우영남,박성용,오창경,송지유,김귀선,장준녕,윤여진,이석,이지안,유병선,남정우,김세정,김동현,김종근,구본진,나은미,강희중,강중훈,김수란,배시은,송우주,최예찬,박연희,윤인제,박건태,이재덕,송진석,이광훈,김경섭,박규범,최요운,권가이,김누리,강지현,윤옥길,김수란,박성준,박현지"
사랑의 종이 울릴 때,,미국,미국,,,,드라마,멜빌 샤벨슨,"대니 케이,바바라 벨 게디스"
치킨 포 린다!,,프랑스,"프랑스,이탈리아",,,,애니메이션,,
신사협정,,미국,미국,,,,"드라마,멜로/로맨스",엘리아 카잔,"그레고리 펙,도로시 맥과이어"
챔피언,,미국,미국,,,,드라마,마크 로브슨,"커크 더글라스,아서 케네디"
분노의 질주: 라이드 오어 다이,2023-05-17,미국,미국,,유니버설픽쳐스인터내셔널 코리아(유),15세이상관람가,액션,루이스 리테리어,"빈 디젤,제이슨 모모아,제이슨 스타뎀,샤를리즈 테론,브리 라슨,미셸 로드리게즈,성 강"
제17 포로수용소,,미국,미국,,,,"드라마,전쟁",빌리 와일더,"윌리엄 홀든,돈 테일러"
강제로 당하고 싶은 아줌마,2024-04-18,한국,한국,(주)샤이커뮤니케이션즈,(주)샤이커뮤니케이션즈,청소년관람불가,성인물(에로),,
유부녀라 더 끌리는 섹스 파트너,2024-04-18,한국,한국,(주)샤이커뮤니케이션즈,(주)샤이커뮤니케이션즈,청소년관람불가,성인물(에로),,
첫키스만 50번째,2020-03-26,일본,일본,,(주)영화사 그램,12세이상관람가,"코미디,드라마,멜로/로맨스",후쿠다 유이치,"야마다 타카유키,나가사와 마사미"
4월 수요단편극장 “한밤중에 일어난 이야기”,,한국,한국,,,,기타,,
지나가는 사람들,,한국,한국,,,,다큐멘터리,김경만,
미국의 바람과 불,2012-07-26,한국,한국,,(주)시네마달,15세이상관람가,다큐멘터리,김경만,김경만
콘크리트 유토피아,2023-08-09,한국,한국,"클라이맥스 스튜디오(주),(주)비에이치 엔터테인먼트",롯데컬처웍스(주)롯데엔터테인먼트,15세이상관람가,"드라마,기타",엄태화,"이병헌,박서준,박보영,김선영,김도윤,박지후,김학선,공민정,엄태구,정영기,오희준,김준배,정혜윤,이서환,강애심,이효제,김시운,김병순,이선희,권은성,강일,곽자형,최영도,김용준,김동곤,남진복,변진수,곽민규,김홍국,황정남,김희상,손민석,전영,정은경,배기범,주인영,이지해,이은주,박주용,무현,한승우,김현창,정태영,백승진,홍성오,정재민,김지산,라호찬,김예은,김상동,김봉희,김자미,오은지,이자령,오민정,김태준,유휴인,민영,라희선,김문학,이승원,공재민,추연규,허선행,김경덕,이석형,나철,최솔희,현승진,서우진,천윤경,김동현,박지홍,정지우,홍승균,이중현,박경찬,김가영,이일진,이서아,박종환,장선,김권후,김선경,하은서,변중희,신다영,김지성,윤재국,김영건,강종현,홍성일,김연지,권라희,유이찬,양소희,진유찬,김태이,양희원,김효경,강준석,이상연,김테이,오수진,이재준"
나를 채운 그녀 무삭제판,2024-04-17,일본,일본,,주식회사 피에스앤제이,청소년관람불가,성인물(에로),,
남편 직장동료에게 단백질 선물 받은 아내,2024-04-15,일본,일본,,(주)영진크리에이티브,청소년관람불가,"멜로/로맨스,드라마",,
몸으로 받은 상사 무삭제판,2024-04-17,일본,일본,,주식회사 피에스앤제이,청소년관람불가,성인물(에로),,
스와핑의 목적,2024-04-20,한국,한국,(주)영화사가을,(주)영화사가을,청소년관람불가,멜로/로맨스,,
신도시 엄마들 II,2024-04-19,한국,한국,진픽쳐스,유한회사 스튜디오 획,청소년관람불가,성인물(에로),정도수,
아내를 임신시킨 체내 사정 병원,2024-04-15,일본,일본,,(주)영진크리에이티브,청소년관람불가,"멜로/로맨스,드라마",,
위험한 섹스 : 장모와 처제,2024-04-20,한국,한국,,(주)영화사가을,청소년관람불가,멜로/로맨스,,
젊은 자매의 음란 하숙집,2024-04-19,한국,한국,,(주)씨맥스커뮤니케이션즈,청소년관람불가,성인물(에로),,
비공식작전,2023-08-02,한국,한국,"(주)와인드업필름,와이낫필름",(주)쇼박스,12세이상관람가,드라마,김성훈,"Firas A Naji,하정우,주지훈,권은성,홍지석,임형국,김응수,김종수,박혁권,유승목,한수현,최정우,장소연,이승민,권구남,김기태"
캐시 집에 오다,,영국,영국,,,,드라마,켄 로치,
꼬마참새 리차드: 신비한 보석 탐험대,2024-05-01,독일,"독일,벨기에,노르웨이",,(주)스튜디오디에이치엘,전체관람가,애니메이션,,
극장판 실바니안 패밀리: 프레야의 선물,2024-05-01,일본,일본,,(주)라이크콘텐츠,전체관람가,"애니메이션,가족",코나카 카즈야,
무분별,,영국,영국,,,,코미디,스탠리 도넌,"캐리 그랜트,잉그리드 버그만,세실 파커"
보티첼리. 피렌체와 메디치,2024-04-24,이탈리아,이탈리아,,일미디어,전체관람가,다큐멘터리,,
뉴욕으로 간 타잔,,미국,미국,,,,"액션,어드벤처",리처드 소프,"조니 웨이스뮬러,모린 오설리반"
위대한 독재자,1988-11-19,미국,미국,,"(주)엣나인필름,㈜영화사 백두대간","연소자관람가,전체관람가",코미디,찰리 채플린,"찰리 채플린,파울레트 고다드"
악마와의 토크쇼,2024-05-08,호주,호주,,주식회사 올랄라스토리,15세이상관람가,공포(호러),,"데이비드 다스트말치안,로라 고든,조지나 헤이그"
공드리의 솔루션북,2024-08-14,프랑스,프랑스,,"그린나래미디어(주),(주)하이스트레인저",15세이상관람가,"코미디,드라마",미셸 공드리,"피에르 니네,블랑슈 가르댕,프랑수아즈 르브항,프랭키 발라크,카밀 러더퍼드"
시티 라이트,1989-02-04,미국,미국,찰리채플린프로덕션,(주)엣나인필름,연소자관람가,"코미디,드라마,멜로/로맨스",찰리 채플린,"버지니아 셰릴,플로렌스 리,해리 마이어스"
쇼잉 업,2025-01-08,미국,미국,,엠엔엠인터내셔널(주),12세이상관람가,드라마,켈리 라이카트,"미쉘 윌리엄스,메리앤 프런켓,존 마가로,안드레 벤자민,제임스 르 그로스,주드 허쉬"
미지수,2024-05-08,한국,한국,디케이 프로덕션,㈜인디스토리,12세이상관람가,"드라마,멜로/로맨스,가족,SF,판타지",이돈구,"김도의,권잎새,박종환,양조아,윤유선,이혁주"
극장판 미스터리라 하지 말지어다,2024-11-27,일본,일본,,(주)미디어캐슬,12세이상관람가,"범죄,드라마,미스터리",마츠야마 히로아키,"스다 마사키,마츠시타 코헤이,마치다 케이타,하라 나노카,하기와라 리쿠,시바사키 코우"
프리실라,2024-06-19,미국,미국,,"오드,홀리가든",15세이상관람가,"드라마,멜로/로맨스,뮤지컬",소피아 코폴라,"케일리 스패니,제이콥 엘로디"
LTNS,,한국,한국,,,,"코미디,멜로/로맨스,범죄","전고운,임대형","신동근,배우"
유리씨즈,1975-12-27,이탈리아,이탈리아,,,,"사극,액션,어드벤처,판타지",마리오 카메리니,"실바나 망가노,커크 더글라스,안소니 퀸"
도슨 시티: 얼어붙은 시간,,미국,미국,,,,다큐멘터리,,
순간에서 영원으로,,영국,영국,,,,전쟁,,
"포켓몬스터: 성도지방 이야기, 최종장",2024-05-01,일본,일본,,롯데컬처웍스(주)롯데엔터테인먼트,전체관람가,애니메이션,유야마 쿠니히코,
30일,2023-10-03,한국,한국,(주)영화사울림,(주)마인드마크,12세이상관람가,코미디,남대중,"강하늘,정소민,조민수,김선영,황세인,윤경호,이상진,원우,송해나,엄지윤,임철형,임진택,김진만,장지아,서한결,전노민,태인호,강지영,정형석,이원욱,학진,김선화,윤세웅,나호숙,홍준우,채주아,조영지,노정현,정상우,이수빈,이나현,심우성,강병화,이선우,류강주,문호진,홍윤희,이동현,구유진,홍석빈,윤지욱,남선중,문승현,차지현,이윤정,이주은,정윤겸,권정윤,이건창,이건창,조용환,박청용,유황조,정진웅,김태수,김동완,남훈철"
무법자의 날,,미국,미국,,,,서부극(웨스턴),안드레 드 토스,
사랑의 탐구,2024-09-18,캐나다,캐나다,,(주)티캐스트,청소년관람불가,멜로/로맨스,모니아 쇼크리,
사일런트 러브,,일본,일본,,,,멜로/로맨스,우치다 에이지,
캣퍼슨,2024-06-19,프랑스,프랑스,,판씨네마(주),15세이상관람가,"드라마,공포(호러),스릴러",수잔나 포겔,"에밀리아 존스,니콜라스 브라운"
"낸 골딘, 모든 아름다움과 유혈사태",2024-05-15,미국,미국,,"찬란,(주)하이스트레인저",15세이상관람가,다큐멘터리,로라 포이트러스,
구름은 흘러도,,한국,한국,,,,"드라마,가족",유현목,"김영옥,박성대"
삼진그룹 영어토익반,2020-10-21,한국,한국,더램프스튜디오(주),롯데컬처웍스(주)롯데엔터테인먼트,12세이상관람가,드라마,이종필,"고아성,이솜,김효은,박혜수,김예지,백현진,조현철,김종수,김원해,배해선,데이비드 맥기니스,이성욱,김희상,김희상,한재이,이주미,임종훈,함채영"
하오의 결투,,미국,미국,,,,"서부극(웨스턴),멜로/로맨스",샘 페킨파,랜돌프 스콧
오클라호마,,미국,미국,,,,"뮤지컬,서부극(웨스턴),멜로/로맨스",프레드 진네만,"고든 맥라,글로리아 그래햄"
생토메르,,프랑스,프랑스,,,,드라마,,
드라이브,2024-04-24,한국,한국,스튜디오 이상한 나라의 원더랜드,스튜디오 이상한 나라의 원더랜드,12세이상관람가,"멜로/로맨스,드라마",정연,"김시은,조의진,이동수,오수빈,정연"
나도 아내가 있었으면 좋겠다,2001-01-13,한국,한국,"㈜싸이더스픽쳐스,(주)싸이더스",(주)시네마서비스,15세관람가,"드라마,멜로/로맨스",박흥식,"전도연,설경구,김태진,진경,이아름,조영환,조용구,신혜경,이규정,문정희,김재영,이금희"
나비부인,,영국,영국,,,,공연,,
빌 모리슨 단편 2,,기타,기타,,,,기타,빌 모리슨,
빌 모리슨 단편 1,,기타,기타,,,,기타,빌 모리슨,
녹턴,2022-08-18,한국,한국,포이에티케,(주)시네마달,12세이상관람가,다큐멘터리,정관조,"은성호,은건기,손민서"
바이킹,,미국,미국,,,,기타,리차드 플레이셔,"어네스트 보그나인,토니 커티스,커크 더글라스"
클레어의 카메라,2018-04-25,한국,한국,(주)영화제작전원사,"(주)영화제작전원사 ,(주)콘텐츠판다,무브먼트",15세이상관람가,드라마,홍상수,"이자벨 위페르,김민희,장미희,정진영,강태우"
밀수,2023-07-26,한국,한국,(주)외유내강,(주)넥스트엔터테인먼트월드(NEW),15세이상관람가,액션,류승완,"김혜수,염정아,조인성,박정민,김종수,고민시,김재화,박준면,박경혜,주보비,곽진석,정도원,신민재,김충길,이정수,안세호,최종원,김원해,김경덕,윤병희,김기천,윤종구,신영옥,홍성오,김준식,이상희,신삼봉,구본웅,백주희,전현숙,이선희,이진희,신우희,백승철,윤대열,이태형,정재원,장기하,진경,윤경호,송원수"
접속,1997-09-13,한국,한국,(주)명필름,,고등학생이상관람가,"멜로/로맨스,드라마",장윤현,"한석규,전도연,추상미,김태우,이범수,이장욱,최철호,박용수"
빌 모리슨 단편 3,,미국,미국,,,,기타,빌 모리슨,
월간 동물영화 4월 - 해외 단편선,,기타,기타,,,,기타,,
빌 모리슨 단편 4,,미국,미국,,,,기타,빌 모리슨,
사이렌,,프랑스,"프랑스,독일,룩셈부르크,벨기에",,,,애니메이션,,
잡식가족의 딜레마,2015-05-07,한국,한국,"스튜디오두마,(주)시네마달",(주)시네마달,전체관람가,다큐멘터리,황윤,
다른나라에서,2012-05-31,한국,한국,(주)영화제작전원사,"(주)영화제작전원사 ,(주)영화사 조제",청소년관람불가,드라마,홍상수,"이자벨 위페르,유준상,정유미,윤여정,문성근,권해효,문소리"
비류,,미국,미국,,,,드라마,"레이널드 맥두걸,찰스 월터스",지나 롤로브리지다
영아,,한국,한국,,,,"드라마,기타",최아름,"조현철,김고은"
(로컬 픽: 시간과 빛) 픽션만세2,,한국,한국,,,,기타,,
VR 요즘 애들 섹스하는 법,2024-04-26,한국,한국,(주)두리컴미디어,(주)두리컴미디어,청소년관람불가,성인물(에로),,
가정부 다리 사이가 절경:신이주신 선물,2024-04-25,일본,일본,,(주)영진크리에이티브,청소년관람불가,"멜로/로맨스,드라마",,
거미줄 친 두 여자,2024-04-26,한국,한국,솔앤드 주식회사,솔앤드 주식회사,청소년관람불가,성인물(에로),,
까발려진 여직원의 사생활,2024-04-26,한국,한국,(주)샤이커뮤니케이션즈,(주)샤이커뮤니케이션즈,청소년관람불가,성인물(에로),,
끈적하고 천박한 유부녀,2024-04-25,한국,한국,(주)샤이커뮤니케이션즈,(주)샤이커뮤니케이션즈,청소년관람불가,성인물(에로),,
날마다 씨받는 온천 여사장,2024-04-25,일본,일본,,(주)영진크리에이티브,청소년관람불가,"멜로/로맨스,드라마",,
남편 대신 몸으로 죗값 받는 아내,2024-04-25,일본,일본,,(주)영진크리에이티브,청소년관람불가,"멜로/로맨스,드라마",,
마지못해 올라탄 형수님,2024-04-25,한국,한국,폭풍의 눈,주식회사 원스크린,청소년관람불가,"드라마,성인물(에로)",,
소정아 하고 싶다,2024-04-27,한국,한국,,(주)영화사가을,청소년관람불가,멜로/로맨스,,
순진한 아저씨를 농락하는 어린 여자,2024-04-26,한국,한국,(주)샤이커뮤니케이션즈,(주)샤이커뮤니케이션즈,청소년관람불가,성인물(에로),,
술김에 2 대 1,2024-04-26,한국,한국,,(주)룬컴퍼니,청소년관람불가,"성인물(에로),코미디,멜로/로맨스",모니카,
스와핑 ： 옆집 아내가 더 맛있다,2024-04-28,한국,한국,,(주)영화사가을,청소년관람불가,멜로/로맨스,,
어린 남자에게 약한 아줌마,2024-04-25,한국,한국,(주)샤이커뮤니케이션즈,(주)샤이커뮤니케이션즈,청소년관람불가,성인물(에로),,
팅크족,2024-04-26,한국,한국,솔앤드 주식회사,솔앤드 주식회사,청소년관람불가,성인물(에로),,
합의금 대신 몸으로 위로를 드릴게요,2024-04-25,일본,일본,,(주)영진크리에이티브,청소년관람불가,"멜로/로맨스,드라마",,
윤시내가 사라졌다,2022-06-08,한국,한국,한국영화아카데미,"(주)블루라벨픽쳐스,디스트릭 몽",12세이상관람가,드라마,김진화,"이주영,오민애,노재원,김학선,김재화,박성준,김중기,이효비,임성미,김경덕,이지은,김승우,송예은,선여정,이일노,이명현,권종숙,박세화,정세환,이운,김진홍,이병수,신락숙,이윤화,김진수,이도훈,임찬상,방은희,정애연,권준기,윤시내"
칠곡 가시나들,2019-02-27,한국,한국,주식회사 단유필름,"(주)인디플러그,(주)더 피플",전체관람가,다큐멘터리,김재환,"박금분,곽두조,강금연,안윤선,박월선,김두선,이원순,박복형,주석희,박근붐"
쇼생크 탈출,1995-02-04,미국,미국,"캐슬 락 엔터테인먼트,콜럼비아 픽쳐스 코포레이션","롯데컬처웍스(주)롯데시네마,(주)팝엔터테인먼트,THE 픽쳐스","고등학생이상관람가,15세이상관람가",드라마,프랭크 다라본트,"팀 로빈스,모건 프리먼"
분노의 강,2024-05-29,한국,한국,뉴크마그(주),(주)이놀미디어,12세이상관람가,드라마,윤철형,"이가희,김강일,윤경호,김소빈,한유은"
목소리의 형태,2017-05-09,일본,일본,,(주)디스테이션,전체관람가,"애니메이션,멜로/로맨스",야마다 나오코,"이리노 미유,하야미 사오리,유키 아오이,오노 켄쇼,카네코 유키,이시카와 유이,토요나가 토시유키"
극장판 하이큐!! 쓰레기장의 결전,2024-05-15,일본,일본,,"(주)넥스트엔터테인먼트월드(NEW),씨제이 씨지브이(CJ CGV)(주)",전체관람가,애니메이션,미츠나카 스스무,"무라세 아유무,이시카와 카이토,카지 유우키,나카무라 유이치"
내가 마지막 본 파리,,미국,미국,,,,멜로/로맨스,리차드 브룩스,"엘리자베스 테일러,반 존슨"
아이 엠 러브,2011-01-20,이탈리아,이탈리아,,"(주)영화사 진진,(주)영화사 조제",청소년관람불가,"드라마,멜로/로맨스",루카 구아다그니노,"플라비오 파렌티,틸다 스윈튼,에도아르도 가브리엘리니,알바 로르와처"
필로우 토크,,미국,미국,,,,"코미디,멜로/로맨스",마이클 고든,"록 허드슨,도리스 데이"
캐벌케이드,,,,,,,,,
그녀가 죽었다,2024-05-15,한국,한국,주식회사 엔진필름,"(주)콘텐츠지오,(주)아티스트스튜디오,(주)무빙픽쳐스컴퍼니",15세이상관람가,"미스터리,스릴러",김세휘,"변요한,신혜선,이엘,전정일"
가필드 더 무비,2024-05-15,미국,미국,,소니픽쳐스엔터테인먼트코리아주식회사극장배급지점,전체관람가,애니메이션,마크 딘달,"크리스 프랫,사무엘 L. 잭슨,니콜라스 홀트"
비거 스플래쉬,2016-08-03,이탈리아,"이탈리아,프랑스",,찬란,청소년관람불가,멜로/로맨스,루카 구아다그니노,"틸다 스윈튼,랄프 파인즈,마티아스 쇼에나에츠,다코타 존슨"
핸섬가이즈,2024-06-26,한국,한국,(주)하이브미디어코프,(주)넥스트엔터테인먼트월드(NEW),15세이상관람가,코미디,남동협,"이성민,이희준,공승연,박지환,이규형,장동주,강기둥,빈찬욱,정화,김도훈,박경혜,우현,임원희,이서환,송유현,제임스 호란"
도뷔시,2024-05-23,우크라이나,우크라이나,,시네마 뉴원,15세이상관람가,"액션,어드벤처,드라마",,
불한당: 나쁜 놈들의 세상,2017-05-17,한국,한국,"(주)씨제이이엔엠,(주)졸스",(주)씨제이이엔엠,청소년관람불가,"범죄,액션,드라마",변성현,"설경구,임시완,김희원,전혜진,이경영,김성오,허준호,박정주,박지호,박형우,임효은,정기욱,주현수,윤준희,최형욱,이미소,이시훈,이영호,이은비,이인규,이정우,이정호,김말구,문지윤,박수영,양현민,최준영,김보미,최병모,홍인,최현종,남기애,임용순,안성봉,곽진석,박정규"
유코의 평형추,2024-05-01,일본,일본,,(주)미디어캐슬,15세이상관람가,드라마,하루모토 유지로,"타키우치 쿠미,미츠이시 켄"
킬링,,미국,미국,,,,범죄,스탠리 큐브릭,스터링 헤이든
아이다호,,미국,미국,,,,드라마,구스 반 산트,"리버 피닉스,키아누 리브스"
격노,,미국,미국,,,,"드라마,서부극(웨스턴)",안소니 만,"바바라 스탠윅,웬델 코리,월터 휴스톤"
도쿄전쟁전후비화,,일본,일본,,,,기타,,
마브카 : 숲의 노래,2023-10-18,우크라이나,"우크라이나,미국",,(주)팝엔터테인먼트,전체관람가,"애니메이션,어드벤처",올레말라므,
알라모,,미국,미국,,,,전쟁,존 웨인,"존 웨인,리차드 위드마크,프랭키 아발론"
오키나와 드림쇼,,일본,일본,,,,기타,,
공중 트라피스,,미국,미국,유나이티드 아티스트,,,"액션,드라마",캐롤 리드,"버트 랭커스터,토니 커티스,지나 롤로브리지다"
박하사탕,2000-01-01,한국,한국,"(주)이스트필름,파인하우스필름(주)","CGV아트하우스,(주)신도필림","18세관람가,청소년관람불가",드라마,이창동,"설경구,문소리,김여진,이병철,공형진,이대연,최덕문,박길수,지대한,유승목,손영순,박성연,정민성,강선숙,박혜진"
반역자,,미국,미국,,,,전쟁,,"클라크 게이블,라나 터너"
카르멘,,미국,미국,,,,공연,,
밀양,2007-05-23,한국,한국,파인하우스필름(주),(주)시네마서비스,15세이상관람가,드라마,이창동,"전도연,송강호,조영진,김영재,김종수,오만석,김미경,김영선,김미향,이민호,김혜정,성종훈,김명희,조영숙,박종섭,조은진,박현배,조현아,이동영,강희원,문성환,서주연,김관규,운기진,최선화,임광명,박성도,이혜영,이유림,이해미,이희준,차은재,염혜란,박명신,김미경,이중옥,백익남,이윤희"
시간을 달리는 소녀,2007-06-14,일본,일본,,"(주)얼리버드픽쳐스,THE 픽쳐스,씨제이엔터테인먼트,와이드 릴리즈(주)",전체관람가,"애니메이션,판타지,멜로/로맨스",호소다 마모루,"이시다 타쿠야,나카 리이사"
그 여름날의 누이,,일본,일본,,,,기타,오시마 나기사,
정직한 후보,2020-02-12,한국,한국,"(주)수필름,(주)홍필름",(주)넥스트엔터테인먼트월드(NEW),12세이상관람가,코미디,장유정,"라미란,김무열,나문희,윤경호,장동주,송영창,온주완,조한철,손종학,조수향,윤세아,김용림,박성준,임영우,안세호,하은섬,고규필,이도엽,양나영,주민찬,김봉만,우미화,박성준,이동희,전진오,강숙,박정표,김원영,이애린,박예슬,박예슬,홍승균,안진영,한동호,조윤지,유이준,안재현,신지우,정용실,김희수,박재범,정소용,강충훈,김현진,이동원,이하늘,이대겸,정경현,김광태,김호준,양찬주,손성찬,김비비,이은율,신현아,박시윤,유성재,홍의정,옥주리,황연희,정일화,박소윤,김혜주,성현미,노덕이,이옥봉,이덕건,강종성,장건범,남정현,김양희,김은지,박소연,이덕재,김가윤,김영우,노을,박정윤,이윤석,이제용,한유리,김규리,김민영,김민종,김보라,김재훈,나인석,박승민,박주홍,방선혜,신창욱,안현석,양예원,이건민,이재혁,이정구,이지은,전하림,정열,한준용,이현송,김형균,허철주,허철주,송하균,송하균,송하균,류승무,조주한,문규민,안흥성,박지현,이서율,황인준,신은영,김동욱,강수호,김한상,장현정,유현정,최기상,이종철,김남욱,윤서정,안진현,박윤영,김동희,이서율,이규현,류인아,김주아,김정문,김민지,오만석,김근영,신나리,김하나,이성훈"
여동생들의 금기된정사,2024-05-03,한국,한국,,(주)씨맥스커뮤니케이션즈,청소년관람불가,성인물(에로),,
적군-PFLP:세계전쟁선언,,일본,일본,(주)삼영필림,,,다큐멘터리,"와카마츠 코지,아다치 마사오",
말없는 소녀,2023-05-31,아일랜드,아일랜드,,주식회사 슈아픽처스,전체관람가,드라마,,
초국지소지천황,,일본,일본,,,,다큐멘터리,,
펭귄 하이웨이,2018-10-18,일본,일본,,(주)넥스트엔터테인먼트월드(NEW),전체관람가,"애니메이션,어드벤처,판타지",이시다 히로야스,"키타 카나,아오이 유우"
모토신카카란누,,일본,일본,,,,다큐멘터리,,
나바론 요새,1974-07-20,미국,"미국,영국",콜럼비아 픽쳐스 코포레이션,,12세이상관람가,"드라마,액션,어드벤처,전쟁",J. 리 톰슨,"그레고리 펙,안소니 퀸,데이빗 니븐"
사랑의 고고학,2023-04-12,한국,"한국,프랑스","(주)맑은시네마,영화사 잠","(주)맑은시네마,(주)엣나인필름",15세이상관람가,"드라마,멜로/로맨스",이완민,"이창현,옥자연,한지완,기윤,이동찬,하민호,이세리"
시라노,,미국,미국,,,,드라마,마이클 고든,호세 페레
성의 도적:섹스 잭,,일본,일본,,,,드라마,와카마츠 코지,"아키야마 미치오,카즈오 카미즈"
영원한 휴가,,미국,미국,,(주)영화사 안다미로,15세이상관람가,드라마,짐 자무쉬,
"가라, 가라 두 번째 처녀",,일본,일본,,,,드라마,와카마츠 코지,"아키야마 미치오,코자쿠라 미미"
어린선배 구멍동기,2024-05-02,한국,한국,,주식회사 피에스앤제이,청소년관람불가,성인물(에로),,
여대생 자매의 환승침대,2024-05-01,한국,한국,,주식회사 피에스앤제이,청소년관람불가,성인물(에로),,
다운 바이 로,,미국,"미국,독일",,(주)영화사 안다미로,15세이상관람가,"드라마,코미디",짐 자무쉬,"톰 웨이츠,존 루리,로베르토 베니니,니콜레타 브라시,엘렌 바킨,로케츠 레드글레어"
시,2010-05-13,한국,한국,"파인하우스필름(주),유니코리아문예투자(주)",(주)넥스트엔터테인먼트월드(NEW),15세이상관람가,드라마,이창동,"윤정희,이다윗,김희라,안내상,홍성범,신소영,박용식,조한기,허윤선,노정욱,김기현,김계선,장영주,정은경,박성국,정재호,김용란,김용택,정대용,박명신,김자영,김종구,박현우,한수영"
지상의 밤,,일본,"일본,미국,독일,이탈리아,핀란드",,(주)영화사 안다미로,15세이상관람가,"드라마,코미디",짐 자무시,"지나 롤랜즈,위노나 라이더,아민 뮬러 스탈,알란 랜돌프 스콧,안소니 포틸로,지안카를로 에스포지토,로지 페레즈,리차드 보즈"
어쌔신: 드론 전쟁,2024-04-29,미국,미국,,(주)엔케이컨텐츠,15세이상관람가,"SF,액션",,브루스 윌리스
행복한 라짜로,2019-06-20,이탈리아,이탈리아,,주식회사 슈아픽처스,12세이상관람가,"드라마,판타지",알리체 로르와커,"아드리아노 타르디올로,루카 치코바니,알바 로르와처,니콜레타 브라시,세르지 로페즈"
원 챈스,2014-03-13,영국,"영국,미국",,"(주)라이크콘텐츠,(주)넥스트엔터테인먼트월드(NEW)",12세이상관람가,"코미디,드라마",데이빗 프랭클,"제임스 코든,알렉산드라 로치,콤 미니"
"3인3섹 - S,M,코스튬",2024-05-03,한국,한국,,(주)디어프로덕션,청소년관람불가,멜로/로맨스,이타치,
갑자기 섹스 가르쳐 준다는 여사친,2024-05-03,한국,한국,(주)샤이커뮤니케이션즈,(주)샤이커뮤니케이션즈,청소년관람불가,성인물(에로),,
남편 대신 옆집남자와 임신을 꿈꾸고 있다,2024-04-29,일본,일본,,(주)영진크리에이티브,청소년관람불가,"멜로/로맨스,드라마",,
낯선남자에게 발기부전 치료해준 아내,2024-04-29,일본,일본,,(주)영진크리에이티브,청소년관람불가,"멜로/로맨스,드라마",,
내 아내 뒷문 열어재낀 과장님,2024-05-04,일본,일본,,(주)영진크리에이티브,청소년관람불가,"성인물(에로),드라마,멜로/로맨스",토미죠 타로,
너무커서아파요흑인대물오빠,2024-05-03,한국,한국,스마일컨텐츠,스마일컨텐츠,청소년관람불가,성인물(에로),천성준,
"다시, 아내를 바꿔주세요",2024-05-02,한국,한국,폭풍의 눈,주식회사 원스크린,청소년관람불가,"드라마,성인물(에로)",,
당신이 잠 든 사이-남편 깨기전에 빨리 싸요,2024-05-03,일본,일본,,(주)영진크리에이티브,청소년관람불가,"성인물(에로),드라마,멜로/로맨스",히무 롯쿠,
동정남 성교육-시원하게 싸고 가자,2024-05-04,일본,일본,,(주)영진크리에이티브,청소년관람불가,"성인물(에로),드라마,멜로/로맨스",토리피,
두아들과 구멍 공유하는 새엄마,2024-04-29,일본,일본,,(주)영진크리에이티브,청소년관람불가,"멜로/로맨스,드라마",,
맛좋은 자매덮밥 - 슬렌더 언니와 육덕 동생을 한꺼번에,2024-05-03,한국,한국,,(주)디어프로덕션,청소년관람불가,멜로/로맨스,,
물 많은 새엄마-여관 가자,2024-05-03,일본,일본,,(주)영진크리에이티브,청소년관람불가,"성인물(에로),드라마,멜로/로맨스",츠지 코지,
벌려준 새엄마-오늘부터 내 여자,2024-05-04,일본,일본,,(주)영진크리에이티브,청소년관람불가,"성인물(에로),드라마,멜로/로맨스",츠지 코지,
불륜이 행복한 예비 장모님 : 내가 세워줄게,2024-04-29,일본,일본,,(주)영진크리에이티브,청소년관람불가,"멜로/로맨스,드라마",,
사장님 딸이 뒷문을 열어줬다,2024-05-03,일본,일본,,(주)영진크리에이티브,청소년관람불가,"성인물(에로),드라마,멜로/로맨스",사쿠라비토,
새아들의 아이가 내 안에 자라고 있습니다,2024-05-04,일본,일본,,(주)영진크리에이티브,청소년관람불가,"성인물(에로),드라마,멜로/로맨스",토미죠 타로,
성인방송 BJ의 맛,2024-05-03,한국,한국,(주)이십일세기미디어,(주)이십일세기미디어,청소년관람불가,성인물(에로),김피디,
순박한 청년을 탐하는 욕정녀,2024-05-02,한국,한국,(주)샤이커뮤니케이션즈,(주)샤이커뮤니케이션즈,청소년관람불가,성인물(에로),,
스와핑 골프,2024-05-01,한국,한국,,주식회사 루믹스미디어,청소년관람불가,성인물(에로),,
아내 몰래 만나는 발정난 대리모,2024-05-03,한국,한국,,(주)디어프로덕션,청소년관람불가,성인물(에로),,
옆집 불량 주부,2024-05-02,한국,한국,폭풍의 눈,주식회사 원스크린,청소년관람불가,"드라마,성인물(에로)",,
질리지 않는 맛의 D컵녀,2024-05-02,한국,한국,(주)샤이커뮤니케이션즈,(주)샤이커뮤니케이션즈,청소년관람불가,성인물(에로),,
짐승남에게 길들여진 여자들,2024-05-03,한국,한국,(주)샤이커뮤니케이션즈,(주)샤이커뮤니케이션즈,청소년관람불가,성인물(에로),,
후배 아내 물이 참 많더라,2024-05-03,일본,일본,,(주)영진크리에이티브,청소년관람불가,"성인물(에로),드라마,멜로/로맨스",토미죠 타로,
혹성탈출: 새로운 시대,2024-05-08,미국,미국,,월트디즈니컴퍼니코리아 유한책임회사,12세이상관람가,"액션,SF",웨스 볼,"오웬 티그,프레이아 앨런,케빈 두런드,윌리엄 H. 머시"
애비게일,2024-05-15,미국,미국,,유니버설픽쳐스인터내셔널 코리아(유),청소년관람불가,공포(호러),"맷 베티넬리-올핀,타일러 질렛","멜리사 바레라,알리샤 위어,캐서린 뉴튼,댄 스티븐스,케빈 두런드,앵거스 클라우드,윌리엄 캐틀렛,지안카를로 에스포지토"
하이큐!! 끝과 시작,2016-11-16,일본,일본,,"에스엠지홀딩스 주식회사,(주)넥스트엔터테인먼트월드(NEW),(주)팝엔터테인먼트",12세이상관람가,애니메이션,미츠나카 스스무,"히노 사토시,이리노 미유"
이프: 상상의 친구,2024-05-15,미국,미국,,롯데컬처웍스(주)롯데엔터테인먼트,전체관람가,"코미디,드라마,가족",존 크래신스키,"라이언 레이놀즈,케일리 플레밍,존 크래신스키,피오나 쇼,바비 모니한,스티브 카렐,아콰피나"
디피컬트,2024-05-15,프랑스,프랑스,,"TCO(주)더콘텐츠온,(주)블루라벨픽쳐스",15세이상관람가,"코미디,드라마,멜로/로맨스","에릭 토레다노,올리비에르 나카체","노에미 멜랑,피오 마르마이,조나단 코헨,마티유 아말릭"
즐거운 영혼,,영국,영국,,,,"코미디,판타지",데이빗 린,"렉스 해리슨,콘스탄스 커밍스"
요조숙녀,,미국,미국,,,,코미디,프레스턴 스터지스,"바바라 스탠윅,헨리 폰다"
늦더위,2024-05-22,한국,한국,모로가도서울,필름다빈,12세이상관람가,드라마,서한솔,"기진우,정미형,이태진,강윤정,안민영,강석원,심건우,장예림,이원웅,주정민,박소정,설시연,박보성,양진서,이현하,강주예,박서영,최재희,조철민"
"시민 여러분, 반갑습니다",,한국,한국,,,,다큐멘터리,민아영,
약칭: 연쇄살인마,,일본,일본,,,,다큐멘터리,아다치 마사오,
게리 쿠퍼의 재회,,미국,미국,,,,코미디,프랭크 카프라,"게리 쿠퍼,바바라 스탠윅"
사냥꾼의 밤,,미국,미국,,,,"스릴러,드라마",찰스 로튼,"로버트 미첨,셸리 윈터스"
피가로의 결혼,,독일,독일,,,,공연,마틴 쿠세이,"안드레 슈엔,아드리아나 곤살레스,사비느 드비에일,크쥐시토프 보치크"
지옥화,1958-04-20,한국,한국,서울영화사,,미정,"멜로/로맨스,드라마,범죄",신상옥,"김학,최은희,조해원"
1917,2020-02-19,미국,미국,,(주)스마일이엔티,15세이상관람가,"드라마,전쟁",샘 멘데스,"조지 맥케이,딘-찰스 채프먼,콜린 퍼스,베네딕트 컴버배치,마크 스트롱,앤드류 스캇,리처드 매든,애드리안 스카보로프"
퍼피 구조대: 더 마이티 무비,2023-10-06,미국,미국,파라마운트 픽쳐스,롯데컬처웍스(주)롯데엔터테인먼트,전체관람가,"애니메이션,어드벤처",캘런 브런커,"정선혜,박지윤,신용우,문남숙,엄상현"
워터 프론트,,,,,,,,,
노인과 바다,,미국,미국,,,전체관람가,"어드벤처,드라마","존 스터지스,프레드 진네만",스펜서 트레이시
모어,2022-06-23,한국,한국,,(주)엣나인필름,15세이상관람가,다큐멘터리,이일하,"예브게니 슈테판,존 카메론 밋첼,모지민"
아침이 오면 공허해진다,2024-05-29,일본,일본,,와이드 릴리즈(주),12세이상관람가,드라마,,카라타 에리카
모감보,,미국,미국,메트로-골드윈-마이어,,,"드라마,어드벤처",존 포드,"그레이스 켈리,클라크 게이블,에바 가드너"
할리우드 살인사건,2024-05-08,영국,영국,,(주)누리픽쳐스,15세이상관람가,"액션,드라마,코미디",,"멜 깁슨,찰리 허냄,루시 프라이"
페이톤 플레이스,,미국,미국,,,,"드라마,멜로/로맨스",마크 로브슨,"라나 터너,리 필립스,로이드 놀랜"
그대 어이가리,2023-03-08,한국,한국,(주)영화사 순수,(주)영화사 순수,12세이상관람가,드라마,이창열,"선동혁,정아미,박종진,장은주,정혜자,장태훈"
가로수길 이봄씨어터,,한국,한국,㈜리필름,,15세이상관람가,드라마,이수성,"송윤하,김승민,강병수"
데미트리아스,1977-02-18,미국,미국,이십세기폭스필름코퍼레이션,,,"액션,드라마",델머 데이브즈,"수잔 헤이워드,마이클 레니"
태양 아래,2016-04-27,체코,"체코,러시아,독일",,THE 픽쳐스,전체관람가,다큐멘터리,비탈리 만스키,
제1회 부산대학영화제 섹션7,,한국,한국,,,,"다큐멘터리,멜로/로맨스,가족",,
바람의 체스,,이란,이란,,,,"드라마,미스터리,스릴러",,
제1회 부산대학영화제 섹션1,,한국,한국,,,,"드라마,가족,범죄",,
제1회 부산대학영화제 섹션5,,한국,한국,,,,"스릴러,공포(호러),범죄,미스터리,멜로/로맨스,드라마",,
제1회 부산대학영화제 섹션4,,한국,한국,,,,"다큐멘터리,드라마,범죄,스릴러",,
제1회 부산대학영화제 섹션6,,한국,한국,,,,코미디,,
긴 하루의 끝,,영국,영국,,,,"기타,드라마",테렌스 데이비스,
지킬 박사와 미스 오스본의 기이한 사건,,독일,"독일,서독",,,,공포(호러),,
제1회 부산대학영화제 섹션8,,한국,한국,,,,"범죄,드라마,미스터리",,
제1회 부산대학영화제 섹션3,,한국,한국,,,,"가족,SF",,
애정의 쌀,,이탈리아,이탈리아,,,,"드라마,범죄",저우세프 드 산티스,
꿈은 돈으로 살 수 있다,,미국,미국,,,,"드라마,판타지",,
항구의 니쿠코짱!,2023-04-27,일본,일본,,트윈플러스파트너스(주),전체관람가,애니메이션,와타나베 아유무,"오타케 시노부,하나에 나츠키"
에이지 오브 패닉,,프랑스,프랑스,,,,"코미디,드라마",,
코뮌,,프랑스,프랑스,,,,다큐멘터리,피터 왓킨스,
그랜드 뷔페,,프랑스,"프랑스,이탈리아",,,,"범죄,드라마",마르코 페레리,"마르첼로 마스트로얀니,미셸 피콜리"
영향 아래 있는 여자,,미국,미국,,,,"드라마,멜로/로맨스",존 카사베츠,지나 롤랜즈
제1회 부산대학영화제 섹션2,,한국,한국,,,,"코미디,범죄,멜로/로맨스,가족",,
나이트 게임,,스웨덴,스웨덴,,,,드라마,,
동료애,,독일,"독일,프랑스",,,,드라마,,
라이스보이 슬립스,2023-04-19,캐나다,캐나다,,판씨네마(주),15세이상관람가,"가족,드라마",앤소니 심,"최승윤,이든 황,도현 노엘 황,앤소니 심,강인성"
과부 새엄마와 여관 혼숙한 썰,2024-05-06,일본,일본,,(주)영진크리에이티브,청소년관람불가,"성인물(에로),드라마,멜로/로맨스",츠지 코지,
끈적한 손기술로 단백질 터트려줘요,2024-05-06,일본,일본,,(주)영진크리에이티브,청소년관람불가,"성인물(에로),드라마,멜로/로맨스",히무 롯쿠,
단골을 위한 물 많은 대접질,2024-05-07,일본,일본,,(주)영진크리에이티브,청소년관람불가,"성인물(에로),드라마,멜로/로맨스",,
대물 형부 젖 큰 처제 2,2024-05-09,한국,한국,,주식회사 루믹스미디어,청소년관람불가,성인물(에로),,
밀애-새엄마 물 터트린 양아들,2024-05-07,일본,일본,,(주)영진크리에이티브,청소년관람불가,"성인물(에로),드라마,멜로/로맨스",키무라 히로유키,
새아들 꽉찬 단백질 뽑아줬어요,2024-05-06,일본,일본,,(주)영진크리에이티브,청소년관람불가,"성인물(에로),드라마,멜로/로맨스",츠지 코지,
새엄마의 떡 사랑-1일 3떡,2024-05-07,일본,일본,,(주)영진크리에이티브,청소년관람불가,"성인물(에로),드라마,멜로/로맨스",디렉터 O,
씨 뿌려달라는 물쌓인 며느리,2024-05-06,일본,일본,,(주)영진크리에이티브,청소년관람불가,"성인물(에로),드라마,멜로/로맨스",디렉터 O,
아내가 부장님 떡맛에 길들여졌다,2024-05-07,일본,일본,,(주)영진크리에이티브,청소년관람불가,"성인물(에로),드라마,멜로/로맨스",토미죠 타로,
울지마 엄마,2023-05-17,한국,한국,"KBS,(주)드림팩트엔터테인먼트",주식회사 원더스튜디오,전체관람가,다큐멘터리,이호경,
육덕 중독,2024-05-09,한국,한국,(주)샤이커뮤니케이션즈,(주)샤이커뮤니케이션즈,청소년관람불가,성인물(에로),,
자매의 목적,2024-05-11,한국,한국,,(주)영화사가을,청소년관람불가,멜로/로맨스,,
처음 본 남자에게 쉽게 주는 아줌마,2024-05-09,한국,한국,(주)샤이커뮤니케이션즈,(주)샤이커뮤니케이션즈,청소년관람불가,성인물(에로),,
달마가 동쪽으로 간 까닭은?,1989-09-29,한국,한국,배용균프로덕션,,연소자관람가,드라마,배용균,"이판용,신원섭"
달마야 놀자,2001-11-08,한국,한국,(주)씨네월드,,12세관람가,코미디,박철관,"박신양,정진영,박상면,이원종,김인문,강성진,김수로,홍경인,이문식,류승수,이대연,이무현,김영헌,임철민,이성근"
만다라,1981-09-12,한국,한국,(주)화천공사,,연소자관람불가,드라마,임권택,"기정수,전무송,안성기,방희,정지희"
성냥팔이 소녀의 재림,2002-09-12,한국,한국,기획시대(주),씨제이엔터테인먼트,15세관람가,SF,장선우,"임은경,김선화,김현성,김진표,최인범,신동원,홍성원,한관택,김병준,김일호,박상현,박성웅,김영재,안길강,서재경,이청아,김기천"
내 손끝에 너의 온도가 닿을 때,2024-05-15,한국,한국,주식회사 넘버쓰리픽쳐스,주식회사 넘버쓰리픽쳐스,15세이상관람가,"멜로/로맨스,드라마",양경희,"원태민,도우"
목화솜 피는 날,2024-05-22,한국,한국,연분홍치마,(주)스튜디오디에이치엘,12세이상관람가,드라마,신경수,"박원상,우미화,최덕문,조희봉,이지원,박서연"
레네트와 미라벨의 네가지 모험,,프랑스,프랑스,,(주)영화사 안다미로,12세이상관람가,드라마,에릭 로메르,
별처럼 빛나는 너에게 더무비-일섬일섬량성성,2024-05-22,중국,중국,,워터홀컴퍼니(주),12세이상관람가,"판타지,멜로/로맨스","진소명,장반","굴초소,장가녕"
더 초즌: 선택받은 자,2024-05-18,미국,미국,,롯데컬처웍스(주)롯데시네마,12세이상관람가,"드라마,사극",,
모드 집에서의 하룻밤,,프랑스,프랑스,,(주)영화사 안다미로,15세이상관람가,드라마,에릭 로메르,
비행사의 아내,2024-05-15,프랑스,프랑스,,(주)영화사 안다미로,12세이상관람가,기타,에릭 로메르,
클레르의 무릎,,프랑스,프랑스,,(주)영화사 안다미로,15세이상관람가,드라마,에릭 로메르,"장 클로드 브리알리,오로라 코르누,파브리스 루치니"
해변의 폴린,,프랑스,프랑스,,(주)영화사 안다미로,15세이상관람가,드라마,에릭 로메르,
퓨리오사: 매드맥스 사가,2024-05-22,미국,미국,,워너브러더스 코리아(주),15세이상관람가,액션,조지 밀러,"안야 테일러 조이,크리스 헴스워스,톰 버크"
일식,,이탈리아,"이탈리아,프랑스",,,,"멜로/로맨스,드라마",미켈란젤로 안토니오니,"모니카 비티,알랑 드롱,프란시스코 라발"
에덴의 동쪽,1973-02-22,미국,미국,워너 브러더스 픽쳐스,,,드라마,엘리아 카잔,"줄리 해리스,제임스 딘"
내 여자친구의 남자친구,,프랑스,프랑스,,(주)영화사 안다미로,12세이상관람가,코미디,에릭 로메르,"엠마뉴엘 샤울렛,프랑수아-에릭 장드롱"
사랑의 매혹,,미국,미국,,,,멜로/로맨스,스탠리 도넌,"래리 파크스,엘리자베스 테일러"
설계자,2024-05-29,한국,한국,영화사 집,(주)넥스트엔터테인먼트월드(NEW),15세이상관람가,"범죄,드라마",이요섭,"강동원,이무생,이미숙,이현욱,탕준상,김홍파,김신록,이동휘,정은채,현봉식,윤복인,이종석,장희진,우지현,김태준,최병윤,유동훈,김민광,강주현,나경철,안예은,이윤재,하정민,류한선,손경원,류성록,이정현,정기욱,박정표,오일영,김낙균,이두석,박병관,조정민,정유진,정우혁,최정화,이순풍,김병철,이은주,박현실,한상균,윤단비,박진감,홍기주,황재열,홍석빈,황재훈,박강섭"
아버지의 인생,,,,,,,,,
송암동,,한국,한국,(주)훈프로,(주)훈프로,15세이상관람가,드라마,이조훈,"조경현,류진석,서우진,진성찬,김연정,김하진,천성진,권형준,주병하,이주영,김주영,김진우,이석진,김진영"
드림 시나리오,2024-05-29,미국,미국,,"주식회사 올랄라스토리,메가박스중앙(주)",15세이상관람가,"코미디,드라마",크리스토퍼 보글리,"니콜라스 케이지,줄리안 니콜슨,마이클 세라"
파리의 딜릴리,2019-05-29,프랑스,프랑스,,오드,전체관람가,"애니메이션,가족,미스터리",미셸 오슬로,
시민 케인,,미국,미국,,,,"드라마,미스터리",오손 웰즈,"오손 웰즈,도로시 코밍고어,조셉 코튼"
인 더 더스트,2019-10-04,프랑스,프랑스,,주식회사 씨네룩스,12세이상관람가,SF,다니엘 로비,"로맹 뒤리스,올가 쿠릴렌코"
스텔라,2024-05-22,독일,독일,,(주)뮤제엔터테인먼트,15세이상관람가,드라마,,
평원아,,미국,미국,,,,"서부극(웨스턴),전쟁",세실 B. 데밀,"게리 쿠퍼,진 아서"
썸웨어,,미국,미국,,,,드라마,소피아 코폴라,
종각,,한국,한국,,,,드라마,양주남,"허장강,장민호"
국제시장,2014-12-17,한국,한국,"(주)제이케이필름,(주)씨제이이엔엠",(주)씨제이이엔엠,12세이상관람가,드라마,윤제균,"황정민,김윤진,오달수,정진영,장영남,라미란,김슬기,정영기,맹세창,김동원,김현중,김지영,황창기,박재우,박찬희,김예빈,김재철,김하연,김재현,이소영,류경현,황인준,이종석,이진희,전희경,박재언,유재상,김선영,정윤호,박길수,박영수,김근영,허동원,현봉식,강신철,손영순,박혜진,유정호,남진복,신정섭"
8일 만에 죽은 괴수의 12일 이야기,2024-05-16,일본,일본,,(주)미디어캐슬,전체관람가,드라마,이와이 슌지,"사이토 타쿠미,노넨 레나"
타이거스 네스트: 호랑이의 보디가드,2024-05-16,이탈리아,이탈리아,,(주)영화사선,전체관람가,"어드벤처,드라마",브란도 쿠일리치,
돌아오지 않는 강,1971-04-27,미국,미국,,,,"액션,서부극(웨스턴)",오토 프레밍거,"마릴린 몬로,로버트 미첨"
전쟁과 애욕,,미국,미국,,,,"드라마,전쟁",존 스터지스,"프랭크 시내트라,지나 롤로브리지다,스티브 맥퀸"
교수목,,미국,미국,워너 브러더스 픽쳐스,,,"드라마,멜로/로맨스,서부극(웨스턴)","칼 말든,델머 데이비스","게리 쿠퍼,마리아 쉘,칼 말든"
우리들,2016-06-16,한국,한국,(주)아토,(주)엣나인필름,전체관람가,드라마,윤가은,"최수인,설혜인,이서연,강민준,박혜진,전석민,최준우,안정우,주재윤,최승혁,장혜진,손석배"
상과 하,,미국,미국,,,,"전쟁,드라마,액션",딕 파웰,"테오도르 바이클,프랭크 알버트슨"
오프닝 나이트,,미국,미국,,,,드라마,존 카사베츠,"지나 롤랜즈,존 카사베츠"
애니살롱전 with 인디스페이스 2024 5월: 비터 스윗 라이프,,한국,한국,,,,애니메이션,,
더 걸즈,,스웨덴,스웨덴,,,,"코미디,드라마",,
데이지,,체코,체코,,,,코미디,베라 치틸로바,"이트카 세르호바,이바나 카르바노바"
심도,2011-03-17,한국,"한국,일본",한국영화아카데미,(주)씨제이이엔엠,청소년관람불가,드라마,하마구치 류스케,"김민준,이시다 호시"
구멍가게 아가씨들,2024-05-15,한국,한국,,주식회사 루믹스미디어,청소년관람불가,성인물(에로),,
굶주린 앞집 여자,2024-05-16,일본,일본,,(주)가온콘텐츠,청소년관람불가,멜로/로맨스,시즈카만,
그녀의 아늑한 구멍,2024-05-17,일본,일본,,주식회사 피에스앤제이,청소년관람불가,성인물(에로),,
남편 몰래온 도련님 무삭제판,2024-05-16,일본,일본,,(주)가온콘텐츠,청소년관람불가,멜로/로맨스,사쿠라비토,
몰래 들어온 유부녀 무삭제판,2024-05-16,일본,일본,,(주)가온콘텐츠,청소년관람불가,멜로/로맨스,사쿠라비토,
몰래하는 와이프 무삭제판,2024-05-16,일본,일본,,(주)가온콘텐츠,청소년관람불가,멜로/로맨스,사쿠라비토,
몸으로 받은 택배 무삭제판,2024-05-16,일본,일본,,(주)가온콘텐츠,청소년관람불가,멜로/로맨스,사쿠라비토,
무방비 욕정,2024-05-16,일본,일본,,(주)가온콘텐츠,청소년관람불가,멜로/로맨스,,
발정 난 친구 여동생,2024-05-14,한국,한국,(주)두리컴미디어,(주)두리컴미디어,청소년관람불가,성인물(에로),,
상사의 음란 아내 무삭제판,2024-05-16,일본,일본,,(주)가온콘텐츠,청소년관람불가,멜로/로맨스,사쿠라비토,
새엄마 뒷문 열어버린 의붓아들,2024-05-16,일본,일본,,(주)영진크리에이티브,청소년관람불가,"멜로/로맨스,드라마",,
새엄마는 관계중 무삭제판,2024-05-16,일본,일본,,(주)가온콘텐츠,청소년관람불가,멜로/로맨스,사쿠라비토,
세틀러스,2024-05-15,남아프리카공화국,남아프리카공화국,,(주)하이스트레인저,15세이상관람가,"SF,스릴러",,
스와핑：새엄마의 명품 몸매,2024-05-14,한국,한국,,(주)영화사가을,청소년관람불가,멜로/로맨스,,
신도시 엄마들 III,2024-05-16,한국,한국,진픽쳐스,유한회사 스튜디오 획,청소년관람불가,성인물(에로),정도수,
아내가 낯선남자와 침대에 누워있는걸 목격했다,2024-05-16,일본,일본,,(주)영진크리에이티브,청소년관람불가,"멜로/로맨스,드라마",,
아내가 모른 비밀사정,2024-05-16,일본,일본,,(주)가온콘텐츠,청소년관람불가,멜로/로맨스,나카노 야요이,
옆집 부인 상담중,2024-05-17,일본,일본,,주식회사 피에스앤제이,청소년관람불가,성인물(에로),,
오늘은 저녁은 어린 여자,2024-05-16,한국,한국,(주)샤이커뮤니케이션즈,(주)샤이커뮤니케이션즈,청소년관람불가,성인물(에로),,
욕정에 젖은 맛,2024-05-16,일본,일본,,(주)가온콘텐츠,청소년관람불가,멜로/로맨스,,
위험한 취향의 글래머,2024-05-16,한국,한국,(주)샤이커뮤니케이션즈,(주)샤이커뮤니케이션즈,청소년관람불가,성인물(에로),,
적극적인 조카의 몸 무삭제판,2024-05-16,일본,일본,,(주)가온콘텐츠,청소년관람불가,멜로/로맨스,사쿠라비토,
젖은 속옷에 비친 유부녀,2024-05-16,일본,일본,,(주)가온콘텐츠,청소년관람불가,멜로/로맨스,시즈카만,
질퍽한 E컵 풍속녀 무삭제판,2024-05-14,일본,일본,,주식회사 미콘,청소년관람불가,성인물(에로),,
쾌감에 젖은 새엄마,2024-05-16,일본,일본,,(주)가온콘텐츠,청소년관람불가,멜로/로맨스,,
터져버린 성욕,2024-05-16,일본,일본,,(주)가온콘텐츠,청소년관람불가,멜로/로맨스,나카노 야요이,
형수는 섹스를 배운다 무삭제판,2024-05-16,일본,일본,,(주)가온콘텐츠,청소년관람불가,멜로/로맨스,사쿠라비토,
과외 수업,,이집트,이집트,,,,드라마,,
광채,,기타,"기타,서독,일본,프랑스",,,,"드라마,판타지",술레이만 시세,
굿바이 줄리아,,기타,기타,,,,드라마,,
그림자 속의 여자,,모로코,모로코,,,,"드라마,범죄,스릴러",,
그왈루의 여정,,기타,기타,,,,드라마,,
넬슨 만델라: 자유를 향한 카운트다운,,남아프리카공화국,남아프리카공화국,,,,다큐멘터리,,
바늘,,기타,기타,,,,드라마,,
배틀 오브 더 셰프,,기타,기타,,,,"멜로/로맨스,코미디",,
수파 모도,,독일,"독일,케냐",,,,드라마,,
스쿨 데이즈,,기타,기타,,,,"액션,드라마",,
시라: 모래 폭풍의 여인,,프랑스,프랑스,,,15세이상관람가,드라마,,
"앙골라의 여왕, 은징가",,기타,기타,,,,드라마,,
이발로,,기타,기타,,,,다큐멘터리,,
존 오브 인터레스트,2024-06-05,미국,미국,,TCO(주)더콘텐츠온,12세이상관람가,드라마,조나단 글레이저,"크리스티안 프리에델,산드라 휠러"
노무현과 바보들: 못다한 이야기,2024-05-23,한국,한국,(주)바보들,(주)라이크콘텐츠,12세이상관람가,다큐멘터리,김재희,노무현
7인의 신부,1972-12-24,미국,미국,메트로-골드윈-마이어,,,"뮤지컬,코미디",스탠리 도넌,"제인 포웰,제프 리차드스,하워드 킬"
오늘부터 댄싱퀸,2024-05-29,노르웨이,노르웨이,,"그린나래미디어(주),주식회사 로아앤코홀딩스",전체관람가,드라마,오로라 고세,
백조,,미국,미국,메트로-골드윈-마이어,,,"사극,코미디,드라마",,
바커스: 슈퍼스타가 될 거야,2024-06-01,러시아,러시아,,"와이드 릴리즈(주),(주)태양미디어그룹",전체관람가,애니메이션,,"박시윤,김소희,임하진,서정익,정해은"
원더랜드,2024-06-05,한국,한국,"(주)영화사봄,(주)기린제작사",(주)에이스메이커무비웍스,12세이상관람가,드라마,김태용,"탕웨이,김새윤,배수지,박보검,정유미,최우식,탕준상,성병숙,최무성,이얼,강애심,김성령,박희본,아누팜 트리파티,달시 파켓,장윤정,송덕호,장성윤,공유,박연우,민지아,강진아,김그림,박미현,조희봉,전수지,전운종,정성인,이서아,전수영,문정웅,이남경,정성인,김준경,김채은,한사명,조한결"
사랑만들기,1983-02-20,한국,한국,남아진흥(주),(주)프리즘웍스,15세이상관람가,"드라마,멜로/로맨스",문여송,"길용우,최선아,이효정"
정욕,2024-05-29,일본,일본,,해피송,15세이상관람가,"드라마,멜로/로맨스",기시 요시유키,"이나가키 고로,아라가키 유이,이소무라 하야토,이와세 료"
"1초 앞, 1초 뒤",2024-06-19,일본,일본,,"(주)빌리언스플러스,(주)블루라벨픽쳐스",전체관람가,"멜로/로맨스,판타지",야마시타 노부히로,"오카다 마사키,키요하라 카야,히이라기 히나타"
짙은 선홍색,,멕시코,"멕시코,프랑스,스페인",,,,기타,,다니엘 지멘네즈 카초
하이재킹,2024-06-21,한국,한국,"(주)퍼펙트스톰필름,채널플러스 주식회사","소니픽쳐스엔터테인먼트코리아주식회사극장배급지점,(주)키다리스튜디오",12세이상관람가,"범죄,액션",김성한,"하정우,여진구,성동일,채수빈,문유강,임형택,전정관,정예진,문우진,홍정혜,전영,변효준,서영삼,조주경,김철윤,정은선,김동욱,최광일,김종수,임세미,김선영,박지아,박수영,박지환,문성준,한수현,박지원,정지영,배준수,한송호,도예준,권정민,황기석,전인혁,이승준,조재준,한승헌,김소연,박하은,신수현,김봉현,염지영,민재경,김세중,손광민,추은경,이상협,오은재,김용범,김영규,장예슬,박세련,이상희,채상근,천성진,이민아,임정아,이서원,임세찬,정이듬,김병남,조새연,이시온,노정현,손병욱,백승익,정준환,정재현,임병우,이지현,이도후,김우현,변상문,구민혁,임정균,서윤석,김서현,곽나현"
보디히트,1982-02-12,미국,미국,,,연소자관람불가,"범죄,드라마,스릴러",로렌스 캐스단,"윌리엄 허트,캐슬린 터너,리차드 크레나,테드 댄슨"
키타로 탄생 게게게의 수수께끼,2024-06-12,일본,일본,,(주)디스테이션,15세이상관람가,애니메이션,,"사와시로 미유키,노자와 마사코"
다섯 번째 방,2024-06-05,한국,한국,탄탄필름,영화배급협동조합 씨네소파,12세이상관람가,다큐멘터리,전찬영,전찬영
극장판 프리파라 모두의 동경♪ 렛츠고☆프리파리,2017-12-28,일본,일본,,(주)박수엔터테인먼트,전체관람가,애니메이션,모리와키 마코토,
브라바도스,,미국,미국,,,,서부극(웨스턴),헨리 킹,"그레고리 펙,조안 콜린스"
밀레니엄 맘보,2003-05-30,대만,대만,,"(주)에이유앤씨,(주)하이스트레인저,화인프로덕션","18세관람가,청소년관람불가",드라마,허우 샤오시엔,"서기,고첩"
야간문,,프랑스,프랑스,,,,"전쟁,드라마",마르셀 카르네,"피에르 브라소,세르주 레지아니,이브 몽땅"
우리들의 낙원,,미국,미국,,,,"코미디,멜로/로맨스",프랭크 카프라,"진 아서,라이오넬 배리모어"
난 엄청 창의적인 휴머니스트 뱀파이어가 될 거야,2024-05-29,캐나다,캐나다,,(주)트리플픽쳐스,12세이상관람가,"코미디,멜로/로맨스,드라마,공포(호러)",,
오토라는 남자,2023-03-29,미국,미국,,소니픽쳐스엔터테인먼트코리아주식회사극장배급지점,12세이상관람가,드라마,마크 포스터,톰 행크스
극장판 프리파라 모두 모여라! 프리즘☆투어즈,2016-10-13,한국,한국,동우에이앤이(주),"동우에이앤이(주),(주)박수엔터테인먼트",전체관람가,애니메이션,히시다 마사카즈,
사랑하는 여인들,,영국,영국,,,,기타,켄 러셀,
니자리,2024-06-20,한국,한국,㈜금강상회,"(주)드림팩트엔터테인먼트,(주)빅브라더스",15세이상관람가,"공포(호러),코미디",홍상진,"김신용,김미영,이은지,최민영,이재훈,민수진"
빼꼼: 미션 투 마스,2024-06-01,중국,중국,,(주)박수엔터테인먼트,전체관람가,애니메이션,,"신정훈,송기원,석승훈,박상우"
친구여 조용히 가다오,1982-03-26,한국,한국,남아진흥(주),(주)프리즘웍스,"12세이상관람가,국민학생관람불가",드라마,고영남,"독고성,이영하,원미경,신성일"
백조의 호수,,영국,영국,,(주)위즈온센,,공연,,
팬텀 스레드,2018-03-08,미국,미국,,유니버설픽쳐스인터내셔널 코리아(유),15세이상관람가,드라마,폴 토마스 앤더슨,"다니엘 데이 루이스,빅키 크리엡스,레슬리 맨빌"
파리의 아메리카인,,미국,미국,,,,"드라마,뮤지컬,멜로/로맨스",빈센트 미넬리,
친밀함,,일본,일본,,(주)디오시네마,,드라마,하마구치 류스케,
유랑극단,,그리스,그리스,,,,기타,테오 앙겔로풀로스,
그레이트 칸,2024-05-23,카자흐스탄,카자흐스탄,,주식회사 풍경소리,15세이상관람가,"액션,전쟁",,
삼등과장,,한국,한국,,,,"코미디,멜로/로맨스,드라마",이봉래,"김승호,도금봉,황정순,김희갑"
진홍의 평원,,영국,영국,,,,"어드벤처,드라마,전쟁",로버트 패리쉬,"그레고리 펙,브렌다 드 밴지"
옛날 옛적 서부에서,,미국,"미국,이탈리아",,,,서부극(웨스턴),세르지오 레오네,"헨리 폰다,클라우디아 카르디날레,제이슨 로바즈,찰스 브론슨"
천사,,프랑스,프랑스,,,,기타,,
샤이닝,2023-06-28,미국,미국,워너 브러더스 픽쳐스,워너브러더스 코리아(주),청소년관람불가,"공포(호러),스릴러",스탠리 큐브릭,"잭 니콜슨,셸리 듀발,대니 로이드"
캡틴 판타스틱,2016-11-30,미국,미국,,"(주)팝엔터테인먼트,주식회사 더쿱",15세이상관람가,드라마,매트 로스,"비고 모텐슨,조지 맥케이,애너리즈 바쏘"
물방울을 그리는 남자,2022-09-28,한국,한국,(주)미루픽처스,"(주)영화사 진진,(주)미루픽처스",전체관람가,다큐멘터리,"김오안,브리짓 부이요",김창열
그린 나이트,2021-08-05,미국,미국,,(주)팝엔터테인먼트,15세이상관람가,"어드벤처,드라마,판타지",데이빗 로워리,"데브 파텔,알리시아 비칸데르,조엘 에저튼,사리타 초우드리,랄프 아인슨,케이트 디키,숀 해리스"
켄터키 프라이드,,미국,미국,,,,기타,존 포드,
[낫띵벗필름x인디스페이스] 5월- 박종환: 그곳에 진실함이 있다.,,한국,한국,,,,기타,,
콜디츠 스토리,,영국,영국,,,,"드라마,전쟁",가이 해밀튼,존 밀스
머스트 비 헤븐,,프랑스,"프랑스,카타르,독일,캐나다,터키,팔레스타인",,엠엔엠인터내셔널(주),,기타,엘리아 술레이만,엘리아 술레이만
더 파더,2021-04-07,영국,영국,,판씨네마(주),12세이상관람가,드라마,플로리안 젤러,"안소니 홉킨스,올리비아 콜맨,마크 게티스,올리비아 윌리엄스,이모겐 푸츠,루퍼스 스웰"
라인강의 감시,,미국,미국,,,,드라마,,베티 데이비스
자백,2022-10-26,한국,한국,리얼라이즈픽쳐스(주),롯데컬처웍스(주)롯데엔터테인먼트,15세이상관람가,"범죄,스릴러",윤종석,"김도형,소지섭,최백구,김윤진,나나,최광일,박현숙,홍서준,박미현,서영주,황선희,한갑수,김용호,이강진,정청민,박지열,안문주,배재완,조진결,유건우,김관수,안애경,이동규,마정필,원동연,신훈희,김빛나래,백승훈,정윤하,이민식,이승현,김경석,오지영,진범일,김제형,최일순,한동원,유인혜,김시우,선율우,이재경,안세진,홍달표,문헌주,김흥태,박시현"
우주에서 가장 밝은 지붕,2022-03-17,일본,일본,,트윈플러스파트너스(주),전체관람가,"판타지,드라마",후지이 미치히토,"키요하라 카야,이토 켄타로,미즈노 미키"
내 여동생과 섹스해 줘,2024-05-24,한국,한국,(주)샤이커뮤니케이션즈,(주)샤이커뮤니케이션즈,청소년관람불가,성인물(에로),,
눈앞에서 자위하라고 강요하는 누나,2024-05-23,한국,한국,(주)샤이커뮤니케이션즈,(주)샤이커뮤니케이션즈,청소년관람불가,성인물(에로),,
욕정에 미친 그녀,2024-05-24,한국,한국,(주)샤이커뮤니케이션즈,(주)샤이커뮤니케이션즈,청소년관람불가,성인물(에로),,
잠든 형부를 맛보는 처제,2024-05-23,한국,한국,(주)샤이커뮤니케이션즈,(주)샤이커뮤니케이션즈,청소년관람불가,성인물(에로),,
전투적인 새엄마,2024-05-24,한국,한국,솔앤드 주식회사,솔앤드 주식회사,청소년관람불가,성인물(에로),,
찰떡 진 사돈댁,2024-05-24,한국,한국,솔앤드 주식회사,솔앤드 주식회사,청소년관람불가,성인물(에로),,
악마,,폴란드,폴란드,,,,기타,안드레이 줄랍스키,
여덟 개의 산,2023-09-20,이탈리아,이탈리아,,(주)영화사 진진,12세이상관람가,드라마,펠릭스 반 그뢰닝엔,"루카 마리넬리,알레산드로 보르기"
프레데릭 백 단편선,,캐나다,캐나다,,,,기타,,
2층에서 들려오는 노래,,스웨덴,"스웨덴,노르웨이,덴마크",,,,"코미디,드라마",로이 안데르손,"라르스 노르드,스테판 라르손"
봄날,2022-04-27,한국,한국,(주)엠씨엠씨,(주)콘텐츠판다,15세이상관람가,"드라마,액션",이돈구,"손현주,박혁권,손숙,정석용,박소진,정지환,이지훈,허정도,김기정,서광재,이병길,정애화,김성대,박성남,이정수,김종호,김한나,류효정,김성준,오수민,박상아,우상기,이수광,현오봉,최윤봉,남기쁨,최정태,박성인,김만호,김동욱,이상묵,이동규,정창원,안성민,유동훈,이우룡,정연신,신준호,류경현,김정원,이진호,고훈목,백승우,이은석,김영노,고기혁,홍은정,김희성,현봉식,조경현,백승우"
라파엘로. 예술의 군주,2024-05-29,이탈리아,이탈리아,,일미디어,전체관람가,다큐멘터리,,
라라걸,2020-04-15,호주,호주,,판씨네마(주),전체관람가,드라마,레이첼 그리피스,"테레사 팔머,샘 닐,설리반 스탭플턴"
마스크 걸-라이브 방송,2024-05-24,한국,한국,(주)파랑새미디어,(주)영진크리에이티브,청소년관람불가,"성인물(에로),드라마,멜로/로맨스",이타치,
BJ 떡방 수사대,2024-05-24,한국,한국,(주)파랑새미디어,(주)영진크리에이티브,청소년관람불가,"성인물(에로),드라마,멜로/로맨스",이타치,
금단의 새엄마 : 이건 동정이야,2024-05-24,일본,일본,,(주)영진크리에이티브,청소년관람불가,"멜로/로맨스,드라마",,
남편을 보낸 후 하루만에 팬티 내렸어요,2024-05-24,일본,일본,,(주)영진크리에이티브,청소년관람불가,"멜로/로맨스,드라마",,
동창회의 목적 2024,2024-05-24,한국,한국,(주)영화사가을,(주)영화사가을,청소년관람불가,멜로/로맨스,,
스와핑 : 남의 여자가 더 맛있다,2024-05-20,한국,한국,,(주)영화사가을,청소년관람불가,멜로/로맨스,,
아픈 아내 앞에서 윗집 여자와 구멍 공유,2024-05-24,일본,일본,,(주)영진크리에이티브,청소년관람불가,"멜로/로맨스,드라마",,
잘익은 버섯 먹으러왔어요,2024-05-24,일본,일본,,(주)영진크리에이티브,청소년관람불가,"멜로/로맨스,드라마",,
흑인주인과흥분한여대생들,2024-05-24,한국,한국,스마일컨텐츠,스마일컨텐츠,청소년관람불가,성인물(에로),천성준,
헬리오폴리스,,기타,기타,,,,기타,자파르 가셈,
결속밴드 라이브 -항성-,2024-05-29,일본,일본,,씨제이 씨지브이(CJ CGV)(주),전체관람가,공연,,"아오야마 요시노,스즈시로 사유미,미즈노 사쿠,하세가와 이쿠미"
코코,2018-01-11,미국,미국,,월트디즈니컴퍼니코리아 유한책임회사,전체관람가,애니메이션,리 언크리치,"가엘 가르시아 베르날,앤서니 곤잘레스,벤자민 브랫"
업,2009-07-29,미국,미국,"월트 디즈니 픽쳐스,픽사 애니메이션 스튜디오",한국소니픽쳐스릴리징브에나비스타영화㈜,전체관람가,"애니메이션,코미디,어드벤처,가족","피트 닥터,밥 피터슨","에드워드 애스너,밥 피터슨,이순재"
월ㆍE,2008-08-06,미국,미국,,한국소니픽쳐스릴리징브에나비스타영화㈜,전체관람가,"애니메이션,코미디,액션,어드벤처,가족,SF",앤드류 스탠튼,"엘리사 나이트,벤 버트"
다시 만난 날들,2020-09-24,한국,한국,(주)케이무비스튜디오,(주)영화사오원,12세이상관람가,"뮤지컬,드라마,멜로/로맨스",심찬양,"홍이삭,장하은"
나쁜 녀석들: 라이드 오어 다이,2024-06-06,미국,미국,,소니픽쳐스엔터테인먼트코리아주식회사극장배급지점,15세이상관람가,"액션,코미디","아딜 엘 아르비,빌랄 팔라","윌 스미스,마틴 로렌스,조 판톨리아노,바네사 허진스,알렉산더 루드윅,이안 그루퍼드"
닻을 올리고,,미국,미국,,,,"코미디,뮤지컬",조지 시드니,"프랭크 시내트라,캐서린 그레이슨,진 켈리"
명탐정 코난 VS 괴도 키드,2024-06-05,일본,일본,,(주)씨제이이엔엠,12세이상관람가,애니메이션,,"타카야마 미나미,야마구치 캇페이,야마자키 와카나"
키다리 아저씨,,미국,미국,,,,"뮤지컬,멜로/로맨스",진 네글레스코,"프레드 아스테어,레슬리 카론,테리 무어,델마 리터"
천사탈주,,미국,미국,,,,코미디,마이클 커티즈,"험프리 보가트,알도 레이"
김준수 콘서트 무비 챕터 원 : 레크리에이션,2024-06-05,한국,한국,(주)영화사 그램,"롯데컬처웍스(주)롯시플,(주)영화사 그램",전체관람가,공연,조윤수,김준수
태극기 휘날리며,2004-02-05,한국,한국,강제규필름,"(주)제이앤씨미디어그룹,와이드 릴리즈(주),(주)다자인소프트,(주)쇼박스",15세관람가,"전쟁,드라마",강제규,"장동건,원빈,이은주,조원희,이장욱,임성택,공형진,이영란,정희준,장민호,정호빈,박동빈,김해곤,박유신,김효열,김효준,최재혁,이건우,박태원,배상철,김범주,한선랑,이동혁,한재민,지중현,김대영,민지혁,이호천,임동빈,김재중,박성희,정승진,이정훈,오명준,이기수,김용현,이주원,이환희,박길수,안길강,권태원,최교식,김조운,전승재"
SISFF2024 단편경쟁 2,,기타,기타,,,,드라마,,
2024 서울국제노인영화제(제16회) 개막식,,한국,한국,,,,기타,,
SISFF2024 단편경쟁 3,,기타,기타,,,,드라마,,
SISFF2024 단편경쟁 6,,기타,기타,,,,드라마,,
SISFF2024 기억 아카이빙,,한국,한국,,,,다큐멘터리,,
SISFF2024 단편경쟁 10,,기타,기타,,,,"드라마,다큐멘터리",,
SISFF2024 단편경쟁 4,,기타,기타,,,,"다큐멘터리,드라마",,
SISFF2024 단편경쟁 8,,기타,기타,,,,"드라마,다큐멘터리",,
SISFF2024 단편경쟁 9,,기타,기타,,,,"드라마,다큐멘터리",,
라따뚜이,2007-07-25,미국,미국,"픽사 애니메이션 스튜디오,월트 디즈니 픽쳐스",한국소니픽쳐스릴리징브에나비스타영화㈜,전체관람가,"애니메이션,드라마,코미디,가족",브래드 버드,"패튼 오스왈트,루 로마노,피터 손"
SISFF2024 단편경쟁 1,,기타,기타,,,,"드라마,다큐멘터리",,
SISFF2024 단편경쟁 5,,기타,기타,,,,드라마,,
SISFF2024 단편경쟁 7,,기타,기타,,,,"드라마,다큐멘터리,애니메이션",,
애심,1973-03-10,미국,미국,콜럼비아 픽쳐스 코포레이션,,12세이상관람가,"드라마,뮤지컬",조지 시드니,"타이론 파워,킴 노박"
SISFF2024 도슨트 초이스 1,,한국,한국,,,,"드라마,다큐멘터리",,
SISFF2024 명예의 전당: 배리어프리,,한국,한국,,,,드라마,,
검사와 여선생,,한국,한국,,,,멜로/로맨스,윤대룡,
빅 키즈,,프랑스,프랑스,,,,드라마,,
오부자,1958-04-19,한국,한국,삼우프로덕션,,,코미디,권영순,"김희갑,김희갑,김희갑,이종철"
와룡선생 상경기,,한국,한국,신필름,,,코미디,김용덕,"김희갑,허장강,윤인자,엄앵란"
장인이 된 소년,,한국,한국,,,,다큐멘터리,,
필라델피아 스토리,,미국,미국,,,,"코미디,멜로/로맨스",조지 쿠커,"캐리 그랜트,캐서린 헵번,제임스 스튜어트"
킹 오브 프리즘 - 프라이드 더 히어로,2017-06-10,일본,일본,,"동우에이앤이(주),(주)박수엔터테인먼트",15세이상관람가,애니메이션,히시다 마사카즈,"남도형,우치다 유우마,엄상현,이원찬,정주원,이정민,한신,황창영,김현욱,탁원정,이경태,심승한,사성웅,이규창"
양치기,2024-06-12,한국,한국,"방과후 필름,영화사 손가락",(주)마노엔터테인먼트,15세이상관람가,"드라마,스릴러",손경원,"손수현,오한결,김해나,김윤배,조경창,남미정,김학선,손예원,장우연,정세비,김금순,송정빈,안채흠,김종인,이지민,변정하,강주혁,표예리,오유민,박현준,배진만,강경숙,김지희,이동욱,진경호,김윤영,김준형,이주원,유병영,박소연,박광서,윤경진,강주혁,김의환,박시후"
킹 오브 프리즘 (바이 프리티 리듬),2016-08-11,일본,일본,,(주)박수엔터테인먼트,12세이상관람가,"애니메이션,드라마,판타지",히시다 마사카즈,우치다 유우마
굽이도는 증기선,,미국,미국,,,,기타,존 포드,
구봉서의 벼락부자,,한국,한국,,,,"드라마,코미디",김수용,"구봉서,김희갑,도금봉"
맹진사댁 경사,,한국,한국,,,,코미디,이용민,
산책,,한국,한국,,,,드라마,,
SISFF2024 도슨트 초이스 2,,한국,한국,,,,드라마,,
돼지꿈,,한국,한국,,,,드라마,한형모,"문정숙,허장강"
블라가의 마지막 수업,,불가리아,"불가리아,독일",,,,드라마,,
여공의 밤,,한국,한국,,(주)시네마달,,다큐멘터리,김건희,
토이 스토리,1995-12-30,미국,미국,픽사 애니메이션 스튜디오,월트디즈니컴퍼니코리아 유한책임회사,"연소자관람가,전체관람가","애니메이션,코미디,판타지",존 라세터,"톰 행크스,팀 알렌,짐 바니"
너무 이른/너무 늦은,,프랑스,"프랑스,이집트",,,,기타,"다니엘 위예,장 마리 스트라우브",
백야,,이탈리아,이탈리아,,,,드라마,루치노 비스콘티,"마리아 쉘,마르첼로 마스트로얀니,장 마레"
춘희,,미국,미국,,,,"멜로/로맨스,드라마",조지 쿠커,"로버트 테일러,그레타 가르보"
월드시네마 2024 묶음상영4,,기타,기타,,,,기타,,
7인의 무뢰한,,미국,미국,,,,서부극(웨스턴),버드 보에티처,"랜돌프 스콧,게일 러셀"
2024 시네마테크의 친구들 영화제 첫날 밤 + 하숙인,,기타,기타,,,,기타,,
로미오와 줄리엣,,미국,미국,,,,공연,,
선셋 송,,영국,"영국,룩셈부르크",,,,드라마,테렌스 데이비스,
에스더의 왕,,이탈리아,"이탈리아,미국",,,,드라마,"마리오 바바,라울 월쉬","조안 콜린스,리차드 에건"
저주받은 아이들,,영국,영국,,,,"드라마,SF",조셉 로지,"맥도날드 캐리,셜리 앤 필드"
스위트 이스트,,미국,미국,,,,드라마,,
토이 스토리 2,1999-12-18,미국,미국,"픽사 애니메이션 스튜디오,월트 디즈니 픽쳐스",,전체관람가,"애니메이션,어드벤처,가족","존 라세터,리 언크리치,애쉬 브래넌","톰 행크스,팀 알렌,조앤 쿠삭"
니모를 찾아서,2003-06-05,미국,미국,월트디즈니코리아㈜,월트디즈니코리아㈜,전체관람가,"애니메이션,코미디,어드벤처,가족",앤드류 스탠튼,"엘렌 드제너스,알버트 브룩스"
생츄어리,2024-06-12,한국,한국,"케플러49,(주)시네마달",(주)시네마달,12세이상관람가,다큐멘터리,왕민철,
쥴 앤 짐,1997-01-04,프랑스,프랑스,르 필름즈 두 카로스,"(주)엣나인필름,㈜영화사 백두대간","고등학생이상관람가,15세이상관람가","드라마,멜로/로맨스",프랑수아 트뤼포,"오스카 베르너,앙리 세르"
레옹 모랭 신부,,프랑스,"프랑스,이탈리아",,,,드라마,장 피에르 멜빌,"장 폴 벨몽도,엠마누엘 리바"
순례여행,,미국,미국,,,,드라마,존 포드,
소프트 앤 하드,,영국,"영국,스위스",,,,기타,장 뤽 고다르,
4월이 되면 그녀는,2024-11-13,일본,일본,,(주)디스테이션,12세이상관람가,"멜로/로맨스,드라마",,"사토 타케루,나가사와 마사미,모리 나나"
스프린터,2023-05-24,한국,한국,영화사 만화경,스튜디오 에이드,12세이상관람가,드라마,최승연,"박성일,공민정,임지호,전신환,송덕호,최준혁,한태경"
메기,2019-09-26,한국,한국,"국가인권위원회,2X9HD","(주)엣나인필름,CGV아트하우스",15세이상관람가,"미스터리,코미디",이옥섭,"이주영,문소리,구교환,김영관,박경혜,윤정재,동방우,권해효,김꽃비,오희준,박강섭,임수형,심달기,박종환,던밀스,천우희,박길수,김민서,안원진,이주영,이옥섭,유지영,이성례,정향춘,강원,김병수,이천희,이주영,홍석종,이하은,이찬희,이희웅,이희웅,강수민,권효진,권태원,김형주,나상조,방현용,장동식,오경주,오성택,윤지아,이영인,이옥섭,오대창,윤동혁,박종학,한태의,김기현,이준섭,최희연,김자준,최현지,고미혜,오경주,이은애,양정혁,양다니엘,김호,최연지,문유진,최현지,심달기,장성준,이효정,홍석주,홍석종,홍석희,김지민,이준섭,이겨울,원서영,임찬욱,김세윤,최경빈,장서현,나승현,이천희,김신정,황혜나,김성곤,김성곤,배은혜,강원,박성은"
자유의 환영,,프랑스,프랑스,,,,코미디,루이스 브뉘엘,
사우스사이드 위드 유,2018-09-06,미국,미국,,주식회사 마운틴픽쳐스,12세이상관람가,"드라마,멜로/로맨스",리차드 탠,"티카 섬터,파커 소여"
남동생마저 노리는 욕정녀,2024-05-31,한국,한국,(주)샤이커뮤니케이션즈,(주)샤이커뮤니케이션즈,청소년관람불가,성인물(에로),,
백치미 가득한 육덕녀,2024-05-30,한국,한국,(주)샤이커뮤니케이션즈,(주)샤이커뮤니케이션즈,청소년관람불가,성인물(에로),,
불륜에 중독된 변태 유부녀,2024-05-31,한국,한국,(주)샤이커뮤니케이션즈,(주)샤이커뮤니케이션즈,청소년관람불가,성인물(에로),,
야한 취미의 변태녀들,2024-05-30,한국,한국,(주)샤이커뮤니케이션즈,(주)샤이커뮤니케이션즈,청소년관람불가,성인물(에로),,
(로컬 픽: 시간과 빛) 기록자들,,한국,한국,,,,다큐멘터리,,
거북의 등딱지는 갈비뼈,2024-06-01,일본,일본,,(주)미디어캐슬,12세이상관람가,애니메이션,모리 · 마사,"시미즈 히로야,이소무라 하야토,에구치 타쿠야"
모든 것을 벗어던진 특별한 여행,2020-07-29,호주,호주,,주식회사 블루필름웍스,15세이상관람가,"코미디,멜로/로맨스",,존 클리즈
페이퍼 스파이더스,2023-05-18,미국,미국,,주식회사 블루필름웍스,15세이상관람가,"드라마,가족",,릴리 테일러
비련,1983-04-23,한국,한국,남아진흥(주),(주)프리즘웍스,"연소자관람불가,15세이상관람가","드라마,멜로/로맨스",심재석,"김선자,박선희,남궁원"
술과 장미의 나날,,미국,미국,,,,기타,블레이크 에드워즈,
죽어도 좋은 경험: 천사여 악녀가 되라,2021-07-15,한국,한국,유성영화(주),주식회사 블루필름웍스,"연소자관람불가,청소년관람불가","드라마,미스터리",김기영,"윤여정,현길수,이탐미,김학,조주미,남성국,임성국,김정근,임정일,이영호,손영순,신신범,유형관,황진,송일동,강수진,조신영,진나래"
어처구니없는,2021-04-22,기타,기타,,주식회사 블루필름웍스,15세이상관람가,"미스터리,코미디",,
월드시네마 2024 묶음상영1,,기타,기타,,,,기타,,
따뜻하고 따뜻하고 뜨겁고,2024-06-01,일본,일본,,주식회사 블루필름웍스,청소년관람불가,멜로/로맨스,이마오카 신지,"마루 준코,하마다 마나부"
워킹 스트리트,2016-11-17,한국,한국,"(주)컨텐츠로드,(주)케이피필름",(주)모멘텀엔터테인먼트,청소년관람불가,드라마,이상우,"백성현,이시강,이송이,김헌,정선화,조정훈,최이태,서호철"
5월 수요단편극장 WP: 수요프리미어,,한국,한국,,,,기타,,
"고토, 사랑의 섬",,프랑스,프랑스,,,,드라마,,
더 테이블,2017-08-24,한국,한국,볼미디어(주),(주)엣나인필름,12세이상관람가,"드라마,멜로/로맨스",김종관,"정유미,한예리,정은채,임수정,박윤주,전성우,정규환,안성문,이재훈,황유진,연우진,정준원,정예녹,임선우"
거친 떡질-점장님 거친맛에 떡실신,2024-05-27,일본,일본,,(주)영진크리에이티브,청소년관람불가,"성인물(에로),드라마,멜로/로맨스",나가에,
단백질 도둑 치아키 : 빨딱 섰네,2024-05-30,일본,일본,,(주)영진크리에이티브,청소년관람불가,"멜로/로맨스,드라마",,
만지고 세우고 싸고-셀카에 흥분한 섹파,2024-05-28,일본,일본,,(주)영진크리에이티브,청소년관람불가,"성인물(에로),드라마,멜로/로맨스",히무 롯쿠,
발정난여대생들의비밀섹스-무삭제,2024-05-28,한국,한국,에이원 미디어,에이원 미디어,청소년관람불가,성인물(에로),천성준,
사내커플 : 신음소리 가득한 사무실,2024-06-02,한국,한국,,(주)영화사가을,청소년관람불가,멜로/로맨스,,
새엄마가 내 친구와 해버렸다-나도 싸게 해줘,2024-05-28,일본,일본,,(주)영진크리에이티브,청소년관람불가,"성인물(에로),드라마,멜로/로맨스",토미죠 타로,
"스탠바이, 웬디",2018-05-30,미국,미국,,판씨네마(주),전체관람가,드라마,벤 루윈,"다코타 패닝,토니 콜렛,앨리스 이브,토니 레볼로리"
아무 여자 안 가리는 변태돼지 삼형제,2024-05-28,한국,한국,(주)두리컴미디어,(주)두리컴미디어,청소년관람불가,성인물(에로),,
여친엄마의 명품 몸매,2024-05-29,한국,한국,,(주)영화사가을,청소년관람불가,멜로/로맨스,,
연속발기 새엄마의 테크닉,2024-05-31,일본,일본,,(주)도키엔터테인먼트,청소년관람불가,성인물(에로),,
옆집유부녀의 가슴애무 터진날,2024-05-31,일본,일본,,(주)도키엔터테인먼트,청소년관람불가,성인물(에로),,
온 집안에 밤꽃냄새 풀풀-여보 그만 좀 세워,2024-05-28,일본,일본,,(주)영진크리에이티브,청소년관람불가,"성인물(에로),드라마,멜로/로맨스",디렉터 O,
유부남이면 무조건 오케이 신혼집 유부녀 불륜 메이트,2024-05-28,한국,한국,(주)두리컴미디어,(주)두리컴미디어,청소년관람불가,성인물(에로),,
친구가 내 남편 팬티 내려주는걸 목격했다,2024-05-30,일본,일본,,(주)영진크리에이티브,청소년관람불가,"멜로/로맨스,드라마",,
한 남자,2023-08-30,일본,일본,,트윈플러스파트너스(주),12세이상관람가,"범죄,멜로/로맨스,스릴러",이시카와 케이,"츠마부키 사토시,안도 사쿠라"
헤픈섹파-초대남의 낯선 맛이 좋아,2024-05-27,일본,일본,,(주)영진크리에이티브,청소년관람불가,"성인물(에로),드라마,멜로/로맨스",히무 롯쿠,
무너지지 않는다,,한국,한국,,,12세이상관람가,다큐멘터리,김귀민,
매드 맥스: 분노의 도로,2015-05-14,미국,"미국,호주",,워너브러더스 코리아(주),15세이상관람가,"액션,어드벤처,스릴러",조지 밀러,"톰 하디,샤를리즈 테론,니콜라스 홀트,휴 키즈 바인,조 크라비츠,로지 헌팅턴-휘틀리,라일리 코프,메간 게일,애비 리,코트니 이튼"
금지된 장난,2024-06-05,일본,일본,,와이드 릴리즈(주),15세이상관람가,공포(호러),나카타 히데오,"하시모토 칸나,시게오카 다이키"
북극백화점의 안내원,2024-06-19,일본,일본,,(주)팬엔터테인먼트,전체관람가,애니메이션,이타즈 요시미,
분노의 포도,,미국,미국,,,,드라마,존 포드,"헨리 폰다,제인 다웰,존 캐러딘"
리오 그란데,,미국,미국,,,15세관람가,"멜로/로맨스,서부극(웨스턴)",존 포드,"존 웨인,모린 오하라"
프렌치 수프,2024-06-19,프랑스,프랑스,,"주식회사 올랄라스토리,(주)플레이그램",12세이상관람가,"멜로/로맨스,드라마",트란 안 홍,"줄리엣 비노쉬,브누와 마지멜"
삼총사,,미국,미국,,,,"액션,스릴러,드라마",조지 시드니,"진 켈리,로버트 쿠테"
사랑은 비를 타고,,미국,미국,,워너브러더스 코리아(주),,뮤지컬,"진 켈리,스탠리 도넌","진 켈리,도날드 오코너,데비 레이놀즈"
마상지에서 온 편지,,캐나다,캐나다,,,,다큐멘터리,,
판문점,2024-06-19,한국,한국,뉴스타파 필름,(주)엣나인필름,12세이상관람가,다큐멘터리,송원근,박해일
마거리트의 정리,2024-06-27,프랑스,프랑스,,"(주)영화사 진진,(주)하이스트레인저",15세이상관람가,드라마,안나 노비옹,엘라 룸프
킬리만자로의 눈,,미국,미국,,,,"드라마,멜로/로맨스",헨리 킹,"그레고리 펙,에바 가드너,수잔 헤이워드"
한산: 용의 출현,2022-07-27,한국,한국,(주)빅스톤픽쳐스,롯데컬처웍스(주)롯데엔터테인먼트,12세이상관람가,"액션,드라마",김한민,"박해일,이한준,김시국,박희우,안재준,이정태,변요한,안성기,손현주,김성규,김성균,김향기,옥택연,공명,박지환,조재윤,윤제문,박훈,윤진영,김강일,박재민,이서준,김민재,김재영,김구택,손경원,안성봉,이운산,김영웅,공정환,배현성,김대명,정예훈,김한민,김기호,김기환,강신구,김영탁,김공,이재한,정제우,정연,윤대열,김리우,김현태,현봉식,김범석,고한민,문승배,강덕중,서상원,김영찬,배명진,곽민호,정준화,황무영,안태준,이의령,안치욱,강병욱,김호연,김태근,고기영,홍윤,박선교,김동훈,서세명,박형준,이진민,이규탁,남현우,윤상원,이지운,문바롬,김태희,김동현,김우현,남상우,김현승,양동혁,오누리,한봄,박재이,김진희,강리안,강보라,김지아,이다혜,김효주,한송희,한상경,김진형,오지훈,이루겸,최홍락,방병현,황성웅,김이담,김경태,김건보,이동빈,유건기,위민국,정동근,최돈학,권용덕,김용준,김현우,강성락,이종욱,윤상영,김영호,이건록,장한솔,정현옥,이단,백태민,현직,손대민,김무섭,한동국,황민혁,조현수,김서준,채강,엄기영,손수호,이상호,민주호,오창후,김형석,구본혁,우혁,김명곤,문숙,이준혁,윤승훈,박혜영,허중회,이보영,윤현승,김한솔"
2024 서울국제노인영화제(제16회) 폐막식,,한국,한국,,,,기타,,
원한의 도곡리 다리,,미국,미국,,,,"드라마,전쟁",마크 로브슨,"윌리엄 홀든,그레이스 켈리"
마미,2014-12-18,캐나다,"캐나다,프랑스",,(주)엣나인필름,15세이상관람가,드라마,자비에 돌란,"앤 도벌,안토니-올리버 피론,수잔 클레망"
2024 SLIFF 단편모음 1,,한국,한국,,,,기타,,
2024 SLIFF- VOA 특선,,미국,미국,,,,기타,,
2024 sliff 북한인권 세미나,,기타,기타,,,,기타,,
2024 sliff 북한인권 특선,,기타,기타,,,,기타,,
깨진바루,,한국,한국,케이케이시네마(주),,15세이상관람가,드라마,김행수,"윤승원,김강일,류진현"
나발니,,미국,미국,,,,다큐멘터리,,
납치: 사라진 메구미,2023-09-23,일본,일본,,(유)조이앤시네마,15세이상관람가,드라마,,
마리우폴: 잃어버리지 않은 희망,,우크라이나,우크라이나,,,,다큐멘터리,,
별들의 고향,1974-04-26,한국,한국,(주)화천공사,,12세이상관람가,드라마,이장호,"신성일,안인숙,정규영"
잠입,,덴마크,덴마크,,,,다큐멘터리,매즈 브루거,
태양 아래(해설판),2016-07-14,체코,"체코,러시아,독일",,THE 픽쳐스,전체관람가,다큐멘터리,비탈리 만스키,
파편들의 집,2024-07-24,덴마크,"덴마크,핀란드,우크라이나,스웨덴",,필름다빈,12세이상관람가,다큐멘터리,시몬 레렝 빌몽,
행복의 발견,,한국,한국,영화사 무명,,12세이상관람가,다큐멘터리,이용남,
"고산자, 대동여지도",2016-09-07,한국,한국,(주)시네마서비스,(주)씨제이이엔엠,전체관람가,사극,강우석,"김율호,차승원,유준상,김인권,남지현,신동미,남경읍,태인호,공형진,김종수,이형길,임경욱,박선용,박상훈,박정호,박진영,백동현,송민석,송원종,양해길,양희정,전수정,전호근,정명수,정봉연,정진근,노경섭,윤성민,윤준호,이덕형,이문형,이성원,이수민,이윤상,지동주,지현준,최은식,최한기,한명철,홍광표,홍대영,노남석,정준용,김기정,오희준,손성찬,정종열,곽수정,김시우,차청화,임용순,박기륭,박소영,추연규,여민구,이승철,한희경"
킹 오브 프리즘 올 스타즈 -프리즘 쇼☆베스트10-,2020-04-02,일본,일본,,동우에이앤이(주),12세이상관람가,애니메이션,히시다 마사카즈,
킹 오브 프리즘 –샤이니 세븐 스타즈- IV 루이x신x언노운,2019-05-30,일본,일본,,동우에이앤이(주),15세이상관람가,애니메이션,히시다 마사카즈,
사랑할 땐 누구나 최악이 된다,2022-08-25,노르웨이,노르웨이,,"그린나래미디어(주),(주)하이스트레인저",15세이상관람가,"멜로/로맨스,드라마",요아킴 트리에,"레나테 레인스베,앤더스 다니엘슨 라이,헤르베르트 노르드룸"
아일라,2018-06-21,터키,터키,,"주식회사 스튜디오 빅,(주)영화사 빅",15세이상관람가,"드라마,전쟁",칸 울카이,"김설,이스마일 하지오글루"
킹 오브 프리즘 -샤이니 세븐 스타즈-,2019-03-07,일본,일본,,동우에이앤이(주),12세이상관람가,애니메이션,히시다 마사카즈,우치다 유우마
젊은이의 양지,2020-10-28,한국,한국,(주)준필름,(주)리틀빅픽쳐스,15세이상관람가,드라마,신수원,"김호정,윤찬영,정하담,최준영,한재이,진용욱,김보윤,이주원,강태제,김재록,박현영,문수영,이지봄,권소현,김현태,한지원,오정우,안예림,신연식,조은주,임정운,김서하,이명옥,우정우,문인환,조새연,허웅,최준석,신소정,연하라,윤한나,김민정,김여경,노희중,허성우,오춘환,김규연,정윤서,임연지,한기옥,조동환,주광현,노현정,신지인"
누구를 위하여 종은 울리나,1972-03-18,미국,미국,파라마운트 픽쳐스,,미정,"드라마,멜로/로맨스,전쟁",샘 우드,"잉그리드 버그만,게리 쿠퍼"
모녀덮밥 오마카세,2024-06-07,한국,한국,,(주)씨맥스커뮤니케이션즈,청소년관람불가,성인물(에로),,
킹 오브 프리즘 -샤이니 세븐 스타즈- Ⅲ 레오×유우×알렉,2019-05-02,일본,일본,,동우에이앤이(주),12세이상관람가,애니메이션,히시다 마사카즈,
킹 오브 프리즘 –샤이니 세븐 스타즈- II 카케루x조지x미나토,2019-04-04,일본,일본,,동우에이앤이(주),12세이상관람가,애니메이션,히시다 마사카즈,
여행에서 찾은 사랑 로맨스 일탈,2024-06-03,일본,일본,,주식회사 블루필름웍스,청소년관람불가,멜로/로맨스,이마오카 신지,
오빠생각,2016-01-21,한국,한국,(주)조이래빗,(주)넥스트엔터테인먼트월드(NEW),12세이상관람가,"드라마,전쟁",이한,"김현빈,임시완,구철호,고아성,이희준,이준혁,정준원,이레,김영재,임윤경,정대웅,정병두,정세훈,이건하,이성욱,이승빈,이승준,이연화,홍동영,홍솔,강현구,정준용,탕준상,김대현,여윤호,이현정,박수영,김푸름,김향기,장준휘,이정현,손영순,박지연,백인권,김윤태,이상협,이슬이,임재민"
죽음의 사막,,미국,미국,메트로-골드윈-마이어,,,"서부극(웨스턴),드라마",존 포드,"존 웨인,페드로 아르멘다리즈,해리 캐리 주니어,워드 본드,매 마쉬"
월드시네마 2024 묶음상영3,,기타,기타,,,,기타,,
마카리오,,멕시코,멕시코,,,,"드라마,판타지,미스터리",,
밤마다 찾아오는 의붓딸,2024-06-05,한국,한국,,주식회사 피에스앤제이,청소년관람불가,성인물(에로),,
성욕이 너무 강한 글래머,2024-06-06,한국,한국,(주)샤이커뮤니케이션즈,(주)샤이커뮤니케이션즈,청소년관람불가,성인물(에로),,
월드시네마 2024 묶음상영2,,기타,기타,,,,기타,,
이중노출,2024-06-07,한국,한국,대박필름,대박필름,청소년관람불가,성인물(에로),,
처음 본 대물에 젖어버린 유부녀,2024-06-06,한국,한국,(주)샤이커뮤니케이션즈,(주)샤이커뮤니케이션즈,청소년관람불가,성인물(에로),,
에드워드 호퍼,2024-11-27,영국,영국,,영화사빅,전체관람가,다큐멘터리,필 그랩스키,
"제81회 작은영화영화제 - 전국~ 영화자랑! -영남편, 두번째 방문",,한국,한국,,,,기타,,
탐엣더팜,2014-05-22,캐나다,"캐나다,프랑스",,(주)엣나인필름,15세이상관람가,"드라마,스릴러",자비에 돌란,"자비에 돌란,피에르-이브 카르디날,리즈 로이"
아이 킬드 마이 마더,2015-01-15,캐나다,캐나다,,(주)엣나인필름,청소년관람불가,드라마,자비에 돌란,"자비에 돌란,앤 도벌,수잔 클레망,프란시스 아노드"
루시안 프로이트: 자화상,,아일랜드,아일랜드,,,,다큐멘터리,,
하트 비트,2010-11-25,캐나다,캐나다,알리앙스 알틀란티스 비바필름,"(주)엣나인필름,㈜씨에이엔",청소년관람불가,"드라마,멜로/로맨스",자비에 돌란,"모니아 초크리,니엘스 슈나이더,자비에 돌란"
메리 카사트:현대 여성을 그리다,,영국,영국,,,,다큐멘터리,,
제 4회 서울락스퍼국제영화제 VOA 특선,,미국,미국,,,,다큐멘터리,,
신도시 엄마들 IV,2024-06-05,한국,한국,진픽쳐스,유한회사 스튜디오 획,청소년관람불가,성인물(에로),정도수,
오로라 마르디가니안의 빛,,미국,"미국,기타,독일",,,,"다큐멘터리,애니메이션",,
"친구,이혼녀 그리고 양성애자",2024-06-07,한국,한국,(주)룬컴퍼니,(주)룬컴퍼니,청소년관람불가,"성인물(에로),드라마,멜로/로맨스,판타지",모니카,
흑인 남친 자취방에서 생긴일,2024-06-07,한국,한국,스마일컨텐츠,스마일컨텐츠,청소년관람불가,성인물(에로),천성준,
국경의 남쪽,2006-05-04,한국,한국,(주)싸이더스,씨제이엔터테인먼트,12세관람가,드라마,안판석,"차승원,심혜진,유해진,정효숙,송은주,조이진,박지은,박진규,황현아,김동길,백성현,유선아,유수정,이상주,박미경,이석영,장훈,권경선,임병근,임보람,우수인,오민섭,이진옥,이윤호,안혜영,장소연,손범수,손진호,김상호,양지웅,정민성,이민웅,이정민,이아현,이순화"
송환,2004-03-19,한국,한국,푸른영상,㈜인디스토리,12세관람가,다큐멘터리,김동원,"김선명,조창손,김영식"
짝코,1983-10-23,한국,한국,(주)삼영필림,,연소자관람불가,"드라마,범죄,스릴러",임권택,"김희라,최윤석,방희,김정란,김지영"
인사이드 아웃 2,2024-06-12,미국,미국,"월트 디즈니 픽쳐스,픽사 애니메이션 스튜디오",월트디즈니컴퍼니코리아 유한책임회사,전체관람가,애니메이션,켈시 만,"에이미 포엘러,토니 헤일"
밤낚시,,한국,한국,"주식회사 스태넘,마켄필름아시아 유한회사",씨제이 씨지브이(CJ CGV)(주),전체관람가,"SF,스릴러",문병곤,"손석구,임성재,최희서,권영국"
타로,2024-06-14,한국,한국,"영화사 우상,주식회사 스튜디오 창창",(주)영화특별시에스엠씨,청소년관람불가,"공포(호러),미스터리",,"박지원,조여정,김진영,고규필,안성진,현지선"
기괴도,2024-06-12,일본,일본,,와이드 릴리즈(주),15세이상관람가,공포(호러),시미즈 다카시,야마모토 미즈키
너는 달밤에 빛나고,2020-06-10,일본,일본,,"(주)라이크콘텐츠,(주)이수C&E,(주)콘텐츠판다",12세이상관람가,멜로/로맨스,츠키카와 쇼,"나가노 메이,키타무라 타쿠미,오이카와 미츠히로,하세가와 쿄코"
그녀,2014-05-22,미국,미국,,"주식회사 더쿱,유니버설픽쳐스인터내셔널 코리아(유)","청소년관람불가,15세이상관람가","드라마,멜로/로맨스",스파이크 존즈,"호아킨 피닉스,스칼렛 요한슨,에이미 아담스,루니 마라"
퀸 엘리자베스,2024-06-12,영국,영국,,(주)영화사 진진,전체관람가,다큐멘터리,로저 미첼,
쇼처럼 즐거운 인생은 없다,,미국,미국,이십세기폭스필름코퍼레이션,,,뮤지컬,월터 랭,에델 머먼
몽키맨,2024-06-19,미국,미국,,유니버설픽쳐스인터내셔널 코리아(유),청소년관람불가,"액션,스릴러",데브 파텔,"데브 파텔,샬토 코플리,피토바시,비핀 샤르마"
사랑의 비약,,미국,미국,,,,"코미디,멜로/로맨스,판타지",리차드 퀴니,"제임스 스튜어트,킴 노박,잭 레먼"
춤추는 대뉴욕,,미국,미국,메트로-골드윈-마이어,,,"코미디,어드벤처,뮤지컬","스탠리 도넌,진 켈리","진 켈리,프랭크 시내트라"
신의 법정,,미국,미국,,,,드라마,스탠리 크래이머,"스펜서 트레이시,프레드릭 마치,진 켈리"
카브리올레,2024-06-19,한국,한국,(주)마파람,메가박스중앙(주) 플러스엠 엔터테인먼트,15세이상관람가,드라마,조광진,"금새록,류경수,강영석,한예지"
노 웨이 업,2024-06-19,영국,영국,,스튜디오 에이드,15세이상관람가,"액션,스릴러",클라우디오 파,"소피 매킨토시,윌 애튼버러,마누엘 퍼시픽,필리스 로건,콤 미니,제레미아스 아무레,그레이스 네틀"
대치동 스캔들,2024-06-19,한국,한국,로맨틱트라우마픽처스,(주)스마일이엔티,15세이상관람가,"드라마,멜로/로맨스",김수인,"안소희,박상남,타쿠야,조은유,오태경,배유람,신소율,고서희,김태준,윤준원,정인기,장준휘"
이소룡-들,2024-06-19,미국,미국,,(주)에이디지컴퍼니,15세이상관람가,다큐멘터리,데이빗 그레고리,"이소룡,여소룡,하종도,거룡,양소룡"
귀여운 빌리,,미국,미국,,,,"코미디,드라마,멜로/로맨스",조지 쿠커,"주디 할리데이,브로데릭 크로포드"
말타의 매,,미국,미국,,,,"범죄,미스터리",존 휴스턴,"험프리 보가트,메리 아스토"
촌색씨,,한국,한국,,,,"멜로/로맨스,드라마",박영환,"이경태,최은희,이대엽,도금봉"
분노,2017-03-30,일본,일본,,메가박스중앙(주) 플러스엠 엔터테인먼트,청소년관람불가,스릴러,이상일,"와타나베 켄,모리야마 미라이,마츠야마 켄이치,히로세 스즈,미야자키 아오이,츠마부키 사토시,미우라 타카히로,타카하타 미츠키,이케와키 치즈루,하라 히데코"
권총왕,,미국,미국,,,,서부극(웨스턴),헨리 킹,"그레고리 펙,헬렌 웨스트코트"
아프리카의 여왕,,미국,미국,,,,"어드벤처,멜로/로맨스",존 휴스턴,"험프리 보가트,캐서린 헵번"
7월 이야기,,프랑스,프랑스,,,,"코미디,드라마",기욤 브락,
아버지의 초상,2016-01-28,프랑스,프랑스,,"미디어소프트,(주)뮤제엔터테인먼트",12세이상관람가,드라마,스테판 브리제,뱅상 랭동
암살,2015-07-22,한국,한국,(주)케이퍼필름,(주)쇼박스,15세이상관람가,"액션,드라마",최동훈,"전지현,이정재,하정우,오달수,조진웅,이경영,최덕문,김의성,박병은,김홍파,강용빈,홍성지,지동주,장현석,장용현,김민지,김승찬,안태랑,김예은,김정석,김정호,김지원,박상민,박정환,조승우,김해숙,진경,박소은,김인우,심희섭,김태준,차지원,강영묵,정기섭,금새록,원현준,안민영,허지원,곽자형,허정도,유정호,정인겸,김서원,김준우"
우리와 상관없이,2024-06-26,한국,한국,영화사 능소,필름다빈,12세이상관람가,드라마,유형준,"조현진,김미숙,조소연,최성원,곽민규,강일,이양희"
제24회 한국퀴어영화제 [국내단편2] 마주침,,한국,한국,,,,드라마,,
"제14회 스토리업쇼츠 섹션1. 여름, 땡!",,한국,한국,,,,기타,,
제24회 한국퀴어영화제 [국내단편1] 퀴어링 필름,,한국,한국,,,,"드라마,다큐멘터리",,
기사푸라카스,,프랑스,프랑스,,,,드라마,피에르 가스파 휘,
"제14회 스토리업쇼츠 섹션2. 헬로, 스트레인저",,한국,한국,,,,기타,,
상류사회,,미국,미국,메트로-골드윈-마이어,,,"코미디,멜로/로맨스,뮤지컬",찰스 월터스,"빙 크로스비,그레이스 켈리,프랭크 시내트라,셀레스테 홈"
"제24회 한국퀴어영화제 [국내단편3]레디, 액션, 고!",,한국,한국,,,,드라마,,
여자 없는 세상 + 용감한 자들의 휴식,,프랑스,프랑스,,,,기타,,
여름이야기,1998-06-13,프랑스,프랑스,,"(주)영화사 안다미로,(주)하명중 영화제작소","12세이상관람가,고등학생이상관람가",드라마,에릭 로메르,"아만다 랑글렛,멜빌 푸포"
다함께 여름!,2021-10-07,프랑스,프랑스,,엠엔엠인터내셔널(주),12세이상관람가,코미디,기욤 브락,
여사장,,한국,한국,,,,"코미디,멜로/로맨스",한형모,"조미령,이수련"
"제24회 한국퀴어영화제 [해외단편2] 다른곳 아닌, 바로 이곳",,기타,기타,,,,"드라마,다큐멘터리",,
태풍 클럽,2024-06-26,일본,일본,,엠엔엠인터내셔널(주),15세이상관람가,기타,소마이 신지,
제24회 한국퀴어영화제 [주한호주대사관 특별전2] 투게더 인 시네마,,호주,호주,,,,드라마,,
마티아스와 막심,2020-07-23,캐나다,캐나다,,(주)엣나인필름,15세이상관람가,드라마,자비에 돌란,"자비에 돌란,가브리엘 달메이다 프레이타스"
린다와 이리나,,프랑스,프랑스,,,,기타,기욤 브락,
보물섬,,프랑스,프랑스,,,,다큐멘터리,기욤 브락,
로렌스 애니웨이,2013-12-19,캐나다,"캐나다,프랑스",,(주)엣나인필름,15세이상관람가,"멜로/로맨스,드라마",자비에 돌란,"멜빌 푸포,수잔 클레망"
뺑소니: 최고로 최악의 날,2024-06-16,일본,일본,,(주)미디어캐슬,15세이상관람가,"드라마,범죄",미즈타니 유타카,이시다 호시
여자 없는 세상,,프랑스,프랑스,,,,"코미디,드라마",기욤 브락,로르 칼라미
극장판 사사키와 미야노 - 졸업편,2023-09-06,일본,일본,,(주)디스테이션,12세이상관람가,애니메이션,이시히라 신지,"사이토 소마,시라이 유스케"
제24회 한국퀴어영화제 [주한호주대사관 특별전1] 투게더 인 시네마,,호주,호주,,,,드라마,,
발랑까진 새엄마,2024-06-12,한국,한국,,주식회사 피에스앤제이,청소년관람불가,성인물(에로),,
역대급 슬렌더 미녀의 섹스,2024-06-13,한국,한국,(주)샤이커뮤니케이션즈,(주)샤이커뮤니케이션즈,청소년관람불가,성인물(에로),,
운동하는 후배를 탐하는 여선배,2024-06-13,한국,한국,(주)샤이커뮤니케이션즈,(주)샤이커뮤니케이션즈,청소년관람불가,성인물(에로),,
제24회 한국퀴어영화제 [해외단편3] 퀴어에어,,기타,기타,,,,"드라마,애니메이션",,
성공보습반,,대만,대만,,,,드라마,,
퀴어 문화 축제 방해 잔혹사 – 네 이웃을 네 몸과 같이 사랑하라,,한국,한국,,,,다큐멘터리,경소영,
해변의 에트랑제,2021-02-18,일본,일본,,(주)팝엔터테인먼트,15세이상관람가,"애니메이션,멜로/로맨스",오오하시 아키요,"무라타 타이시,마츠오카 요시츠구,심규혁,이경태"
갈라진 계곡 헤집는 굵은 아주버님,2024-06-13,일본,일본,,(주)영진크리에이티브,청소년관람불가,"성인물(에로),드라마,멜로/로맨스",히무 롯쿠,
남편 직장상사를 세워줬습니다,2024-06-14,일본,일본,,(주)영진크리에이티브,청소년관람불가,"멜로/로맨스,드라마",,
대박나는 마사지샵의 영업비밀 3,2024-06-12,한국,한국,,주식회사 루믹스미디어,청소년관람불가,성인물(에로),,
손만 대도 터지는 봉선화 며느리,2024-06-11,한국,한국,주식회사 바나나픽쳐스,주식회사 바나나픽쳐스,청소년관람불가,"성인물(에로),드라마",,
쉿! 임신하고 싶어서 올라탔어요,2024-06-14,일본,일본,,(주)영진크리에이티브,청소년관람불가,"멜로/로맨스,드라마",,
아주버님 지갑 털다 뒷구멍 털렸어요,2024-06-13,일본,일본,,(주)영진크리에이티브,청소년관람불가,"성인물(에로),드라마,멜로/로맨스",사쿠라비토,
양아들의 씨물 맛을 못 잊는 엄마,2024-06-13,일본,일본,,(주)영진크리에이티브,청소년관람불가,"성인물(에로),드라마,멜로/로맨스",,
여보 미안해요-참지 못해 씨받는 미망인,2024-06-14,일본,일본,,(주)영진크리에이티브,청소년관람불가,"멜로/로맨스,드라마",,
여친 대여 서비스-원하면 그것까지 하구요,2024-06-15,일본,일본,,(주)영진크리에이티브,청소년관람불가,"성인물(에로),드라마,멜로/로맨스",토리피,
임신클리닉-남편 옆에서 임신시켜준다,2024-06-15,일본,일본,,(주)영진크리에이티브,청소년관람불가,"성인물(에로),드라마,멜로/로맨스",디렉터 O,
제수씨 물은 어떤 맛일까,2024-06-15,일본,일본,,(주)영진크리에이티브,청소년관람불가,"성인물(에로),드라마,멜로/로맨스",후지모토 죠지,
탈옥정사,2024-06-14,한국,한국,,유한회사 스튜디오 획,청소년관람불가,성인물(에로),,
헤픈 엄마-새엄마가 뒷문 열어준 날,2024-06-13,일본,일본,,(주)영진크리에이티브,청소년관람불가,"성인물(에로),드라마,멜로/로맨스",토미죠 타로,
샤인,2024-07-31,한국,한국,"제주에스엘(주),영화사 삼순",㈜인디스토리,12세이상관람가,"드라마,가족",박석영,"장해금,장선,정은경,송지온,채요원,정주은,노이한,문종택,김효정,백선아,전설희"
아주 오래된 미래도시,2024-06-19,한국,한국,로그필름,(주)영화사오원,전체관람가,다큐멘터리,조은성,
탈주,2024-07-03,한국,한국,더램프스튜디오(주),메가박스중앙(주) 플러스엠 엔터테인먼트,12세이상관람가,액션,이종필,"이제훈,구교환,홍사빈,서현우,이성욱,정준원,장영남,송강,이솜,이호정,배철수,이호철,한동희,김재우,이주광,진희규,박주훈,양영문,박다원,진하랑,박성민,김동률,김상흔,박윤희,우정원,차순배,송요셉,진용욱,정하늘,박예나,유지완,이태영,최민우,강희제,이승용,강이안,김호영,최세용,박가영,차준서,김다솔,장우영,황정민,홍정호,김윤배,이동기,고국희,김미소,황정용,고서정,박상호,윤준호,이창민,윤도,민현우,최현태,박준수,신동현,이재혁,이호준,김경래,정찬우,김상일,김동훈,남주현,김재석,박근형,김한상,문형철,박준환,윤상돈,이무녕,김수민,정태석,윤준호,엄기영"
헤어질 결심,2022-06-29,한국,한국,모호필름,(주)씨제이이엔엠,15세이상관람가,"미스터리,멜로/로맨스",박찬욱,"박해일,탕웨이,이정현,고경표,김신영,정영숙,유승목,서현우,정이서,이학주,정소리,신안진,김도연,고민시,차서원,주인영,윤성원,최선자,진용욱,안진상,박정민,박용우,정하담,최대훈,김미화,곽은진,안성봉,김성곤,문순주,현직,한서울,김도담,문정대,유인혜,권혁성,차상도,강경수,유태오,이지하,전성애,이경민,이용녀,김귀례,김도담,유다솜,김민준,김국진,김상현"
북북서로 진로를 돌려라,,미국,미국,,,,"어드벤처,미스터리,멜로/로맨스",알프레드 히치콕,"캐리 그랜트,에바 마리 세인트"
언더더씨: 마법 산호초를 찾아서,2024-06-27,독일,독일,,(주)팝엔터테인먼트,전체관람가,애니메이션,,
해적,,미국,미국,,,,드라마,빈센트 미넬리,"주디 갈란드,진 켈리"
건축학개론,2012-03-22,한국,한국,(주)명필름,롯데쇼핑㈜롯데엔터테인먼트,12세이상관람가,"멜로/로맨스,드라마",이용주,"엄태웅,한가인,이제훈,배수지,고준희,조정석,신민영,신예진,유연석,조현철,박진우,김의성,이승호,박수영,박지은"
감독판 김일성의 아이들,2024-06-25,한국,한국,다큐스토리프로덕션,"다큐스토리프로덕션,(주)다자인소프트",12세이상관람가,다큐멘터리,김덕영,
몽키 비지니스,,미국,미국,이십세기폭스코리아(주),,,"SF,코미디",하워드 혹스,"캐리 그랜트,진저 로저스"
모호크족의 북소리,,미국,미국,,,,"드라마,멜로/로맨스",존 포드,"클로데트 콜베트,헨리 폰다"
미쓰백,2018-10-11,한국,한국,영화사 배,(주)리틀빅픽쳐스,15세이상관람가,드라마,이지원,"한지민,김시아,이희준,권소현,백수장,장영남,김선영,이주영,이정은,전석호,조민준,윤송아,신수정,이지원,김지혜,김지희,박지선,강가미,김미선,김민기,한용환,김보민,김호창,김보민"
아가씨와 건달들,1997-11-15,미국,미국,사무엘 골드윈 컴퍼니,,고등학생이상관람가,"코미디,뮤지컬,멜로/로맨스",조셉 L. 맨키위즈,"말론 브란도,진 시몬스"
애천,,,,,,,,진 네글레스코,
전장의 피아니스트,2022-01-06,기타,기타,,찬란,12세이상관람가,"드라마,전쟁",,
핵소 고지,2017-02-22,미국,"미국,호주",,판씨네마(주),15세이상관람가,"드라마,전쟁",멜 깁슨,"앤드류 가필드,샘 워싱턴,휴고 위빙"
애종,,영국,영국,콜럼비아 픽쳐스 코포레이션,,,"드라마,전쟁",에드워드 디미트릭,
보통의 우주는 찬란함을 꿈꾸는가?,2024-06-26,한국,한국,,㈜인디스토리,15세이상관람가,코미디,김보원,"박서윤,심규호,오동민"
멜랑콜리아,2012-05-17,덴마크,"덴마크,스웨덴,이탈리아,독일,프랑스",,"(주)엣나인필름,(주)팝엔터테인먼트",15세이상관람가,"드라마,SF,스릴러",라스 폰 트리에,"커스틴 던스트,샤를로뜨 갱스부르,키퍼 서덜랜드,샬롯 램플링"
6월 프레임워크 - 몽타주와 파운드 풋티지,,한국,한국,,,,기타,,
현기증,,미국,미국,,(주)영화사 안다미로,15세이상관람가,"스릴러,범죄",알프레드 히치콕,"킴 노박,제임스 스튜어트,바바라 벨 게디스"
들장미,,오스트리아,오스트리아,,,,드라마,,마이클 앤더슨
문라이트,2017-02-22,미국,미국,,CGV아트하우스,15세이상관람가,드라마,배리 젠킨스,"트레반트 로즈,앙드레 홀랜드,나오미 해리스"
그 여름 가장 조용한 바다,2004-08-13,일본,일본,"오피스 키타노,토호 컴퍼니","(주)영화사 진진,(주)스폰지이엔티",12세관람가,드라마,기타노 다케시,"카와하라 사부,마키 쿠로우도"
플로리다 프로젝트,2018-03-07,미국,미국,,오드,15세이상관람가,드라마,션 베이커,윌렘 데포
"열차 안의 낯선 자들, 의혹의 전망차",,미국,미국,,,,"범죄,미스터리,멜로/로맨스,스릴러",알프레드 히치콕,"팔리 그레인저,루스 로만,로버트 워커"
인디아 송,,프랑스,프랑스,,,,"드라마,판타지,멜로/로맨스",마르그리트 뒤라스,"델핀 세이릭,미쉘 롱스달,마티유 까리에"
뒤라스의 펜과 카메라,,프랑스,프랑스,,,,기타,,
경계선,2019-10-24,스웨덴,"스웨덴,덴마크",,(주)제이앤씨미디어그룹,청소년관람불가,"판타지,멜로/로맨스",알리 아바시,"에바 멜란데르,에로 밀로노프"
새벽을 알리는 루의 노래,2018-01-31,일본,일본,,(주)미디어캐슬,전체관람가,애니메이션,유아사 마사아키,"타니 카논,시모다 쇼타,에모토 아키라,사이토 소마"
아사다 가족,2024-06-22,일본,일본,,(주)엔케이컨텐츠,전체관람가,드라마,나카노 료타,"니노미야 카즈나리,츠마부키 사토시,히라타 미츠루,후부키 준,쿠로키 하루,스다 마사키"
400번의 구타,2016-04-13,프랑스,프랑스,,"(주)엣나인필름,㈜영화사 백두대간","15세이상관람가,전체관람가",드라마,프랑수아 트뤼포,"장 피에르 레오,클레르 모리에"
더 헌트,2013-01-24,덴마크,덴마크,,"(주)엣나인필름,씨너스엔터테인먼트(주)",15세이상관람가,드라마,토마스 빈터베르그,"매즈 미켈슨,토마스 보 라센,알렉산드라 라파포르,앤 루이스 하싱"
애니살롱전 with 인디스페이스 2024 6월: 도시에서 살아남기,,한국,한국,,,,애니메이션,,
히로시마 내사랑,2001-04-23,프랑스,프랑스,,,18세관람가,드라마,알랭 레네,"엠마누엘 리바,오카다 에이지"
신입 여직원 온몸으로 신고식,2024-06-19,한국,한국,,주식회사 피에스앤제이,청소년관람불가,성인물(에로),,
작은 마을의 봄,,중국,중국,,,,"드라마,멜로/로맨스",,아웨이 리우
캘커타 사막의 베니스라는 그의 이름,2008-10-18,프랑스,프랑스,,,,드라마,,
신녀,,중국,중국,,,,드라마,,
심야식당,2015-06-18,일본,일본,,(주)영화사 진진,12세이상관람가,드라마,마츠오카 조지,"코바야시 카오루,오다기리 조,타카오카 사키"
카페 뤼미에르,2005-10-20,일본,일본,쇼지쿠 컴퍼니,(주)동숭아트센터,12세관람가,드라마,허우 샤오시엔,"히토토 요,아사노 타다노부"
트럭,,프랑스,프랑스,,,,드라마,마르그리트 뒤라스,"마르그리트 뒤라스,제라르 드빠르디유"
길위의천사,,중국,중국,,,,"코미디,드라마,뮤지컬",위안무즈,
남극의 쉐프,2010-02-11,일본,일본,Parade,(주)스폰지이엔티,전체관람가,"코미디,드라마",오키타 슈이치,"사카이 마사토,고라 겐고"
대로,,중국,중국,,,,"코미디,뮤지컬,드라마,전쟁",,
사랑이 뭘까,2020-04-09,일본,일본,,(주)엣나인필름,15세이상관람가,"멜로/로맨스,드라마",이마이즈미 리키야,"키시이 유키노,나리타 료,에구치 노리코"
네거리,,중국,중국,,,,드라마,천시링,
백만엔걸 스즈코,2024-06-21,일본,일본,,(주)스폰지이엔티,12세이상관람가,"코미디,드라마",타나다 유키,"아오이 유우,모리야마 미라이"
토니 타키타니,2005-09-22,일본,일본,,스폰지,12세관람가,드라마,이치카와 준,"이세이 오가타,미야자와 리에"
봄누에,,중국,중국,,,,드라마,,
반짝다큐페스티발 2024 섹션1,,한국,한국,,,,드라마,,
자매화,,중국,중국,,,,드라마,,
내 남편을 세워줘!,2024-06-21,한국,한국,(주)영진크리에이티브,(주)영진크리에이티브,청소년관람불가,"성인물(에로),드라마,멜로/로맨스",모니카,
반짝다큐페스티발 2024 섹션4,,한국,한국,,,,드라마,,
나의 일생,,중국,중국,,,,"드라마,사극",,
반짝다큐페스티발 2024 섹션2,,한국,한국,,,,드라마,,
반짝다큐페스티발 2024 섹션3,,한국,한국,,,,"드라마,기타",,
반짝다큐페스티발 2024 섹션5,,한국,한국,,,,드라마,,
구멍공유-구멍 잘 여는 새엄마,2024-06-17,일본,일본,,(주)영진크리에이티브,청소년관람불가,"성인물(에로),드라마,멜로/로맨스",사쿠라비토,
굶주린 앞집 여자 무삭제판,2024-06-21,일본,일본,,(주)가온콘텐츠,청소년관람불가,멜로/로맨스,시즈카만,
남동생에게 남자의 몸을 배웠습니다,2024-06-20,한국,한국,(주)샤이커뮤니케이션즈,(주)샤이커뮤니케이션즈,청소년관람불가,성인물(에로),,
남편 몰래 옆집남자의 씨를 품었다,2024-06-21,일본,일본,,(주)영진크리에이티브,청소년관람불가,"멜로/로맨스,드라마",,
남편 앞에서 날 세워준 사모님,2024-06-17,일본,일본,,(주)영진크리에이티브,청소년관람불가,"성인물(에로),드라마,멜로/로맨스",사쿠라비토,
낮엔 도련님이랑 밤엔 시아버지랑-여보 미안해,2024-06-21,일본,일본,,(주)영진크리에이티브,청소년관람불가,"멜로/로맨스,드라마",,
낯선 남자랑 싸버렸습니다,2024-06-19,일본,일본,,(주)영진크리에이티브,청소년관람불가,"멜로/로맨스,드라마",,
내 아내가 후배와 싸고 있다,2024-06-17,일본,일본,,(주)영진크리에이티브,청소년관람불가,"성인물(에로),드라마,멜로/로맨스",사쿠라비토,
도발하다 당한 새엄마,2024-06-21,일본,"일본,한국",,(주)가온콘텐츠,청소년관람불가,멜로/로맨스,사쿠라비토,
동정뺏은 새엄마,2024-06-21,일본,일본,,(주)가온콘텐츠,청소년관람불가,멜로/로맨스,사쿠라비토,
며느리의 그맛,2024-06-21,일본,일본,,(주)가온콘텐츠,청소년관람불가,멜로/로맨스,사쿠라비토,
무방비 욕정 무삭제판,2024-06-21,일본,일본,,(주)가온콘텐츠,청소년관람불가,멜로/로맨스,,
물 많은 메이-남자 하나론 모자라,2024-06-21,일본,일본,,(주)영진크리에이티브,청소년관람불가,"멜로/로맨스,드라마",,
밀착한 아들의 여자,2024-06-21,일본,일본,,(주)가온콘텐츠,청소년관람불가,멜로/로맨스,오오사키히로하루,
밤에 젖는 며느리,2024-06-21,일본,일본,,(주)가온콘텐츠,청소년관람불가,멜로/로맨스,사쿠라비토,
불륜으로 힐링하는 유부녀,2024-06-20,한국,한국,(주)샤이커뮤니케이션즈,(주)샤이커뮤니케이션즈,청소년관람불가,성인물(에로),,
비교적 괜찮은 유부녀들3,2024-06-21,일본,일본,,(주)도키엔터테인먼트,청소년관람불가,성인물(에로),,
새엄마의 음란 위로,2024-06-21,일본,일본,,(주)가온콘텐츠,청소년관람불가,멜로/로맨스,사쿠라비토,아오이 유리카
색녀가 돼서 돌아온 처제,2024-06-21,한국,한국,솔앤드 주식회사,솔앤드 주식회사,청소년관람불가,성인물(에로),,
소녀가 소녀에게,2020-01-09,일본,일본,,(주)디오시네마,15세이상관람가,드라마,에다 유카,
시아버지 맛에 축축해졌다,2024-06-18,일본,일본,,(주)영진크리에이티브,청소년관람불가,"성인물(에로),드라마,멜로/로맨스",사쿠라비토,
신선한 여대생과 즉석만남3,2024-06-21,일본,일본,,(주)도키엔터테인먼트,청소년관람불가,성인물(에로),,
아내가 모른 비밀사정 무삭제판,2024-06-21,일본,일본,,(주)가온콘텐츠,청소년관람불가,멜로/로맨스,나카노 야요이,
어린 가사도우미,2024-06-21,한국,한국,(주)영진크리에이티브,(주)영진크리에이티브,청소년관람불가,"성인물(에로),드라마,멜로/로맨스",모니카,
엄청난 폭유녀 성욕 터진 날,2024-06-18,일본,일본,,주식회사 미콘,청소년관람불가,성인물(에로),,
욕정에 젖은 맛 무삭제판,2024-06-21,일본,일본,,(주)가온콘텐츠,청소년관람불가,멜로/로맨스,,
유부녀의 터진 성욕,2024-06-21,일본,일본,,(주)가온콘텐츠,청소년관람불가,멜로/로맨스,잠파,
육체사죄-뒷문 열어준 이웃여자,2024-06-19,일본,일본,,(주)영진크리에이티브,청소년관람불가,"성인물(에로),드라마,멜로/로맨스",토리피,
음란한 가랑이,2024-06-21,일본,일본,,(주)가온콘텐츠,청소년관람불가,멜로/로맨스,잠파,
의붓아들 떡맛에 길들여진 새엄마,2024-06-19,일본,일본,,(주)영진크리에이티브,청소년관람불가,"멜로/로맨스,드라마",,
이기적인 유부녀의 성욕,2024-06-21,한국,한국,(주)샤이커뮤니케이션즈,(주)샤이커뮤니케이션즈,청소년관람불가,성인물(에로),,
잘 모르는 남자의 맛,2024-06-21,한국,한국,(주)샤이커뮤니케이션즈,(주)샤이커뮤니케이션즈,청소년관람불가,성인물(에로),,
잠든 상사 옆에서 사모님과 싸버렸다,2024-06-18,일본,일본,,(주)영진크리에이티브,청소년관람불가,"성인물(에로),드라마,멜로/로맨스",히무 롯쿠,
장모님 제발 한번만 빌려주세요,2024-06-21,한국,한국,솔앤드 주식회사,솔앤드 주식회사,청소년관람불가,성인물(에로),,
젖은 속옷에 비친 유부녀 무삭제판,2024-06-21,일본,일본,,(주)가온콘텐츠,청소년관람불가,멜로/로맨스,시즈카만,
초대남 맛에 성감터진 내 섹파,2024-06-17,일본,일본,,(주)영진크리에이티브,청소년관람불가,"성인물(에로),드라마,멜로/로맨스",히무 롯쿠,
최면섹스-쑤셔달라며 애걸복걸,2024-06-18,일본,일본,,(주)영진크리에이티브,청소년관람불가,"성인물(에로),드라마,멜로/로맨스",사쿠라비토,
치욕의 네토-거근에 중독된 아내,2024-06-18,일본,일본,,(주)영진크리에이티브,청소년관람불가,"성인물(에로),드라마,멜로/로맨스",토미죠 타로,
쾌감에 젖은 새엄마 무삭제판,2024-06-21,일본,일본,,(주)가온콘텐츠,청소년관람불가,멜로/로맨스,,
터져버린 성욕 무삭제판,2024-06-21,일본,일본,,(주)가온콘텐츠,청소년관람불가,멜로/로맨스,나카노 야요이,
1923년 9월,,일본,일본,,,,드라마,,
더 비스츠,,스페인,스페인,,,,"드라마,스릴러",,
땡큐 포 더 레인,,케냐,케냐,,,,다큐멘터리,,
미나마타 만다라,,일본,일본,,,,다큐멘터리,,
빵과 대지를 위해,,이스라엘,이스라엘,,,,다큐멘터리,,
세계가 충돌할 때,,페루,"페루,영국",,,,다큐멘터리,,
세계의 이미지와 전쟁의 각인,,독일,독일,,,,다큐멘터리,하룬 파로키,
임신한 나무와 도깨비,2022-01-27,한국,한국,"(주)시네마달,웃음과바늘 필름&아카이브",(주)시네마달,15세이상관람가,"드라마,판타지","김동령,박경태","박인순,조은경,신윤숙,변중희,김아해,김미숙,신승태,이승아,김명선,박영자,류형석,안현준,정태회"
재집합,,미국,미국,,,,다큐멘터리,트린 민하,
콰이어트 플레이스: 첫째 날,2024-06-26,미국,미국,,롯데컬처웍스(주)롯데엔터테인먼트,15세이상관람가,스릴러,마이클 사노스키,"루피타 뇽오,조셉 퀸,디몬 하운수,알렉스 울프"
우마무스메 프리티 더비 로드 투 더 탑,,일본,일본,,(주)애니플러스,,애니메이션,,
아가씨(확장판),,한국,한국,"유한회사 아가씨에프에스,모호필름,(주)용필름",(주)씨제이이엔엠,청소년관람불가,"스릴러,드라마",박찬욱,"김민희,김태리,하정우,조진웅,김해숙,문소리,김인우,이용녀,최병모,조은형"
최애의 아이,,일본,일본,,(주)애니플러스,,애니메이션,,
피아니스트,2003-01-01,프랑스,프랑스,,"(주)제이앤씨미디어그룹,와이드 릴리즈(주),(유)조이앤컨텐츠그룹,(주)드림팩트엔터테인먼트",12세관람가,드라마,로만 폴란스키,"애드리언 브로디,토마스 크레취만,프랭크 핀레이"
소년시절의 너,2020-07-09,중국,중국,,"(주)바이포엠스튜디오,(주)영화특별시에스엠씨,(주)콘텐츠패밀리",15세이상관람가,"멜로/로맨스,드라마,범죄,가족",증국상,주동우
쉰들러 리스트,1994-03-05,미국,미국,유니버셜 픽쳐스,유니버설픽쳐스인터내셔널 코리아(유),"고등학생이상관람가,15세이상관람가","드라마,사극,전쟁",스티븐 스필버그,"벤 킹슬리,리암 니슨,랄프 파인즈"
"그 시절, 우리가 좋아했던 소녀",2012-08-22,대만,대만,,"(주)제이앤씨미디어그룹,와이드 릴리즈(주),(주)이놀미디어,(주)드림팩트엔터테인먼트,(주)미로스페이스,씨너스엔터테인먼트(주),(주)미로비젼,(주)박수엔터테인먼트",15세이상관람가,멜로/로맨스,구파도,"가진동,진연희,언승우"
피렌체와 우피치 미술관,2024-06-26,이탈리아,이탈리아,,일미디어,전체관람가,다큐멘터리,,
그늘과 양지,,미국,미국,,,,"멜로/로맨스,드라마",데이비드 밀러,"수잔 헤이워드,존 개빈"
목중무인 : 안하무인,2024-06-27,중국,중국,,(주)스튜디오디에이치엘,15세이상관람가,"사극,액션",,사묘
미니언즈,2015-07-29,미국,미국,,유니버설픽쳐스인터내셔널 코리아(유),전체관람가,애니메이션,"피에르 꼬팽,카일 발다","산드라 블록,존 햄,마이클 키튼"
약속은 없었지만,,한국,한국,남화흥업(주),(주)프리즘웍스,12세이상관람가,드라마,조문진,"신영균,문희"
풋사랑,,미국,미국,,,,"드라마,멜로/로맨스",어빙 래퍼,"진 켈리,나탈리 우드"
박정희: 경제대국을 꿈꾼 남자,2024-07-10,한국,한국,(주)파이브데이,메가박스중앙(주),12세이상관람가,"공연,뮤지컬,드라마",손현우,"신민호,김효선"
언제나 맑음,,미국,미국,,,,"코미디,드라마,뮤지컬","스탠리 도넌,진 켈리","진 켈리,댄 데일리,시드 채리스,돌로레스 그레이"
키키의 경계성 인격장애 다이어리,2024-06-26,한국,한국,한국문화예술위원회,주식회사 푸른잎커뮤니케이션,12세이상관람가,공연,,
회색기류,,한국,한국,,,,"드라마,멜로/로맨스",,
마지막 황제,1988-12-23,영국,"영국,미국",,"(주)엣나인필름,예지림엔터테인먼트,아티잔엔터테인먼트,콜럼비아 픽쳐스 코포레이션","12세이상관람가,중학생이상관람가","드라마,사극",베르나르도 베르톨루치,
액트 오브 킬링,2014-11-20,덴마크,"덴마크,노르웨이,영국",,(주)엣나인필름,15세이상관람가,다큐멘터리,조슈아 오펜하이머,
"비르힐리오, 고도의 미식",,아르헨티나,"아르헨티나,우루과이",,,,다큐멘터리,,
조로의 싸인,,미국,미국,,,,"어드벤처,드라마",노먼 포스터,
다큐 황은정 : 스마트폰이 뭐길래,2024-07-03,한국,한국,파괴연구소,롯데컬처웍스(주)롯시플,12세이상관람가,드라마,"팽성우,정유경,김소정,인진수","김소정,황경아,이도연"
유황도의 모래,1971-03-17,미국,미국,,,,"액션,전쟁",알란 드완,"존 웨인,존 아거"
정직한 사람들,2024-06-26,한국,한국,"(주)제이플러스비,스포트라이트",와이드 릴리즈(주),12세이상관람가,드라마,김문경,"신지우,최보윤,임수형"
만천과해,2024-07-03,중국,중국,,오드,15세이상관람가,"범죄,스릴러",천줘,"허광한,장균녕,혜영홍,윤정"
열녀문,,한국,한국,신필름,,,사극,신상옥,"신영균,최은희"
장마,,한국,한국,남아진흥(주),(주)프리즘웍스,12세이상관람가,드라마,유현목,"이대근,황정순,김석훈,김신재"
씨앗의 시간,2024-11-20,한국,한국,,필름다빈,전체관람가,다큐멘터리,설수안,
진달래꽃을 좋아합니다,,한국,한국,,(주)시네마달,12세이상관람가,다큐멘터리,김경자,
13회 광주독립영화제 - 메이드 인 광주 2,,기타,기타,,,,"드라마,다큐멘터리",,
그린 북,2019-01-09,미국,미국,,CGV아트하우스,12세이상관람가,드라마,피터 패럴리,"비고 모텐슨,마허샬라 알리"
도토리,2024-06-27,한국,한국,원코리아 미디컴,원코리아 미디컴,15세이상관람가,드라마,허영철,
이탈리안 셰프들,,이탈리아,이탈리아,,,,다큐멘터리,,
13회 광주독립영화제 - 메이드 인 광주 1,,한국,한국,,,,드라마,,
전장의 크리스마스,2024-11-20,영국,영국,,(주)엣나인필름,15세이상관람가,"드라마,전쟁",오시마 나기사,"데이빗 보위,류이치 사카모토,기타노 다케시,톰 콘티"
숨의 흔적,,일본,일본,,,,다큐멘터리,,
라디오 시모카지로- 그때 그 마을의 음악에서 지금 여기에,,일본,일본,,,,다큐멘터리,,
쿵쿵따 탐험대,2024-06-26,한국,한국,(주)니즈텔레콤,(주)니즈텔레콤,전체관람가,기타,이광범,
맛있는 영화,,한국,한국,(주)아토,(주)아토,12세이상관람가,기타,"정소영,황슬기,김정인","조현철,손수현,신재휘,정연주,김금순"
13회 광주독립영화제 - 광주 신진 감독전,,한국,한국,,,,"드라마,다큐멘터리",,
13회 광주독립영화제 - 지역교류전,,한국,한국,,,,드라마,,
"열두 달, 흙을 먹다",,일본,일본,,(주)얼리버드픽쳐스,전체관람가,드라마,나카에 유지,"사와다 켄지,마츠 다카코"
오프 더 메뉴,,미국,미국,,(주)마노엔터테인먼트,,"코미디,멜로/로맨스",제이 실버맨,
13회 광주독립영화제 - 5월 이야기,,한국,한국,,,,"드라마,다큐멘터리",,
사브라,,한국,한국,,,,드라마,정대건,"이주승,김희정,한별"
자산어보,2021-03-31,한국,한국,(주)씨네월드,메가박스중앙(주) 플러스엠 엔터테인먼트,12세이상관람가,"사극,드라마",이준익,"설경구,변요한,이정은,민도희,차순배,강기영,송길호,김태범,동방우,정진영,김의성,방은진,류승룡,조우진,최원영,윤경호,조승연,김정팔,김준한,이영석,강성해,최홍일,조하석,이선주,최현진,김윤태,류성현,이근후,성홍일,배제기,정선철,이도군,오대성,정유미,박윤호,안영주,이정현,김종훈,정재훈,민태율,김철환,홍성오,임성재,주보비,조시연,김지환,김서진,황인보,도혜원,오상무,이미은,김현성,이승준,방준호,박종희,김성준,송기준,백송희,최윤우,함건수,강민구,안대천,이향주,황진모,안용덕,권영기,최재훈,윤태수,노시홍,노영주,박준규,윤정훈,장재혁,박강토,박진우,김서준,신선영,유인혜,이지영,변주우,팽지인,고지환,송용환,봉만대,노영주,변주우,김재형,윤슬,김건우,김건우,진재희,지상우"
검은 수선화,,영국,영국,,,,드라마,"마이클 파웰,에메릭 프레스버거",데보라 카
애프터 양,2022-06-01,미국,미국,,"(주)영화특별시에스엠씨,주식회사 왓챠",전체관람가,"드라마,SF",코고나다,콜린 파렐
13회 광주독립영화제 - 양주연 감독전,,한국,한국,,,,다큐멘터리,양주연,
부에나 비스타 소셜 클럽,2001-03-01,독일,독일,,"(주)에무필름즈,오드",전체관람가,다큐멘터리,빔 벤더스,"꼼빠이 세군도,조아킴 쿠더"
마법의 순간,,일본,일본,,,,다큐멘터리,,
회전목마,,미국,미국,이십세기폭스필름코퍼레이션,,,"뮤지컬,판타지",헨리 킹,"고든 맥라,셜리 존스,카메론 미첼"
더블 레이어드 타운,,일본,일본,,,,"다큐멘터리,드라마",,
13회 광주독립영화제 - 메이드 인 광주 : NEXT10,,한국,한국,,,,드라마,,
"파도의 아래, 땅의 위",,일본,일본,,,,다큐멘터리,,
웬디와 루시,,미국,미국,,,,드라마,켈리 레인하르트,"미쉘 윌리엄스,윌 올드햄"
리테이크,,일본,일본,,,,드라마,,
하늘에 귀 기울여,,일본,일본,,,,다큐멘터리,,
축복,,미국,미국,,,,드라마,진 네글레스코,
취화선,2002-05-03,한국,한국,태흥영화(주),(주)시네마서비스,18세관람가,"드라마,사극",임권택,"최민식,김여진,안성기,유호정,손예진,한명구,이성호,이금주,허문영,유일문,임금택,박민희,김세호,박길수,윤진서,박철민,정태우,김응수,이도겸,권태원,박지일"
모든 밤을 기억하다,,일본,일본,,,,기타,,
봄날의 강물은 동쪽으로 흐르고,,중국,중국,,,,"드라마,전쟁",,
더 하우스 오브 노 맨,,베트남,베트남,,(주)씨제이이엔엠,12세이상관람가,"코미디,드라마",,
리틀 블루,2024-06-27,대만,대만,,오드,청소년관람불가,멜로/로맨스,이이팡,"왕유현,허내함,장락제,주영헌"
(로컬 픽: 시간과 빛) 작은 기적과 용기,,한국,한국,,,,기타,,
어부의 노래,,중국,중국,,,,드라마,,
커밍 홈 어게인,2023-09-20,미국,미국,,시네마 뉴원,전체관람가,드라마,웨인 왕,저스틴 전
만신,2014-03-06,한국,한국,볼,(주)엣나인필름,15세이상관람가,"다큐멘터리,드라마",박찬경,"김새론,류현경,배영한,문소리,김금화,강민석,백지원,서경숙,서경숙,안주영,조슬예,최서영,이상우,이상희,김경미,한선희,한송화,이승준,이은미,이은미,이정호,김대환,김상돈,김은주,김은주,김익현,김익현,김현석,김혜경,박성용,김새벽,류혜영,김중기,이용녀,이화룡,전소현,송유담,김상현"
목란종군,,중국,중국,,,,"드라마,사극,전쟁",,
소리를 따라가다,,일본,일본,,,,드라마,,
반짝다큐페스티발 2024 섹션8,,한국,한국,,,,드라마,,
까마귀와 참새,,중국,중국,,,,드라마,,
반짝다큐페스티발 2024 섹션6,,한국,한국,,,,"드라마,기타",,
익스트림 페스티벌,2023-06-07,한국,한국,"(주)비리프,(주)실버라이닝 스튜디오",트윈플러스파트너스(주),12세이상관람가,"코미디,드라마",김홍기,"김재화,조민재,박강섭"
만가등화,,중국,중국,,,,드라마,,
피아골,1955-09-23,한국,한국,백호프로덕션,,,"드라마,전쟁",이강천,"노경희,김진규,허장강,이예춘"
랑도사,,중국,중국,,,,범죄,,
빅샤크2: 해저2만리,2019-06-06,중국,중국,,와이드 릴리즈(주),전체관람가,"애니메이션,어드벤처",신우,"장병관,김소희,김보나,서반석,강은애,이창민,김경희,민아"
오색의 린,,한국,한국,,,,다큐멘터리,이원우,이원우
세상의 모든 디저트: 러브 사라,2021-02-04,영국,영국,,(주)티캐스트,12세이상관람가,"드라마,코미디,멜로/로맨스",,"셀리아 아임리,셸리 콘,루퍼트 펜리-존스,빌 패터슨"
반짝다큐페스티발 2024 섹션7,,한국,한국,,,,드라마,,
빅샤크: 매직체인지,2018-06-27,중국,중국,,와이드 릴리즈(주),전체관람가,애니메이션,헤 질리,"이제인,장병관,김사라,김한나,윤세웅,홍후백"
반짝다큐페스티발 2024 섹션9,,한국,한국,,,,드라마,,
"6월 수요단편극장 - 영화로운 인천: 있다, 잇다, 잊다",,한국,한국,,,,기타,,
공격적인 몸매의 옆집 아줌마,2024-06-27,한국,한국,(주)샤이커뮤니케이션즈,(주)샤이커뮤니케이션즈,청소년관람불가,성인물(에로),,
기억상실증 각성시켜준 그놈 물건,2024-06-28,한국,한국,(주)이십일세기미디어,(주)이십일세기미디어,청소년관람불가,성인물(에로),,
돌싱녀들만 노리는 쓰레기 형제,2024-06-25,한국,한국,(주)두리컴미디어,(주)두리컴미디어,청소년관람불가,성인물(에로),,
배달녀의 목적,2024-06-26,한국,한국,,주식회사 루믹스미디어,청소년관람불가,성인물(에로),,
아낌없이 다 내주는 형수님 무삭제,2024-06-25,한국,한국,,(주)두리컴미디어,청소년관람불가,성인물(에로),,
아줌마 이렇게 크면 직접 할 수 있겠어,2024-06-28,일본,일본,,(주)영진크리에이티브,청소년관람불가,"멜로/로맨스,드라마",,
아줌마지만 안아 주세요,2024-06-28,한국,한국,(주)샤이커뮤니케이션즈,(주)샤이커뮤니케이션즈,청소년관람불가,성인물(에로),,
의붓아들아 마구마구 찔러줘,2024-06-28,일본,일본,,(주)영진크리에이티브,청소년관람불가,"멜로/로맨스,드라마",,
이자카야 : 특별한 서비스,2024-06-28,한국,한국,,(주)영화사가을,청소년관람불가,멜로/로맨스,,
탐욕에 빠진 욕정녀,2024-06-28,한국,한국,(주)샤이커뮤니케이션즈,(주)샤이커뮤니케이션즈,청소년관람불가,성인물(에로),,
탱글탱글 맛있는 여후배,2024-06-27,한국,한국,(주)샤이커뮤니케이션즈,(주)샤이커뮤니케이션즈,청소년관람불가,성인물(에로),,
하숙집 아줌마의 헤픈 가랑이,2024-06-28,한국,한국,(주)이십일세기미디어,(주)이십일세기미디어,청소년관람불가,성인물(에로),,
콜드 워,2019-02-07,폴란드,폴란드,,아이 엠,15세이상관람가,멜로/로맨스,파벨 파블리코브스키,"요안나 쿨릭,토마즈 코트"
클래식,2003-01-30,한국,한국,(주)에그필름,"(주)시네마서비스,(주)씨제이이엔엠",12세관람가,드라마,곽재용,"손예진,조승우,조인성,이성훈,이기우,서영희,이승철,김미진,추현경,송윤회,신승수,한규태,김병옥,한정근,김성증,이서,이주열,안호철"
극장판 바이올렛 에버가든,2020-11-12,일본,일본,,(주)라이크콘텐츠,전체관람가,"애니메이션,드라마,판타지",이시다테 타이치,
우마무스메 프리티 더비 새로운 시대의 문,2024-07-11,일본,일본,,(주)애니플러스,전체관람가,애니메이션,,
바이올렛 에버가든 – 영원과 자동 수기 인형 -,2020-03-26,일본,일본,,(주)라이크콘텐츠,전체관람가,애니메이션,후지타 하루카,"이시카와 유이,코토부키 미나코"
극장판 도라에몽: 진구의 지구 교향곡,2024-07-10,일본,일본,,씨제이 씨지브이(CJ CGV)(주),전체관람가,애니메이션,이마이 카즈아키,
사하라,,미국,미국,,,,"액션,드라마,전쟁",졸탄 코다,"험프리 보가트,브루스 버네트,J. 캐롤 네이쉬"
슈퍼배드 3,2017-07-26,미국,미국,,유니버설픽쳐스인터내셔널 코리아(유),전체관람가,애니메이션,"피에르 꼬팽,카일 발다","스티브 카렐,크리스틴 위그,트레이 파커"
극장판 폴 프린세스!!,2024-07-03,일본,일본,,동우에이앤이(주),전체관람가,"애니메이션,드라마",에조에 히토미,"츠치야 리오,스즈키 안나"
러브 라이즈 블리딩,2024-07-10,미국,미국,,(주)스튜디오디에이치엘,청소년관람불가,"범죄,멜로/로맨스",로즈 글래스,"크리스틴 스튜어트,케이트 오브라이언,에드 해리스,데이브 프랑코,지나 말론"
슈퍼배드 4,2024-07-24,미국,미국,,유니버설픽쳐스인터내셔널 코리아(유),전체관람가,"애니메이션,액션,어드벤처,코미디",크리스 리노드,"스티브 카렐,크리스틴 위그,미란다 코스그로브,스티브 쿠건,피에르 꼬팽"
베이비 제인에게 무슨 일이 생겼나,,미국,미국,,,,"공포(호러),스릴러",로버트 알드리치,"베티 데이비스,조안 크로포드"
칠소여복성,1988-03-26,한국,한국,남아진흥,(주)프리즘웍스,"15세이상관람가,중학생이상관람가",액션,강범구,"조정현,엽덕한"
수카바티: 극락축구단,2024-07-31,한국,한국,영화연구소,"영화연구소,(주)영화사 진진",12세이상관람가,다큐멘터리,"선호빈,나바루","최지은,최캔디,최대호"
나는 마을 방과후 교사입니다,2023-01-11,한국,한국,(주)스튜디오그레인풀,(주)스튜디오그레인풀,전체관람가,다큐멘터리,"박홍열,황다은",
노회찬6411,2021-10-14,한국,한국,"(주)명필름,시네마6411,평등하고 공정한나라 노회찬재단","(주)리틀빅픽쳐스,시네마6411",12세이상관람가,다큐멘터리,민환기,
후로그맨,,미국,미국,,,,전쟁,로이드 베이컨,
엘머 갠트리,,미국,미국,,,,"드라마,멜로/로맨스",리차드 브룩스,"버트 랭커스터,장 시몬즈"
마지막 여왕,,기타,"기타,카타르,프랑스",,,,드라마,,
길고 긴 여름날,,미국,미국,,,,드라마,마틴 리트,"폴 뉴먼,조안 우드워드"
사일런트 나잇,2024-07-17,미국,미국,,이화배컴퍼니(주),청소년관람불가,"액션,범죄",오우삼,조엘 킨나만
나의 선생님,,팔레스타인,"팔레스타인,카타르,영국",,,,드라마,,
볼빨간사춘기: 메리 고 라운드 더 무비,2024-07-12,한국,한국,(주)영화사 그램,"롯데컬처웍스(주)롯시플,(주)영화사 그램",전체관람가,공연,조윤수,안지영
황야의 역마차,,미국,미국,,,,서부극(웨스턴),헨리 해서웨이,"타이론 파워,수잔 헤이워드"
인샬라 어 보이,,기타,"기타,카타르,프랑스",,,,드라마,,
거리에서,,일본,일본,,,,드라마,이마이즈미 리키야,
하오의 연정,,미국,미국,유나이티드 아티스트,,,"코미디,멜로/로맨스,드라마",빌리 와일더,"게리 쿠퍼,오드리 헵번,모리스 슈발리에"
붉은 혜성 클럽,,일본,일본,,,,기타,,
사다코 디엑스,2024-07-01,일본,일본,,(주)미디어캐슬,12세이상관람가,공포(호러),키무라 히사시,"코시바 후카,카와무라 카즈마"
올파의 딸들,2025-04-02,프랑스,프랑스,,필름다빈,15세이상관람가,다큐멘터리,,헨드 사브리
핫잔: 낙타 기수 마타르,,기타,"기타,이집트",,,,드라마,,
링,1999-12-11,일본,일본,카도카와 쇼튼 퍼블리싱,(주)미디어캐슬,12세관람가,"공포(호러),미스터리,스릴러",나카타 히데오,"마츠시마 나나코,나카타니 미키,마쓰시마 나나코,사나다 히로유키"
사막의 두 남자,,모로코,"모로코,프랑스,독일,벨기에",,,,드라마,,
야마부키,,일본,"일본,프랑스",,,,드라마,,
달려오는 사람들,,미국,미국,,,,드라마,,"프랭크 시내트라,셜리 맥클레인"
그레타 툰베리,2021-06-17,미국,미국,,(주)영화사 진진,전체관람가,다큐멘터리,나탄 그로스만,
매일밤 두번 섹파 여사장,2024-07-05,한국,한국,,(주)씨맥스커뮤니케이션즈,청소년관람불가,성인물(에로),,
오만 단편선,,기타,기타,,,,드라마,,
먼 곳,,일본,일본,,,,드라마,,
민요 첼로,2024-07-03,한국,한국,한국문화예술위원회,주식회사 푸른잎커뮤니케이션,전체관람가,공연,,
빅샤크4: 바다공룡 대모험,2022-07-06,중국,중국,,와이드 릴리즈(주),전체관람가,어드벤처,,"김용,김소희,박시윤"
자유 결혼,1958-10-14,한국,한국,동아영화사,,12세이상관람가,코미디,이병일,"최은희,이민자"
가가린,2022-12-22,프랑스,프랑스,,(주)엣나인필름,12세이상관람가,SF,"파니 리에타르,제레미 트루일","피네건 올드필드,드니 라방,알세니 바틸리,리나 쿠드리"
풀의 울림,,일본,일본,,,,드라마,사이토 히사시,
강북 스와핑 동호회,2024-07-03,한국,한국,,주식회사 피에스앤제이,청소년관람불가,성인물(에로),,
잊지 않을게,,일본,일본,,,,기타,,
청설,2010-06-17,대만,대만,,"오드,(주)스폰지이엔티",전체관람가,"드라마,멜로/로맨스",청펀펀,"펑위옌,진의함,첸옌시"
사마에게,2020-01-23,영국,영국,,(주)엣나인필름,15세이상관람가,다큐멘터리,"와드 알-카팁,에드워드 와츠","와드 알-카팁,사마 알-카팁,함자 알-카팁"
사다코,2021-09-15,일본,일본,,(주)미디어캐슬,15세이상관람가,"공포(호러),스릴러",나카타 히데오,"이케다 에라이자,키리야마 렌,토모사카 리에,츠카모토 타카시"
수집가,,프랑스,프랑스,,(주)영화사 안다미로,15세이상관람가,"코미디,드라마,멜로/로맨스",에릭 로메르,
스탠 바이 미,,미국,미국,,,,"드라마,어드벤처",롭 라이너,"윌 휘튼,리버 피닉스,코리 펠드만,제리 오코넬"
28주 후,,영국,영국,,,,공포(호러),후안 카를로스 프레스나딜로,
빅샤크3: 젤리몬스터 대소동,2020-07-29,중국,중국,,(주)팝엔터테인먼트,전체관람가,애니메이션,신우,"정의한,원에스더,김진홍,김경희,손선영"
남편 부하직원들한테 단백질 받아 먹는 아내,2024-07-05,일본,일본,,(주)영진크리에이티브,청소년관람불가,"멜로/로맨스,드라마",,
논-픽션,2019-05-16,프랑스,프랑스,,(주)트리플픽쳐스,15세이상관람가,드라마,올리비에 아사야스,"줄리엣 비노쉬,기욤 까네,빈센트 맥케인,노라 함자위,크리스타 테렛"
렛 더 선샤인 인,2018-04-26,프랑스,프랑스,,주식회사 씨네룩스,15세이상관람가,"코미디,드라마,멜로/로맨스",클레르 드니,"줄리엣 비노쉬,자비에 보브와"
오늘 처음 본 야한 누나,2024-07-04,한국,한국,(주)샤이커뮤니케이션즈,(주)샤이커뮤니케이션즈,청소년관람불가,성인물(에로),,
일단 이 누나랑 섹스하고 생각하자,2024-07-04,한국,한국,(주)샤이커뮤니케이션즈,(주)샤이커뮤니케이션즈,청소년관람불가,성인물(에로),,
흑인사위와 발정난 젊은장모,2024-07-05,한국,한국,스마일컨텐츠,스마일컨텐츠,청소년관람불가,성인물(에로),천성준,
돼지가 우물에 빠진 날,1996-05-15,한국,한국,(주)동아수출공사,,연소자관람불가,드라마,홍상수,"김의성,박진성,조은숙,이응경,방은희,송강호,박충선"
오발탄,1961-04-13,한국,한국,대한영화사,,15세이상관람가,드라마,유현목,"김진규,김혜정,최무룡"
탈출: 프로젝트 사일런스,2024-07-12,한국,한국,"씨제이이엔엠 스튜디오스 주식회사,블라드스튜디오",(주)씨제이이엔엠,15세이상관람가,스릴러,김태곤,"이중현,이선균,주지훈,김희원,문성근,예수정,김태우,박희본,박주현,김수안,하도권,장광,최정우,구성환,박호산,문병주,송유현,장태민,유연,곽진석,안성봉,김창환,배명진,유승일,이상원,김만기,이미윤,신희철,권잎새,이두익,조홍우,허동수,유예진,김민희,신민수,이광호,김용호,권혁석,김승필,이광호,김도연,임용순,이순풍,송광주,손영옥,추병준,조하은,강수아,이종운,최자인,김동인,김승연,이택근,이혜인,정혜윤"
플라이 미 투 더 문,2024-07-12,미국,"미국,영국",,소니픽쳐스엔터테인먼트코리아주식회사극장배급지점,12세이상관람가,"멜로/로맨스,코미디",그랙 버랜티,"스칼렛 요한슨,채닝 테이텀,우디 해럴슨"
빅샤크5: 80일간의 해저일주,2024-07-11,중국,중국,,(주)팝엔터테인먼트,전체관람가,애니메이션,,
명탐정 코난: 100만 달러의 펜타그램,2024-07-17,일본,일본,TMS 엔터테인먼트,(주)씨제이이엔엠,12세이상관람가,애니메이션,나가오카 치카,"김선혜,강수진,신용우,최재호"
"가장 따뜻한 색, 블루",2014-01-16,프랑스,프랑스,,판씨네마(주),청소년관람불가,"드라마,멜로/로맨스",압델라티프 케시시,"레아 세이두,아델 에그자르코풀로스,살림 케치우셰"
2024 박은빈 팬 콘서트,2024-07-10,한국,한국,,씨제이 씨지브이(CJ CGV)(주),전체관람가,공연,,박은빈
포드 V 페라리,2019-12-04,미국,미국,,월트디즈니컴퍼니코리아 유한책임회사,12세이상관람가,"액션,드라마",제임스 맨골드,"맷 데이먼,크리스찬 베일"
백치들,2000-05-20,덴마크,덴마크,,(주)엣나인필름,18세관람가,"코미디,드라마",라스 폰 트리에,보딜 요르겐센
도그빌,2003-08-01,덴마크,덴마크,,(주)엣나인필름,18세관람가,"범죄,드라마",라스 폰 트리에,"니콜 키드먼,해리엇 안데르손"
살인자들,,미국,미국,,,,"범죄,드라마",로버트 시오드막,"버트 랭카스터,에바 가드너"
어둠속의 댄서,2001-02-24,덴마크,덴마크,,"(주)엣나인필름,영화사 마그나",12세관람가,드라마,라스 폰 트리에,"비요크,까뜨린느 드뇌브"
브레이킹 더 웨이브,1996-12-07,덴마크,"덴마크,아이슬란드,프랑스,노르웨이,스웨덴",,(주)엣나인필름,연소자관람불가,"드라마,뮤지컬",라스 폰 트리에,"에밀리 왓슨,스텔란 스카스가드"
이매큘레이트,2024-07-17,미국,미국,,(주)디스테이션,15세이상관람가,공포(호러),마이클 모한,"시드니 스위니,알바로 모르테"
파일럿,2024-07-31,한국,한국,"쇼트케이크(주),(주)무비락",롯데컬처웍스(주)롯데엔터테인먼트,12세이상관람가,코미디,김한결,"장연서,조정석,이주명,한선화,신승호,오민애,김지현,서재희,박다온,현봉식,서현철,유재석,조세호,강하늘,문상훈,이시언,차희,최필상,서명찬,은정완,유인혜,남현우,임세인,이수미,조주경,오태은,유형준,윤수혁,김사랑,조승구,김문희,김태훈,나현우,한사명,송훈,천윤경,민영,김승비,한주아,진한서,박제린,김대근,김영수,이시안,최혁,김민수,강경우,김관혁,성충모,박미라,백성욱,한지혁"
님포매니악 감독판 볼륨1,,덴마크,덴마크,,(주)엣나인필름,,드라마,라스 폰 트리에,
유로파,1992-08-25,덴마크,덴마크,,(주)엣나인필름,고등학생이상관람가,"스릴러,드라마",라스 폰 트리에,"장 마르 바,바바라 수코바"
만덜레이,2007-07-26,스웨덴,스웨덴,,"(주)엣나인필름,스폰지",청소년관람불가,드라마,라스 폰 트리에,"브라이스 달라스 하워드,이삭 드 번콜"
안티크라이스트,2011-04-14,덴마크,덴마크,,"(주)엣나인필름,주식회사 마운틴픽쳐스",청소년관람불가,"미스터리,드라마",라스 폰 트리에,"윌렘 데포,샤를로뜨 갱스부르"
그리고 바통은 넘겨졌다,2024-07-17,일본,일본,,(주)라이크콘텐츠,전체관람가,드라마,마에다 테츠,"나가노 메이,이시하라 사토미,타나카 케이"
님포매니악 감독판 볼륨2,,덴마크,덴마크,,(주)엣나인필름,,드라마,라스 폰 트리에,
이솝이야기,2024-07-10,한국,한국,한국문화예술위원회,주식회사 푸른잎커뮤니케이션,12세이상관람가,공연,,
알라딘,2019-05-23,미국,미국,,월트디즈니컴퍼니코리아 유한책임회사,전체관람가,"어드벤처,가족,판타지",가이 리치,"메나 마수드,윌 스미스,나오미 스콧"
투 로드 투게더,,미국,미국,,,,서부극(웨스턴),존 포드,제임스 스튜어트
카르멘 존스,,미국,미국,이십세기폭스필름코퍼레이션,,,"드라마,뮤지컬",오토 프레밍거,"해리 벨라폰테,도로시 댄드리지,펄 베일리"
"럭키, 아파트",2024-10-30,한국,한국,㈜인디스토리,㈜인디스토리,15세이상관람가,드라마,강유가람,"손수현,박가영,이주영,정애화,전소현,최은율,이지하,정수지,유병용,정보람,윤부진,엄옥란,서은지,이유경,최경준,서석규,승의열,최하윤,강혜련,황태현,손윤환,남지은,서수아,함효종,김준한,함요한,손명호,이철"
안드레아 세니에,,영국,영국,,(주)위즈온센,,공연,,
블루 하와이,,,,,,,,,
모로코로 가는 길,,미국,미국,,,,"코미디,가족",데이빗 버틀러,"빙 크로스비,밥 호프"
반교: 디텐션,2020-08-13,기타,기타,,(주)팝엔터테인먼트,15세이상관람가,공포(호러),존 쉬,"왕정,증경화,부맹백"
썸머프라이드시네마 2024 단편1,,한국,한국,,,,기타,,
겨울나기,,한국,한국,,,,"드라마,가족",장준영,양말복
썸머프라이드시네마 2024 김예창 배우 특별전,,한국,한국,,,,기타,,
어나더 라운드,2022-01-19,기타,기타,,(주)엣나인필름,15세이상관람가,"코미디,드라마",토마스 빈터베르그,"매즈 미켈슨,토마스 보 라센"
가가,,대만,대만,,,,드라마,라하 메보우,
썸머프라이드시네마 2024 단편3,,한국,한국,,,,기타,,
썸머프라이드시네마 2024 단편2,,한국,한국,,,,기타,,
내 곁에 있어줘,,대만,대만,,,,"드라마,멜로/로맨스,가족",황웬잉,
돼지와 뱀과 비둘기,,대만,대만,,,,"드라마,범죄,액션",황정보,
러브 이즈 어 건,,대만,대만,,,,드라마,리홍치,리홍치
비포 선라이즈,1996-03-30,미국,"미국,오스트리아 ,스위스",캐슬 락 엔터테인먼트,"씨제이 씨지브이(CJ CGV)(주),에무 시네마 앤 카페,(주)드림팩트엔터테인먼트","고등학생이상관람가,15세이상관람가","멜로/로맨스,드라마",리차드 링클레이터,"에단 호크,줄리 델피"
오명,,미국,미국,,,,"멜로/로맨스,스릴러",알프레드 히치콕,"캐리 그랜트,잉그리드 버그만"
썸머프라이드시네마 2024 배급사 특별전 - 포스트핀,,한국,한국,,,,기타,,
애프터썬,2023-02-01,영국,영국,,"그린나래미디어(주),(주)영화사 안다미로",12세이상관람가,드라마,,폴 메스칼
한여름밤의 재즈,2022-09-08,미국,미국,,찬란,12세이상관람가,"다큐멘터리,공연",버트 스턴,"루이 암스트롱,마할리아 잭슨,셀로니어스 몽크,척 베리,아니타 오데이"
광주독립영화관 장선 단편선,,한국,한국,,,,기타,,
미안하다 사정했다,2024-07-12,한국,한국,(주)파랑새미디어,(주)영진크리에이티브,청소년관람불가,"성인물(에로),드라마,멜로/로맨스",이타치,
미래의 범죄들,2024-07-17,캐나다,캐나다,,(주)누리픽쳐스,청소년관람불가,"드라마,공포(호러),SF",데이빗 크로넨버그,"크리스틴 스튜어트,레아 세이두,비고 모텐슨"
내 아내는 섹스 중독,2024-07-12,한국,한국,(주)룬컴퍼니,(주)룬컴퍼니,청소년관람불가,"성인물(에로),드라마",모니카,
당신의 아내를 잠시 빌려 가겠습니다,2024-07-11,한국,한국,(주)샤이커뮤니케이션즈,(주)샤이커뮤니케이션즈,청소년관람불가,성인물(에로),,
무르익은 몸의 유부녀,2024-07-11,한국,한국,(주)샤이커뮤니케이션즈,(주)샤이커뮤니케이션즈,청소년관람불가,성인물(에로),,
신주쿠에서 소악마 꼬시기2,2024-07-12,일본,일본,,(주)도키엔터테인먼트,청소년관람불가,성인물(에로),,
여사친 남사친 섹스가능2,2024-07-12,일본,일본,,(주)도키엔터테인먼트,청소년관람불가,성인물(에로),,
피지컬 뷁 섹시 챌린지,2024-07-11,한국,한국,영화사 만월,유한회사 스튜디오 획,청소년관람불가,성인물(에로),,
레슨,,한국,한국,,,,드라마,,
2023 영탁 단독 콘서트 : 탁쇼2,2024-07-18,한국,한국,씨제이 씨지브이(CJ CGV)(주),씨제이 씨지브이(CJ CGV)(주),전체관람가,공연,,
위대한 쇼맨,2017-12-20,미국,미국,,"월트디즈니컴퍼니코리아 유한책임회사,이십세기폭스코리아(주)",12세이상관람가,"드라마,뮤지컬",마이클 그레이시,"휴 잭맨,잭 에프런,미쉘 윌리엄스,레베카 퍼거슨,젠데이아 콜먼"
사랑의 하츄핑,2024-08-07,한국,한국,(주)에스에이엠지엔터테인먼트,(주)쇼박스,전체관람가,애니메이션,김수훈,"이지현,조경이,최낙윤,여민정,홍소영,홍범기,김하영,류승곤,조현정,김은아,장예나,엄상현"
하이큐!! 땅 VS 하늘,2020-01-23,일본,일본,,"에스엠지홀딩스 주식회사,(주)이놀미디어,(주)드림팩트엔터테인먼트,(주)삼백상회",전체관람가,애니메이션,사토 마사코,"구자형,김영선,양정화,최승훈,남도형"
하이큐!! 재능과 센스,2017-11-15,일본,일본,,"에스엠지홀딩스 주식회사,(주)이놀미디어,(주)이수C&E",12세이상관람가,애니메이션,미츠나카 스스무,
그랑블루 오리지날 리마스터링,2024-07-17,프랑스,프랑스,,"(주)제이앤씨미디어그룹,와이드 릴리즈(주)",15세이상관람가,드라마,뤽 베송,"장 르노,장 마르 바"
하이큐!! 콘셉트의 싸움,2018-01-11,일본,일본,,"에스엠지홀딩스 주식회사,(주)이놀미디어,(주)팝엔터테인먼트",12세이상관람가,애니메이션,미츠나카 스스무,
큐어,2022-07-06,일본,일본,,엠엔엠인터내셔널(주),15세관람가,공포(호러),구로사와 기요시,"나카가와 안나,하기와라 마사토,야쿠쇼 코지"
엄마의 왕국,2024-07-24,한국,한국,한국영화아카데미,스튜디오 에이드,15세이상관람가,"범죄,드라마,미스터리",이상학,"한기장,남기애,유성주"
극장총집편 봇치 더 록! 전편,2024-08-07,일본,일본,,씨제이 씨지브이(CJ CGV)(주),12세이상관람가,애니메이션,사이토 케이이치로,"아오야마 요시노,스즈시로 사유미,미즈노 사쿠,하세가와 이쿠미"
나폴레옹과 데지레,,미국,미국,,,,"드라마,멜로/로맨스",헨리 코스터,"말론 브란도,진 시몬스"
싸이코,,미국,미국,,(주)영화사 안다미로,청소년관람불가,"공포(호러),스릴러,미스터리",알프레드 히치콕,"안소니 퍼킨스,베라 마일즈,존 개빈,마틴 발삼,존 맥킨타이어,사이먼 오클랜드,본 테일러,프랭크 알버트슨,루렌 터틀,패트리샤 히치콕,존 앤더슨,자넷 리"
블러디 이스케이프: 지옥의 도주극,2024-07-25,일본,일본,,와이드 릴리즈(주),15세이상관람가,애니메이션,타니구치 고로,
범죄의 요소,2002-08-03,덴마크,덴마크,,"(주)엣나인필름,(주)동숭아트센터",18세관람가,"범죄,스릴러",라스 폰 트리에,"마이클 엘픽,에스몬드 나이트"
소나기,,한국,한국,남아진흥,(주)프리즘웍스,전체관람가,드라마,고영남,"이영수,조윤숙,김신재"
에피데믹,,덴마크,덴마크,,(주)엣나인필름,,"공포(호러),스릴러",라스 폰 트리에,"알란 드 월,올레 에른스트,라스 폰 트리에"
집으로...,2002-04-04,한국,한국,튜브픽쳐스(주),"(주)나이너스엔터테인먼트,(주)팝엔터테인먼트,씨제이엔터테인먼트",전체관람가,드라마,이정향,"유승호,김을분,동효희,김두천,안병무,남기준,박현숙,민경훈,박건용,박경오,윤재근,임은경,김순희,이춘희"
"안녕, 용문객잔",,대만,대만,,,,드라마,차이 밍 량,"이강생,진상기"
풍기,2024-08-28,한국,한국,(주)마이더스필름,"(주)드림팩트엔터테인먼트,(주)빅브라더스",12세이상관람가,코미디,박규식,"이중현,김정태,이선진,이채영,유태웅,남경읍"
진주의 진주,2024-07-24,한국,한국,겸필름,영화배급협동조합 씨네소파,12세이상관람가,드라마,김록경,"문선용,임호준"
잠입자,,러시아,러시아,,,,"드라마,SF",안드레이 타르코프스키,아나톨리 솔로니친
살인마 잭의 집,2019-02-21,덴마크,덴마크,,(주)엣나인필름,청소년관람불가,"드라마,공포(호러),스릴러",라스 폰 트리에,"맷 딜런,브루노 간츠,우마 서먼,라일리 코프,유지태"
절규 그리고 침묵,,미국,"미국,이스라엘",,,,다큐멘터리,,
카사블랑카,1999-04-03,미국,미국,워너브러더스사㈜,워너브러더스 코리아(주),12세 미만인 자는 관람할 수 없는 등급,"드라마,멜로/로맨스,전쟁",마이클 커티즈,"험프리 보가트,잉그리드 버그만,폴 헌레이드"
백경,2008-03-15,영국,영국,,,,"드라마,어드벤처",존 휴스턴,"그레고리 펙,리차드 베이스하트,레오 겐"
거울,,러시아,러시아,,,,드라마,안드레이 타르코프스키,"마가리타 테레코바,아나톨리 솔로니친"
안드레이 루블료프,,러시아,러시아,,,,드라마,,
비장의 술수,,미국,미국,,,,"드라마,액션,범죄",빌리 와일더,"커크 더글라스,잔 스털링,로버트 아서"
대지,,미국,미국,,,,드라마,시드니 프랭클린,"폴 무니,루이스 라이너"
애정만세,1995-06-17,대만,대만,중앙전영공사,엠엔엠인터내셔널(주),"연소자관람불가,15세이상관람가",드라마,차이 밍 량,"이강생,양귀매,진소영"
차이밍량 행자 연작 단편 1,,대만,대만,,,,기타,차이 밍 량,
학이 난다,,러시아,러시아,,,,기타,,
나는 모스크바를 걷는다,,러시아,러시아,,,,기타,,
곳,,대만,대만,,,,기타,차이 밍 량,이강생
굿바이 크루얼 월드,2024-07-16,일본,일본,,(주)미디어캐슬,청소년관람불가,"액션,범죄",오오모리 타츠시,"니시지마 히데토시,사이토 타쿠미"
베베핀: 베베핀 패밀리의 하루,,한국,한국,더핑크퐁컴퍼니(주),더핑크퐁컴퍼니(주),전체관람가,애니메이션,,"이성은,김도희"
인디그라운드: 코미디의 왕 - 섹션 3,,한국,한국,,,,코미디,,
클로즈,2023-05-03,벨기에,"벨기에,네덜란드,프랑스",,"찬란,(주)하이스트레인저",12세이상관람가,드라마,루카스 돈트,"에덴 담브린,구스타브 드 와엘"
군도: 민란의 시대,2014-07-23,한국,한국,"(주)영화사 월광,(주)쇼박스",(주)쇼박스,15세이상관람가,"사극,액션",윤종빈,"하정우,강동원,최귀화,이성민,조진웅,마동석,윤지혜,정만식,김성균,김재영,주진모,이경영,신나라,정두홍,조남희,조현도,김광현,김병주,김영철,김지선,김태수,노남석,송영창,이경영,김병옥,주영호,한예리,김시은,김해숙,정대용,정재헌,박명신,임현성,강신철,윤경호"
인디그라운드: 코미디의 왕 - 섹션 1,,한국,한국,,,,코미디,,
컴온 컴온,2022-06-30,미국,미국,,(주)스튜디오디에이치엘,12세이상관람가,드라마,마이크 밀스,"호아킨 피닉스,우디 노먼,가비 호프만"
인디그라운드: 코미디의 왕 - 섹션 2,,한국,한국,,,,코미디,,
베베핀: 생활습관을 배워요,,한국,한국,더핑크퐁컴퍼니(주),더핑크퐁컴퍼니(주),전체관람가,애니메이션,,"이성은,김도희"
병사의 발라드,,러시아,러시아,,,,"드라마,멜로/로맨스,전쟁",,
데르수 우잘라,,러시아,"러시아,일본",,,,"어드벤처,드라마",,
환영 또는 통행금지,,러시아,러시아,,,,코미디,,
구름에서 저항으로,,이탈리아,"이탈리아,서독,영국,프랑스",,,,드라마,"다니엘 위예,장 마리 스트라우브",
잇 컴스 앳 나잇,2017-10-19,미국,미국,,(주)팝엔터테인먼트,15세이상관람가,"미스터리,스릴러",트레이 에드워드 슐츠,"조엘 에저튼,라일리 코프,크리스토퍼 애봇"
모래,,대만,대만,,,,기타,차이 밍 량,이강생
풀타임,2022-08-18,프랑스,프랑스,,주식회사 슈아픽처스,전체관람가,"드라마,스릴러",,로르 칼라미
핑크퐁 원더스타 특별편: 호기와 도둑자동차,2024-07-18,한국,한국,더핑크퐁컴퍼니(주),더핑크퐁컴퍼니(주),전체관람가,애니메이션,,"조경이,이소은,김새해,정재헌"
소이 쿠바,,쿠바,"쿠바,러시아",,,,기타,,
돌아와요 내 사랑,,미국,미국,,,,"멜로/로맨스,코미디",스탠리 도넌,"율 브린너,케이 켄달"
하더 데이 폴,,미국,미국,,,,드라마,마크 로브슨,"험프리 보가트,로드 스테이거"
베베핀 플레이타임,2024-07-20,한국,한국,더핑크퐁컴퍼니(주),더핑크퐁컴퍼니(주),전체관람가,애니메이션,변희선,"이성은,김도희"
서유,,대만,대만,,,,드라마,차이 밍 량,"이강생,드니 라방"
안나 막달레나 바흐의 연대기,,프랑스,프랑스,,,,사극,"다니엘 위예,장 마리 스트라우브",
차이밍량 행자 연작 단편 2,,대만,대만,,,,기타,차이 밍 량,
무소주,,미국,"미국,대만",,,,기타,차이 밍 량,이강생
정말 먼 곳,2021-03-18,한국,한국,"봄내필름,(주)찰나",그린나래미디어(주),12세이상관람가,드라마,박근영,"강길우,홍경,이상희,기주봉,기도영,최금순,김시하,최원용,최기윤,이정문,박혜정,김인철,오석재,양흥주,김미경,유광수,오미숙,이미경,이상혁,이인자,홍다예,최민우,엄기백,이채경,장홍석,전의자,조항목,최영호,전민우,전해진,노치형,장우진,박철훈,장준휘"
날개,,러시아,러시아,,,,기타,,
아샤 이야기,,러시아,러시아,,,,기타,,
가출 유부녀와 양아치들,2024-07-19,한국,한국,(주)샤이커뮤니케이션즈,(주)샤이커뮤니케이션즈,청소년관람불가,성인물(에로),,
대물 상사와 글래머 여직원,2024-07-18,한국,한국,(주)샤이커뮤니케이션즈,(주)샤이커뮤니케이션즈,청소년관람불가,성인물(에로),,
몸으로 위로해 달라는 여상사,2024-07-19,한국,한국,(주)샤이커뮤니케이션즈,(주)샤이커뮤니케이션즈,청소년관람불가,성인물(에로),,
젊은 남자의 몸에 빠진 여자들,2024-07-18,한국,한국,(주)샤이커뮤니케이션즈,(주)샤이커뮤니케이션즈,청소년관람불가,성인물(에로),,
라쇼몽,,일본,일본,,,,드라마,구로사와 아키라,
(인디스데이) 음악을 들어야 능률이 오르는 편입니다,,한국,한국,,,,기타,,
토끼는 어디로 갔나요?,2024-07-17,한국,한국,한국문화예술위원회,주식회사 푸른잎커뮤니케이션,전체관람가,공연,,
코뮤니스텐 + 조아생 가티,,기타,기타,,,,"드라마,다큐멘터리",장 마리 스트라우브,
애니살롱전 with 인디스페이스 2024 7월: 사물이 보이는 것보다 가까이 있음,,한국,한국,,,,애니메이션,,
폭풍의 질주,1990-08-11,미국,미국,"돈 심슨/제리부룩하이머 필름,파라마운트 픽쳐스",,중학생이상관람가,드라마,토니 스콧,"톰 크루즈,로버트 듀발"
마쇼르카-무프 + 화해불가,,독일,독일,,,,"드라마,코미디,사극","장 마리 스트라우브,다니엘 위예",
고 녀석 맛나겠다,2011-07-07,일본,일본,,"(주)삼백상회,(주)플레이그램,(주)화앤담이엔티",전체관람가,애니메이션,후지모리 마사야,
그들의 이런 만남들,,이탈리아,"이탈리아,프랑스",,,,기타,"장 마리 스트라우브,다니엘 위예",
역사수업,,서독,"서독,이탈리아",,,,드라마,"다니엘 위예,장 마리 스트라우브",
1942 배틀오버,2024-07-15,영국,영국,,(주)제이에이와이이엔터테인먼트,12세이상관람가,전쟁,,
로트링겐! + 2편,,기타,기타,,,,"드라마,다큐멘터리","장 마리 스트라우브,다니엘 위예",
온다,2020-03-26,일본,일본,,(주)트리플픽쳐스,15세이상관람가,공포(호러),나카시마 테츠야,"오카다 준이치,쿠로키 하루,고마츠 나나,마츠 다카코,츠마부키 사토시"
1일 3싸-그녀가 자꾸 세운다,2024-07-17,일본,일본,,(주)영진크리에이티브,청소년관람불가,"성인물(에로),드라마,멜로/로맨스",히무 롯쿠,
MZ가 아재와의 섹스를 좋아하는 이유,2024-07-16,일본,일본,,(주)영진크리에이티브,청소년관람불가,"성인물(에로),드라마,멜로/로맨스",타카야마 켄타로,
고객만족 오일마사지-마지막 한방울까지 뽑아준다,2024-07-16,일본,일본,,(주)영진크리에이티브,청소년관람불가,"성인물(에로),드라마,멜로/로맨스",토리피,
과부의 맛-나도 싸고싶어,2024-07-17,일본,일본,,(주)영진크리에이티브,청소년관람불가,"성인물(에로),드라마,멜로/로맨스",츠지 코지,
길들여진 새댁의 무릎사이 무삭제판,2024-07-16,일본,일본,,주식회사 미콘,청소년관람불가,성인물(에로),,
내 아내가 죗값 대신 다른남자와 싸고 있습니다,2024-07-15,일본,일본,,(주)영진크리에이티브,청소년관람불가,"멜로/로맨스,드라마",,
너무커서아파요흑인대물오빠-무삭제,2024-07-16,한국,한국,스마일컨텐츠,스마일컨텐츠,청소년관람불가,성인물(에로),천성준,
동생 몰래 잔뜩 맛본 제부의 맛 무삭제판,2024-07-20,일본,일본,,(주)영진크리에이티브,청소년관람불가,"성인물(에로),드라마,멜로/로맨스",토미죠 타로,
며느리 물대접-시아버지 몸보신 시켜줬다,2024-07-20,일본,일본,,(주)영진크리에이티브,청소년관람불가,"성인물(에로),드라마,멜로/로맨스",타카야마 켄타로,
물 넘치는 섹파-방금 쌌는데 또 싸고싶어,2024-07-18,일본,일본,,(주)영진크리에이티브,청소년관람불가,"성인물(에로),드라마,멜로/로맨스",히무 롯쿠,
사모님의 원금상환섹스-고금리 몸빵 대책,2024-07-17,일본,일본,,(주)영진크리에이티브,청소년관람불가,"성인물(에로),드라마,멜로/로맨스",타카야마 켄타로,
새엄마 물 맛-너무 맛있어요 새엄마,2024-07-19,일본,일본,,(주)영진크리에이티브,청소년관람불가,"성인물(에로),드라마,멜로/로맨스",츠지 코지,
섹스 동호회,2024-07-19,한국,한국,,(주)영화사가을,청소년관람불가,멜로/로맨스,,
여보! 정자 받고 튀어,2024-07-15,일본,일본,,(주)영진크리에이티브,청소년관람불가,"멜로/로맨스,드라마",,
옆집여자-남편 대신 시원하게 싸줬다,2024-07-18,일본,일본,,(주)영진크리에이티브,청소년관람불가,"성인물(에로),드라마,멜로/로맨스",타카야마 켄타로,
육체 가정부-잘 닦고 잘 빤다,2024-07-16,일본,일본,,(주)영진크리에이티브,청소년관람불가,"성인물(에로),드라마,멜로/로맨스",타카야마 켄타로,
의붓여동생이 자꾸 보여달라고 합니다,2024-07-17,일본,일본,,(주)영진크리에이티브,청소년관람불가,"성인물(에로),드라마,멜로/로맨스",토리피,
재벌집 여비서-고자아들을 부탁해,2024-07-19,한국,한국,(주)파랑새미디어,(주)영진크리에이티브,청소년관람불가,"성인물(에로),드라마,멜로/로맨스",이타치,
점장님 팬티 내릴게요 눈감아 주세요,2024-07-18,일본,일본,,(주)영진크리에이티브,청소년관람불가,"성인물(에로),드라마,멜로/로맨스",타카야마 켄타로,
정사 : 이모대신 제가,2024-07-19,한국,한국,,(주)영화사가을,청소년관람불가,멜로/로맨스,,
젖은장모-사위 대물에 눈 뒤집히네,2024-07-18,일본,일본,,(주)영진크리에이티브,청소년관람불가,"성인물(에로),드라마,멜로/로맨스",츠지 코지,
참젖 유부녀-감독님 손맛에 홍수터졌네,2024-07-20,일본,일본,,(주)영진크리에이티브,청소년관람불가,"성인물(에로),드라마,멜로/로맨스",타카야마 켄타로,
첫경험은 새엄마랑 해야지,2024-07-19,일본,일본,,(주)영진크리에이티브,청소년관람불가,"성인물(에로),드라마,멜로/로맨스",츠지 코지,
크게 잘 세우는 아이리,2024-07-16,일본,일본,,(주)영진크리에이티브,청소년관람불가,"성인물(에로),드라마,멜로/로맨스",토리피,
형수가 시동생 앞에서 팬티를 벗었다,2024-07-15,일본,일본,,(주)영진크리에이티브,청소년관람불가,"멜로/로맨스,드라마",,
"아리랑시네센터X이경미, 잘돼가?무엇이든",,한국,한국,,,,드라마,이경미,
필름다빈X아리랑인디웨이브 섹션 2,,한국,한국,,,,기타,,
필름다빈X아리랑인디웨이브 섹션 3,,한국,한국,,,,기타,,
필름다빈X아리랑인디웨이브 섹션1,,한국,한국,,,,기타,,
데드풀과 울버린,2024-07-24,미국,미국,,월트디즈니컴퍼니코리아 유한책임회사,청소년관람불가,"액션,코미디,SF",숀 레비,"라이언 레이놀즈,휴 잭맨"
이준호 콘서트 : 다시 만나는 날,2024-07-24,한국,한국,(주)제이와이피엔터테인먼트,씨제이 씨지브이(CJ CGV)(주),전체관람가,공연,,이준호
더 원더스,2024-07-31,이탈리아,이탈리아,,엠엔엠인터내셔널(주),12세이상관람가,드라마,알리체 로르와커,
여왕벌,,미국,미국,,,,,레이널드 맥두걸,조안 크로포드
2023 심규선 단독 콘서트 : 우리 앞의 세계,2024-07-27,한국,한국,,(주)영화사 그램,전체관람가,공연,이승남,
의혹의 그림자,,미국,미국,,,,"범죄,미스터리,스릴러",알프레드 히치콕,"테레사 라이트,조셉 코튼"
물은 바다를 향해 흐른다,2024-08-07,일본,일본,,트윈플러스파트너스(주),12세이상관람가,드라마,마에다 테츠,"히로세 스즈,오니시 리쿠,나마세 카츠히사,코라 켄고,카츠무라 마사노부,키타무라 유키야,사카이 마키"
과거로부터,,미국,미국,,,,"스릴러,공포(호러),드라마",자크 투르뇌르,"로버트 미첨,커크 더글라스,제인 그리어,론다 플레밍"
극장판 프리큐어 올스타즈 F,2024-07-31,일본,일본,,(주)디스테이션,전체관람가,애니메이션,,
천상의 몸,,이탈리아,이탈리아,,,,드라마,알리체 로르와커,
초대의 법칙,2023-05-11,기타,기타,,주식회사 풍경소리,청소년관람불가,"멜로/로맨스,드라마",,
행복의 나라,2024-08-14,한국,한국,"(주)파파스필름,오스카10스튜디오",(주)넥스트엔터테인먼트월드(NEW),12세이상관람가,드라마,추창민,"조정석,이선균,유재명,우현,이원종,전배수,송영규,최원영,강말금,박훈,이현균,진기주,유성주,임철형,김재철,김법래,유진호,권성일,이주원,박성일,김정호,임기홍,최원경,유정호,이순원,장세원,김수형,정예나,장명갑,김현균,하동준,윤성원,윤정열,박경근,서석규,황기석,이태일,김용범,최로운,김비비,박길수,박노식,신운섭,장남수,임성미,박응수,송덕호,문성복,황인보,한진,이봉균,표성균,한승헌,서범석,배우진,최정원,김혁종,김우현,백성철,한동원,황민형,정민섭,김태훈,송유하,박기만,성도현,전운종,정동근,허승운,오치운,황수현,권재원,최영,박부건,한재혁,김정승,임세찬,강성욱,강희세,이도영,윤상원,양승호,김성재,허중회,임성규,문지현,차영미"
티파니에서 아침을,,미국,미국,,"롯데컬처웍스(주)롯데시네마,주식회사 마운틴픽쳐스",12세이상관람가,"드라마,멜로/로맨스",블레이크 에드워즈,"조지 페파드,오드리 헵번"
남매의 여름밤,2020-08-20,한국,한국,오누필름,그린나래미디어(주),전체관람가,드라마,윤단비,"박현영,양흥주,최정운,박승준,강석원"
아파치,,미국,미국,,,,서부극(웨스턴),로버트 알드리치,"버트 랜커스터,진 피터스"
알카라스의 여름,2022-11-03,스페인,스페인,,(주)영화사 진진,12세이상관람가,드라마,카를라 시몬,"조르디 푸홀 돌체트,안나 오틴,세니아 로제트,알베르트 보쉬,아이네트 주누"
노 웨이 아웃,,미국,미국,,,,액션,조셉 L. 맨키위즈,"리차드 위드마크,린다 다넬,스티븐 맥널리"
배달원,,러시아,러시아,,,,기타,,
모가디슈,2021-07-28,한국,한국,"(주)덱스터스튜디오,(주)외유내강,(주)필름케이",롯데컬처웍스(주)롯데엔터테인먼트,15세이상관람가,"액션,드라마",류승완,"김윤석,조인성,허준호,구교환,김소진,정만식,김재화,박경혜,박명신,한철우,주보비,안세호,이진희,최경훈,이화정,정병두,이나연,김동화,윤경호,장지후,유연석,강승수,임희라,김우영,남태규,배정환,이성환,태상호,김도훈,김동식,김원준,민대웅,정재훈,최정욱,윤대원,김서희,박지영,이종진,최유정,박정,조상원,전상원,김경희,김재훈,이용희,황창기,이희경,이금빈,조순연,한규석"
6TH SIWOLF-단편 경쟁 3,,한국,한국,,,,"드라마,다큐멘터리",,
지옥의 외인부대,2024-07-24,프랑스,프랑스,,(주)뮤제엔터테인먼트,15세이상관람가,"전쟁,액션",다비드 오엘호펜,
6TH SIWOLF-단편 경쟁 2,,한국,한국,,,,"드라마,다큐멘터리",,
안티고네,,독일,"독일,프랑스",,,,드라마,"다니엘 위예,장 마리 스트라우브",
아가씨 손길을 부드럽게,,프랑스,"프랑스,이탈리아",,,,코미디,미쉘 브와롱,"알랑 드롱,밀레느 드몽죠,재클린 사사드,파스칼 페티"
지난 여름 갑자기,,미국,미국,,,,드라마,조셉 L. 맨키위즈,"엘리자베스 테일러,캐서린 헵번,몽고메리 클리프트"
6TH SIWOLF-단편 경쟁 4,,한국,한국,,,,드라마,,
[낫띵벗필름 X 인디스페이스] 7월- 나애진: 내 마음을 건드려,,한국,한국,,,,기타,,
계급 관계 + 1편,,서독,"서독,프랑스",,,,"드라마,다큐멘터리",,
6TH SIWOLF-단편 경쟁 1,,한국,한국,,,,"드라마,다큐멘터리",,
6TH SIWOLF-청소년 영화 기획전,,한국,한국,,,,드라마,,
피서지에서 생긴 일,1972-08-19,미국,미국,워너 브러더스 픽쳐스,,,드라마,델머 데이브즈,리차드 에건
엠페도클레스의 죽음,,독일,"독일,프랑스",,,,드라마,"장 마리 스트라우브,다니엘 위예",
박열,2017-06-28,한국,한국,(유)박열문화전문회사,메가박스중앙(주) 플러스엠 엔터테인먼트,12세이상관람가,드라마,이준익,"이제훈,최희서,김인우,권율,민진웅,이형석,박진성,배정환,서동기,정무진,정승채,조박,윤재국,이경수,이동욱,이병훈,이성규,이승환,이신우,이영상,이재성,이정현,이종민,홍준석,달시 파켓,김준한,최정헌,백수장,이정현,정준원,류성현,박기륭,김성철,정태야,김희상,손준영,최세용"
사랑을 합시다,,미국,미국,,,,"코미디,뮤지컬,멜로/로맨스",조지 쿠커,"마릴린 몬로,이브 몽땅,토니 랜달,윌프리드 하이드 화이트"
야식금지클럽,,한국,한국,,,,드라마,"김은영,전상진,황영",
"너무 이른, 너무 늦은 + 2편",,기타,기타,,,,다큐멘터리,,
시실리아!,,이탈리아,"이탈리아,프랑스,스위스",,,,드라마,"장 마리 스트라우브,다니엘 위예","지아니 부스카리노,안젤라 누가라"
아저씨랑 섹스하고 싶어요,2024-07-25,한국,한국,(주)샤이커뮤니케이션즈,(주)샤이커뮤니케이션즈,청소년관람불가,성인물(에로),,
유부남을 유혹하는 음란한 과부,2024-07-26,한국,한국,(주)샤이커뮤니케이션즈,(주)샤이커뮤니케이션즈,청소년관람불가,성인물(에로),,
형수님에게 발정 난 시동생,2024-07-25,한국,한국,(주)샤이커뮤니케이션즈,(주)샤이커뮤니케이션즈,청소년관람불가,성인물(에로),,
흥건하게 젖은 글래머,2024-07-26,한국,한국,(주)샤이커뮤니케이션즈,(주)샤이커뮤니케이션즈,청소년관람불가,성인물(에로),,
"오, 지고의 빛이여! + 2편",,기타,기타,,,,드라마,장 마리 스트라우브,
아르테미스의 무릎 + 3편,,기타,기타,,,,드라마,장 마리 스트라우브,
아쿠아리움과 국가 + 2편,,스위스,"스위스,프랑스",,,,"드라마,다큐멘터리",장 마리 스트라우브,
6TH SIWOLF-배우 오민애 기획전,,한국,한국,,,,드라마,,
오통,,서독,서독,,,,드라마,"다니엘 위예,장 마리 스트라우브",
당나귀 EO,2023-10-03,폴란드,"폴란드,영국,이탈리아",,"찬란,(주)하이스트레인저",15세이상관람가,드라마,예르지 스콜리모프스키,"산드라 지말스카,이자벨 위페르"
모래바람,2024-11-27,한국,한국,홍시네,(주)영화특별시에스엠씨,전체관람가,다큐멘터리,박재민,
최악의 허니문,2024-07-23,영국,영국,,(주)누리픽쳐스,15세이상관람가,"코미디,멜로/로맨스,액션",,
성덕,2022-09-28,한국,한국,해랑사,오드,12세이상관람가,다큐멘터리,오세연,오세연
(로컬 픽: 시간과 빛) 처음의 마음,,한국,한국,,,,기타,,
종착역,2021-09-23,한국,한국,"(주)타이거시네마,DGC",필름다빈,전체관람가,드라마,"권민표,서한솔","설시연,배연우,박소정,한송희,강석원,나도율,김보예,김나경"
우리는 매일매일,2021-06-30,한국,한국,영희야 놀자,㈜인디스토리,12세이상관람가,다큐멘터리,강유가람,"허은주,김이승현,유여원,김혜정,강정임,최은희,김용현,김건우"
태권동자 마루치 아라치,1977-07-27,한국,한국,(주)삼도필림,,전체관람가,"SF,애니메이션",임정규,
기담,2007-08-01,한국,한국,영화사 도로시(주),"(주)영화사오원,㈜스튜디오이쩜영",15세이상관람가,"공포(호러),미스터리,스릴러","정식,정범식","김보경,김응수,이동규,진구,김태우,김종윤,예수정,정지안,김자영,데이비드 맥기니스"
핑크퐁 시네마 콘서트 : 우주대탐험,2020-01-30,한국,한국,더핑크퐁컴퍼니(주),더핑크퐁컴퍼니(주),전체관람가,애니메이션,변희선,"조경이,김서영,김은아,김령희,박수화,신명근,이성은,이시영,이시온,이원찬,이주경,이한나,최보배,한보미,정재헌"
거침없이 뒷치기,2024-07-24,한국,한국,,주식회사 루믹스미디어,청소년관람불가,성인물(에로),,
공즉시색 3,2024-07-22,한국,한국,(주)영화사가을,(주)영화사가을,청소년관람불가,"멜로/로맨스,코미디",민정현,
남편보다 더 큰 의붓아들이 더 좋아,2024-07-26,일본,일본,,(주)영진크리에이티브,청소년관람불가,"멜로/로맨스,드라마",,
신도시 엄마들 파이널,2024-07-23,한국,한국,진픽쳐스,유한회사 스튜디오 획,청소년관람불가,성인물(에로),정도수,
제수씨랑 하룻밤은 괜찮아,2024-07-26,일본,일본,,(주)영진크리에이티브,청소년관람불가,"멜로/로맨스,드라마",,
곤지암,2018-03-28,한국,한국,(주)하이브미디어코프,"(주)쇼박스,씨제이포디플렉스 주식회사",15세이상관람가,"공포(호러),스릴러",정범식,"위하준,박지현,오아연,문예원,이승욱,류제윤,박성훈,이주원,정아노마"
헬로카봇 올스타 스페셜,2024-07-31,한국,한국,(주)초이락컨텐츠컴퍼니,와이드 릴리즈(주),전체관람가,애니메이션,"이슬기,김동준",
블랙핑크 월드투어 [본 핑크] 인 시네마,2024-07-31,한국,한국,"씨제이포디플렉스 주식회사,스크린엑스 스튜디오","씨제이포디플렉스 주식회사,씨지브이 아이스콘",전체관람가,공연,"오윤동,민근",
하이퍼포커스 : 투모로우바이투게더 브이알 콘서트,2024-07-31,미국,미국,,(주)어메이즈브이알코리아,전체관람가,"공연,드라마",김경국,"수빈,연준,범규,태현,휴닝카이"
리볼버,2024-08-07,한국,한국,(주)사나이픽처스,메가박스중앙(주) 플러스엠 엔터테인먼트,15세이상관람가,범죄,오승욱,"전도연,지창욱,임지연,김준한,김종수,정만식,오의식,윤경호,양현민,김혜은,유성주,전혜진,이정재,정재영,오충근,김준배,정규영,마웅규,김회창,정기섭,권현진,신삼봉,김문찬,오민정,김봉희,유수정,박민정,김해준,김미지,김미숙,김태윤,전영,고경희,류경인,한상호,정상훈,진현광,김낙균,강나현,최지현,김민광,서문호"
[마이 아티 필름] 더보이즈 선우: 누난 너무 예뻐,,한국,한국,(주)씨제이이엔엠,씨제이 씨지브이(CJ CGV)(주),전체관람가,드라마,,
디베르티멘토,2024-08-07,프랑스,프랑스,,찬란,12세이상관람가,드라마,마리-카스티유 망시옹-샤르,
존 웨인의 기병대,,미국,미국,,,,"어드벤처,전쟁",존 포드,"존 웨인,윌리엄 홀덴,콘스탄스 타워스"
제프 쿤스. 그 은밀한 초상,2024-07-31,이탈리아,이탈리아,,일미디어,12세이상관람가,다큐멘터리,,
깊이 빠져 보다: 알버트,,한국,한국,주식회사 버스데이,,전체관람가,기타,박제성,박제성
왕과 나,,미국,미국,투엔티쓰 센츄리-폭스 필름 코퍼레이션,,,"뮤지컬,코미디,가족,멜로/로맨스",월터 랭,"율 브린너,데보라 카"
왕자와 무희,,미국,"미국,영국",워너 브러더스 픽쳐스,,,"코미디,드라마",로렌스 올리비에,"리차드 와티스,데이빗 혼,제레미 스펜서,시빌 손다이크,로렌스 올리비에,마릴린 몬로"
조선인 여공의 노래,2024-08-07,한국,한국,"영화제작소 정감,정감스토리",(주)시네마달,전체관람가,다큐멘터리,이원식,"히구치 요이치,신남숙"
10 라이브즈,2024-08-15,영국,영국,,(주)박수엔터테인먼트,전체관람가,애니메이션,크리스토퍼 젠킨스,
나의 속마음,,미국,미국,,,,"드라마,스릴러",진 네글레스코,"존 가필드,미셸린 프레슬,루터 아들러"
키시베 로한 루브르에 가다,2024-08-01,일본,일본,,(주)미디어캐슬,12세이상관람가,"미스터리,판타지",와타나베 카즈타카,"타카하시 잇세이,이토요 마리에"
빅토리,2024-08-14,한국,한국,(주)안나푸르나필름,(주)마인드마크,12세이상관람가,드라마,박범수,"이혜리,박세완,이정하,조아람,최지수,백하이,권유나,염지영,이한주,박효은,이찬형,현봉식,이미도,지이수,박소연,방정민,주진모,손병욱,이시훈,한종훈,윤대열,서동훈,오준혁,이재남,이유한,김진환"
1923 간토대학살,2024-08-15,한국,한국,"(주)인디컴,스튜디오 반",(주)영화특별시에스엠씨,12세이상관람가,다큐멘터리,"김태영,최규석","하토야마 유키오,스기오 히데야,정성길,김의성"
똥 싸는 소리,2024-07-31,한국,한국,사단법인 광주영화영상인연대,사단법인 광주영화영상인연대,12세이상관람가,드라마,조재형,임도윤
쥬라기캅스 극장판: 전설의 고대생물을 찾아라,2024-08-15,한국,한국,(주)스튜디오버튼,(주)바른손이앤에이,전체관람가,애니메이션,이재민,"엄상현,황창영,홍범기,강은애"
추억,,미국,미국,워너 브러더스 픽쳐스,,,드라마,마이클 커티즈,"앤 블리스,폴 뉴먼,리차드 칼슨"
건힐의 결투,,미국,미국,,,,"스릴러,서부극(웨스턴)",존 스터지스,"커크 더글라스,앤소니 퀸"
이오 카피타노,2024-08-07,이탈리아,이탈리아,,"(주)팝엔터테인먼트,(주)플레이그램",15세이상관람가,드라마,마테오 가로네,
바다 탐험대 옥토넛 어보브 앤 비욘드 : 바다가 위험해,2024-08-14,영국,영국,,와이드 릴리즈(주),전체관람가,"애니메이션,액션,어드벤처",,"하성용,정재헌,엄상현,윤승희,김율,유동균,한경화,김정은,박성영"
고스트타운의 결투,,미국,미국,,,,서부극(웨스턴),존 스터지스,"로버트 테일러,리차드 위드마크"
까마귀 기르기,,스페인,스페인,,,,드라마,카를로스 사우라,"제랄딘 채플린,모니카 랜달"
어셔가의 몰락,,미국,미국,,,,공포(호러),장 엡스타인,장 드부코트
우게츠 이야기,,일본,일본,,,,"드라마,스릴러",미조구치 겐지,"모리 마사유키,쿄 마키코,다나카 키누요,오자와 에이타로"
아웃포스트,2020-09-23,미국,미국,,(주)제이앤씨미디어그룹,15세이상관람가,"전쟁,드라마",로드 루리,"스콧 이스트우드,케일럽 랜드리 존스,올랜도 블룸"
앙젤리카의 이상한 사례,,포르투갈,"포르투갈,스페인,프랑스,브라질",,,,드라마,마누엘 데 올리베이라,"리카르도 트레파,루이스 미구엘 신트라"
새벽의 경계,,프랑스,프랑스,,,,드라마,필립 가렐,"루이 가렐,로라 스멧"
사랑의 별장,,미국,미국,,,,멜로/로맨스,조지 스티븐스,"캐리 그랜트,진 아서,로날드 콜맨"
줄리어스 시저,,미국,미국,,,,드라마,조셉 L. 맨키위즈,"말론 브란도,존 길거드,제임스 메이슨"
집시,,미국,미국,,,,드라마,머빈 르로이,"로사린드 러셀,나탈리 우드,칼 말든"
안개,,미국,미국,,,,"공포(호러),미스터리,스릴러",존 카펜터,"에이드리언느 바보우,제이미 리 커티스,자넷 리,톰 앳킨스,제임스 캐닝,찰스 사이퍼스,낸시 키즈,타이 미첼,할 홀브룩"
유령과 뮤어 부인,,미국,미국,,,,"판타지,멜로/로맨스",조셉 L. 맨키위즈,"진 티어니,렉스 해리슨"
손맛 좋은 모녀 하숙집,2024-08-02,한국,한국,,(주)씨맥스커뮤니케이션즈,청소년관람불가,성인물(에로),,
나는보리,2020-05-21,한국,한국,파도,(주)영화사 진진,전체관람가,"가족,드라마",김진유,"김아송,이린하,곽진석,허지나,황유림,최대성,김종문,김태현,전국진,김민수,신우희,김건우,최상아,김종구,김자영,임호경,이하음,정이랑,손진오,이현하,김연아,제린,이난,김동자,최상정,김동순,정미자,김동금,김동규,김옥남,허정도,전석찬,곽진석,구교학,김규담,김무겸,김세이,김소이,김승현,김연준,김종수,문선우,문준우,민지호,박서준,박재인,박재혁,박재혁,손성호,송현승,송현준,신유찬,채성민,천호성,이보람,최정민,최종윤,이서은,이서준,최현서,이승원,이승재,허지나,이지호,이하음,이현하,임호경,조희도,전석찬,전아인,정현우,정미자,권오현,이도현,김건우,김민수"
일인칭 복수,,미국,"미국,한국",,,,다큐멘터리,디앤 볼쉐이 림,
곶의 마요이가,,일본,일본,,에스엠지홀딩스 주식회사,전체관람가,"가족,판타지,드라마",카와츠라 신야,"아시다 마나,오타케 시노부"
차정희를 찾아서,,미국,"미국,한국",,,,다큐멘터리,디앤 볼쉐이 림,
1년만에 열린 여친의 꽃잎,2024-07-31,한국,한국,와이제이스토리,와이제이스토리,청소년관람불가,성인물(에로),,
가정방문의 목적,2024-07-30,한국,한국,,주식회사 피에스앤제이,청소년관람불가,성인물(에로),,
나를 미치게 하는 육덕녀,2024-08-01,한국,한국,(주)샤이커뮤니케이션즈,(주)샤이커뮤니케이션즈,청소년관람불가,성인물(에로),,
옆집 남자에게 빠진 유부녀,2024-08-01,한국,한국,(주)샤이커뮤니케이션즈,(주)샤이커뮤니케이션즈,청소년관람불가,성인물(에로),,
오차즈케의 맛,,일본,일본,,(주)엣나인필름,,드라마,오즈 야스지로,사부리 신
족구왕,2014-08-21,한국,한국,광화문시네마,KT&G 상상마당 영화사업팀 컴퍼니에스에스(주),15세이상관람가,"코미디,멜로/로맨스,드라마",우문기,"안재홍,황승언,강봉성,박준식,배성윤,이환희,장민상,진태철,고봉곤,권오광,김선간,김승필,김영강,김주호,배유람,황미영,박호산,이세랑,강태우,심희섭,한지혜,한사명,임영우,곽민규,박근철"
7월 수요단편극장 다름없는 가족: Able Family,,한국,한국,,,,기타,,
당신의 숨겨진 미소는 어디에? + 1편,,프랑스,"프랑스,포르투갈",,,,다큐멘터리,페드로 코스타,
만춘,,일본,일본,,(주)엣나인필름,,기타,오즈 야스지로,"미시마 마사오,하라 세츠코,아오키 호히"
불의 전차,2016-06-16,영국,영국,,"(주)라이크콘텐츠,(주)프레인글로벌",12세이상관람가,드라마,휴 허드슨,"니콜라스 파렐,나이젤 하버스,벤 크로스"
환타지아2000,2000-08-05,미국,미국,월트 디즈니 픽쳐스,,전체관람가,"애니메이션,뮤지컬","제임스 알거,헨델 부토이,에릭 골드버그,괴탄 브릿지,폴 브릿지","스티브 마틴,베트 미들러"
트위스터스,2024-08-14,미국,미국,,워너브러더스 코리아(주),12세이상관람가,"액션,어드벤처,드라마",정이삭,"글렌 파월,데이지 에드가 존스"
사물이 보이는 것보다 가까이 있음 (애니살롱전2024 in 부산),,한국,한국,,,,애니메이션,,
종이꽃,2020-10-22,한국,한국,"(주)로드픽쳐스,㈜스토리셋",(주)스튜디오 보난자,12세이상관람가,드라마,고훈,"안성기,유진,김혜성,장재희,이석,정찬우,김세동,나종민,조현재,고윤후,최선중,조현민,성진경,황인준,손병현,김병준,안희성,최민지,이배,양성욱,김민석,조선묵,이원재,손성찬,권귀빈,임영우,옥주리,이한샘,문희경,조선묵,이창우,조규태,조은비,하혜승,김정수,박지훈,이섬,양지일,송예진,강정웅,이인규,송주하,박덕수,유영민,임유진,문연숙,김경주,고미재,신용재,김강민,김무원,손정춘,장성숙,어승훈,김고은,최상,임유진"
비터 스윗 라이프 (애니살롱전2024 in 부산) ),,한국,한국,,,,애니메이션,,
거절할 수 없는 며느리 무삭제판,2024-07-31,일본,일본,,(주)가온콘텐츠,청소년관람불가,멜로/로맨스,사쿠라비토,하마사키 마오
내 입에 맞는 새엄마,2024-07-31,일본,일본,,(주)가온콘텐츠,청소년관람불가,멜로/로맨스,오오사키히로하루,오츠키 히비키
너무 하고 싶어 찾은 그녀,2024-07-31,일본,일본,,(주)가온콘텐츠,청소년관람불가,멜로/로맨스,오오사키히로하루,혼다 히토미
넣어주길 원하는 며느리,2024-07-31,일본,일본,,(주)가온콘텐츠,청소년관람불가,멜로/로맨스,사쿠라비토,
녹아내리는 며느리,2024-07-31,일본,일본,,(주)가온콘텐츠,청소년관람불가,멜로/로맨스,오오사키히로하루,
돌아갈 수 없는 그녀,2024-07-31,일본,일본,,(주)가온콘텐츠,청소년관람불가,멜로/로맨스,잠파,
매기스 플랜,2017-01-25,미국,미국,,오드,15세이상관람가,"코미디,멜로/로맨스",레베카 밀러,"에단 호크,줄리안 무어,그레타 거윅,트래비스 핌멜,빌 헤이더,마야 루돌프"
밤에 가는 새엄마 침실,2024-07-31,일본,일본,,(주)가온콘텐츠,청소년관람불가,멜로/로맨스,오오사키히로하루,
사위는 장모를 나는 남의 아내를 탐한다,2024-08-02,한국,한국,,(주)두리컴미디어,청소년관람불가,성인물(에로),,
사육당하는 며느리,2024-07-31,일본,일본,,(주)가온콘텐츠,청소년관람불가,멜로/로맨스,사쿠라비토,
상사 아내의 손맛 무삭제판,2024-07-31,일본,일본,,(주)가온콘텐츠,청소년관람불가,멜로/로맨스,사쿠라비토,니노미야 와카
새엄마의 구멍-돌아가신 아빠에게는 비밀이야,2024-07-30,일본,일본,,(주)영진크리에이티브,청소년관람불가,"멜로/로맨스,드라마",,
서로 채운 성욕,2024-07-31,일본,일본,,(주)가온콘텐츠,청소년관람불가,멜로/로맨스,사쿠라비토,
시아버지에게서 수컷향기가 난다,2024-07-30,일본,일본,,(주)영진크리에이티브,청소년관람불가,"멜로/로맨스,드라마",,
싫다며 넣는 유부녀,2024-07-31,일본,일본,,(주)가온콘텐츠,청소년관람불가,멜로/로맨스,오오사키히로하루,하타노 유이
어디에 넣을 것인가 무삭제판,2024-07-31,일본,일본,,(주)가온콘텐츠,청소년관람불가,멜로/로맨스,사쿠라비토,
잘느끼는설탕의야한신음소리-무삭제,2024-07-31,한국,한국,에이원 미디어,에이원 미디어,청소년관람불가,성인물(에로),천성준,
제수씨의 넘치는 욕정,2024-07-31,일본,일본,,(주)가온콘텐츠,청소년관람불가,멜로/로맨스,사쿠라비토,
형수는 상담중,2024-07-31,일본,일본,,(주)가온콘텐츠,청소년관람불가,멜로/로맨스,사쿠라비토,
형수와 사돈 처녀는 오늘도 다리를 벌린다,2024-08-02,한국,한국,,(주)두리컴미디어,청소년관람불가,성인물(에로),,
화끈하게 혼난 유부녀,2024-07-31,일본,일본,,(주)가온콘텐츠,청소년관람불가,멜로/로맨스,,
극장판 블루 록 -에피소드 나기-,2024-08-21,일본,일본,,씨제이 씨지브이(CJ CGV)(주),12세이상관람가,애니메이션,이시카와 슌스케,"시마자키 노부나가,우치다 유우마,오키츠 카즈유키,우라 카즈키"
[마이 아티 필름] 온앤오프 : 뷰티풀 뷰티풀,2024-08-07,한국,한국,(주)씨제이이엔엠,씨제이 씨지브이(CJ CGV)(주),전체관람가,드라마,,
셰인,,미국,미국,파라마운트 픽쳐스,,,"드라마,서부극(웨스턴)",조지 스티븐스,
필사의 추격,2024-08-21,한국,한국,"(주)콘텐츠지,TCO(주)더콘텐츠온",TCO(주)더콘텐츠온,15세이상관람가,"코미디,액션",김재훈,"박성웅,곽시양,윤경호,정유진,박효주,손종학,신승환,김광규,예수정,윤병희,장재호,송영규,황재열,박성준,성동일,박철민,배우진,강승우,이명희,정주영,한윤서,배진완,정흥석"
마탄의 사수,,독일,"독일,오스트리아",,(주)케빈앤컴퍼니,,공연,필립 슈톨츨,
그리고 목련이 필때면,2024-08-15,한국,한국,주식회사 흥픽쳐스,(주)다자인소프트,12세이상관람가,다큐멘터리,,"고두심,현석"
바빌론,2023-02-01,미국,미국,,롯데컬처웍스(주)롯데엔터테인먼트,청소년관람불가,드라마,데이미언 셔젤,"브래드 피트,마고 로비,디에고 칼바,진 스마트,조반 아데포,리 준 리,토비 맥과이어"
원피스 필름 레드,2022-11-30,일본,일본,,(주)넥스트엔터테인먼트월드(NEW),12세이상관람가,애니메이션,타니구치 고로,
마야,2024-08-16,베트남,베트남,,롯데컬처웍스(주)롯데시네마,12세이상관람가,공포(호러),,
빛바랜 천사,,미국,미국,,,,드라마,더글라스 서크,록 허드슨
하우스,,일본,일본,,,,"공포(호러),판타지",오바야시 노부히코,
회로,2026-07-08,일본,일본,,(주)디오시네마,15세관람가,공포(호러),구로사와 기요시,"카토 하루히코,아소 쿠미코,코유키,야쿠쇼 코지"
비포 선셋,2004-10-22,미국,미국,"캐슬 락 엔터테인먼트,디투어 필름프로덕션","에무 시네마 앤 카페,THE 픽쳐스,워너브러더스 코리아(주)","15세관람가,15세이상관람가",드라마,리차드 링클레이터,"줄리 델피,에단 호크"
토카이도 요츠야 괴담,,일본,일본,,,,기타,,
희생,1995-05-25,스웨덴,"스웨덴,영국,프랑스",아르고스필름즈,(주)엣나인필름,"고등학생이상관람가,15세이상관람가",드라마,안드레이 타르코프스키,"얼랜드 요셉슨,수잔 플릿우드"
사랑은 오직 한 길,,프랑스,"프랑스,이탈리아",,,,멜로/로맨스,피에르 가스파 휘,"로미 슈나이더,알랑 드롱"
새벽의 모든,2024-09-18,일본,일본,,(주)디오시네마,전체관람가,드라마,미야케 쇼,"마츠무라 호쿠토,카미시라이시 모네,미츠이시 켄,시부카와 키요히코"
아핏차퐁 위라세타쿤 단편,,태국,"태국,프랑스",,,,기타,,
레베카,,미국,미국,,,,"미스터리,멜로/로맨스,스릴러",알프레드 히치콕,"로렌스 올리비에,조안 폰테인,조지 샌더스"
불타는 소림사,,한국,한국,남아진흥,(주)프리즘웍스,12세이상관람가,액션,남기남,"매링,배수천,강호"
로마의 휴일,2025-08-20,미국,"미국,이탈리아",,롯데컬처웍스(주)롯데시네마,12세이상관람가,"멜로/로맨스,드라마,코미디",윌리엄 와일러,"그레고리 펙,오드리 헵번"
무법지대,,미국,미국,메트로-골드윈-마이어,,,"범죄,드라마,미스터리",존 스터지스,
밴드 웨건,,미국,미국,,,,"가족,뮤지컬,코미디",빈센트 미넬리,
세상을 바꾼 변호인,2019-06-13,미국,미국,,CGV아트하우스,12세이상관람가,드라마,미미 레더,"펠리시티 존스,아미 해머,저스틴 세럭스,캐시 베이츠,샘 워터스톤"
광음적고사,,대만,대만,,(주)에이썸엔터테인먼트,,드라마,에드워드 양,
악령의 밤,,영국,"영국,미국",,,,"판타지,공포(호러),미스터리,스릴러",자크 투르뇌르,다나 앤드류스
프로이트의 라스트 세션,2024-08-21,미국,미국,,(주)트리플픽쳐스,15세이상관람가,드라마,매트 브라운,"안소니 홉킨스,매튜 구드"
7월의 크리스마스,,미국,미국,,,,"코미디,멜로/로맨스",프레스턴 스터지스,
거대한 서부,1972-10-20,미국,미국,유나이티드 아티스트,,,서부극(웨스턴),윌리엄 와일러,"진 시몬스,그레고리 펙"
설리반의 여행,,미국,미국,,,,기타,프레스턴 스터지스,
정복자 영웅을 환대하라,,미국,미국,,,,"코미디,전쟁",프레스턴 스터지스,
빨간 비둘기,,이탈리아,"이탈리아,프랑스",,,,기타,난니 모레티,
숫호구,2014-08-07,한국,한국,(주)엣나인필름,(주)엣나인필름,청소년관람불가,코미디,백승기,"백승기,손이용,박지나,조한철,강병진,성충경,허윤정,이은지,이지혜,김선호,오창경,이은지"
떠돌이 개,,대만,"대만,프랑스",,,청소년관람불가,드라마,차이 밍 량,이강생
슈퍼 마리오 브라더스,2023-04-26,미국,미국,,유니버설픽쳐스인터내셔널 코리아(유),전체관람가,"애니메이션,어드벤처,코미디",,"크리스 프랫,안야 테일러 조이,잭 블랙,찰리 데이"
유령 마차,,스웨덴,스웨덴,,,,기타,빅터 소스트롬,
7년만의 외출,,미국,미국,이십세기폭스필름코퍼레이션,,,코미디,빌리 와일더,"톰 이웰,마릴린 몬로"
데이즈,,대만,대만,,,,기타,차이 밍 량,
위대한 맥긴티,,미국,미국,,,,코미디,프레스턴 스터지스,
21 파라다이스,2024-08-08,스페인,스페인,,(주)빅웨이브시네마,청소년관람불가,기타,,
한여름의 판타지아,2015-06-11,한국,"한국,일본",(주)모쿠슈라,㈜인디스토리,전체관람가,드라마,장건재,"김새벽,이와세 료,임형국"
친족의 지리학,,미국,"미국,한국,스웨덴",,,,다큐멘터리,디앤 볼쉐이 림,
나를 위해 내 아내와 섹스해 줘,2024-08-08,한국,한국,(주)샤이커뮤니케이션즈,(주)샤이커뮤니케이션즈,청소년관람불가,성인물(에로),,
순종적인 친구의 아내,2024-08-08,한국,한국,(주)샤이커뮤니케이션즈,(주)샤이커뮤니케이션즈,청소년관람불가,성인물(에로),,
옥수역귀신,2023-04-19,한국,"한국,일본","(주)영화사조아,(주)더프라이데이픽처스",(주)스마일이엔티,15세이상관람가,"공포(호러),미스터리",정용기,"김보라,김재현,신소율,김강일,김수진,박재한,서제광,김구택,장준휘,김광현,김나윤,김은민,유채련,한희택,조연호,진대연,이종성,엄채윤,박노아,박세정,한여름,최호영,강지혜,현명한,소계원,김종원,이채훈,김수현,홍성민,황지후,이원희"
"여자, 고아 그리고 호랑이",,한국,"한국,덴마크,미국",,,,기타,제인 진 카이젠,
들꽃,2015-11-05,한국,한국,(주)무비엔진,(주)인디플러그,청소년관람불가,드라마,박석영,"조수향,정하담,권은수,이바울,강봉성,오창경,백현주,최문수,송재하,최영록,조희봉,이준수,최수안,조성호"
제83회 작은영화영화제 - Roooooolling 미스터리,,한국,한국,,,,기타,,
달콤한 인생,,이탈리아,"이탈리아,프랑스",,,,드라마,페데리코 펠리니,"아니타 에크베르그,마르첼로 마스트로얀니"
"떠도는 기억, 그 너머의 흔적, 한국 입양 70년: 단편선",,한국,한국,,,,다큐멘터리,,
스틸 플라워,2016-04-07,한국,한국,(주)무비엔진,㈜인디스토리,15세이상관람가,드라마,박석영,"정하담,박명훈"
8과 1/2,2025-07-23,이탈리아,이탈리아,,일미디어,15세이상관람가,드라마,페데리코 펠리니,"마르첼로 마스트로얀니,클라우디아 카르디날레"
도시에서 살아남기 (애니살롱전2024 in 부산),,한국,한국,,,,애니메이션,,
홍길동,1967-01-21,한국,한국,세기상사㈜,,,"애니메이션,드라마,액션,사극",신동헌,
비텔로니,,이탈리아,"이탈리아,프랑스",,,,"코미디,드라마",페데리코 펠리니,"프랑코 인터렌치,알베르토 소르디,프랭코 파브리지,레오폴도 트리에스테"
걸레질 잘하는 가정부-단백질 받아줄게요,2024-08-05,일본,일본,,(주)영진크리에이티브,청소년관람불가,"멜로/로맨스,드라마",,
결국 제수씨와 하고 말았습니다,2024-08-05,일본,일본,,(주)영진크리에이티브,청소년관람불가,"멜로/로맨스,드라마",,
그녀의 아늑한 구멍 무삭제판,2024-08-05,일본,일본,,주식회사 피에스앤제이,청소년관람불가,성인물(에로),,
달콤한 인생에 관한 진실,,이탈리아,이탈리아,,,,다큐멘터리,,
약속받은 구멍,2024-08-05,일본,일본,,주식회사 케이앤아이,청소년관람불가,멜로/로맨스,,모리사와 카나
옆집 부인 상담중 무삭제판,2024-08-05,일본,일본,,주식회사 피에스앤제이,청소년관람불가,성인물(에로),,
청춘쌍곡선,1956-04-10,한국,한국,다이에 스튜디오,,전체관람가,코미디,한형모,"황해남,지학자"
도희야,2014-05-22,한국,한국,"파인하우스필름(주),나우필름(주)",CGV아트하우스,청소년관람불가,드라마,정주리,"배두나,김새론,송새벽,박진우,이호현,서영제,조유진,윤은지,최효선,이승원,이정은,김민선,나채형,손종학,공명,남문철"
두 개의 문,2012-06-21,한국,한국,연분홍치마,(주)시네마달,15세이상관람가,다큐멘터리,"김일란,홍지유","정태현,이종걸"
미망인,1955-12-10,한국,한국,,,청소년관람불가,"드라마,멜로/로맨스",박남옥,이민자
비밀은 없다,2016-06-23,한국,한국,"(주)영화사거미,필름트레인",(주)씨제이이엔엠,청소년관람불가,스릴러,이경미,"손예진,채송아,최은영,김주혁,장재우,장한승,신지훈,이민아,이상희,김소희,예수정,최유화,손성찬,유재명,강덕중,설창희"
자막을 위한 선,,중국,중국,,,,다큐멘터리,,
에이리언: 로물루스,2024-08-14,미국,미국,,월트디즈니컴퍼니코리아 유한책임회사,15세이상관람가,"공포(호러),SF",페데 알바레즈,"케일리 스패니,데이비드 존슨,이사벨라 머세드"
세븐틴 투어 ‘팔로우’ 어게인 투 시네마,2024-08-14,한국,한국,"씨제이포디플렉스 주식회사,스크린엑스 스튜디오",씨제이포디플렉스 주식회사,전체관람가,공연,오윤동,
신비아파트 특별편: 붉은 눈의 사신,2024-08-14,한국,한국,(주)씨제이이엔엠,씨지브이 아이스콘,전체관람가,"애니메이션,어드벤처,판타지",,"김영은,김채하,신용우,조현정,양정화,심규혁,여민정,김장"
킹 오브 프리즘 -드라마틱 프리즘.1-,2024-08-16,일본,일본,,동우에이앤이(주),전체관람가,"애니메이션,드라마",히시다 마사카즈,
영웅: 라이브 인 시네마,2024-08-21,한국,한국,(주)위즈온센,"(주)위즈온센,메가박스중앙(주)",12세이상관람가,"공연,뮤지컬",박재석,"정성화,정재은,김도형"
80일간의 세계일주,,미국,미국,,,,"어드벤처,코미디",마이클 앤더슨,"데이비드 니븐,캔틴플라스"
흑아,,미국,미국,메트로-골드윈-마이어,,,드라마,리차드 브룩스,"록 허드슨,다나 윈터,웬디 힐러"
"[마이 아티 필름] 키스 오브 라이프 쥴리, 나띠 : 버튼스",,한국,한국,(주)씨제이이엔엠,씨제이 씨지브이(CJ CGV)(주),전체관람가,드라마,,
독립시대,2024-09-25,대만,대만,,"(주)디스테이션,(주)에이썸엔터테인먼트",15세이상관람가,"코미디,드라마,멜로/로맨스",에드워드 양,"진상기,금연령"
박정희: 경제대국을 꿈꾼 남자 특별판,2024-08-14,한국,한국,(주)파이브데이,메가박스중앙(주),12세이상관람가,"공연,뮤지컬,드라마",손현우,"신민호,김효선"
러브 달바,2024-08-14,프랑스,프랑스,,오드,15세이상관람가,드라마,임마누엘 니코,"젤다 샘슨,알렉시 마넨티,판타 기라시"
트랜스포머 ONE,2024-09-25,미국,미국,,롯데컬처웍스(주)롯데엔터테인먼트,전체관람가,"애니메이션,액션,어드벤처",조시 쿨리,"크리스 헴스워스,브라이언 타이리 헨리,스칼렛 요한슨,키건 마이클 키,스티브 부세미,로렌스 피쉬번,존 햄"
늘봄가든,2024-08-21,한국,한국,(주)바이어스이엔티,"(주)바이포엠스튜디오,(주)제이앤씨미디어그룹",15세이상관람가,"공포(호러),스릴러",구태진,"조윤희,이지오,김주령,허동원,정인겸"
필사의 도망자,,미국,미국,파라마운트 픽쳐스,,,"범죄,드라마",윌리엄 와일러,"험프리 보가트,프레드릭 마치,아서 케네디,마샤 스콧,듀이 마틴"
엑시트,2019-07-31,한국,한국,"(주)외유내강,(주)필름케이",(주)씨제이이엔엠,12세이상관람가,"코미디,액션",이상근,"최재영,조정석,임윤아,고두심,박인환,김지영,강기영,오희준,배유람,유수빈,조성희,주보비,김강현,정민성,박성일,신세휘,김경룡,김강훈,강덕중,강충훈,박상혁,곽민규,민대웅,권혁주,박윤희,박윤희,박정환,박주홍,설도희,배해선,백현익,신철진,양지혜,김병순,오누리,김상보,윤대열,오유진,김서율,김선호,김수연,김현수,김현수,이정인,정재은,임희수,최서현,정지우,최성윤,김형기,이선우,이성수,이성훈,조성동,김호정,조예린,김종구,황슬기,조윤호,전혜원,이찬유,조은성,최재영,최재영,이수정,김주아,강기영,김준수,이경오,주보비,주보비,최진영,고두심,곽새빛,곽호중,권상혁,최현아,권은빈,최혜인,기상원,채서원,김한솔,이동휘,이동희,이랑서,김태한,임종현,이창진,김이석,한우리,이화정,이봉련,김환영,김태환,주예서,김태율,정우영,정새다솜,정윤지,채승혜,슈기(최슬기),천대만,윤해빈,이채원,이재국,이학광,최영도,이현하,박재랑,이용탁,박채익,반혜라,탁트인,손현준,장서우,송원수,변건우,한서율,한승효,황지현,황효은,한윤식,허철,허형규,홍나현,강경수,김보성"
용감한 래시,,미국,미국,,,,드라마,프레드 M. 윌콕스,"엘리자베스 테일러,프랭크 모건"
스와니 강,,미국,미국,,,,드라마,,돈 아메시
스트레인저스: 챕터1,2024-08-28,미국,미국,,판씨네마(주),15세이상관람가,공포(호러),레니 할린,"마들레인 펫쉬,프로이 구티에레즈"
문경,2024-08-28,한국,한국,비아신 픽처스,트윈플러스파트너스(주),12세이상관람가,드라마,신동일,"류아벨,조재경,최수민,채서안,김주아,차서현,이지해,서진원,정애화,이영진,신희철,김소숙,박지홍,서석규,최예은,안진현,이창인,박재연,리우진,김희연,오춘환,이지유,강문봉,유현종"
어쩌다 활동가,,한국,한국,,(주)시네마달,,다큐멘터리,박마리솔,박마리솔
톰보이,2020-05-14,프랑스,프랑스,,"(주)블루라벨픽쳐스,TCO(주)더콘텐츠온,(주)영화특별시에스엠씨",12세이상관람가,드라마,셀린 시아마,조 허란
세 번의 삶과 한 번의 죽음,,프랑스,"프랑스,포르투갈",,,,"범죄,코미디",라울 루이즈,"마리사 파레데스,멜빌 푸포,마르첼로 마스트로얀니,안나 갈리에나"
허스토리,2018-06-27,한국,한국,(주)수필름,(주)넥스트엔터테인먼트월드(NEW),12세이상관람가,드라마,민규동,"김희애,김해숙,예수정,문숙,이용녀,김준한,이유영,안세하,손강국,윤효진,이선민,이승연,손승훈,이현동,이형석,임서영,안진영,김혜림,오진호,민주홍,박수진,박용수,정미경,박정헌,정은택,김명희,하성영,김선영,김성환,김시영,김시영,박명신,한지민,이설,최병모,정인기,김혜준,오창경,김인우,임선우,박진수,박정규,오진호"
영화 xxx홀릭,2024-08-16,일본,일본,,(주)미디어캐슬,12세이상관람가,"판타지,드라마,미스터리",니나가와 미카,"카미키 류노스케,시바사키 코우"
제11회 목포국도1호선독립영화제 단편경쟁 -1,,한국,한국,,,,드라마,,
제11회 목포국도1호선독립영화제 단편경쟁 -2,,한국,한국,,,,"드라마,공포(호러)",,
제11회 목포국도1호선독립영화제 단편경쟁 -3,,한국,한국,,,,드라마,,
제11회 목포국도1호선독립영화제 단편경쟁 -4,,한국,한국,,,,"드라마,가족,다큐멘터리",,
개를 훔치는 완벽한 방법,2014-12-31,한국,한국,(주)삼거리픽쳐스,"(주)리틀빅픽쳐스,(주)대명문화공장",전체관람가,"드라마,가족",김성호,"김혜자,이레,최민수,강혜정,이천희,김솔,김원중,김도엽,박성규,이지원,정택호,김재화,홍은택,이기영,류아벨,조은지,한주영,손성찬"
명량,2014-07-30,한국,한국,(주)빅스톤픽쳐스,(주)씨제이이엔엠,15세이상관람가,"사극,액션",김한민,"최민식,류승룡,조진웅,김명곤,진구,이정현,권율,노민우,이승준,오타니 료헤이,박보검,박원우,서성광,오명훈,유명환,윤희경,이윤기,정수남,정순태,정의석,김원해,이해영,장준녕,김길동,김강일,강태영,한상대,김동원,김민석,김민식,김재철,김준형,김현중,박선용,박노식,최덕문,조복래,문영동,이주실,주석태,이성우,고경표,김태훈,한이진,신유람,송대중,정원준,정순태"
그들은 희생양이다,,미국,미국,,,,전쟁,존 포드,"로버트 몽고메리,존 웨인,도날드 커티스"
대해적,,미국,미국,,,,"어드벤처,액션",앤소니 퀸,"율 브린너,찰톤 헤스톤"
두 갈래로 갈라지는 한밤중의 거리,,칠레,"칠레,프랑스",,,,드라마,라울 루이즈,"크리스챤 바딤,발렌티나 바르가스"
나의 즐거운 일기,2001-11-05,이탈리아,이탈리아,,,12세관람가,"드라마,코미디",난니 모레티,"지오바나 보졸로,난니 모레티"
문신,,일본,일본,,,,"드라마,멜로/로맨스",마스무라 야스조,
세이사쿠의 아내,,일본,일본,,,15세이상관람가,"드라마,멜로/로맨스",마스무라 야스조,
제11회 목포국도1호선독립영화제 단편경쟁 -6,,한국,한국,,,,드라마,,
제11회 목포국도1호선독립영화제 단편경쟁 -7,,한국,한국,,,,"드라마,다큐멘터리",,
돌아온 사나이,1960-10-14,한국,한국,신필름,,,"드라마,멜로/로맨스",김수용,"최은희,김진규"
만지,,일본,일본,,,,드라마,마스무라 야스조,
거인과 완구,,일본,일본,,,,드라마,마스무라 야스조,
제11회 목포국도1호선독립영화제 단편경쟁 -8,,한국,한국,,,,"드라마,스릴러",,
엠,,독일,독일,,,,"드라마,범죄,스릴러",프리츠 랑,"칼 볼브레히트,프리츠 아르노 바그너,프리츠 랑"
좋은 꿈,,이탈리아,이탈리아,,,,기타,난니 모레티,
아내는 고백한다,,일본,일본,,,,"드라마,미스터리",마스무라 야스조,와카오 아야코
오프 더 레코드 (애니살롱전2024 in 부산),,한국,한국,,,,애니메이션,,
재꽃,2017-07-06,한국,한국,딥 포커스,딥 포커스,12세이상관람가,드라마,박석영,"정하담,장해금,정은경,박명훈,박현영,김태희,손준영,정승민"
그 여름,2023-06-07,한국,한국,(주)레드독컬처하우스,판씨네마(주),12세이상관람가,"애니메이션,드라마,멜로/로맨스",한지원,"윤아영,송하림"
대물 남사친의 섹스레슨,2024-08-13,한국,한국,,주식회사 피에스앤제이,청소년관람불가,성인물(에로),,
애니살롱전 with 인디스페이스 2024 8월: 오프 더 레코드,,한국,한국,,,,애니메이션,,
공포기형인간,,일본,일본,,,,공포(호러),,
이타미 준의 바다,2019-08-15,한국,한국,기린그림,(주)영화사 진진,전체관람가,다큐멘터리,정다운,"쿠마 켄고,반 시게루,유이화,양방언,유지태,김석윤,고토 사라,조순란,최윤호,유홍재,정다영,김홍주,김두율,김용관,정지우,조문현,우경국,유순자,정영선,최문규,박제봉,전봉희,손영도,신탁근,손경호,박길룡,이성주"
검정 테스트 카,,일본,일본,,,,"범죄,드라마,미스터리,스릴러",마스무라 야스조,
야쿠자 군대,,일본,일본,,,,"액션,범죄,전쟁",마스무라 야스조,
보 이즈 어프레이드,2023-07-05,미국,미국,,(주)스튜디오디에이치엘,청소년관람불가,"어드벤처,공포(호러)",아리 에스터,호아킨 피닉스
붉은 천사,,일본,일본,,,,"드라마,전쟁",마스무라 야스조,
섹스 체크,,일본,일본,,,,드라마,마스무라 야스조,
입맞춤,,일본,일본,,,,"드라마,멜로/로맨스",마스무라 야스조,
경주,2014-06-12,한국,한국,"(주)인벤트스톤,(주)률필름",(주)인벤트스톤,15세이상관람가,"드라마,코미디,멜로/로맨스",장률,"박해일,신민아,신소율,이춘연,이학민,박재웅,박재희,박진홍,임상묵,임진욱,신민아,양희망,오류미,오세현,유병옥,윤상일,조현정,윤진서,이관훈,이기연,최근우,권병수,홍성은,홍수영,이나라,이준동,김솔,김여정,김정우,김주현,김주현,김초혜,김태희,나경찬,김수안,최배영,김학선,이나라,김태훈,곽자형,백현진,고유희"
실없는 놈,,일본,일본,,,,"액션,범죄",마스무라 야스조,
아바시리 번외지,,일본,일본,,,,"범죄,드라마",,
개봉 기념 김록경 감독 단편전,,한국,한국,,,,기타,,
야구소녀,2020-06-18,한국,한국,한국영화아카데미,"(주)싸이더스,찬란",12세이상관람가,드라마,최윤태,"안재준,이주영,이준혁,염혜란,송영규,곽동연,주해은,이채은,김종수,고여진,고영현,고혜진,곽대이,권영은,김강철,김경진,김관성,김규원,김동현,김동현,김명주,김민서,김보미,김보민,김사훈,김서은,김수지,김승혁,김용균,김재근,김재형,김종수,김종수,김지은,김지찬,김진홍,김찬혁,김태권,김태균,김태민,김태훈,김하늘,김하솔,김현경,김형순,김호건,김홍근,김효경,남기정,남대한,노지환,류성록,민병민,민충기,박경찬,박근신,박지안,박연수,박은지,박인철,박조은,박종욱,박지아,박한나,서동주,서보영,서주원,서진원,성영재,신익훈,신재균,신치영,안진솔,안효리,오경원,오준혁,원동일,원성연,원혜련,유재명,유지민,유채민,유해준,윤진,윤영준,윤정은,윤준영,윤지현,최봄솔,최성윤,이동기,최완호,이동희,이문정,최윤봉,이빛나,이빛나,이상호,이서연,최준형,이슬기,이승열,한병수,한상조,한영배,이은균,한휘수,이상희,허정도,홍다솜,홍민기,홍민호,홍상표,홍성덕,홍수민,이종석,이종원,이주노,이주안,홍준호,이주희,이준원,이준창,황재열,정혜민,이학민,정회훈,이한별,조명희,조민호,조보연,임정수,조정흠,임호준,주동은,주진오,주해은,지규리,장우영,장이삭,장재원,장준휘,정지만,장효택,전문숙,정현서,전은희,전지만,정다소,강경원,김건우,김희수"
나카노 스파이 학교,,일본,일본,,,,"스릴러,드라마",마스무라 야스조,
바람의 언덕,2020-04-23,한국,한국,영화사 삼순,영화사 삼순,전체관람가,드라마,박석영,"정은경,장선,김태희,김준배,장해금,박소이"
하숙집 딸은 맛있다-상상하면 벗는다,2024-08-16,한국,한국,(주)파랑새미디어,(주)영진크리에이티브,청소년관람불가,"성인물(에로),드라마,멜로/로맨스",이타치,
당신으로부터,,한국,한국,,영화배급협동조합 씨네소파,12세이상관람가,"드라마,가족",신동민,신동민
아기공룡 둘리-얼음별 대모험,1996-07-24,한국,한국,(주)둘리나라,워터홀컴퍼니(주),"연소자관람가,전체관람가","애니메이션,어드벤처,코미디,가족","김수정,임경원",
24시 출장 간호사,2024-08-14,한국,한국,주식회사 루믹스미디어,주식회사 루믹스미디어,청소년관람불가,성인물(에로),,
PS 불륜 스와핑,2024-08-16,한국,한국,(주)샤이커뮤니케이션즈,(주)샤이커뮤니케이션즈,청소년관람불가,성인물(에로),,
거친섹스:남편 상사의 욕정받는 날 무삭제판,2024-08-14,일본,일본,,(주)영진크리에이티브,청소년관람불가,"성인물(에로),드라마,멜로/로맨스",토미죠 타로,
경마장 가는 길,1991-12-21,한국,한국,태흥영화(주),,연소자관람불가,"드라마,멜로/로맨스",장선우,"강수연,문성근,김보연"
남편 대신 다른 남자와 싸버렸다,2024-08-16,일본,일본,,(주)영진크리에이티브,청소년관람불가,"멜로/로맨스,드라마",,
내 아내와 내 친구가 자고 있는걸 목격했다,2024-08-16,일본,일본,,(주)영진크리에이티브,청소년관람불가,"멜로/로맨스,드라마",,
도도한 옆집 유부녀의 욕정,2024-08-16,한국,한국,(주)샤이커뮤니케이션즈,(주)샤이커뮤니케이션즈,청소년관람불가,성인물(에로),,
도쿄누나-밤꽃향기 맡으러 왔단다,2024-08-17,일본,일본,,(주)영진크리에이티브,청소년관람불가,"성인물(에로),드라마,멜로/로맨스",,
며느리의 꽃잎을 따다,2024-08-16,한국,한국,(주)영화사가을,(주)영화사가을,청소년관람불가,멜로/로맨스,,
며느리의 배란일,2024-08-14,일본,일본,,(주)영진크리에이티브,청소년관람불가,"성인물(에로),드라마,멜로/로맨스",,
물받이 된 선배 와이프,2024-08-13,일본,일본,,주식회사 미콘,청소년관람불가,성인물(에로),,
새엄마 안에 탕탕 후룹찹찹,2024-08-12,일본,일본,,(주)영진크리에이티브,청소년관람불가,"성인물(에로),드라마,멜로/로맨스",츠지 코지,
새엄마가 곧추세운 날,2024-08-12,일본,일본,,(주)영진크리에이티브,청소년관람불가,"성인물(에로),드라마,멜로/로맨스",츠지 코지,
섹파공유-입맛대로 골라먹는 유부녀들,2024-08-13,일본,일본,,(주)영진크리에이티브,청소년관람불가,"성인물(에로),드라마,멜로/로맨스",,
쉬운엄마-양아들 팬티속 험한 것,2024-08-13,일본,일본,,(주)영진크리에이티브,청소년관람불가,"성인물(에로),드라마,멜로/로맨스",,
신입생 농락하는 하숙집 누나들,2024-08-16,한국,한국,(주)샤이커뮤니케이션즈,(주)샤이커뮤니케이션즈,청소년관람불가,성인물(에로),,
아빠 몰래 새엄마와 합체한 밤,2024-08-12,일본,일본,,(주)영진크리에이티브,청소년관람불가,"성인물(에로),드라마,멜로/로맨스",츠지 코지,
양아들 젊은 맛에 축축해졌다,2024-08-14,일본,일본,,(주)영진크리에이티브,청소년관람불가,"성인물(에로),드라마,멜로/로맨스",,
에스테틱-즙 잘 뽑아내는 손기술,2024-08-17,일본,일본,,(주)영진크리에이티브,청소년관람불가,"성인물(에로),드라마,멜로/로맨스",,
여배우들의 생존기술,2024-08-13,한국,한국,(주)룬컴퍼니,(주)룬컴퍼니,청소년관람불가,"성인물(에로),드라마,멜로/로맨스",모니카,
완벽한 그녀의 음란한 맛,2024-08-16,한국,한국,(주)샤이커뮤니케이션즈,(주)샤이커뮤니케이션즈,청소년관람불가,성인물(에로),,
유부녀 전용 오일마사지,2024-08-14,일본,일본,,(주)영진크리에이티브,청소년관람불가,"성인물(에로),드라마,멜로/로맨스",,
의붓아들아 새엄마 좀 위로해 줄래,2024-08-16,일본,일본,,(주)영진크리에이티브,청소년관람불가,"멜로/로맨스,드라마",,
이모의 질 좋은 물맛,2024-08-12,일본,일본,,(주)영진크리에이티브,청소년관람불가,"성인물(에로),드라마,멜로/로맨스",,
이모의 호기심-내 앞에서 싸봐,2024-08-17,일본,일본,,(주)영진크리에이티브,청소년관람불가,"성인물(에로),드라마,멜로/로맨스",,
잔뜩 부푼 의붓아들-참지 못해 꽉 물었다,2024-08-13,일본,일본,,(주)영진크리에이티브,청소년관람불가,"성인물(에로),드라마,멜로/로맨스",,
재팬마담-텐프로의 접대술,2024-08-17,일본,일본,,(주)영진크리에이티브,청소년관람불가,"성인물(에로),드라마,멜로/로맨스",,
젖은엄마-하고 싶은 거 다 해,2024-08-13,일본,일본,,(주)영진크리에이티브,청소년관람불가,"성인물(에로),드라마,멜로/로맨스",츠지 코지,
흑인주인과흥분한여대생들-무삭제,2024-08-13,한국,한국,스마일컨텐츠,스마일컨텐츠,청소년관람불가,성인물(에로),천성준,
컨버세이션,2023-02-23,한국,한국,풀잎필름,필름다빈,12세이상관람가,기타,김덕중,"조은지,박종환,곽민규,소이,송은지,곽진무,박세재,정재윤"
실리카겔,2024-08-21,한국,한국,,"씨제이 씨지브이(CJ CGV)(주),씨지브이 아이스콘",전체관람가,공연,,
호밀밭의 반항아,2018-10-18,미국,미국,,(주)트리플픽쳐스,12세이상관람가,드라마,대니 스트롱,"니콜라스 홀트,조이 도이치,사라 폴슨,빅터 가버,홉 데이비스,루시 보인턴,에릭 보고시안"
한국이 싫어서,2024-08-28,한국,한국,(주)모쿠슈라,(주)디스테이션,12세이상관람가,드라마,장건재,"고아성,김우겸,주종혁,박승현,이상희,오민애,김뜻돌,김지영,박성일,이현송,안민영,정이랑,김우택,서동근,이금주,김예별"
본 아이덴티티,2002-10-17,미국,미국,,UIP코리아,12세관람가,액션,더그 라이만,"프란카 포텐테,맷 데이먼"
이매지너리,2024-08-28,미국,미국,,"(주)올스타엔터테인먼트,(주)플레이그램",12세이상관람가,"공포(호러),미스터리,스릴러",제프 와드로,"드완다 와이즈,파이퍼 브라운,태건 번즈"
자유부인 '81,1981-06-13,한국,한국,동아흥행㈜,,연소자관람불가,"드라마,멜로/로맨스",박호태,"남궁원,윤정희,최무룡,한소룡,이자영"
남태평양 목선작전,,미국,미국,,,,"코미디,드라마,전쟁",리차드 머피,잭 레먼
라보엠,,독일,"독일,이탈리아",,(주)케빈앤컴퍼니,,공연,,
임영웅│아임 히어로 더 스타디움,2024-08-28,한국,한국,(주)씨제이이엔엠,"씨지브이 아이스콘,씨제이포디플렉스 주식회사",전체관람가,"공연,다큐멘터리","조우영,정현철",임영웅
더 라이언: 사막의 생존자들,2024-08-22,미국,미국,,주식회사 로아앤코홀딩스,15세이상관람가,"액션,스릴러",무쿤다 마이클 드윌,"라이언 필립,에밀 허쉬,미나 수바리"
판도라,,영국,영국,,,,"드라마,판타지",앨버트 르윈,"제임스 메이슨,에바 가드너"
"오빠, 남진",2024-09-04,한국,한국,(주)바보들,(주)스튜디오디에이치엘,12세이상관람가,"공연,다큐멘터리",정인성,"남진,김창숙,백일섭,송가인,이용식,쟈니 리,조영남,홍진영"
양지뜸,2024-08-21,한국,한국,스물둘,주식회사 블루필름웍스,12세이상관람가,다큐멘터리,김상패,"도금연,임순분"
괜찮아 괜찮아 괜찮아!,2025-02-26,한국,한국,주식회사 투맨필름,(주)바이포엠스튜디오,12세이상관람가,"가족,코미디,드라마",김혜영,"온하늘,이레,진서연,정수빈,이정하,손석구"
그 여름날의 거짓말,2024-08-28,한국,한국,왓어원더필름,(주)마노엔터테인먼트,15세이상관람가,"멜로/로맨스,미스터리",손현록,"박서윤,최민재,유병용,윤재인,김채원,국형,강유희,김고은,정창환,신승호,강다은,강시은,곽예지,남의정,동승환,명석호,노주연,이은균,성경희"
인디언 파이터,,미국,미국,,,,서부극(웨스턴),안드레 드 토스,"커크 더글라스,엘사 마티넬리"
빛나는 TV를 보았다,,미국,미국,,,,드라마,,
뒤죽박죽 내 인생,,프랑스,프랑스,,,,드라마,,
콘크리트 녹색섬,,한국,한국,,(주)영화사 진진,,다큐멘터리,이성민,"이성민,우종영"
키스펩틴 연대기,,일본,일본,,,,드라마,,
거상의 길,,미국,미국,,,,"드라마,어드벤처",윌리엄 디터리,"엘리자베스 테일러,피터 핀치,다나 앤드류스"
1급기밀,2018-01-24,한국,한국,"(주)미인픽쳐스,(주)미디어모굴",(주)리틀빅픽쳐스,12세이상관람가,드라마,홍기선,"김상경,김옥빈,최무성,최귀화,김병철,최고,이지원,서현우,이상철,이승훈,이윤혁,신윤정,김태민,유영호,최보연,김민정,김성진,김우진,김민기,권태원,김성민"
킬,2024-08-28,인도,인도,,주식회사 올랄라스토리,청소년관람불가,"액션,범죄",니킬 나게시 바트,"락샤,라가브 주얄,타냐 마닉탈라"
담요를 입은 사람,,한국,한국,,(주)시네마달,12세이상관람가,다큐멘터리,박정미,박정미
모든 가족은 퀴어하다,,한국,한국,,,12세이상관람가,"다큐멘터리,가족",이강희,이강희
힘을 낼 시간,2024-12-18,한국,한국,"국가인권위원회,비포위다이",(주)엣나인필름,12세이상관람가,드라마,남궁선,"최성은,현우석,하서윤,강채윤,홍상표"
지구 최후의 여자,2026-07-15,한국,한국,,주식회사 필름초이스,15세이상관람가,"드라마,코미디","염문경,이종민","염문경,이종민"
아이슬란드가 멈추던 날,,아이슬란드,"아이슬란드,미국",,,,다큐멘터리,,
"안녕, 할부지",2024-09-04,한국,한국,(주)에이컴즈,(주)바른손이앤에이,전체관람가,"다큐멘터리,애니메이션","심형준,토마스 고","푸바오,아이바오,러바오,루이바오,후이바오,강철원,송영관,오승희,이세현"
"[SIWFF] 지금 여기, 한국영화 단편선 2",,한국,한국,,,,드라마,,
CISFF2024 : 개막작,,한국,한국,,,,기타,,
역마차,,미국,미국,,,,서부극(웨스턴),존 포드,"존 웨인,클레어 트레버,앤디 데빈,존 캐러딘"
"[SIWFF] 아나 행성 아키비스트 + 마리아 슈나이더, 1983, 샹탈 아커만",,기타,기타,,,,"다큐멘터리,기타",,
[SIWFF] 퀴어 레인보우 단편선,,기타,기타,,,,"드라마,다큐멘터리",,
큐레이팅 메이 : 극장 점거,,한국,한국,,,,기타,,
레스비아,,그리스,그리스,,,,다큐멘터리,,
CISFF2024 : Made In CISFF,,한국,한국,,,,기타,,
CISFF2024 : 경쟁섹션2,,한국,한국,,,,기타,,
CISFF2024 : 경쟁섹션3,,한국,한국,,,,기타,,
CISFF2024 : 네트워크시네마 X 시스프파운데이션,,한국,한국,,,,기타,,
[SIWFF] 아시아단편 단편선 4,,기타,기타,,,,"드라마,다큐멘터리,애니메이션",,
[SIWFF] 아시아단편 단편선 1,,기타,기타,,,,드라마,,
제비,,미국,미국,,,,공연,,
나의 이름은 마리아,2025-11-26,프랑스,프랑스,,찬란,15세이상관람가,드라마,제시카 팔뤼,"아나마리아 바르톨로메이,맷 딜런"
니얼굴,2022-06-23,한국,한국,두물머리픽쳐스,(주)영화사 진진,전체관람가,다큐멘터리,서동일,"장차현실,정은혜"
비바 바르다!,,프랑스,프랑스,,,,다큐멘터리,,
러브 데스 도그 + 목소리들,,한국,한국,,,,다큐멘터리,,
레아들,,아르헨티나,"아르헨티나,독일,스위스",,,,다큐멘터리,,
혼도,,미국,미국,워너 브러더스 픽쳐스,,,서부극(웨스턴),존 페로우,"존 웨인,제랄딘 페이지"
[SIWFF] 새로운 물결 단편선 1,,기타,기타,,,,드라마,,
루키,,필리핀,필리핀,,,,드라마,,
[SIWFF] 여성감독네트워크 Pick: WDN 단편선,,한국,한국,,,,"드라마,다큐멘터리",,
존 웨인의 진주만,,미국,미국,,,,"전쟁,드라마",조지 와그너,"존 웨인,패트리샤 닐"
오키나와에 사랑을 담아,,일본,일본,,,,다큐멘터리,,
베르메르에 가까이,,네덜란드,네덜란드,,,,다큐멘터리,,
아시안 고스트 스토리 + 고향의 풍경,,기타,기타,,,,다큐멘터리,,
스모킹 타이거스,,미국,미국,,,,드라마,셸리 요,정준호
리틀 걸 블루,,프랑스,프랑스,,,,다큐멘터리,,
언제나 그 자리에 + 완벽한 하루,,기타,기타,,,,다큐멘터리,,
좋은 사람,,미국,미국,,,,드라마,,
나쁜 날씨가 좋아서,,불가리아,불가리아,,,,드라마,,
어떤 프랑스 청년,,캐나다,"캐나다,프랑스",,,,다큐멘터리,,
어둠이 끝날 무렵,,중국,"중국,미국",,,,다큐멘터리,,
"[SIWFF] 애니메이티드, 몸-세계-존재 단편선 1",,한국,한국,,,,애니메이션,,
신입사원: 더 무비,2023-08-03,한국,한국,청년필름(주),(주)나인플래너스,15세이상관람가,멜로/로맨스,김조광수,"권혁,문지용,김태영,남규희,백지혜"
"[SIWFF] 지금 여기, 한국영화 단편선 3",,한국,한국,,,,"드라마,다큐멘터리",,
열 개의 우물,2024-10-30,한국,한국,감 픽쳐스,감 픽쳐스,12세이상관람가,다큐멘터리,김미례,
파워 앨리,,브라질,"브라질,프랑스,우루과이",,,,드라마,,
"[SIWFF] 애니메이티드, 몸-세계-존재 단편선 2",,한국,한국,,,,애니메이션,,
바리데기,2024-09-04,한국,한국,주식회사 제이호컴퍼니,시네마 뉴원,청소년관람불가,"공포(호러),미스터리",이세원,"공정환,황설아,지대한,황바울,전지학,손은호,최현석,박태진,김재호,김주경,성빈우,김혜연,김서윤,김은설,박시아,이관학"
"[SIWFF] 경계에서, 끈질기게 단편선",,한국,한국,,,,다큐멘터리,,
양양,2025-10-22,한국,한국,영화사 금요일,(주)영화사 진진,12세이상관람가,다큐멘터리,양주연,"양주연,양철원"
제25회 대구단편영화제 경쟁10,,한국,한국,,,,"드라마,코미디,SF",,
제25회 대구단편영화제 경쟁8,,한국,한국,,,,드라마,,
파보리텐,,오스트리아,오스트리아,,,,다큐멘터리,,
영혼의 눈동자,,스페인,스페인,,,,다큐멘터리,,
제25회 대구단편영화제 경쟁5,,한국,한국,,,,"드라마,코미디,다큐멘터리",,
[SIWFF] 아시아단편 단편선 2,,기타,기타,,,,"드라마,애니메이션",,
대장 부리바,1973-06-29,미국,미국,,,12세이상관람가,"전쟁,액션,어드벤처,드라마,멜로/로맨스",J. 리 톰슨,"토니 커티스,율 브린너"
제25회 대구단편영화제 경쟁11,,한국,한국,,,,"드라마,스릴러",,
제25회 대구단편영화제 경쟁9,,한국,한국,,,,"드라마,애니메이션",,
제25회 대구단편영화제 미드나잇 시네마 (호러&스릴러),,한국,한국,,,,"공포(호러),스릴러",,
제25회 대구단편영화제 경쟁3,,한국,한국,,,,"드라마,코미디,애니메이션",,
프리 철수 리,2023-10-18,한국,한국,,커넥트픽쳐스(주),12세이상관람가,"다큐멘터리,범죄","하줄리,이성민",
멕시코에서 버스 타기,,멕시코,멕시코,,,,드라마,루이스 브뉘엘,
제25회 대구단편영화제 경쟁4,,한국,한국,,,,"코미디,드라마",,
78일,,세르비아,"세르비아,보스니아,기타",,,,드라마,,
"[SIWFF] 애니메이티드, 몸-세계-존재 단편선 3",,한국,한국,,,,애니메이션,,
더 바이올린 메이커,,한국,한국,,,,다큐멘터리,,
[SIWFF] 아시아단편 단편선 3,,기타,기타,,,,"다큐멘터리,애니메이션",,
[SIWFF] 아이틴즈 단편선,,한국,한국,,,,"드라마,애니메이션,다큐멘터리",,
실리카겔: 전에 없던 사운드의 탄생,,한국,한국,,,,다큐멘터리,,
아리랑 랩소디,,일본,일본,,,,다큐멘터리,김성웅,
귀 기울여 들으면,,중국,중국,,,,드라마,,
아일랜드 인 비트윈 + 석양의 빛: 디아스포라 이야기,,기타,기타,,,,다큐멘터리,,
퀸의 뜨개질 + 어둠이 끝날 무렵,,기타,기타,,,,다큐멘터리,,
없는 산 + 오키나와에 사랑을 담아,,기타,기타,,,,다큐멘터리,,
제25회 대구단편영화제 경쟁7,,한국,한국,,,,"스릴러,멜로/로맨스,드라마",,
군다,2022-07-14,미국,미국,,(주)영화사 진진,전체관람가,다큐멘터리,빅토르 코사코프스키,
집을 잃은 소녀 + 인생은 아름답다,,기타,기타,,,,다큐멘터리,,
봄의 피부,,칠레,"칠레,콜롬비아",,,,드라마,,
원 퍼센터,2024-08-23,일본,일본,,(주)빅웨이브시네마,15세이상관람가,액션,야마구치 유다이,
키스 미 데들리,,미국,미국,,,,"스릴러,범죄",로버트 알드리치,"랄프 미커,알버트 데커,폴 스튜어트"
엄마에게 보내는 편지 + 양양,,기타,기타,,,,다큐멘터리,,
제25회 대구단편영화제 경쟁2,,한국,한국,,,,"드라마,멜로/로맨스",,
선생,,한국,한국,,,,다큐멘터리,,
싱크로나이즈,,칠레,칠레,,,,다큐멘터리,,
증발된 사람들,,독일,독일,,,,다큐멘터리,,
눈 먼 짐승,,일본,일본,,,,"공포(호러),드라마",마스무라 야스조,
늑대와 함께,,프랑스,"프랑스,벨기에",,,,다큐멘터리,,
포유동물,,스페인,스페인,,,,드라마,,
"우리의 땅, 우리의 자유",,케냐,"케냐,미국,포르투갈,독일",,,,다큐멘터리,,
"[SIWFF] 애니메이티드, 몸-세계-존재 단편선 4",,한국,한국,,,,애니메이션,,
"[SIWFF] 지금 여기, 한국영화 단편선 1",,한국,한국,,,,드라마,,
조지아의 미소,,기타,"기타,독일",,,,다큐멘터리,,
구름이하는말,2025-11-05,한국,한국,칸따삐아필름,영화배급협동조합 씨네소파,15세이상관람가,드라마,장태구,이지봄
도무스 데 야나스,,벨기에,"벨기에,이탈리아",,,,다큐멘터리,,
윌로씨의 휴가,,프랑스,프랑스,,,,코미디,자크 타티,"자크 타티,나탈리 파스쿠드"
축구 소녀 모나,,독일,독일,,,,드라마,,
플레이타임,,프랑스,"프랑스,이탈리아",,,,코미디,자크 타티,리타 메이든
르코르뷔지에가 꿈꾼 유토피아,,스위스,스위스,,,,다큐멘터리,,
단편화첩×한국영화,,한국,한국,,,,다큐멘터리,,
지구의 노래: 피오르의 속삭임,,노르웨이,노르웨이,,,,다큐멘터리,,
클라이밍,2021-06-16,한국,한국,한국영화아카데미,(주)트리플픽쳐스,15세이상관람가,애니메이션,김혜미,"김민지,박송이,박송이,구지원,박주광,김민지"
"청산, 유수",,한국,한국,비아신 픽처스,비아신 픽처스,12세이상관람가,"멜로/로맨스,드라마",신동일,이설
꿈의 나라,,인도,인도,,,,다큐멘터리,,
엘레지,,홍콩,홍콩,,,,다큐멘터리,,
제25회 대구단편영화제 경쟁6,,한국,한국,,,,"드라마,스릴러",,
그 모든 거짓말의 어머니,,모로코,"모로코,이집트,카타르",,,,다큐멘터리,,
트래픽,,이탈리아,"이탈리아,프랑스",,,,드라마,자크 타티,자크 타티
폴 포트 댄싱,,독일,"독일,노르웨이",,,,다큐멘터리,,
[SIWFF] 새로운 물결 단편선 2,,기타,기타,,,,다큐멘터리,,
투 디 엔드,,미국,미국,,,,다큐멘터리,,
산불 전망대 위에서,,캐나다,캐나다,,,,다큐멘터리,,
"이구알라다, 쟁취하는 자",,콜롬비아,콜롬비아,,,,다큐멘터리,,
"잘 가, 다신 만나지 말자",,한국,한국,,,,다큐멘터리,,
제25회 대구단편영화제 경쟁1,,한국,한국,,,,"드라마,스릴러",,
"그날까지 + 넷, 다섯, 여섯: 북한 여자 축구의 전설들",,기타,기타,,,,다큐멘터리,,
땅 아래 사람들,,슬로바키아,"슬로바키아,체코,우크라이나",,,,다큐멘터리,,
북경의 별,,중국,중국,,,,다큐멘터리,,
야생에서,,노르웨이,노르웨이,,,,다큐멘터리,,
축제일,,프랑스,프랑스,,,,코미디,자크 타티,"자크 타티,기 데콩블"
"아메리칸 캣츠: 좋은 놈, 나쁜 놈, 귀여운 놈",,미국,미국,,,,다큐멘터리,,
영사실의 불빛,,프랑스,프랑스,,,,다큐멘터리,,
탐욕의 식민 전쟁,,네덜란드,네덜란드,,,,다큐멘터리,,
집으로 가는 기차,,캐나다,"캐나다,중국,영국",,,,다큐멘터리,범립흔,
슬기로운 초등생활,,일본,"일본,미국,핀란드,프랑스",,,,다큐멘터리,,
이란 부인의 이런 남편 + 칭기즈칸의 후예,,기타,기타,,,,다큐멘터리,,
퍼레이드,,프랑스,"프랑스,스웨덴",,,,다큐멘터리,자크 타티,자크 타티
나의 아저씨,,프랑스,"프랑스,이탈리아",,,,코미디,자크 타티,"장 피에르 조라,자크 타티"
미드나잇 카우보이의 전설,,미국,미국,,,,다큐멘터리,,
가랑이 채운 밤,2024-08-23,일본,일본,,(주)가온콘텐츠,청소년관람불가,멜로/로맨스,오오사키히로하루,
남편의 직장 상사에게 빠진 유부녀,2024-08-23,한국,한국,(주)샤이커뮤니케이션즈,(주)샤이커뮤니케이션즈,청소년관람불가,성인물(에로),,
내 입에 맞는 새엄마 무삭제판,2024-08-23,일본,일본,,(주)가온콘텐츠,청소년관람불가,멜로/로맨스,오오사키히로하루,오츠키 히비키
너무 하고 싶어 찾은 그녀 무삭제판,2024-08-23,일본,일본,,(주)가온콘텐츠,청소년관람불가,멜로/로맨스,오오사키히로하루,혼다 히토미
넣어준 가정교사,2024-08-23,일본,일본,,(주)가온콘텐츠,청소년관람불가,멜로/로맨스,사루,미즈사와 마키
녹아내리는 며느리 무삭제판,2024-08-23,일본,일본,,(주)가온콘텐츠,청소년관람불가,멜로/로맨스,오오사키히로하루,
돌아갈 수 없는 그녀 무삭제판,2024-08-23,일본,일본,,(주)가온콘텐츠,청소년관람불가,멜로/로맨스,잠파,
란제리와 팬티스타킹의 마유코짱,2024-08-19,일본,일본,,(주)도키엔터테인먼트,청소년관람불가,성인물(에로),,
몇 번을 채워도 모자란 깊은구멍,2024-08-19,한국,한국,(주)파랑새미디어,(주)영진크리에이티브,청소년관람불가,"성인물(에로),드라마,멜로/로맨스",이타치,
몸으로 갚는 아내,2024-08-23,일본,일본,,(주)가온콘텐츠,청소년관람불가,멜로/로맨스,,
몸으로 때운 교육,2024-08-23,일본,일본,,(주)가온콘텐츠,청소년관람불가,멜로/로맨스,,야나기다 야요이
발정난 이모의 젖은 속옷,2024-08-23,일본,일본,,(주)영진크리에이티브,청소년관람불가,"멜로/로맨스,드라마",,
밤에 가는 새엄마 침실 무삭제판,2024-08-23,일본,일본,,(주)가온콘텐츠,청소년관람불가,멜로/로맨스,오오사키히로하루,
삽입은 안 하신다면서요!!,2024-08-22,한국,한국,(주)샤이커뮤니케이션즈,(주)샤이커뮤니케이션즈,청소년관람불가,성인물(에로),,
새엄마 저랑해요,2024-08-23,일본,일본,,(주)가온콘텐츠,청소년관람불가,멜로/로맨스,오오사키히로하루,
성욕 폭발 아마추어 음란 모임,2024-08-23,한국,한국,(주)샤이커뮤니케이션즈,(주)샤이커뮤니케이션즈,청소년관람불가,성인물(에로),,
싫다며 넣는 유부녀 무삭제판,2024-08-23,일본,일본,,(주)가온콘텐츠,청소년관람불가,멜로/로맨스,오오사키히로하루,
여관직원 미키의 몸으로 하는 영업,2024-08-23,일본,일본,,(주)영진크리에이티브,청소년관람불가,"멜로/로맨스,드라마",,
이제 막 어른 된 처녀 맛보기,2024-08-22,한국,한국,(주)샤이커뮤니케이션즈,(주)샤이커뮤니케이션즈,청소년관람불가,성인물(에로),,
잊지 못한 그녀의 몸,2024-08-23,일본,일본,,(주)가온콘텐츠,청소년관람불가,멜로/로맨스,오오사키히로하루,
젊은 남자에게 유혹당해 흥분한 친구엄마,2024-08-19,일본,일본,,(주)도키엔터테인먼트,청소년관람불가,성인물(에로),,
플라잉 핸드,,스페인,스페인,,,,다큐멘터리,,
피지컬 뷁 명기 선발전,2024-08-21,한국,한국,영화사 만월,유한회사 스튜디오 획,청소년관람불가,성인물(에로),,
화끈하게 혼난 유부녀 무삭제판,2024-08-23,일본,일본,,(주)가온콘텐츠,청소년관람불가,멜로/로맨스,,
황홀해지는 며느리,2024-08-23,일본,일본,,(주)가온콘텐츠,청소년관람불가,멜로/로맨스,오오사키히로하루,
AM I FUNNY?,,기타,기타,,,,코미디,,
굿바이 마더,,기타,기타,,주식회사 루믹스미디어,,"멜로/로맨스,드라마",트링 밍,
리나 2,,기타,기타,,,,코미디,,
사랑은 고양이처럼,,한국,"한국,태국",,,,"멜로/로맨스,코미디",,
세 번째 부인,,베트남,베트남,,,청소년관람불가,드라마,애쉬 메이페어,
솔리드 바이 더 씨,,태국,태국,,,,드라마,,
일몰을 기다리며,,필리핀,필리핀,,,,드라마,,
제25회 대구단편영화제 배리어프리 특별전: 장벽을 허물고 1,,한국,한국,,,,드라마,,
"지금, 오아시스",,말레이시아,"말레이시아,싱가포르,프랑스",,,,드라마,,
하녀: 위험한 관계,,필리핀,필리핀,,주식회사 루믹스미디어,,스릴러,,알버트 마르티네즈
룩백,2024-09-05,일본,일본,,메가박스중앙(주),전체관람가,애니메이션,오시야마 키요타카,"카와이 유미,요시다 미즈키"
극장판 : 기븐_히이라기 믹스,2024-08-28,일본,일본,,(주)팝엔터테인먼트,15세이상관람가,애니메이션,,"야노 쇼고,우치다 유우마,나카자와 마사토모,에구치 타쿠야"
더 배트맨,2022-03-01,미국,미국,,워너브러더스 코리아(주),15세이상관람가,"액션,범죄,드라마",맷 리브스,"로버트 패틴슨,폴 다노,조 크라비츠,앤디 서키스,제프리 라이트,콜린 파렐,피터 사스가드,존 터투로"
"[마이 아티 필름] 루시: 개화, 히어로 그리고 낙화",2024-08-28,한국,한국,(주)씨제이이엔엠,씨제이 씨지브이(CJ CGV)(주),전체관람가,"판타지,드라마",,
"뭉크. 사랑, 영혼 그리고 뱀파이어 여인",2024-08-28,이탈리아,이탈리아,,일미디어,15세이상관람가,다큐멘터리,,잉그리드 볼소 베르달
터커 & 데일 Vs 이블,2024-08-28,미국,미국,,(주)콘텐츠판다,청소년관람불가,"코미디,공포(호러)",일라이 크레이그,"타일러 라빈,알란 터딕"
브레드이발소: 빵스타의 탄생,2024-09-14,한국,한국,주식회사 브레드이발소,씨제이 씨지브이(CJ CGV)(주),전체관람가,애니메이션,정지환,"엄상현,박윤희,강시현,홍범기,김현욱,윤아영,김보나,안영미,정의진"
베르나데트의 노래,,미국,미국,,,,드라마,헨리 킹,"제니퍼 존스,찰스 빅포드"
호프만의 이야기,,독일,"독일,오스트리아",,(주)케빈앤컴퍼니,,공연,,
여름이 끝날 무렵의 라트라비아타,2024-09-11,한국,한국,(주)윤스칼라,(주)트리플픽쳐스,전체관람가,"드라마,멜로/로맨스",윤석호,"김지영,배수빈,윤지민,윤상정,배민준,정영숙,박현숙"
52헤르츠 고래들,2024-09-04,일본,일본,,해피송,15세이상관람가,드라마,나루시마 이즈루,"스기사키 하나,시손 쥰,쿠와나 토리,오노 카린,미야자와 히오,카네코 다이치"
코마다 위스키 패밀리,2024-09-05,일본,일본,,(주)스마일이엔티,12세이상관람가,애니메이션,요시하라 마사유키,"하야미 사오리,오노 켄쇼,우치다 마아야,호소야 요시마사"
기기묘묘2,2024-09-04,한국,한국,,필름다빈,15세이상관람가,"공포(호러),스릴러","정경렬,남순아,구자호,송원찬,정재희","이장원,남예빈,전소현,김영선,이도은,박충환,오희준,하산 엠디 깜룰,조영지,양말복,두범수,장리우,김미준,서혜인,오채아,김광섭,홍성춘,문승배,김민엽,이은조,여미정,김무늬,송예은,신지이,이지수,황지현,박다은,윤소슬,정재욱,김연우,허은우,정찬,전지훈,김하빈"
죽고 싶지만 사랑은 하고 싶어,2024-09-04,미국,미국,,(주)디오시네마,12세이상관람가,"드라마,멜로/로맨스",레이첼 램버트,"데이지 리들리,데이브 메르헤예"
와일드 인 더 컨츄리,,,,,,,,,
혼자 알기 아까운 이제훈 배우 단편선,,한국,한국,,,,기타,,
명탐정 필립,,미국,미국,,,,"범죄,미스터리",하워드 혹스,"험프리 보가트,로렌 바콜"
원맨,2024-09-04,아일랜드,아일랜드,,이화배컴퍼니(주),15세이상관람가,"액션,범죄",로버트 로렌즈,리암 니슨
최소한의 선의,2024-10-30,한국,한국,"(주)싸이더스,(주)고집스튜디오","(주)스튜디오디에이치엘,(주)싸이더스",12세이상관람가,드라마,김현정,"장윤주,김해비시,최수인,김유희,김수형,수현,김민재,정순범,주민형,정기섭,양조아,김주아,금빈,이창훈,이다혜,박재연,박성연,장선,이양희,이지하,곽진무,양흥주,조윤영,이채경,황미선,김하영,고수연,김진솔,이하음,임호경,장용희,오지후,김채원,성현욱,박재희,김디온느,박소연,우다현,조경아,김송은,오은재,이소향,김다온,서윤슬"
캐시 아웃,2024-09-12,미국,미국,,주식회사 제이씨엔터웍스,12세이상관람가,"액션,범죄",,"존 트라볼타,크리스틴 데이비스,루카스 하스,퀘이보,노엘 구글리에미"
제로니모족의 역습,,미국,미국,,,,"서부극(웨스턴),드라마,어드벤처",루이스 R. 포스터,"로날드 레이건,론다 플레밍,브루스 버네트"
지옥만세,2023-08-16,한국,한국,한국영화아카데미,찬란,12세이상관람가,"어드벤처,드라마,코미디",임오정,"오우리,방효린,정이주,박성훈,이선희,이주원,이은솔,이린하,이나연,이예빛,이지유,박준우,김선경,최묘견,김경환,서미영,박창순,임세운,공도은,이현성,한기옥,김영선,허정도,이주영,양흥주,박동욱,이지명,전승재,한상현"
비포 미드나잇,2013-05-22,미국,미국,,"에무 시네마 앤 카페,(주)까멜리아이엔티,(주)팝엔터테인먼트",청소년관람불가,멜로/로맨스,리차드 링클레이터,"에단 호크,줄리 델피,샤무스 데이비 피츠패트릭"
자렌에서의 탈출,,미국,미국,,,,액션,로날드 님,"율 브린너,살 미네오"
둠벙,2024-08-29,한국,한국,식스스트릿,(주)콘텐츠윙,15세이상관람가,"미스터리,공포(호러)",이동주,"이종윤,윤경호,최예은,이승현,우태식,임형태"
아스테릭스: 더 미들 킹덤,2024-08-28,프랑스,프랑스,,(주)스튜디오디에이치엘,전체관람가,"코미디,어드벤처",기욤 까네,"기욤 까네,질 를르슈,뱅상 카셀,마리옹 꼬띠아르,즐라탄 이브라히모비치"
내 모든 것을 다주어도,1977-01-01,미국,미국,,,전체관람가,"가족,드라마",알렌 라이즈너,"카메론 미첼,글리니스 존스"
[SIWFF] 폐막식,,기타,기타,,,,기타,,
한 밤의 판타지아,2024-08-28,한국,한국,주식회사 씨엠닉스,주식회사 씨엠닉스,15세이상관람가,드라마,이현지,"하영,동화,김효은,차신태"
정직한 후보2,2022-09-28,한국,한국,"(주)수필름,(주)홍필름",(주)넥스트엔터테인먼트월드(NEW),12세이상관람가,코미디,장유정,"라미란,김무열,윤경호,서현우,박진주,윤두준,김용림,신재휘,배해선,성열석,이진희,장원형,박주용,임영우,신윤정,김귀선,하성광,정영기,류경환,정예훈,이혜라,홍승균,한창현,정혜경,한동호,김석영,채수연,박선혜,오재세,김아라,유형준,임태훈,정우혁,유일한,문규민,강숙,조용환,변동욱,홍인아,김태율,황우상,유영복,박재완,오규택,이은석,차정민,오윤수,이명자,이순풍,임용순,김동인,나호숙,김지혜,임승묵,이태영,유준상,김재화,김지성,온주완,윤사봉,나문희,이동찬,이재은,이은조"
제25회 대구단편영화제 diff choice 2 - 확장하는 카메라,,한국,한국,,,,"다큐멘터리,기타",,
찾아가는 단편유랑단,,한국,한국,,,,기타,,
정크 헤드,2024-09-01,일본,일본,,(주)미디어캐슬,15세이상관람가,애니메이션,타카히데 호리,
클로즈 유어 아이즈,2024-11-06,스페인,스페인,,엠엔엠인터내셔널(주),12세이상관람가,드라마,빅토르 에리세,
제8회 부산 인터시티 영화제 드로잉시티,,기타,기타,,,,"다큐멘터리,드라마",,
가비,,한국,"한국,스페인",,,,드라마,김민근,
제8회 부산 인터시티 영화제 레지던시 02.,,한국,한국,,,,다큐멘터리,,
제8회 부산 인터시티 영화제 인터시티03.,,기타,기타,,,,드라마,,
8월 수요단편극장 그녀에 대하여: 이미랑 감독전,,한국,한국,,,,드라마,,
제8회 부산 인터시티 영화제 인터시티05.,,기타,기타,,,,"드라마,애니메이션",,
제8회부산 인터시티 영화제 인터시티01.,,기타,기타,,,,"드라마,다큐멘터리",,
제8회 부산 인터시티 영화제 인터시티02.,,기타,기타,,,,"드라마,다큐멘터리",,
제8회 부산 인터시티 영화제 인터시티04.,,기타,기타,,,,"드라마,다큐멘터리",,
제8회 부산 인터시티 영화제 부산,,한국,한국,,,,드라마,,
빛나는,2017-11-23,일본,"일본,프랑스",,그린나래미디어(주),12세이상관람가,"멜로/로맨스,드라마",가와세 나오미,"나가세 마사토시,미사키 아야메"
차이니즈 부키의 죽음,,미국,미국,,,,"범죄,드라마",존 카사베츠,"벤 가자라,세이무어 카셀"
그림자들,,미국,미국,,,,드라마,존 카사베츠,"벤 카루터스,릴리아 골도니"
38년생 김한옥,,한국,한국,예술로 통한다,,,다큐멘터리,채승훈,
기쁜 우리 젊은 날,1987-05-02,한국,한국,태흥영화(주),,중학생이상관람가,"드라마,멜로/로맨스",배창호,"안성기,김지영,황신혜,최불암,전무송"
자크 타티 회고전 - 자크 타티 단편선,,프랑스,프랑스,,,,기타,,
미미와 철수의 청춘스케치,1987-07-04,한국,한국,㈜단성시네마,,중학생이상관람가,드라마,이규형,"강수연,최양락,박중훈,김세준"
발정난하랑의대물흑인과첫섹스,2024-08-30,한국,한국,스마일컨텐츠,스마일컨텐츠,청소년관람불가,성인물(에로),,
욕정에 빠진 육덕진 여사장,2024-08-29,한국,한국,(주)샤이커뮤니케이션즈,(주)샤이커뮤니케이션즈,청소년관람불가,성인물(에로),,
취한 김에 섹스할까요?,2024-08-29,한국,한국,(주)샤이커뮤니케이션즈,(주)샤이커뮤니케이션즈,청소년관람불가,성인물(에로),,
비틀쥬스 비틀쥬스,2024-09-04,미국,미국,,워너브러더스 코리아(주),12세이상관람가,"코미디,판타지,공포(호러)",팀 버튼,"마이클 키튼,위노나 라이더,캐서린 오하라,제나 오르테가,모니카 벨루치,윌렘 데포,저스틴 세럭스"
레드불 T1 다큐멘터리 : 함께 날아오르다,2024-09-04,오스트리아,오스트리아,,씨제이 씨지브이(CJ CGV)(주),전체관람가,다큐멘터리,,
러빙 빈센트,2017-11-09,영국,"영국,폴란드",,"주식회사 로아앤코홀딩스,(주)스튜디오디에이치엘,판씨네마(주)",15세이상관람가,"애니메이션,미스터리","도로타 코비엘라,휴 웰치맨","시얼샤 로넌,제롬 플린,크리스 오다우드,더글라스 부스,에이단 터너,헬렌 맥크로리"
[마이 아티 필름] 보이넥스트도어 : 부모님 관람 불가,2024-09-04,한국,한국,(주)씨제이이엔엠,씨제이 씨지브이(CJ CGV)(주),전체관람가,드라마,,
이유없는 반항,1971-03-26,미국,미국,워너 브러더스 픽쳐스,,"청소년관람불가,전체관람가",드라마,니콜라스 레이,"제임스 딘,나탈리 우드,살 미네오,짐 바쿠"
팜 비치 스토리,,미국,미국,,,,"코미디,멜로/로맨스",프레스턴 스터지스,"클로데트 콜베트,조엘 맥크레"
미스 프레지던트,2017-10-26,한국,한국,주식회사 단유필름,(주)인디플러그,12세이상관람가,다큐멘터리,김재환,박정희
인천상륙작전 : 익스텐디드 에디션(확장판),2016-09-13,한국,한국,(주)태원엔터테인먼트,(주)씨제이이엔엠,15세이상관람가,"전쟁,드라마",이재한,"김정철,이정재,이범수,리암 니슨,진세연,정준호,박철민,김병옥,김선아,김영애,박성웅,추성훈,곽순우,홍기준,성혁,윤수혁"
래시: 뉴 어드벤처,2024-09-12,독일,독일,,시네마 뉴원,전체관람가,"어드벤처,가족,드라마",,"니코 마리츠카,카타리나 슈틀러"
베테랑2,2024-09-13,한국,한국,(주)외유내강,(주)씨제이이엔엠,15세이상관람가,"액션,범죄",류승완,"황정민,정해인,장윤주,정만식,신승환,오달수,오대환,김시후,안보현,진경,권해효,변홍준,조관우,허준호,임채은,김재화,김가을,박준면,박경혜,주보비,신민재,현봉식,남진복,이다일,인선호,정호진,유창한,홍은철,이서아,고동옥,전석찬,이봉련,심규식,조성현,김용학,이상하,황영윤,강길우,오윤홍,김서원,정명진,김한솔,진희규,박찬별,정혜자,유민석,오현석,백종환,임승준,김명연,선종구,유하람,강희제,유태근,최가은,김미지,유민주,허남준,이진희,황인무,김원해,김경록,전현숙,김병만,황인기,곽자형,박명신,안상태,우정원,신우희,윤준열,오충근,이상협,유재연"
사장의 여비서,,미국,미국,,,,"코미디,멜로/로맨스",리차드 퀴니,"주디 할리데이,폴 더글라스"
애꾸눈 잭,,미국,미국,,,,"드라마,서부극(웨스턴)",말론 브란도,말론 브란도
퍼펙트슛,,한국,한국,,,,기타,오규익,
스픽 노 이블,2024-09-11,미국,미국,,유니버설픽쳐스인터내셔널 코리아(유),15세이상관람가,"스릴러,공포(호러)",제임스 왓킨스,"제임스 맥어보이,맥켄지 데이비스,스쿳 맥네이리,알릭스 웨스트 레플러,댄 허프,크리스 히친"
정적,,한국,한국,,,,기타,장철수,
팔대장문,,한국,한국,남아진흥,(주)프리즘웍스,12세이상관람가,액션,김시현,"강청,김기주"
오지: 사라진 숲을 찾아서,2024-09-13,미국,미국,,"(주)팝엔터테인먼트,(주)플레이그램",전체관람가,애니메이션,,"아만들라 스텐버그,딘-찰스 채프먼,도날드 서덜랜드,디몬 하운수,로라 던"
센소,,이탈리아,이탈리아,,,,멜로/로맨스,루치노 비스콘티,"알리다 발리,팔리 그레인저"
아일린 그레이 E.1027,,스위스,스위스,,,,다큐멘터리,,
제18회 안양여성인권영화제 1회차,,한국,한국,,,,드라마,,
허셀프,2022-05-12,영국,영국,,(주)드림팩트엔터테인먼트,15세이상관람가,드라마,필리다 로이드,해리엇 월터
수유천,2024-09-18,한국,한국,(주)영화제작전원사,"(주)영화제작전원사 ,(주)콘텐츠판다",15세이상관람가,드라마,홍상수,"오윤수,김민희,권해효,조윤희,하성국,박미소"
위국일기,2024-10-02,일본,일본,,"(주)영화사 진진,(주)하이스트레인저",12세이상관람가,드라마,세타 나츠키,"아라가키 유이,하야세 이코이,카호,세토 코지,코미야마 리나,소메타니 쇼타,나카무라 유코"
래디컬 랜드스케이프,,스위스,"스위스,이탈리아",,,,다큐멘터리,,
도시의 재발명 - 어반 빌리지 도쿄 + 메가시티 비전 - 도쿄,,독일,독일,,,,다큐멘터리,,
십개월의 미래,2021-10-14,한국,한국,한국예술종합학교 산학협력단,그린나래미디어(주),12세이상관람가,드라마,남궁선,"최성은,서영주,유이든,백현진,권아름,손성찬,김근영,오태은,송경의,조형찬,김성혁,방주환,허경미,김나연,배영란,김완규,고영찬,김동준,최수아,정은,임만상,탁세웅,정하은,황호윤,김윤호,이가영,김혜인,안소현,김나경,황민하,박은영,정지연,문주희,조현진,우경희,정산희,유영,김지영,김수영,한지혜,손연지,김순모,정한결,김창훈,김지열,정용현,남궁선,최시형,정희경,김종우,김도연"
아트 오브 메타포 + 화양연화를 위하여: M+ 그리고 홍콩,,기타,기타,,,,다큐멘터리,,
최고수훈부인,,일본,일본,,,,"코미디,멜로/로맨스",마스무라 야스조,
[PDFF2024] PDFF 경쟁1,,한국,한국,,,,기타,,
[PDFF2024] PDFF 경쟁4,,한국,한국,,,,기타,,
[PDFF2024] PDFF 경쟁6,,한국,한국,,,,기타,,
[PDFF2024] PDFF경쟁 5 + 초청 4,,한국,한국,,,,기타,,
[PDFF2024] 장애인미디어1,,한국,한국,,,,기타,,
[PDFF2024] 장애인미디어2,,한국,한국,,,,기타,,
[PDFF2024] 장애인미디어3,,한국,한국,,,,기타,,
[PDFF2024] 초청 3,,한국,한국,,,,기타,,
우리 둘 사이에,2025-07-30,한국,한국,(주)영화사진,㈜인디스토리,12세이상관람가,드라마,성지혜,"김시은,설정환,오지후,강말금,안영진"
한 채,2024-11-20,한국,한국,"DGC,(주)타이거시네마",영화배급협동조합 씨네소파,12세이상관람가,드라마,"정범,허장","임후성,이도진"
일본 아방가르드 건축의 3세대들,,미국,미국,,,,다큐멘터리,,
제18회 안양여성인권영화제 3회차,,한국,한국,,,,"드라마,코미디",,
제18회 안양여성인권영화제 4회차,,한국,한국,,,,드라마,,
남편은 보았다,,일본,일본,,,,드라마,마스무라 야스조,"와카오 아야코,키시다 쿄코"
제16회 대단한 단편영화제 단편경쟁 5,,한국,한국,,,,"드라마,가족,코미디,스릴러",,
미스 반 데어 로에의 여인들,,스위스,스위스,,,,다큐멘터리,,
어느 멋진 아침,2023-09-06,프랑스,프랑스,,"찬란,(주)빅브라더스",15세이상관람가,"드라마,멜로/로맨스",미아 한센-로브,"레아 세이두,멜빌 푸포,파스칼 그레고리,니콜 가르시아,카미유 르방 마르탱"
명랑소녀,,일본,일본,,,,드라마,마스무라 야스조,
렘 콜하스 - 원점에서,,네덜란드,네덜란드,,,,다큐멘터리,,
알도 로시 디자인,,이탈리아,이탈리아,,,,다큐멘터리,,
연방경찰,,,,,,,,,
현재를 다루는 법: 일본 건축의 오늘,,일본,일본,,,,다큐멘터리,,
토비의 보물 찾기 그리고 하늘을 나는 강,,독일,독일,,,,"기타,다큐멘터리",,
"분섬 프렘타다, 소리의 건축",,기타,기타,,,,다큐멘터리,,
제16회 대단한 단편영화제 단편경쟁 2,,한국,한국,,,,"드라마,스릴러,멜로/로맨스,애니메이션",,
그린 오버 그레이: 에밀리오 암바스,,이탈리아,이탈리아,,,,다큐멘터리,,
남편이 허락한 옆집 유부녀,2024-09-06,한국,한국,,(주)씨맥스커뮤니케이션즈,청소년관람불가,성인물(에로),,
불장난,,일본,일본,,,,드라마,마스무라 야스조,
어디로 가고 싶으신가요,2023-07-05,한국,한국,(주)인벤트스톤,(주)디스테이션,12세이상관람가,드라마,김희정,"박하선,김남희,전석호,문우진,김정철,이규회,변중희,김보라,송영규,김영선,김지영,이선규"
제16회 대단한 단편영화제 단편경쟁 3,,한국,한국,,,,"드라마,애니메이션,SF",,
제16회 대단한 단편영화제 단편경쟁 1,,기타,기타,,,,"드라마,스릴러,애니메이션",,
마에스트로,2023-08-09,프랑스,프랑스,,(주)티캐스트,12세이상관람가,드라마,브뤼노 시슈,"이반 아탈,피에르 아르디티,미우-미우"
새들이 사는 마을 + 명태 + 여름의 건널목,,한국,한국,,,,드라마,,
제16회 대단한 단편영화제 단편초청 2,,한국,한국,,,,"드라마,코미디,애니메이션,판타지",,
리처드 워튼: 건축의 시간 + 인천메탈시티,,기타,기타,,,,다큐멘터리,,
"끝, 새로운 시작",2025-03-26,영국,영국,,"(주)스튜디오디에이치엘,(주)키노라이츠",15세이상관람가,드라마,마할리아 벨로,"조디 코머,조엘 프라이,캐서린 워터스턴,마크 스트롱,베네딕트 컴버배치"
제16회 대단한 단편영화제 단편초청 1,,한국,한국,,,,"드라마,애니메이션",,
이상주의자들의 집,,벨기에,벨기에,,,,다큐멘터리,,
제16회 대단한 단편영화제 상상유니브,,한국,한국,,,,드라마,,
커피 전성시대,,덴마크,덴마크,,,,다큐멘터리,,
낙원을 건설하는 법,,핀란드,핀란드,,,,다큐멘터리,,
스틸라이프,2007-06-14,홍콩,홍콩,,위드시네마,12세이상관람가,드라마,지아 장 커,"한 산밍,자오 타오"
재활용 식민지,,한국,한국,,,,다큐멘터리,,
제16회 대단한 단편영화제 단편경쟁 4,,한국,한국,,,,"드라마,스릴러,애니메이션",,
작은정원,2023-07-12,한국,한국,아나레스,(주)시네마달,전체관람가,다큐멘터리,이마리오,
전우여 다시한번,,미국,미국,,,,"전쟁,액션,드라마",로버트 와이즈,"클라크 게이블,버트 랜커스터"
히어 나우 프로젝트,,미국,미국,,,,다큐멘터리,,
비행기는 탈 수 없어,,노르웨이,"노르웨이,독일",,,,기타,,
아버지의 이메일,2014-04-24,한국,한국,이야기 보따리 영화제작소,㈜인디스토리,12세이상관람가,다큐멘터리,홍재희,
2024 SICFF 국제단편 경쟁2,,기타,기타,,,,드라마,,
2024 SICFF 국제단편 경쟁4,,기타,기타,,,,드라마,,
바위와 구름 사이로,,페루,"페루,칠레",,,,기타,,
문워크,2025-01-22,한국,한국,마리솔(주),필름다빈,15세이상관람가,드라마,신현규,"유승목,황지아,차희재,장마레,김민경,송동환,김국희,이은주,김자영,이정현,조서우,이나연,남동욱"
2024 SICFF 국제단편 경쟁1,,기타,기타,,,,드라마,,
"괜찮아, 앨리스",2024-11-13,한국,한국,오마이뉴스,미디어나무(주),전체관람가,다큐멘터리,양지혜,"이주연,황하름,오연호,김혜일,김민지,성의준,박선하,박태준,정병오,정수완,성종호,이순영,이준희,이완수,황인근,국세은,안재운"
2024 SICFF 지·평·선 단편1,,기타,기타,,,,"애니메이션,다큐멘터리,드라마",,
나를 보러와요,1980-07-10,한국,한국,남아진흥(주),(주)프리즘웍스,"연소자관람불가,12세이상관람가",드라마,이유섭,"방미,마영달,박원숙,김성찬"
제16회 대단한 단편영화제 단편스페셜,,한국,한국,,,,드라마,,
2024 SICFF 국제단편 경쟁5,,기타,기타,,,,드라마,,
광천동 김환경,,한국,한국,,,,다큐멘터리,,
인천 쓰리노,,한국,한국,,,청소년관람불가,성인물(에로),,
27층,,오스트리아,"오스트리아 ,독일",,,,다큐멘터리,,
로테크: 비첨단의 삶,,프랑스,프랑스,,,,다큐멘터리,,
빌리와 몰리: 수달 사랑 이야기,,영국,영국,,,,다큐멘터리,,
스킨 오브 글래스,,브라질,"브라질,미국",,,,다큐멘터리,,
어느 수도사의 대성당,,스페인,스페인,,,,다큐멘터리,,
푸드 주식회사 2,,미국,미국,,,,다큐멘터리,,
늑대의 나라에서,,독일,독일,,,,다큐멘터리,,
스발바르의 이방인,,체코,"체코,노르웨이,슬로바키아",,,,다큐멘터리,,
2024 SICFF 애니메이션 경쟁2,,기타,기타,,,,애니메이션,,
바르다가 사랑한 얼굴들,2018-06-14,프랑스,프랑스,,(주)영화사 진진,전체관람가,다큐멘터리,"아녜스 바르다,제이알","아녜스 바르다,제이알"
라이어×라이어,2022-10-17,일본,일본,,(주)미디어캐슬,12세이상관람가,멜로/로맨스,야쿠모 사이지,모리 나나
투르카나 족의 기후 전쟁,,케냐,케냐,,,,다큐멘터리,,
아이를 위한 지구는 없다,,한국,한국,,,,다큐멘터리,,
오류시장,,한국,한국,,,,다큐멘터리,최종호,
2024 SICFF 어른들을 부탁해 단편1,,한국,한국,,,,"드라마,애니메이션",,
2024 SICFF 국제단편 경쟁3,,기타,기타,,,,"드라마,다큐멘터리",,
부재,2025-08-27,중국,중국,,필름다빈,12세이상관람가,드라마,,
들판에서의 일 년,,영국,영국,,,,다큐멘터리,,
육식: 지속 불가능한 발자국,,포르투갈,포르투갈,,,,다큐멘터리,,
내 곰인형 어디있지?,,네덜란드,네덜란드,,,,애니메이션,,
다가오는 것들,2016-09-29,프랑스,프랑스,,찬란,15세이상관람가,드라마,미아 한센-로브,"이자벨 위페르,에디뜨 스콥"
스노우 레오파드,,중국,중국,,,,기타,,
지구 파노라마 단편 2,,기타,기타,,,,기타,,
파라다이스,,프랑스,"프랑스,스위스",,,,다큐멘터리,,
2024 SICFF 애니메이션 경쟁1,,기타,기타,,,,애니메이션,,
검은 하늘 아래 + IFAD - 기후 변화와 환경,,기타,기타,,,,기타,,
맥스와 환상의 시니어팀,,독일,독일,,,,드라마,,
우리는 물러나지 않을 거야,,우크라이나,"우크라이나,폴란드,프랑스,미국",,,,다큐멘터리,,
이씨 가문의 형제들 + 반차,,한국,한국,,,,드라마,,
2024 SICFF 지·평·선 단편2,,한국,한국,,,,드라마,,
야생채집자들 + IFAD - 변화를 위한 레시피,,기타,기타,,,,기타,,
지구 파노라마 단편 1,,기타,기타,,,,기타,,
1℃의 미래,,한국,한국,,,,다큐멘터리,,
도둑가족과 강아지 캅,,스웨덴,스웨덴,,,,드라마,,
기후 과학자의 특별한 탄소 여행,,이탈리아,이탈리아,,,,다큐멘터리,,
"댐버스터 - 강 혁명의 시작 + 잘피, 핫핑크 돌핀스",,기타,기타,,,,기타,,
로스트 칠드런,,벨기에,벨기에,,,,드라마,,
할아버지와 부두 + 어반 제네시스,,기타,기타,,,,"다큐멘터리,드라마",,
나비와 바다,2013-01-24,한국,한국,오지필름,(주)시네마달,12세이상관람가,다큐멘터리,박배일,"재년,강숙자,윤윤자,노재년,강우영"
섹스 가르쳐 주는 여선배,2024-09-05,한국,한국,(주)샤이커뮤니케이션즈,(주)샤이커뮤니케이션즈,청소년관람불가,성인물(에로),,
순진한 친구의 여친과..,2024-09-05,한국,한국,(주)샤이커뮤니케이션즈,(주)샤이커뮤니케이션즈,청소년관람불가,성인물(에로),,
엄마친구 9,2024-09-02,한국,한국,,(주)영화사가을,청소년관람불가,멜로/로맨스,,
탈옥정사: 투잡 뛰는 여교도관,2024-09-04,한국,한국,,유한회사 스튜디오 획,청소년관람불가,성인물(에로),,
그라운드의 이방인,2015-03-19,한국,한국,㈜인디스토리,㈜인디스토리,전체관람가,다큐멘터리,김명준,"김근,양시철,배수찬,권해효,박용진,정원덕,조은성,김정아"
슈퍼스타 감사용,2004-09-17,한국,한국,(주)싸이더스,씨제이엔터테인먼트,전체관람가,드라마,김종현,"이범수,공유,윤진서,류승수,하정우,이명수,이혁재,송민규,이성덕,이정준,장항선,조희봉,박용우,정석원,김상현,최봉석,김철용,예민정,정준하,장소연,이태성,박효주,박충선,조원동,최대훈,이람,권유준,이대희"
제 16회 서울국제건축영화제 호스트 아키텍트 포럼,,기타,기타,,,,기타,,
퍼펙트 게임,2011-12-21,한국,한국,"(주)동아수출공사,밀리언 스토리,(주)다세포클럽",롯데쇼핑㈜롯데엔터테인먼트,12세이상관람가,드라마,박희곤,"조승우,양동근,최정원,임지훈,김동희,허형규,박용규,신준호,최지훈,조찬형,차현우,한준혁,박정수,박정식,박현용,안준석,안태운,권승현,주아영,김기홍,이만규,서상화,문용식,문종헌,이명자,장원석,민정기,원희,최대영,이상하,곽중훈,최민철,윤상일,최상호,김성태,구종률,이선진,이성수,오성진,김창후,박수진,박수환,최용규,최은,김우상,김지만,조진웅,장경아,김병옥,손병호,신현종,오정세,이병준,나윤성,최일화,공정환,최원영,김영민,박서준,이동진,곽병민"
해가 서쪽에서 뜬다면,1998-12-19,한국,한국,(주)명필름,,15세 미만인 자는 관람할 수 없는 등급,"멜로/로맨스,드라마",이은,"고소영,차승원,임창정,이범수,박성웅,권민중"
우리가 끝이야,2024-09-13,미국,미국,,소니픽쳐스엔터테인먼트코리아주식회사극장배급지점,15세이상관람가,"드라마,멜로/로맨스",저스틴 밸도니,"블레이크 라이블리,저스틴 밸도니,제니 슬레이트"
요네즈 켄시 2023 투어 / 공상,2024-09-11,일본,일본,,씨제이 씨지브이(CJ CGV)(주),전체관람가,공연,,
라이온 킹,1994-07-02,미국,미국,월트디즈니,"월트디즈니컴퍼니코리아 유한책임회사,브에나비스타인터내셔널코리아/월트디즈니","연소자관람가,전체관람가","애니메이션,어드벤처,가족,뮤지컬,드라마","로저 알러스,롭 민코프","매튜 브로데릭,모이라 켈리,조나단 테일러 토마스,장광"
[마이 아티 필름] 카리나 : 업,,한국,한국,(주)씨제이이엔엠,씨제이 씨지브이(CJ CGV)(주),12세이상관람가,기타,,
비긴 어게인,2014-08-13,미국,미국,,판씨네마(주),15세이상관람가,멜로/로맨스,존 카니,"키이라 나이틀리,마크 러팔로,애덤 리바인,헤일리 스테인펠드,제임스 코든,캐서린 키너"
주토피아,2016-02-17,미국,미국,,월트디즈니컴퍼니코리아(주),전체관람가,"애니메이션,액션,어드벤처","바이론 하워드,리치 무어","지니퍼 굿윈,제이슨 베이트먼,샤키라"
인사이드 아웃,2015-07-09,미국,미국,,월트디즈니컴퍼니코리아(주),전체관람가,"애니메이션,코미디",피트 닥터,"다이안 레인,에이미 포엘러,카일 맥라클란,민디 캘링,빌 헤이더"
모아나,2017-01-12,미국,미국,,월트디즈니컴퍼니코리아 유한책임회사,전체관람가,애니메이션,"론 클레멘츠,존 머스커","드웨인 존슨,아우이 크라발호,알란 터딕,제메인 클레멘트,테무에라 모리슨"
지옥의 영웅들,,미국,미국,,,,"액션,전쟁",돈 시겔,"스티브 맥퀸,바비 다린"
비상착륙,,미국,미국,워너 브러더스 픽쳐스,,,"액션,드라마,어드벤처",윌리엄 A. 웰만,"존 웨인,클레어 트레버,로레인 데이,로버트 스택,잔 스털링"
사랑이 우리를 구원할 거야,,스웨덴,스웨덴,,,,"드라마,뮤지컬",,
비커밍 아스트리드,2021-05-12,기타,기타,,알토미디어(주),15세이상관람가,드라마,퍼닐 피셔 크리스텐센,"알바 어거스트,마리아 보네비에,트린 디어홈,매그너스 크레퍼,헨릭 라파엘센"
유에프오 스웨덴,,스웨덴,스웨덴,,,,SF,,
킹콩,,미국,미국,RKO 라디오 픽쳐스,,,"액션,공포(호러),어드벤처,판타지,스릴러","어니스트 B. 쇼드색,머리안 C. 쿠퍼","페이 레이,로버트 암스트롱,브루스 캐벗"
아브델,,스웨덴,스웨덴,,,,"드라마,스릴러",피에테르 폰티키스,
런 우예 런,,스웨덴,스웨덴,,,,"가족,드라마,뮤지컬",,
더 킹,,스웨덴,스웨덴,,,,다큐멘터리,,
테인티드 러브,2024-09-19,중국,중국,,(주)디스테이션,12세이상관람가,드라마,마영심,주동우
투게더 99,,스웨덴,"스웨덴,덴마크",,,,"드라마,코미디",루카스 무디슨,
정국: 아이 엠 스틸,2024-09-18,한국,한국,(주)하이브,씨지브이 아이스콘,전체관람가,공연,박준수,전정국
타이거즈,,스웨덴,스웨덴,,,,드라마,,
흙,1960-01-28,한국,한국,,,,멜로/로맨스,권영순,"문정숙,김진규"
수색자,,미국,미국,워너 브러더스 픽쳐스,,,"액션,드라마,어드벤처,서부극(웨스턴)",존 포드,"존 웨인,제프리 헌터,나탈리 우드,베라 마일즈"
"줄리엣, 네이키드",2024-09-25,미국,미국,,(주)마노엔터테인먼트,15세이상관람가,멜로/로맨스,,"에단 호크,로즈 번,크리스 오다우드"
워락,,미국,미국,,,,"멜로/로맨스,서부극(웨스턴)",에드워드 디미트릭,"리차드 위드마크,헨리 폰다,앤소니 퀸"
산이 부른다,2024-09-25,프랑스,프랑스,,주식회사 슈아픽처스,12세이상관람가,"드라마,미스터리",토마스 살바도르,"토마스 살바도르,루이즈 보르고앙,마틴 슈발리에"
트랩,2024-09-18,미국,미국,,워너브러더스 코리아(주),15세이상관람가,"스릴러,범죄,미스터리",M. 나이트 샤말란,"조쉬 하트넷,아리엘 도노휴,살레카 샤말란,헤일리 밀즈,알리슨 필"
아틀란티스의 왕,,스웨덴,스웨덴,,,,"코미디,드라마",,"사이먼 세테그렌,필립 잔덴"
레드 리버,,미국,미국,,,,"서부극(웨스턴),액션,어드벤처",하워드 혹스,"존 웨인,몽고메리 클리프트"
보희와 녹양,2019-05-29,한국,한국,한국영화아카데미,KT&G 상상마당 영화사업팀 컴퍼니에스에스(주),12세이상관람가,드라마,안주영,"안지호,김주아,서현우,신동미,서현우,차서원,박근록,정승길,장준휘,손예원,황건,홍성춘,김해준,유미선,양신지,최종철,정수범,봉재경,홍서윤,봉춘영,민경진,민경진,김가영,김도엽,박효빈,김뜻모아,배준호,김뜻모아,안소연,김민준,안현영,유수민,양진열,오대석,유형래,김사현,김소라,이재희,김현빈,이정연,엄채윤,최기윤,최기윤,김인선,이주원,전고운,최윤태,김수환,최은정,조원희,김희창,용세형,김시현,이승주,김영서,김예은,하정민,이명하,이해영,이병림,김윤호,박성수,박민영,이성은,이정연,김현정,하정민,조원희,진중길,신동훈"
바탄의 전투,,미국,미국,,,,"전쟁,드라마",에드워드 디미트릭,"존 웨인,앤소니 퀸"
말임씨를 부탁해,2022-04-13,한국,한국,"(주)파란오이,안목",(주)씨네필운,전체관람가,드라마,박경목,"김영옥,김영민,박성연,김혜나,최서연,심소영,김재록,김하진,이주미,이지영,김수정,이양희,박선옥,이정은,이경미,김예슬,김한상,채윤희,정서인,김봉희,임강희,최정원,김준석,곽용,이미선,이미정,이현주,최자인,김태백,윤준협,민재,손예원,이세아,김희윤,곽민준,정경임,반혜영,정보미,정윤소,박재희,김영재,정성일"
시네마 천국,1990-07-07,프랑스,"프랑스,이탈리아",,"주식회사 왓챠,(주)팝엔터테인먼트",전체관람가,"드라마,멜로/로맨스",쥬세페 토르나토레,"자끄 페렝,필립 느와레,살바토레 카시오,마르코 레오나르디,브리지트 포세이"
아이 엠 낫 유어 니그로,2018-02-08,프랑스,"프랑스,미국,벨기에,스위스",,와이드 릴리즈(주),15세이상관람가,다큐멘터리,라울 펙,사무엘 L. 잭슨
패션 오브 크라이스트,2004-04-02,미국,미국,아이콘프로덕션,"길갈,(주)라이크콘텐츠,(주)이수C&E,이십세기폭스필름코퍼레이션",15세관람가,드라마,멜 깁슨,"제임스 카비젤,모니카 벨루치,마이아 모겐스턴"
원스,2007-09-20,아일랜드,아일랜드,,"(주)제이앤씨미디어그룹,와이드 릴리즈(주),(주)영화사 진진",전체관람가,드라마,존 카니,"글렌 하사드,마르케타 이글로바"
하나오카 세이슈의 아내,,일본,일본,,,15세이상관람가,드라마,마스무라 야스조,
마리솔의 리틀 앤젤스,1971-07-24,멕시코,"멕시코,스페인",,,,"드라마,뮤지컬",루이스 루시아,"마리솔,마리솔"
가방을 든 여인,,이탈리아,"이탈리아,프랑스",,,,"코미디,드라마",발레리오 주를리니,"클라우디아 카르디날레,자끄 페렝,레나토 발디니"
정오의 출격,,,,,,,,,
호비와 마법의 카네이션,2024-09-25,일본,일본,,"홀리가든,주식회사 온 피크",전체관람가,애니메이션,카와무라 토모히로,
잔고: 분노의 적자,2023-09-13,한국,한국,꾸러기스튜디오,(주)영화사 그램,12세이상관람가,"서부극(웨스턴),코미디,액션",백승기,"정광우,서현민,손이용,정수진,손규진,조근직,천정희,신우성,한지철,안정호,신예주,이지규,유창호,권오상,송진석,김예림,전민호,강소연,감승민,이호영,백승기,조문정,김지양,조용환,김단비,이교형,권수진"
나 혼자 맛본 두 명의 여직원,2024-09-13,한국,한국,(주)샤이커뮤니케이션즈,(주)샤이커뮤니케이션즈,청소년관람불가,성인물(에로),,
당구장에서 다른 구멍 넣기,,한국,한국,와이제이스토리,와이제이스토리,청소년관람불가,성인물(에로),,
동거커플들의 스와핑,,한국,한국,,,청소년관람불가,성인물(에로),,
몸 좋은 아저씨에게 빠진 글래머,2024-09-12,한국,한국,(주)샤이커뮤니케이션즈,(주)샤이커뮤니케이션즈,청소년관람불가,성인물(에로),,
발정 난 친구 여친이랑..,2024-09-13,한국,한국,(주)샤이커뮤니케이션즈,(주)샤이커뮤니케이션즈,청소년관람불가,성인물(에로),,
처음 본 남자에게 안긴 옆집 아줌마,2024-09-12,한국,한국,(주)샤이커뮤니케이션즈,(주)샤이커뮤니케이션즈,청소년관람불가,성인물(에로),,
9월 수요단편극장 - 삶과 죽음 사이,,한국,한국,,,,기타,,
제16회 대단한 단편영화제 전년도 수상작,,한국,한국,,,,드라마,,
가녀장 시대 남편 잡는 음란한 와이프 무삭제,2024-09-13,한국,한국,,(주)두리컴미디어,청소년관람불가,성인물(에로),,
개방적인 여자-뒷문 열고 축축이 준비완료,2024-09-14,일본,일본,,(주)영진크리에이티브,청소년관람불가,"성인물(에로),드라마,멜로/로맨스",,
나는 시아버지의 아내가 되었다,2024-09-14,일본,일본,,(주)영진크리에이티브,청소년관람불가,"성인물(에로),드라마,멜로/로맨스",,
나도 새엄마랑 하고싶다,2024-09-13,일본,일본,,(주)영진크리에이티브,청소년관람불가,"성인물(에로),드라마,멜로/로맨스",,
남친이 군대 간 사이2,2024-09-11,한국,한국,,주식회사 루믹스미디어,청소년관람불가,성인물(에로),,
매장 아가씨 손님 따먹기 무삭제판,2024-09-10,일본,일본,,주식회사 미콘,청소년관람불가,성인물(에로),,
물 쌓인 야설작가-육감상상,2024-09-13,일본,일본,,(주)영진크리에이티브,청소년관람불가,"성인물(에로),드라마,멜로/로맨스",,
밤새 단백질 짜내는 이모,2024-09-14,일본,일본,,(주)영진크리에이티브,청소년관람불가,"성인물(에로),드라마,멜로/로맨스",,
새엄마 얼굴 앞 18센티 그 것,2024-09-13,일본,일본,,(주)영진크리에이티브,청소년관람불가,"성인물(에로),드라마,멜로/로맨스",,
신도시 엄마들 극장판,2024-09-11,한국,한국,진픽쳐스,유한회사 스튜디오 획,청소년관람불가,성인물(에로),정도수,
아빠 몰래 새엄마가 다 해줄게,2024-09-13,일본,일본,,(주)영진크리에이티브,청소년관람불가,"성인물(에로),드라마,멜로/로맨스",,
이모가 곧추세운 날,2024-09-13,일본,일본,,(주)영진크리에이티브,청소년관람불가,"성인물(에로),드라마,멜로/로맨스",,
장모님 구멍에 홀인원! 장인도 모르는 불륜,2024-09-13,한국,한국,,(주)두리컴미디어,청소년관람불가,성인물(에로),,
즙 잘 뽑는 이모,2024-09-14,일본,일본,,(주)영진크리에이티브,청소년관람불가,"성인물(에로),드라마,멜로/로맨스",,
탈옥정사: 쓰리썸 여죄수,2024-09-13,한국,한국,,유한회사 스튜디오 획,청소년관람불가,성인물(에로),,
흑인남친 자취방에서 생긴일-무삭제,2024-09-11,한국,한국,스마일컨텐츠,스마일컨텐츠,청소년관람불가,성인물(에로),천성준,
오늘 출가합니다,2023-04-05,한국,한국,미러볼 스튜디오,(주)트리플픽쳐스,12세이상관람가,드라마,김성환,"양흥주,나현준,나현준,홍예지,김채원,황혜란,박성균,심유승,전은주,홍민수,정서인,원동은,고은영,손미희,최현정,안치욱,장희용,이태훈,이준용,김지희,한솔미,윤상일,손성수"
차별없이 억압없이 배제없이 혐오없이,,한국,한국,,,,다큐멘터리,,
와일드 로봇,2024-10-01,미국,미국,,유니버설픽쳐스인터내셔널 코리아(유),전체관람가,애니메이션,크리스 샌더스,"루피타 뇽오,페드로 파스칼,캐서린 오하라,빌 나이,스테파니 수"
조커,2019-10-02,미국,미국,,워너브러더스 코리아(주),15세이상관람가,"액션,드라마,스릴러",토드 필립스,"호아킨 피닉스,재지 비츠,로버트 드 니로,프란시스 콘로이,브렛 컬렌"
극장총집편 봇치 더 록! 후편,2024-09-25,일본,일본,,씨제이 씨지브이(CJ CGV)(주),전체관람가,애니메이션,사이토 케이이치로,"아오야마 요시노,스즈시로 사유미,미즈노 사쿠,하세가와 이쿠미"
코로넬 블림프,,영국,영국,,,,"드라마,멜로/로맨스,전쟁","마이클 파웰,에메릭 프레스버거","로저 리브시,데보라 카"
서부 전선 이상 없다,,미국,미국,유니버셜 픽쳐스,,,"드라마,전쟁,액션",루이스 마일스톤,
잃어버린 주말,,미국,미국,,,,드라마,빌리 와일더,"레이 밀랜드,제인 와이먼"
마녀들의 카니발,2024-09-25,한국,한국,부산민주언론시민연합사업단 미디토리,영화배급협동조합 씨네소파,12세이상관람가,다큐멘터리,박지선,
[마이 아티 필름] 웨이션브이 : 기브 미 댓,,한국,한국,(주)씨제이이엔엠,씨제이 씨지브이(CJ CGV)(주),전체관람가,기타,,
타인의 삶,2007-03-22,독일,독일,,"(주)트리플픽쳐스,(주)유레카픽쳐스 ,(주)에스와이코마드,(주)에스에이치필름",15세이상관람가,드라마,플로리안 헨켈 폰 도너스마르크,"울리히 뮤흐,마르티나 게덱,세바스티안 코치,울리히 터커"
레퀴엠,,미국,미국,,,,다큐멘터리,요나스 메카스,
홀 인 더 헤드,,미국,미국,,,,"코미디,드라마",프랭크 카프라,"프랭크 시내트라,에드워드 G. 로빈슨"
벽안의 나비부인,,미국,미국,,,,"코미디,드라마,멜로/로맨스",잭 카디프,"셜리 맥클레인,이브 몽땅"
백주의 결투,,미국,미국,,,15세관람가,"드라마,멜로/로맨스,서부극(웨스턴)",킹 비더,"그레고리 펙,릴리안 기쉬,허버트 마샬,조셉 코튼,월터 휴스톤,찰스 빅포드,라이오넬 배리모어,제니퍼 존스"
개선문,,미국,미국,,,,"드라마,멜로/로맨스",루이스 마일스톤,"잉그리드 버그만,찰스 보이어"
[낫띵벗필름x인디스페이스] 9월 장요훈: 프레시-맨,,한국,한국,,,,기타,,
극장판 이치케이의 까마귀,2024-09-16,일본,일본,,(주)미디어캐슬,12세이상관람가,드라마,타나카 아키라,"타케노우치 유타카,쿠로키 하루"
안드리스 넬슨스 & 빈 필하모닉,,독일,"독일,오스트리아",,,,공연,,
징기스칸,1977-03-18,미국,미국,RKO 라디오 픽쳐스,,,"사극,전쟁",딕 포웰,"존 웨인,수잔 헤이워드,페드로 아르멘다리즈"
세 번째 살인,2017-12-14,일본,일본,,(주)티캐스트,15세이상관람가,스릴러,고레에다 히로카즈,"후쿠야마 마사하루,야쿠쇼 코지,히로세 스즈"
수상한 그녀,2014-01-22,한국,한국,"(주)예인플러스엔터테인먼트,아이앤코스모스(주)시네와이즈필름",(주)씨제이이엔엠,15세이상관람가,드라마,황동혁,"심은경,나문희,박인환,성동일,이진욱,김현숙,황정민,김슬기,박형우,신재훈,박인환,이태식,박재홍,서진호,양태규,정상원,정은임,정종혁,조명행,진영,한상경,한흥석,김경아,이주희,김동욱,김동희,김민준,김선하,김순찬,김영웅,김용진,김재섭,김정원,박선희,한지은,김수현,황영희,장광,전우재,강필선,김가희,황승언,임현성,정인기,이상희,하연주,박혜진,김남순,조혜선"
새벽에 온 방문객,1975-07-19,한국,한국,남아진흥(주),(주)프리즘웍스,15세이상관람가,"멜로/로맨스,드라마",노진섭,"박근형,고은아,나하영"
보스턴 교살자,,미국,미국,,,,"범죄,스릴러,드라마,미스터리",리차드 플레이셔,"조지 케네디,헨리 폰다,토니 커티스"
동경방랑자,,일본,일본,,,,기타,스즈키 세이준,
변태 성욕에 지배당한 그녀,2024-09-19,한국,한국,(주)샤이커뮤니케이션즈,(주)샤이커뮤니케이션즈,청소년관람불가,성인물(에로),,
진짜로 넣고 싶은 여배우,2024-09-19,한국,한국,(주)샤이커뮤니케이션즈,(주)샤이커뮤니케이션즈,청소년관람불가,성인물(에로),,
하숙집 젊은 여자,2024-09-20,한국,한국,(주)샤이커뮤니케이션즈,(주)샤이커뮤니케이션즈,청소년관람불가,성인물(에로),,
허리 힘 좋고 물건 두꺼운 남자,2024-09-20,한국,한국,(주)샤이커뮤니케이션즈,(주)샤이커뮤니케이션즈,청소년관람불가,성인물(에로),,
태양없이,,프랑스,프랑스,,,,기타,크리스 마르케,
류준열과 교복 입은 사진가들,,한국,한국,,,,다큐멘터리,,
며느리와 하룻밤은 괜찮아,2024-09-19,일본,일본,,(주)영진크리에이티브,청소년관람불가,"멜로/로맨스,드라마",,
발정난 남자들 사이 에로 가정부,2024-09-20,일본,일본,,(주)영진크리에이티브,청소년관람불가,"성인물(에로),드라마,멜로/로맨스",,
부자와 걸레질 하는 가정부,2024-09-20,일본,일본,,(주)영진크리에이티브,청소년관람불가,"성인물(에로),드라마,멜로/로맨스",,
새엄마의 배란일-내 앞에서 세워줄래,2024-09-19,일본,일본,,(주)영진크리에이티브,청소년관람불가,"멜로/로맨스,드라마",,
신인 아가씨를 유혹해보자 2,2024-09-20,일본,일본,,(주)도키엔터테인먼트,청소년관람불가,성인물(에로),,
어느날 현관으로 남편의 여자가 들어왔다,2024-09-20,한국,한국,(주)룬컴퍼니,(주)룬컴퍼니,청소년관람불가,"성인물(에로),드라마,멜로/로맨스",모니카,
여상사의 흠뻑 젖어버린 계곡물,2024-09-19,일본,일본,,(주)영진크리에이티브,청소년관람불가,"멜로/로맨스,드라마",,
일본 러브호텔의 리얼정사 2,2024-09-20,일본,일본,,(주)도키엔터테인먼트,청소년관람불가,성인물(에로),,
채워달라는 새엄마-네 아빠 대신 싸줘,2024-09-20,일본,일본,,(주)영진크리에이티브,청소년관람불가,"성인물(에로),드라마,멜로/로맨스",,
대도시의 사랑법,2024-10-01,한국,한국,"(주)쇼박스,주식회사 고래와 유기농",메가박스중앙(주) 플러스엠 엔터테인먼트,15세이상관람가,드라마,이언희,"김고은,노상현,박선후,방정민,정휘,오동민,김채은,권영은,서벽준,박지안,이유진,장혜진,이상이,곽동연,최유화,이용이,박성일,김중기,한현민,허지유,박지연,한요셉,채시은,정수영,신담수,최지희,엄혜수,윤미경,김솔로몬,김휘열,박대원,김근환,박재완,표영서,김소령,심영민,이서한,황대기,문경린,강전영,유지혁,전준우,임새벽,김혜성,조용환,이한성,이병희,김혜숙,이정아,장민욱,김루이,김도엽,이하주,박재광,박초은,이서경,정동현,허애선,조하린,오상림,김자성,서승우,박준식,남다정,김성락,정소희,조용호,김덕일,이남주,김나들,주종혁,김한솔,서지아"
명탐정 코난: 시한장치의 마천루,2024-10-02,일본,일본,,(주)씨제이이엔엠,12세이상관람가,애니메이션,코다마 켄지,"타카야마 미나미,야마자키 와카나,카미야 아키라,야마구치 캇페이"
수 분간의 응원을,2024-09-25,일본,일본,,(주)애니플러스,전체관람가,드라마,포푸리카,"하나에 나츠키,이세 마리야,우치다 유우마,이즈미 후카"
엑소시스트: 더 데빌,2024-09-25,미국,미국,,"와이드 릴리즈(주),(주)제이앤씨미디어그룹",12세이상관람가,공포(호러),호세 프렌데스,"더그 브래들리,데니스 더프"
"극장판 엉덩이 탐정: 안녕, 나의 영원한 친구",2024-10-01,일본,일본,,(주)넥스트엔터테인먼트월드(NEW),전체관람가,애니메이션,,"김은아,소연,김사라,사성웅,남도형"
태용: 티와이 트랙 인 시네마,2024-09-25,한국,한국,"씨제이포디플렉스 주식회사,스크린엑스 스튜디오",씨제이포디플렉스 주식회사,전체관람가,공연,오윤동,
바이크 라이더스,2024-09-25,미국,미국,,유니버설픽쳐스인터내셔널 코리아(유),15세이상관람가,"액션,범죄",제프 니콜스,"톰 하디,오스틴 버틀러,조디 코머"
조커: 폴리 아 되,2024-10-01,미국,미국,,워너브러더스 코리아(주),15세이상관람가,"범죄,드라마,뮤지컬",토드 필립스,"호아킨 피닉스,레이디 가가"
아이엠스타! 10주년 극장판 -미래로의 스타웨이-,,일본,일본,,(주)씨제이이엔엠,전체관람가,애니메이션,키무라 류이치,"모로호시 스미레,타도코로 아즈사,오오하시 아야카"
악이 도사리고 있을 때,2024-10-09,아르헨티나,"아르헨티나,미국",,(주)팝엔터테인먼트,청소년관람불가,"공포(호러),미스터리,스릴러",데미안 루냐,
보통의 가족,2024-10-16,한국,한국,(주)하이브미디어코프,"(주)하이브미디어코프,(주)마인드마크",15세이상관람가,드라마,허진호,"설경구,장동건,김희애,수현,홍예지,김정철,최리,유수빈,변중희,안예림,유인선,이충식,노재원,이가경,전영,이새로미,송우림,박시현,오세은,이지현,오형근,류경인,이하연,정환욱,홍달표,박재원,이진환,하윤희,왕나경,이경헌,배재현,조진결,정수남,정형석"
스카페이스,,미국,미국,,,,범죄,"하워드 혹스,리차드 로손",폴 무니
티치아노. 색채의 제국,2024-09-25,이탈리아,이탈리아,,일미디어,12세이상관람가,다큐멘터리,,
톡 투 미,2023-11-01,호주,"호주,영국",,"주식회사 올랄라스토리,롯데컬처웍스(주)롯데시네마",15세이상관람가,공포(호러),"대니 필리푸,마이클 필리푸",
더러운 돈에 손대지 마라,2024-10-17,한국,한국,리양필름(주),(주)에이스메이커무비웍스,15세이상관람가,"범죄,드라마",김민수,"정우,김대명,박병은,조현철,정해균,백수장,유태오,임화영,김윤성"
바넬과 아다마,2024-10-02,프랑스,프랑스,,"그린나래미디어(주),(주)레드아이스 엔터테인먼트",12세이상관람가,드라마,,
연소일기,2024-11-13,홍콩,홍콩,,(주)누리픽쳐스,15세이상관람가,드라마,탁역겸,"노진업,황재락,하백염"
타이탄,,이탈리아,"이탈리아,프랑스,스페인",,,,"액션,어드벤처,판타지,멜로/로맨스",두치오 테사리,"페드로 아르멘다리즈,줄리아노 젬마"
기적을 믿는 소녀,2023-07-05,미국,미국,,홀리가든,전체관람가,"드라마,가족",리처드 코렐,"미라 소르비노,케빈 소르보,피터 코요테,오스틴 존슨"
인사이드 르윈,2014-01-29,미국,"미국,프랑스",,"주식회사 왓챠,블루미지",15세이상관람가,드라마,"조엘 코엔,에단 코엔","오스카 아이삭,캐리 멀리건,저스틴 팀버레이크,존 굿맨"
제20회 서울인디애니페스트2024 새벽비행1,,한국,한국,,,,애니메이션,,
제20회 서울인디애니페스트2024 독립보행2,,한국,한국,,,,애니메이션,,
제7회 전주국제단편영화제 사계절 비경쟁부문,,한국,한국,,,,드라마,,
내가 좀비?,2024-09-25,한국,한국,변신리,변신리,12세이상관람가,기타,성유경,"정영기,태항호,윤재,정건영,장하나"
69세,2020-08-20,한국,한국,(주)기린제작사,(주)엣나인필름,15세이상관람가,드라마,임선애,"예수정,김한,기주봉,김태훈,김중기,김준경,문정웅,김정영,안민영,박가영,신현종,김민체,서수민,장성윤,강민지,이명하,황선영,박소윤,정순미,이종민,정원형,박힘찬,길상우,임광진,서민우,정경식,서임철,서한비,오원식,곽민석,이나영,이혜민,김한,송혜정,이상홍,조하린,김태정,이진영,이승희,전삼분,박숙명,김수현"
제20회 서울인디애니페스트2024 랜선비행,,한국,한국,,,,애니메이션,,
제16회 서울영등포국제초단편영화제 초·단편 경쟁 1,,기타,기타,,,,"드라마,애니메이션,다큐멘터리",,
뮤직맨,,미국,미국,,,,코미디,모튼 다코스타,"로버트 프레스톤,셜리 존스"
제16회 서울영등포국제초단편영화제 초·단편 경쟁 3,,기타,기타,,,,"드라마,다큐멘터리",,
제20회 서울인디애니페스트2024 파노라마2 : 물 만난 단편선,,한국,한국,,,,애니메이션,,
제7회 전주국제단편영화제 개막작,,기타,기타,,,,드라마,,
제20회 서울인디애니페스트2024 독립보행1,,한국,한국,,,,애니메이션,,
제16회 서울영등포국제초단편영화제 초·단편 경쟁 2,,기타,기타,,,,드라마,,
제7회 전주국제단편영화제 국내경쟁3,,한국,한국,,,,드라마,,
헤이트풀8,2016-01-07,미국,미국,,(주)누리픽쳐스,청소년관람불가,"액션,스릴러,서부극(웨스턴)",쿠엔틴 타란티노,"사무엘 L. 잭슨,커트 러셀,제니퍼 제이슨 리,월튼 고긴스,데미안 비쉬어,팀 로스,마이클 매드슨,브루스 던,채닝 테이텀"
제20회 서울인디애니페스트2024 새벽비행2,,한국,한국,,,,애니메이션,,
제7회 전주국제단편영화제 전북경쟁1,,한국,한국,,,,드라마,,
제20회 서울인디애니페스트2024 독립보행3,,한국,한국,,,,애니메이션,,
나비 부인,,미국,미국,,,,공연,,
로맨스 빠빠,1960-01-28,한국,한국,신필름,,15세이상관람가,"드라마,멜로/로맨스",신상옥,"신성일,주증녀,최은희,최은희"
제15회 스토리업쇼츠 섹션2. 경로를 이탈하였습니다,,한국,한국,,,,기타,,
제20회 서울인디애니페스트2024 아시아로1,,기타,기타,,,,애니메이션,,
제20회 서울인디애니페스트2024 아시아로3,,기타,기타,,,,애니메이션,,
제7회 전주국제단편영화제 국내경쟁1,,한국,한국,,,,드라마,,
제7회 전주국제단편영화제 국내경쟁2,,한국,한국,,,,드라마,,
제7회 전주국제단편영화제 국제경쟁1,,기타,기타,,,,"드라마,애니메이션",,
외로운 여인,,폴란드,폴란드,,,,기타,아그네츠카 홀란드,
제7회 전주국제단편영화제 전북경쟁2,,한국,한국,,,,"드라마,공포(호러),스릴러",,
제16회 서울영등포국제초단편영화제 초·단편 경쟁 4,,기타,기타,,,,"드라마,애니메이션",,
제7회 전주국제단편영화제 국제경쟁3,,기타,기타,,,,"드라마,다큐멘터리",,
제7회 전주국제단편영화제 국제경쟁2,,기타,기타,,,,드라마,,
제15회 스토리업쇼츠 섹션1. After Yesterday,,한국,한국,,,,기타,,
가자 항해자여,,미국,미국,,,,"드라마,멜로/로맨스",어빙 래퍼,"베티 데이비스,폴 헌레이드"
제16회 서울영등포국제초단편영화제 초·단편 경쟁 5,,기타,기타,,,,드라마,,
제16회 서울영등포국제초단편영화제 초·단편 경쟁 8,,기타,기타,,,,드라마,,
구스타보 두다멜 & 아스믹 그리고리안,,독일,"독일,오스트리아",,,,공연,,"구스타보 두다멜,아스믹 그리고리안"
푸른 장벽,,폴란드,"폴란드,미국,체코",,,,기타,아그네츠카 홀란드,
그들은 부츠를 신은 채로 죽었다,,미국,미국,,,,,라울 월쉬,
도시의 앨리스,,서독,서독,,,,드라마,빔 벤더스,"루디거 보글러,옐라 로트란더"
제20회 서울인디애니페스트2024 아시아로2,,기타,기타,,,,애니메이션,,
모뉴먼트,,폴란드,폴란드,,,,기타,,
제20회 서울인디애니페스트2024 사리나 니헤이: 이상한 나라의 기괴한 이야기들,,기타,기타,,,,애니메이션,사리나 니헤이,
밤이 울고 있다,,서독,서독,,,,"멜로/로맨스,드라마",마이클 앤더슨,"로버트 와그너,나탈리 우드"
스푸어,,폴란드,"폴란드,독일,체코",,,,기타,아그네츠카 홀란드,
"타워, 눈부신 날",,폴란드,"폴란드,체코",,,,기타,,
구제역에서 살아 돌아온 돼지,2026-08-05,한국,한국,허범욱 필름,㈜인디스토리,청소년관람불가,"드라마,애니메이션",허범욱,"한우진,남도형,민승우,김도희,박주광,방시우,나은혁,김용석,임혁"
술타나의 꿈,2026-04-01,스페인,스페인,,(주)트리플픽쳐스,12세이상관람가,애니메이션,,
예술대학 1994,,중국,중국,,,,애니메이션,,
성찬식,,폴란드,폴란드,,,,다큐멘터리,,
연연풍진,,대만,대만,,,,드라마,허우 샤오시엔,신수분
제20회 서울인디애니페스트2024 국내초청2,,한국,한국,,,,애니메이션,,
카시오페아,2022-06-01,한국,한국,(주) 루스이소니도스,(주)트리플픽쳐스,12세이상관람가,드라마,신연식,"안성기,서현진,주예림,김다흰,홍성춘,구시연,공진서,최홍일,박채익,신윤주,박재민,이승훈,이은주,신지소,성홍일,조주경,최주원,이호정,시은미,신윤지,서영우,박근수,남기쁨,전누림,박지은,이영란,정아미,박명신,허연정,성수연,김정팔"
바꿔 넣은 두 여자의 육체,2024-09-26,한국,한국,(주)샤이커뮤니케이션즈,(주)샤이커뮤니케이션즈,청소년관람불가,성인물(에로),,
셜록 주니어,,미국,미국,,,,"코미디,판타지",버스터 키튼,
잠든 아내 몰래 삽입한 여선배,2024-09-26,한국,한국,(주)샤이커뮤니케이션즈,(주)샤이커뮤니케이션즈,청소년관람불가,성인물(에로),,
제20회 서울인디애니페스트2024 국내초청1,,한국,한국,,,,애니메이션,,
지방극단 배우,,폴란드,폴란드,,,,기타,아그네츠카 홀란드,
빌어먹을 휘게,,폴란드,폴란드,,,,기타,,
실험영화와 기차,,미국,미국,,,,기타,,
암리타의 향연,,일본,일본,,,,애니메이션,,
언터처블,1989-11-18,미국,미국,파라마운트 픽쳐스,파라마운트 픽쳐스,고등학생이상관람가,"드라마,범죄,스릴러,액션",브라이언 드 팔마,숀 코네리
새로운 노선 II,,한국,한국,,,,기타,,
제20회 서울인디애니페스트2024 아시아로4,,기타,기타,,,,애니메이션,,
새로운 노선 I,,한국,한국,,,,기타,,
제20회 서울인디애니페스트2024 파노라마1 : 중편 스페셜,,한국,한국,,,,애니메이션,,
동쪽,,프랑스,"프랑스,벨기에,포르투갈",,,,다큐멘터리,샹탈 애커만,나탈리아 차코프스카이아
납치,,이탈리아,이탈리아,,,,드라마,,
어둠 속의 빛,2013-04-11,폴란드,"폴란드,독일",,주식회사 마운틴픽쳐스,청소년관람불가,드라마,아그네츠카 홀란드,"로버트 비엑키에비츠,벤노 퓨어만,아그니에슈카 그로호브스카,마리아 슈라더"
제16회 서울영등포국제초단편영화제 섹션 330,,한국,한국,,,,"드라마,애니메이션,다큐멘터리",,
카산드라 크로스,1977-01-01,미국,미국,,,,"액션,스릴러,드라마",조지 P. 코스마토스,"리차드 해리스,소피아 로렌,마틴 쉰"
초록물고기,1997-02-07,한국,한국,"(주)이스트필름,(주)시네마서비스",(주)시네마서비스,연소자관람불가,"드라마,멜로/로맨스,액션",이창동,"한석규,심혜진,문성근,송강호,이병철,정진영,정재영,오지혜,권태원,손영순"
남편 몰래 건물주와 섹스하고 있어요 무삭제판,2024-09-26,일본,일본,,(주)영진크리에이티브,청소년관람불가,"성인물(에로),드라마,멜로/로맨스",토미죠 타로,
내 앞에서 다른남자와 싸버린 아내,2024-09-23,일본,일본,,(주)영진크리에이티브,청소년관람불가,"성인물(에로),드라마,멜로/로맨스",,
발정난 여의사-환자분 한 번 싸보실게요,2024-09-23,일본,일본,,(주)영진크리에이티브,청소년관람불가,"성인물(에로),드라마,멜로/로맨스",,
새엄마가 해준 오일마사지,2024-09-23,일본,일본,,(주)영진크리에이티브,청소년관람불가,"성인물(에로),드라마,멜로/로맨스",,
여타짜들,2024-09-27,한국,한국,골든타이드픽처스(주),유한회사 스튜디오 획,청소년관람불가,성인물(에로),,
위로해 주는 야한 숙모,2024-09-27,일본,일본,,(주)영진크리에이티브,청소년관람불가,"멜로/로맨스,드라마",,
젊은장모:쉿! 딸에겐 비밀이야,2024-09-27,일본,일본,,(주)영진크리에이티브,청소년관람불가,"멜로/로맨스,드라마",,
젖은 계곡 구경시켜준 젊은엄마,2024-09-23,일본,일본,,(주)영진크리에이티브,청소년관람불가,"성인물(에로),드라마,멜로/로맨스",,
탈옥정사: 섹스펜팔,2024-09-27,한국,한국,,유한회사 스튜디오 획,청소년관람불가,성인물(에로),,
계몽영화,2010-09-16,한국,한국,3767필름,㈜인디스토리,15세이상관람가,드라마,박동훈,"최찬숙,정승길,김소숙,김지인,오우정,이상현,박혁권,김희성,최차남,박준수,심영민,안선유,문경희,문상우,박동훈,유승희,임경애,임세운,이홍선,배용근,최교식,오연아,손병욱"
바얌섬,2025-10-29,한국,한국,작은야생,필름다빈,15세이상관람가,"미스터리,판타지",김유민,"이상훈,김기태,이청빈,전희연"
판타지아전 섹션1,,한국,한국,,,,기타,,
판타지아전 섹션2,,한국,한국,,,,기타,,
판타지아전 섹션3,,한국,한국,,,,기타,,
판타지아전 섹션4,,한국,한국,,,,기타,,
러브 라이브! 더 스쿨 아이돌 무비,2015-09-03,일본,일본,,(주)박수엔터테인먼트,전체관람가,애니메이션,쿄고쿠 타카히코,"토쿠이 소라,파일,쿠보 유리카,이이다 리호,쿠스다 아이나,난죠 요시노,미모리 스즈코,우치다 아야,닛타 에미"
재즈처럼 더 무비,2024-10-02,한국,한국,(주)아이피큐,씨제이 씨지브이(CJ CGV)(주),15세이상관람가,드라마,,
한니발,,이탈리아,이탈리아,,,,"액션,어드벤처,드라마",에드가 G. 울머,안드레아 오렐리
우나기,1999-05-01,일본,일본,"에이세이 게키요,케이에스에스,쇼지쿠 컴퍼니,그루브 코퍼레이션,세트레이트 시네마",(주)피터팬픽쳐스,"청소년관람불가,18세 미만인 자는 관람할 수 없는 등급",드라마,이마무라 쇼헤이,"야쿠쇼 코지,시미즈 미사"
아들과 연인,,영국,영국,,,,드라마,잭 카디프,"트레버 하워드,딘 스톡웰"
펄프 픽션,1994-09-10,미국,미국,미라맥스 필름즈,,연소자관람불가,"범죄,스릴러",쿠엔틴 타란티노,"존 트라볼타,브루스 윌리스"
영웅들의 눈물,2024-10-02,한국,한국,주식회사 케이엠스타,시네마 뉴원,12세이상관람가,"전쟁,드라마",장태령,"김창호,일민,윤라영,문영,이경영,한태일,김미영,정선우,홍윤정,박흥열,박찬익,전지학,강신구"
구룡성채: 무법지대,2024-10-16,홍콩,홍콩,,(주)콘텐츠판다,15세이상관람가,액션,정 바오루이,"홍금보,고천락,임봉,오윤룡,곽부성"
아이들의 시간,,미국,미국,,,,드라마,윌리엄 와일러,"오드리 헵번,셜리 맥클레인"
비정의 도시,,미국,미국,,,,"범죄,드라마",고트프리드 레인하드트,
싱글 에이트,2024-10-09,일본,일본,,"오드,홀리가든",전체관람가,드라마,코나카 카즈야,타카이시 아카리
백산 - 의령에서 발해까지,2025-02-05,한국,한국,(주)KNN,(주)드림팩트엔터테인먼트,전체관람가,다큐멘터리,진재운,
제16회 서울영등포국제초단편영화제 초·단편 경쟁 6,,기타,기타,,,,드라마,,
남의 것이 더 좋아,,영국,영국,,,,기타,스탠리 도넌,"캐리 그랜트,데보라 카"
파도,,미국,미국,,,,멜로/로맨스,빅터 사빌,"라나 터너,반 헤플린"
제7회 전주국제단편영화제 부산국제단편영화제 수상작,,한국,한국,,,,"드라마,애니메이션",,
톤비,2024-10-01,일본,일본,,(주)미디어캐슬,12세이상관람가,"드라마,가족",제제 다카히사,"아베 히로시,키타무라 타쿠미"
다이얼 M을 돌려라,,미국,미국,워너 브러더스 픽쳐스,,,"범죄,미스터리,스릴러",알프레드 히치콕,"레이 밀랜드,그레이스 켈리,로버트 커밍스,존 윌리엄스"
플레이밍 스타,,미국,미국,,,,"드라마,서부극(웨스턴)",돈 시겔,"엘비스 프레슬리,돌로레스 델 리오,존 맥킨타이어"
제16회 서울영등포국제초단편영화제 초·단편 경쟁 7,,기타,기타,,,,"드라마,애니메이션",,
형부를 먹어버린 처제,2024-10-04,한국,한국,,(주)씨맥스커뮤니케이션즈,청소년관람불가,성인물(에로),,
빚가리,2024-10-16,한국,한국,,필름다빈,15세이상관람가,"코미디,드라마",고봉수,"문용일,고성완,승형배,장동우,시혜지,김요섭,주성빈,이정주"
날으는 해병대,,미국,미국,,,,"액션,전쟁",니콜라스 레이,"존 웨인,로버트 라이언"
우먼 오브,,폴란드,"폴란드,스웨덴",,,,기타,,
더 사일런트 트윈스,,폴란드,"폴란드,미국,영국",,,,기타,,
노트북,2004-11-26,미국,미국,뉴라인 시네마,"롯데컬처웍스(주)롯데시네마,에무 시네마 앤 카페,(주)퍼스트런,TCO(주)더콘텐츠온,글뫼 주식회사,씨제이엔터테인먼트","15세관람가,15세이상관람가",멜로/로맨스,닉 카사베츠,"레이첼 맥아덤즈,라이언 고슬링"
피버,,폴란드,폴란드,,,,기타,아그네츠카 홀란드,
리즈와 파랑새,2018-10-09,일본,일본,,"(주)디스테이션,플레이리스트(주)",전체관람가,애니메이션,야마다 나오코,
분홍신,,영국,영국,,,,드라마,마이클 파웰,"안톤 월브룩,마리우스 고링,모이라 시어러"
패딩턴,2015-01-07,영국,"영국,프랑스,캐나다",,롯데쇼핑㈜롯데엔터테인먼트,전체관람가,"코미디,가족,어드벤처",폴 킹,"니콜 키드먼,벤 위쇼,휴 보네빌,샐리 호킨스"
호랑님의 생일날,2024-10-04,한국,한국,(주)니즈텔레콤,(주)니즈텔레콤,전체관람가,기타,이광범,
다리 벌리며 허락한 여친,,한국,한국,와이제이스토리,와이제이스토리,청소년관람불가,성인물(에로),,
룸싸롱 나가요,,한국,한국,,,청소년관람불가,성인물(에로),,
몸매가 예쁜 시골처녀,2024-10-03,한국,한국,(주)샤이커뮤니케이션즈,(주)샤이커뮤니케이션즈,청소년관람불가,성인물(에로),,
야한 육체의 귀여운 여자,2024-10-03,한국,한국,(주)샤이커뮤니케이션즈,(주)샤이커뮤니케이션즈,청소년관람불가,성인물(에로),,
맨 인 블랙,,프랑스,"프랑스,미국,영국",,,,다큐멘터리,,
내 섹스를 몰래 훔쳐보는 형부,2024-09-30,한국,한국,,(주)영화사가을,청소년관람불가,멜로/로맨스,,
실제정사,2024-10-02,한국,한국,바넴라인,바넴라인,청소년관람불가,성인물(에로),김대성,
완벽한 지인,2024-10-01,한국,한국,바넴라인,바넴라인,청소년관람불가,성인물(에로),김대성,
위장부부,2024-10-04,한국,한국,(주)파랑새미디어,(주)영진크리에이티브,청소년관람불가,"성인물(에로),드라마,멜로/로맨스",이타치,
제2회 SDGs 영화제 - 단편1,,한국,한국,,,,기타,,
제2회 SDGs 영화제 - 단편2,,한국,한국,,,,기타,,
철봉하자 우리,,한국,한국,,,,"드라마,코미디",목충헌,"손수현,홍지석"
너의 색,2024-10-12,일본,일본,,씨제이 씨지브이(CJ CGV)(주),전체관람가,애니메이션,야마다 나오코,"스즈카와 사유,타카이시 아카리,키도 타이세이,아라가키 유이"
6시간 후 너는 죽는다,2024-10-16,한국,한국,"(주)미스터리픽처스,(주)라이브러리컴퍼니",(주)트리플픽쳐스,15세이상관람가,스릴러,이윤석,"은세이,박주현,정재현,곽시양,김민상,이철우,이수정,류제승,황휘,오정환,진대연,손승택"
할머니가 죽기 전 백만장자가 되는 법,2024-10-09,태국,태국,,(주)디스테이션,전체관람가,드라마,팟 부니티팻,"빌킨 푸티퐁 아싸라타나쿨,우샤 세암쿰"
정국: 아이 엠 스틸 위드 유,2024-10-09,한국,한국,(주)하이브,씨지브이 아이스콘,전체관람가,공연,,
아이언맨,2008-04-30,미국,미국,,씨제이엔터테인먼트,12세이상관람가,"SF,드라마,액션",존 파브로,"로버트 다우니 주니어,테렌스 하워드,제프 브리지스,기네스 팰트로우"
아이언맨 3,2013-04-25,미국,미국,파라마운트 픽쳐스,소니픽쳐스릴리징월트디즈니스튜디오스코리아(주),12세이상관람가,"액션,어드벤처,SF",쉐인 블랙,"로버트 다우니 주니어,기네스 팰트로우,벤 킹슬리,가이 피어스,레베카 홀,폴 베타니,존 파브로"
레드 룸스,2024-10-09,캐나다,캐나다,,찬란,15세이상관람가,스릴러,파스칼 플란테,
아이언맨 2,2010-04-29,미국,미국,"파라마운트 픽쳐스,마블 엔터프라이즈",씨제이엔터테인먼트,12세이상관람가,"SF,액션,어드벤처",존 파브로,"로버트 다우니 주니어,기네스 팰트로우,돈 치들,스칼렛 요한슨,미키 루크"
방랑자들,,영국,영국,,,,"드라마,어드벤처",프레드 진네만,데보라 카
폭설,2024-10-23,한국,한국,린트필름,판씨네마(주),15세이상관람가,드라마,윤수익,"한해인,한소희,김그림,황용욱,노양호,이광연,박인하,강홍석,장혁진,강동윤,오수연,현예빈"
썸머타임,,영국,"영국,미국",,,12세관람가,"멜로/로맨스,드라마",데이빗 린,"캐서린 헵번,로사노 브랏지"
쑤저우강,2024-10-09,중국,중국,,에이케이엔터테인먼트(주),15세이상관람가,"판타지,멜로/로맨스",,저우쉰
세상 참 예쁜 오드리,2024-10-24,한국,한국,"주식회사 비씨엠,(주)아센디오","주식회사 콘텐츠존,(주)다자인소프트",12세이상관람가,"가족,드라마",이영국,"김정난,박지훈,김보영,김기두,김이경,전영미,하시은,이필모,장신영"
어프렌티스,2024-10-23,캐나다,캐나다,,(주)누리픽쳐스,청소년관람불가,드라마,알리 아바시,"세바스찬 스탠,제레미 스트롱,마리아 바카로바"
사랑의 전주곡,,미국,미국,,,,"코미디,멜로/로맨스",월터 랭,"스펜서 트레이시,캐서린 헵번"
미녀와 야수,2017-03-16,미국,미국,,월트디즈니컴퍼니코리아 유한책임회사,전체관람가,"멜로/로맨스,판타지,뮤지컬",빌 콘돈,"엠마 왓슨,댄 스티븐스,루크 에반스,이완 맥그리거,이안 맥켈런,엠마 톰슨,구구 바샤-로,케빈 클라인,스탠리 투치"
잇츠 낫 미,,프랑스,프랑스,,,15세이상관람가,드라마,레오스 카락스,레오스 카락스
룸 넥스트 도어,2024-10-23,미국,미국,,워너브러더스 코리아(주),15세이상관람가,드라마,페드로 알모도바르,"틸다 스윈튼,줄리안 무어"
스마일 2,2024-10-16,미국,미국,,롯데컬처웍스(주)롯데엔터테인먼트,청소년관람불가,"공포(호러),미스터리",파커 핀,"나오미 스콧,카일 갈너,로즈마리 드윗"
애수의 이별,,미국,미국,유니버셜 픽쳐스,,,"드라마,전쟁",,
황야의 결투,,미국,미국,이십세기폭스코리아(주),,,"드라마,서부극(웨스턴),범죄",존 포드,
잠자리 구하기,2024-10-16,한국,한국,삼녀강 필름,(주)디오시네마,12세이상관람가,다큐멘터리,홍다예,"홍다예,김윤지,최민정,강민지"
가스등,,미국,미국,,,,"스릴러,드라마",조지 쿠커,"찰스 보이어,잉그리드 버그만,조셉 코튼"
비련의 공주 엘리자베스,,미국,미국,,,,드라마,조지 시드니,"장 시몬즈,스튜어트 그랜저"
지상 최대의 쇼,,,,,,,,,
야닉 네제-세갱 & 빈 필하모닉,,독일,"독일,오스트리아",,,,공연,,야닉 네제-세겡
로즈마리,,미국,미국,메트로-골드윈-마이어,,,"코미디,뮤지컬",머빈 르로이,
트렌케 라우켄 파트1,,아르헨티나,"아르헨티나,독일",,,,"드라마,미스터리",,
트렌케 라우켄 파트2,,아르헨티나,"아르헨티나,독일",,,,"드라마,미스터리",,
글래디에이터 Ⅱ,2024-11-13,미국,미국,,롯데컬처웍스(주)롯데엔터테인먼트,청소년관람불가,"액션,사극",리들리 스콧,"폴 메스칼,페드로 파스칼,덴젤 워싱턴,코니 닐슨,조셉 퀸"
9개월,,헝가리,헝가리,,,,기타,마르타 메사로시,
내 부모님의 일기,,헝가리,헝가리,,,,기타,마르타 메사로시,
입양,,헝가리,헝가리,,,,드라마,마르타 메사로시,
영호작전,,미국,미국,RKO 라디오 픽쳐스,,,"드라마,전쟁",테이 가넷,"로버트 미첨,앤 블리스"
제85회 작은영화영화제,,한국,한국,,,,기타,,
그 날이 갔다,,헝가리,헝가리,,,,기타,마르타 메사로시,
내 사랑의 일기,,헝가리,헝가리,,,,기타,마르타 메사로시,
"소녀들이여, 울지 말아요",,헝가리,헝가리,,,,기타,마르타 메사로시,
내 어린 날의 일기,,헝가리,헝가리,,,,드라마,마르타 메사로시,
자유로운 호흡,,헝가리,헝가리,,,,기타,마르타 메사로시,
롱레그스,2024-10-30,미국,미국,,"그린나래미디어(주),(주)레드아이스 엔터테인먼트",15세이상관람가,"공포(호러),스릴러",,"마이카 먼로,니콜라스 케이지"
은꼴 아르바이트 컬렉션,2024-10-11,한국,한국,(주)영진크리에이티브,(주)영진크리에이티브,청소년관람불가,"성인물(에로),드라마,멜로/로맨스",전일만,
깨끗이 빨아준 세탁소,2024-10-11,일본,일본,,(주)영진크리에이티브,청소년관람불가,"성인물(에로),드라마,멜로/로맨스",,
남편 상사의 물받이가 된 새댁,2024-10-09,일본,일본,,주식회사 미콘,청소년관람불가,성인물(에로),,
맛있는 살결의 어린 여자,2024-10-10,한국,한국,(주)샤이커뮤니케이션즈,(주)샤이커뮤니케이션즈,청소년관람불가,성인물(에로),,
빛나는 여동생,2024-10-11,한국,한국,(주)룬컴퍼니,(주)룬컴퍼니,청소년관람불가,"성인물(에로),드라마,코미디,멜로/로맨스",모니카,민도윤
쉿! 아빠 몰래 해줄게,2024-10-11,일본,일본,,(주)영진크리에이티브,청소년관람불가,"성인물(에로),드라마,멜로/로맨스",,
양녀의 맛-누나 이번엔 내 차례야,2024-10-11,일본,일본,,(주)영진크리에이티브,청소년관람불가,"성인물(에로),드라마,멜로/로맨스",,
여타짜들Ⅱ,2024-10-11,한국,한국,골든타이드픽처스(주),유한회사 스튜디오 획,청소년관람불가,드라마,,
유부남 복근에 빠진 아줌마,2024-10-11,한국,한국,(주)샤이커뮤니케이션즈,(주)샤이커뮤니케이션즈,청소년관람불가,성인물(에로),,
잠든 남편 옆에서 남편 친구와,2024-10-11,한국,한국,(주)샤이커뮤니케이션즈,(주)샤이커뮤니케이션즈,청소년관람불가,성인물(에로),,
젊은 남자와 뒹구는 아줌마들,2024-10-10,한국,한국,(주)샤이커뮤니케이션즈,(주)샤이커뮤니케이션즈,청소년관람불가,성인물(에로),,
젊은 장모와 물 쌓인 사위,2024-10-11,일본,일본,,(주)영진크리에이티브,청소년관람불가,"성인물(에로),드라마,멜로/로맨스",,
형수 : 시동생의 나쁜 짓,2024-10-08,한국,한국,,(주)영화사가을,청소년관람불가,멜로/로맨스,,
5시부터 7시까지의 주희,2023-11-08,한국,한국,(주)모쿠슈라,"(주)모쿠슈라,㈜인디스토리",12세이상관람가,드라마,장건재,"김주령,문호진"
The Night Won’t End,,카타르,카타르,,,,다큐멘터리,,
달이 지는 밤,2022-09-22,한국,한국,(재)무주산골문화재단,(주)디오시네마,15세이상관람가,드라마,"김종관,장건재","김금순,안소희,강진아,곽민규"
바람아 안개를 걷어가다오,2021-10-28,한국,한국,(주)모쿠슈라,(주)모쿠슈라,12세이상관람가,드라마,신동민,"신정웅,김혜정,노윤정,구양욱,김도현,차솔몬,전정욱,김사문,지승섭,김상돈,강미경"
잠 못 드는 밤,2013-05-30,한국,한국,(주)모쿠슈라,㈜인디스토리,청소년관람불가,드라마,장건재,"김수현,김주령,이희성,정대용"
장건재 단편선,,한국,한국,,,,기타,장건재,
회오리 바람,2010-02-25,한국,한국,(주)모쿠슈라,(주)영화사 진진,15세이상관람가,"드라마,멜로/로맨스",장건재,"서준영,권혁풍,한나,김호,신동주,조용선,김한나,최현성,박지완,안석범,하현수,백승진,도유승,지형주,이유비,김서희,김익환,유병선,박미령,전수빈,윤진웅,최보람,임정하,이순호,이승현,이한나,정대용,임희라"
엘리자벳: 더 뮤지컬 라이브,2024-10-16,한국,한국,(주)위즈온센,"(주)위즈온센,메가박스중앙(주)",12세이상관람가,"공연,뮤지컬",박재석,"옥주현,이해준,이지훈,길병민"
아이브 더 퍼스트 월드투어 인 시네마,2024-10-16,한국,한국,(주)영화사 그램,"롯데컬처웍스(주)롯시플,(주)영화사 그램",전체관람가,공연,조윤수,
"하이라이트: 라이츠 고 온, 어게인 인 시네마",2024-10-16,한국,한국,"씨제이포디플렉스 주식회사,스크린엑스 스튜디오","씨지브이 아이스콘,씨제이포디플렉스 주식회사",전체관람가,공연,오윤동,"윤두준,양요섭,이기광,손동운"
키타로 탄생 게게게의 수수께끼: 트루 에디션,2024-10-19,일본,일본,,(주)디스테이션,15세이상관람가,애니메이션,,
채식주의자,2010-02-18,한국,한국,"(주)콘텐츠파란,(주)루돌프필름","해피송,(주)스폰지이엔티",청소년관람불가,드라마,임우성,"채민서,김현성,김여진,김영재,윤지혜,송봉한,태인호,최진호,이승연,기주봉,손희순,설미미,이강섭,하진수,김민주,김의진,윤광수,박송희"
극장판 고래와 나,2024-10-30,한국,한국,㈜에스비에스,주식회사 썬더필름,전체관람가,다큐멘터리,이큰별,"한지민,박해수"
"결혼, 하겠나?",2024-10-23,한국,한국,(주)영화사 이창,주식회사 로아앤코홀딩스,12세이상관람가,코미디,김진태,"이동휘,안도경,강신일,한지은,차미경,박성근,박소진,김미향,허준석,유재명,장명갑,조련,박준성,이정비,김종인,정서인,배재원"
컬트 시카리오,2024-10-17,미국,미국,,(주)블루라벨픽쳐스,15세이상관람가,"미스터리,스릴러,범죄",존 키스,"안토니오 반데라스,엘리스 이브,샐리 헤닝,폴 레이드"
공작새,2024-10-23,한국,한국,"싸리나무 필름,주식회사 세미콜론스튜디오",(주)영화사 그램,15세이상관람가,드라마,변성빈,김우겸
페이퍼맨,2024-10-16,한국,한국,"(주)태양미디어그룹,루나모","(주)라이크콘텐츠,(주)플레이그램",15세이상관람가,드라마,기모태,"장현준,기모태"
이오지마의 영웅,,미국,미국,,,,"드라마,전쟁",델버트 만,
개그맨,2024-10-23,한국,한국,한국예술종합학교,(주)디스테이션,15세이상관람가,코미디,전승표,
마이펫의 컴백홈 어드벤처,2024-10-23,미국,미국,,그린나래미디어(주),전체관람가,애니메이션,케빈 도노반,"빌 나이,수잔 서랜든,브룩 쉴즈,알리시아 실버스톤"
아담과 이브,,미국,미국,,,,"코미디,멜로/로맨스",조지 쿠커,"스펜서 트레이시,캐서린 헵번"
비너스의 한번의 손길,,미국,미국,,,,"코미디,판타지,뮤지컬,멜로/로맨스","윌리엄 A. 사티어,그레고리 라 카바","에바 가드너,로버트 워커"
더 킬러스,2024-10-23,한국,한국,"(주)빅인스퀘어,㈜프로덕션에므",주식회사 루믹스미디어,청소년관람불가,"드라마,액션,스릴러","김종관,노덕,장항준,이명세","심은경,연우진,홍사빈,지우,오연아,장현성,이재균,고창석,김금순,김찬우"
흉터,2011-10-13,한국,한국,(주)영화발명공작소,"해피송,(주)키노아이디엠씨",15세이상관람가,드라마,임우성,"윤예인,정희태,박소연,황지은,변유정,고정욱,이혜인"
아노라,2024-11-06,미국,미국,,유니버설픽쳐스인터내셔널 코리아(유),청소년관람불가,"드라마,코미디,멜로/로맨스",션 베이커,"미키 매디슨,마크 아이델스테인,유리 보리소프,카렌 카라굴리안,바체 토브마샨"
베놈: 라스트 댄스,2024-10-23,미국,미국,,소니픽쳐스엔터테인먼트코리아주식회사극장배급지점,15세이상관람가,"액션,SF,스릴러",켈리 마르셀,"톰 하디,치웨텔 에지오포,주노 템플,리스 이판,페기 루,알라나 우바치,스티븐 그레이엄"
오후 네시,2024-10-23,한국,한국,(주)에이치에스이디,홀리가든,12세이상관람가,드라마,송정우,"오달수,장영남,김홍파"
나의 소녀시대,2016-05-12,대만,대만,,오드,15세이상관람가,"멜로/로맨스,드라마",프랭키 첸,"송운화,왕대륙"
저니 투 베들레헴,2024-11-20,미국,미국,,길갈,전체관람가,"가족,뮤지컬",,안토니오 반데라스
1987,2017-12-27,한국,한국,(주)우정필름,(주)씨제이이엔엠,15세이상관람가,드라마,장준환,"안대겸,김윤석,최지민,최미금,이다건,남현우,하정우,유해진,김태리,박희순,이희준,설경구,여진구,윤재국,지웅배,이가영,이동욱,이동희,이상준,이태형,최광일,강동원,문소리,문성근,김원진,남민우,이주영,임병우,김시은,김기태,정재윤,황성준,서현우,조민준,박지환,박명신,김푸름,이화룡,이창훈,이신성,김수진,박경혜,김국희,황정민,한준우,정승길,현봉식,강신철,한성천,나철,김승훈,정인기,양조아,최교식,이상희,김경덕,최현종,정순원,이하영,유정호,곽진석,박혁민,염석무,이범규,조윤담,이청빈,김병국,정재윤,이원진"
OK 목장의 결투,,미국,미국,파라마운트 픽쳐스,,,"스릴러,액션",존 스터지스,"버트 랭커스터,커크 더글라스,론다 플레밍"
스파이더맨: 노 웨이 홈,2021-12-15,미국,미국,,소니픽쳐스엔터테인먼트코리아주식회사극장배급지점,12세이상관람가,"액션,어드벤처,SF",존 왓츠,"톰 홀랜드,젠데이아 콜먼,베네딕트 컴버배치,제이콥 배덜런,존 파브로,마리사 토메이"
세 친구,1996-11-02,한국,한국,오스카픽쳐스,,고등학생이상관람가,드라마,임순례,"김현성,이장원,홍선영,정희석,박영수,정현"
청춘,,프랑스,"프랑스,룩셈부르크",,,,다큐멘터리,왕빙,
남색대문,2021-08-18,대만,대만,,오드,12세이상관람가,"드라마,멜로/로맨스",이치엔,"계륜미,진백림,양우림"
레이디 버드,2018-04-04,미국,미국,,유니버설픽쳐스인터내셔널 코리아(유),15세이상관람가,"코미디,드라마",그레타 거윅,"시얼샤 로넌,로리 멧칼프,트레이시 렛츠"
보이후드,2014-10-23,미국,미국,,유니버설픽쳐스인터내셔널 코리아(유),15세이상관람가,드라마,리차드 링클레이터,"엘라 콜트레인,에단 호크,패트리시아 아퀘트,로렐라이 링클레이터"
법정에 선 개,,스위스,"스위스,프랑스",,,,드라마,,
리틀 엠마,2024-10-25,미국,미국,,(주)블루라벨픽쳐스,전체관람가,애니메이션,레오 루이스 랴오,"정해은,김다올,박시윤,김용"
터널,2016-08-10,한국,한국,"(주)어나더썬데이,(주)비에이엔터테인먼트",(주)쇼박스,12세이상관람가,드라마,김성훈,"하정우,배두나,오달수,김종수,임한빈,송민석,윤성민,이동진,이상희,최춘범,권승구,진용욱,이한서,예수정,서현우,배유람,조현철,김수진,윤돈선,주석태,강신철,한성천,김승훈,이상희,이문석,양지수,김선경"
플로우,2025-03-19,기타,기타,,판씨네마(주),전체관람가,애니메이션,긴츠 질발로디스,
고양이들의 아파트,2022-03-17,한국,한국,영화사 못,"(주)엣나인필름,(주)메타플레이",전체관람가,다큐멘터리,정재은,"김포도,이인규,김수만"
제3의 사나이,,미국,미국,,,,"미스터리,스릴러",캐롤 리드,조셉 코튼
닥터 코토 진료소,2024-10-16,일본,일본,,(주)미디어캐슬,12세이상관람가,드라마,나카에 이사무,"요시오카 히데타카,시바사키 코우"
꽃풀소,,한국,한국,,,,다큐멘터리,,
돈의 냄새,,미국,미국,,,,다큐멘터리,,
한국-동물-영화 2-SAFF 2024,,한국,한국,,,,다큐멘터리,,
애니여 총을 잡아라,,미국,미국,,,,"코미디,서부극(웨스턴)","조지 시드니,루이스 칼헌","베티 허튼,하워드 킬,루이스 칼헌,J. 캐롤 네이쉬"
선생님의 애완동물,,미국,미국,,,,코미디,조지 시튼,"클라크 게이블,도리스 데이,마미 반 도렌"
탐정야화,,미국,미국,파라마운트 픽쳐스,,,"드라마,범죄",윌리엄 와일러,
페페,,기타,"기타,프랑스,독일",,,,드라마,,
에브리 리틀 띵,,호주,호주,,,,다큐멘터리,,
"아메리칸 캣츠: 좋은 놈, 나쁜 놈, 귀여운 놈+고양이 사냥",,기타,기타,,,,다큐멘터리,,
스페터스,,네덜란드,네덜란드,,,,기타,폴 버호벤,
리빙 태피스트리 4-SAFF 2024,,기타,기타,,,,다큐멘터리,,
선라이즈,,미국,미국,,,,,F.W. 무르나우,조지 오브라이언
스타쉽 트루퍼스,1997-11-29,미국,미국,,,18세 미만인 자는 관람할 수 없는 등급,"SF,액션,어드벤처",폴 버호벤,"캐스퍼 반 디엔,데니스 리차드,디나 메이어"
붕가붕가 2024,2024-10-15,한국,한국,,주식회사 피에스앤제이,청소년관람불가,성인물(에로),,
개의 심장,,미국,미국,,,,다큐멘터리,,
칠롱의 방+무릉+러브 데스 도그,,한국,한국,,,,"다큐멘터리,드라마",,
개의 역사,,한국,한국,,,,다큐멘터리,김보람,
SAFF 단편경쟁 1-SAFF 2024,,기타,기타,,,,"애니메이션,다큐멘터리",,
Sr,,독일,독일,,,,다큐멘터리,,
리빙 태피스트리 2-SAFF 2024,,기타,기타,,,,다큐멘터리,,
SAFF 단편경쟁 2-SAFF 2024,,기타,기타,,,,"다큐멘터리,드라마",,
가을이야기,,프랑스,프랑스,,(주)영화사 안다미로,12세이상관람가,멜로/로맨스,에릭 로메르,"마리 리비에르,베아트리스 로망"
꿈꾸는 개들,,오스트리아,"오스트리아 ,독일",,,,기타,,
밤의 방문객들,,미국,미국,,,,다큐멘터리,,
한국-동물-영화 1-SAFF 2024,,한국,한국,,,,다큐멘터리,이원우,
리빙 태피스트리 1-SAFF 2024,,일본,일본,,,,다큐멘터리,,
마리이야기,2002-01-10,한국,한국,(주)씨즈엔터테인먼트,영화사청어람(주),전체관람가,애니메이션,이성강,"이병헌,공형진,안성기,배종옥,나문희,장항선,류덕환,임다솜,윤자경,이동준,남현,성선녀,이종민,성인규"
은하전설 테라,1984-01-03,한국,한국,대원동화(주),,,"애니메이션,드라마,판타지,SF",홍상만,
리빙 태피스트리 3-SAFF 2024,,기타,기타,,,,다큐멘터리,,
간첩잡는 똘이장군,,한국,한국,,,,애니메이션,김청기,
콩쥐 팥쥐,,한국,한국,,,,애니메이션,강태웅,
간호사 애비,2024-10-18,필리핀,필리핀,,위드 라이언 픽쳐스,청소년관람불가,멜로/로맨스,,
남편 위해 벗었다,2024-10-17,일본,일본,,(주)영진크리에이티브,청소년관람불가,"성인물(에로),드라마,멜로/로맨스",토미죠 타로,
내 아내 뒷문 열어재낀 과장님 무삭제판,2024-10-17,일본,일본,,(주)영진크리에이티브,청소년관람불가,"성인물(에로),드라마,멜로/로맨스",토미죠 타로,
독고탁 태양을 향해 던져라,,한국,한국,,,,애니메이션,박시옥,
떡맛 그리워 날 찾은 이모,2024-10-16,일본,일본,,(주)영진크리에이티브,청소년관람불가,"성인물(에로),드라마,멜로/로맨스",,
매일 밤 잔업 시키는 여상사,2024-10-15,일본,일본,,(주)영진크리에이티브,청소년관람불가,"성인물(에로),드라마,멜로/로맨스",,
며늘아 잘 싸고 간다,2024-10-16,일본,일본,,(주)영진크리에이티브,청소년관람불가,"성인물(에로),드라마,멜로/로맨스",,
무능한 남편에게 지친 아줌마,2024-10-18,한국,한국,(주)샤이커뮤니케이션즈,(주)샤이커뮤니케이션즈,청소년관람불가,성인물(에로),,
버섯 요리사 아이리-오늘은 어떤 버섯을 먹을까,2024-10-15,일본,일본,,(주)영진크리에이티브,청소년관람불가,"성인물(에로),드라마,멜로/로맨스",,
상사에게 아내를 바쳤다,2024-10-16,일본,일본,,(주)영진크리에이티브,청소년관람불가,"성인물(에로),드라마,멜로/로맨스",,
새아들 떡맛-조금 맛 봐줄게,2024-10-16,일본,일본,,(주)영진크리에이티브,청소년관람불가,"성인물(에로),드라마,멜로/로맨스",,
새엄마 구멍을 꽉 채워준 의붓아들,2024-10-18,일본,일본,,(주)영진크리에이티브,청소년관람불가,"멜로/로맨스,드라마",,
섹스상담-시원하게 싸고 갑니다,2024-10-15,일본,일본,,(주)영진크리에이티브,청소년관람불가,"성인물(에로),드라마,멜로/로맨스",,
스승님께 몸 대준 여제자,2024-10-17,한국,한국,(주)샤이커뮤니케이션즈,(주)샤이커뮤니케이션즈,청소년관람불가,성인물(에로),,
시아버지와 같은 침대에 누워있는 며느리,2024-10-18,일본,일본,,(주)영진크리에이티브,청소년관람불가,"멜로/로맨스,드라마",,
아빠가 출장가면 새엄마는 내 방문을 연다,2024-10-16,일본,일본,,(주)영진크리에이티브,청소년관람불가,"성인물(에로),드라마,멜로/로맨스",,
여선배는 내 즙 짜낼 궁리만 한다,2024-10-17,일본,일본,,(주)영진크리에이티브,청소년관람불가,"성인물(에로),드라마,멜로/로맨스",,
여타짜들 Ⅲ,2024-10-17,한국,한국,골든타이드픽처스(주),유한회사 스튜디오 획,청소년관람불가,드라마,,
위아래 거침없이 삽입한 대물,2024-10-17,한국,한국,(주)샤이커뮤니케이션즈,(주)샤이커뮤니케이션즈,청소년관람불가,성인물(에로),,
은꼴교습-이모가 알려준다,2024-10-15,일본,일본,,(주)영진크리에이티브,청소년관람불가,"성인물(에로),드라마,멜로/로맨스",,
음란한 이웃집 육덕녀,2024-10-18,한국,한국,(주)샤이커뮤니케이션즈,(주)샤이커뮤니케이션즈,청소년관람불가,성인물(에로),,
즙 잘 뽑아내주는 온천 여사장,2024-10-18,일본,일본,,(주)영진크리에이티브,청소년관람불가,"멜로/로맨스,드라마",,
한국 애니메이션 복원전 - 독립단편모음,,한국,한국,,,,애니메이션,,
형수 넣고 한번더,2024-10-17,일본,일본,,주식회사 케이앤아이,청소년관람불가,멜로/로맨스,사쿠라비토,
호피와 차돌바위,,한국,한국,,,,애니메이션,신동헌,
고용주와 고용인,,우루과이,우루과이,,,,"드라마,스릴러",마놀로 니에토,
구름이 그림자를 숨길 때,,칠레,"칠레,아르헨티나,한국",,,,드라마,호세 루이스 토레스 레이바,
그 모든 불꽃들,,멕시코,멕시코,,,,드라마,,
더 스킨 오브 워터,,기타,"기타,칠레",,,,드라마,,
똘이장군 : 제3 땅굴편,,,,,,,,,
메이저 톤으로,,아르헨티나,"아르헨티나,스페인",,,,드라마,,
살시뿌에데스,,기타,기타,,,,드라마,,
우나 마드레,,콜롬비아,콜롬비아,,,,드라마,,
우리의 꿈,,브라질,브라질,,,,"뮤지컬,코미디,드라마",,
콘도르 작전,,페루,페루,,,,"스릴러,드라마",,
쿠아렌세나,,기타,기타,,,,"코미디,드라마",,
클라우디 타임즈,,기타,기타,,,,다큐멘터리,,
헌팅 파티,,기타,기타,,,,"코미디,멜로/로맨스",,
아마존 활명수,2024-10-30,한국,한국,"(주)로드픽쳐스,(주)씨제이이엔엠",(주)바른손이앤에이,12세이상관람가,코미디,김창주,"류승룡,옥윤슬,전예린,진선규,이고르 페드로소,루안 브룸,J.B. 올리베이라,염혜란,고경표"
집이 없어 - 악연의 시작,,한국,한국,,,15세이상관람가,"애니메이션,드라마",,
장수상회,2015-04-09,한국,한국,"(주)빅픽쳐,(주)씨제이이엔엠",(주)씨제이이엔엠,12세이상관람가,"멜로/로맨스,드라마",강제규,"박해빛나,박근형,윤여정,조진웅,한지민,황우슬혜,문가영,찬열,장문규,이준혁,윤소희,백일섭,박소연,이제욱,강석민,박지혜,정해인,최대영,최승훈,송동규,유원준,유원준,윤상훈,윤여정,이강희,임하룡,홍성일,이보영,이상수,이수지,이언정,김재화,남문철,박나예,남명렬,염혜란,박경혜,윤경호,전운종"
데드라인,2024-11-06,한국,한국,제이티비씨(주),(주)영화특별시에스엠씨,12세이상관람가,드라마,권봉근,"공승연,박지일,정석용,홍서준,유승목,장혁진"
나홀로,,미국,미국,콜럼비아 픽쳐스 코포레이션,,,드라마,조지 시드니,"킴 노박,제프 챈들러,아그네스 무어헤드"
잃어버린 얼굴 1895,2021-02-24,한국,한국,(재)서울예술단,(재)서울예술단,전체관람가,"뮤지컬,공연",이지나,"차지연,김용한,최정수,강상준,신상언,김건혜,금승훈,고미경"
어떤 휴가,,미국,미국,,,,코미디,조지 쿠커,"캐서린 헵번,캐리 그랜트,류 아이리스"
하와이 연가,2024-10-30,한국,한국,나우 프로덕션,"씨지브이 아이스콘,나우 프로덕션",전체관람가,드라마,이진영,"리처드 용재 오닐,김지연,케올라 비머,이그나스 장,게리 박,예수정"
밤으로의 긴 여로,,미국,미국,,,,드라마,시드니 루멧,"캐서린 헵번,랄프 리차드슨"
호두까기 인형과 마술피리,2024-10-30,러시아,러시아,,(주)팝엔터테인먼트,전체관람가,애니메이션,,
늦가을의 사랑,,영국,영국,,,,드라마,,
타카노 두부 가게의 봄,,일본,일본,,,,드라마,,
평범한 천사들,,미국,미국,,,,드라마,,
CaFF2024 단편경쟁 2,,한국,한국,,,,"드라마,애니메이션",,
CaFF2024 단편경쟁 3,,한국,한국,,,,"드라마,애니메이션",,
CaFF2024 애니메이션 단편 2,,기타,기타,,,,애니메이션,,
CaFF2024 초이스 단편,,기타,기타,,,,드라마,,
빅 드림스,,체코,체코,,,,드라마,,
거룩한 술꾼의 전설,2023-08-30,이탈리아,이탈리아,,일미디어,15세이상관람가,드라마,에르마노 올미,"룻거 하우어,안소니 퀘일"
바람이 전하는 말,2025-11-05,한국,한국,㈜욱희씨네,판씨네마(주),전체관람가,다큐멘터리,양희,
아메바 소녀들과 학교괴담: 개교기념일,2024-11-06,한국,한국,(주)26컴퍼니,주식회사 로아앤코홀딩스,15세이상관람가,"코미디,공포(호러)",김민하,"김도연,손주연,강신희,정하담,하서율,이은희,이예진,주예지,김강희,이화원,이원욱,정수현,황재필,정우영,백효원,김민영,전소민,이준혁,고규필,양치승"
룩킹포,2024-11-06,한국,한국,스튜디오팔삼구,스튜디오팔삼구,12세이상관람가,드라마,김태희,남가현
제11회 가톨릭영화제 폐막식,,기타,기타,,,,기타,,
피넛 버터 팔콘,2021-04-07,미국,미국,,(주)팝엔터테인먼트,12세이상관람가,드라마,"타일러 닐슨,마이클 슈왈츠","샤이아 라보프,다코타 존슨,잭 고츠아전"
CaFF2024 애니메이션 단편 1,,기타,기타,,,,애니메이션,,
신과 인간,2012-01-19,프랑스,프랑스,,㈜영화사 백두대간,15세이상관람가,드라마,자비에 보브와,"램버트 윌슨,미쉘 롱스달"
앨런의 빛,,캐나다,캐나다,,,,드라마,,
진흙 속에 핀 꽃,,아르헨티나,아르헨티나,,,,드라마,,
CaFF2024 단편경쟁 1,,한국,한국,,,,드라마,,
드라이브웨이,,미국,미국,,,,드라마,앤드류 안,
까치발,2021-06-03,한국,한국,다큐이야기,(주)시네마달,12세이상관람가,다큐멘터리,권우정,"권우정,정지후,정인섭,신유진,우진아,이해덕,박효진,김신영,권찬익,신정숙,이경인,박효은,박지율,성미희,김민희,나희근,이재은,최한결,김지수,김예나"
사랑할 때와 죽을 때,,미국,미국,,,,"드라마,멜로/로맨스,전쟁",더글라스 서크,"존 개빈,리셀로테 풀베르"
CaFF2024 메이드인가톨릭,,한국,한국,,,,드라마,,
헨리 5세,,영국,영국,,,,"드라마,전쟁",로렌스 올리비에,"레슬리 뱅크스,에스몬드 나이트,로버트 뉴튼,로렌스 올리비에"
디드씨 도시로가다,,미국,미국,콜롬비아,,,코미디,프랭크 카프라,"게리 쿠퍼,진 아서"
10월 프레임워크 - 한스 리히터와 다다,,기타,기타,,,,기타,,
삼겹살,,한국,한국,,,,드라마,배기원,
제3회 대전국제하루영화제 단편경쟁1,,한국,한국,,,,기타,,
제3회 대전국제하루영화제 단편경쟁2,,한국,한국,,,,기타,,
제3회 대전국제하루영화제 단편경쟁3,,한국,한국,,,,기타,,
제3회 대전국제하루영화제 단편경쟁4,,한국,한국,,,,기타,,
제11회 가톨릭영화제 개막식,,기타,기타,,,,기타,,
부부의 거처,,프랑스,프랑스,,,,코미디,프랑수아 트뤼포,장 피에르 레오
오텔로,,독일,"독일,오스트리아",,,,공연,,요나스 카우프만
베네데타,2021-12-01,프랑스,프랑스,,(주)팝엔터테인먼트,청소년관람불가,드라마,폴 버호벤,"비르지니 에피라,다프네 파타키아,샬롯 램플링,램버트 윌슨,클로틸드 쿠로"
사브리나,,미국,미국,파라마운트 픽쳐스,,,"코미디,멜로/로맨스",빌리 와일더,"험프리 보가트,오드리 헵번,윌리엄 홀덴"
로보캅,1987-12-25,미국,미국,,,중학생이상관람가,"SF,액션",폴 버호벤,"피터 웰러,낸시 알렌"
엘르,2017-06-15,프랑스,"프랑스,독일,벨기에",,소니픽쳐스엔터테인먼트코리아주식회사극장배급지점,청소년관람불가,"드라마,스릴러",폴 버호벤,"이자벨 위페르,로랑 라피트,앤 콘시니"
4등,2016-04-13,한국,한국,"국가인권위원회,정지우 필름","(주)프레인글로벌,CGV아트하우스",15세이상관람가,드라마,정지우,"박해준,이항나,유재상,최무성,정가람,유재명,남문철,이혁찬,임유진,이상혁,이승준,최은미,권세정,오대환,권은수,강애심,이중옥,곽자형,김종태"
블랙북,2007-03-29,네덜란드,네덜란드,,(주)프라임엔터테인먼트,청소년관람불가,"드라마,스릴러,전쟁",폴 버호벤,"세바스티안 코치,캐리스 밴 허슨"
검투사,,스페인,"스페인,이탈리아",,,,"액션,어드벤처,드라마",,리차드 해리슨
비커밍 제인,2007-10-11,미국,미국,콜럼비아 픽쳐스 코포레이션,"(주)팝엔터테인먼트,씨제이엔터테인먼트",12세이상관람가,"드라마,멜로/로맨스",줄리언 재롤드,"앤 해서웨이,제임스 맥어보이"
열쇠구멍,,프랑스,"프랑스,이탈리아",,,,범죄,,라프 발로네
토탈리콜,1990-12-19,미국,미국,"카롤코 픽쳐스,트라이스타 픽쳐스",,고등학생이상관람가,"SF,액션",폴 버호벤,"아놀드 슈왈제네거,레이첼 티코틴,샤론 스톤,로니 콕스"
언허드: 마사페르 야타를 지켜라,,한국,한국,,,,다큐멘터리,권순목,
제15회 부산평화영화제 경쟁3,,한국,한국,,,,"드라마,애니메이션,다큐멘터리",,
최악의 하루,2016-08-25,한국,한국,㈜인디스토리,CGV아트하우스,15세이상관람가,멜로/로맨스,김종관,"한예리,이와세 료,권율,이희준,이승연,강숙,최유화,이승연,설창희"
파울 페르후번 초기 단편,,네덜란드,네덜란드,,,,기타,폴 버호벤,
월터의 선택,,미국,미국,,,,드라마,다니엘 페트리,"시드니 포이티어,로이 글렌,이반 딕슨,존 피들러"
나라야마 부시코,1999-10-30,일본,일본,토에이 컴퍼니,,18세관람가,드라마,이마무라 쇼헤이,"사카모토 스미코,오가타 켄"
죄 많은 소녀,2018-09-13,한국,한국,한국영화아카데미,CGV아트하우스,15세이상관람가,"드라마,미스터리",김의석,"전여빈,서영화,고원희,전소니,유재명,이봄,이태경,선우정아,허동원,김태준,서현우,정인기,손강국,박길수,윤혜리,김다빈,김다솔,김민경,김민성,김민주,김소진,김소희,김수민,김수민,김민아,김유민,김윤애,김은정,김종훈,김지호,남승우,문광주,박성준,박수빈,박현지,백성빈,서지영,최민우,송지연,유승영,윤진,이경은,이민영,이슬기,이재은,이승현,이영호,이원규,이진아,이호준,정선희,정순태,정요한,정한솔,조성진,조아라,최희수,한정훈,홍성은,최이슬,최교식,김상호,유정호,추연규,임영경,김민정,김한솔"
파우스트,,독일,독일,,,,"판타지,범죄,공포(호러),드라마",F.W. 무르나우,
우린 일회용이 아니니까,,한국,한국,,,,다큐멘터리,유혜민,
트릭,2013-11-21,네덜란드,네덜란드,,(주)더쿱와이드,청소년관람불가,"드라마,스릴러",폴 버호벤,로버트 데 후흐
당신자신과 당신의 것,2016-11-10,한국,한국,(주)영화제작전원사,"(주)영화제작전원사 ,(주)콘텐츠판다",청소년관람불가,드라마,홍상수,"김주혁,이유영,김의성,권해효,유준상,공민정,백현진"
아임 낫 데어,2008-05-29,미국,"미국,독일",,(주)스폰지이엔티,15세이상관람가,드라마,토드 헤인즈,"케이트 블란쳇,벤 위쇼,크리스찬 베일,히스 레저"
나쁜 교육,2004-09-17,스페인,스페인,까날 플러스 에스파냐,"해피송,(주)스폰지이엔티,스튜디오 초이스 주식회사",18세관람가,드라마,페드로 알모도바르,
마리아 브라운의 결혼,1994-10-29,독일,독일,,,연소자관람불가,드라마,라이너 베르너 파스빈더,"한나 쉬굴라,클라우스 로비츠"
마지막 웃음,,독일,독일,,,,기타,F.W. 무르나우,
환상의 마로나,2020-06-11,프랑스,프랑스,,찬란,전체관람가,"애니메이션,드라마,가족",안카 다미안,"리지 브로체르,브루노 살로몬,티에리 한시스"
중국식 룰렛,,서독,서독,,,,드라마,라이너 베르너 파스빈더,"안나 카리나,마샤 메릴"
귀향,2006-09-21,스페인,스페인,까날 플러스,"해피송,(주)스폰지이엔티,스튜디오 초이스 주식회사",15세관람가,"드라마,판타지",페드로 알모도바르,"페넬로페 크루즈,카르멘 마우라"
브로큰 임브레이스,2009-11-19,스페인,스페인,,"해피송,유니버설픽쳐스인터내셔널 코리아(유),스튜디오 초이스 주식회사",청소년관람불가,"드라마,스릴러,멜로/로맨스",페드로 알모도바르,"페넬로페 크루즈,알레조 사우라스,안젤라 몰리나"
여름이 지나가면,2025-07-09,한국,한국,㈜스튜디오 하이파이브,(주)엣나인필름,15세이상관람가,드라마,장병기,"이재준,최현진,최우록,고서희,강길우,이현균,이미정,손호석,김준서,최형주,이영서,송영하,이병기,채치웅"
라이브 플래쉬,1999-10-09,스페인,스페인,"씨비 2000,엘 데세오 S.A.,프랑스3시네마","해피송,스튜디오 초이스 주식회사",18세관람가,"드라마,멜로/로맨스",페드로 알모도바르,"하비에르 바르뎀,프란체스카 네리"
퀴스터스 부인의 천국 여행,,서독,서독,,,,드라마,라이너 베르너 파스빈더,"브리기테 미라,잉그리드 카벤,마깃 카스튼슨"
백미러로 본 전쟁,,폴란드,"폴란드,프랑스,우크라이나",,,,다큐멘터리,,
태일이,2021-12-01,한국,한국,"(주)명필름,(주)스튜디오루머,전태일재단,유한회사 질라라비,영화 1970인 제작위원",(주)리틀빅픽쳐스,전체관람가,애니메이션,홍준표,"장동윤,염혜란,진선규,박철민,권해효,태인호,정예진,신정윤,안동구,강태우,이나영,최병윤,이원준,윤정열,김정팔,최은화,진양욱,이승행,강태우"
제15회 부산평화영화제 폐막식,,기타,기타,,,,기타,,
늑대아이,2012-09-13,일본,일본,,"와이드 릴리즈(주),(주)미디어데이",전체관람가,"애니메이션,판타지,멜로/로맨스,드라마,어드벤처",호소다 마모루,"미야자키 아오이,오사와 타카오"
대물에 짓눌려진 윗집 처녀,2024-10-24,한국,한국,(주)샤이커뮤니케이션즈,(주)샤이커뮤니케이션즈,청소년관람불가,성인물(에로),,
돌싱어부: 낚시의 목적,2024-10-24,한국,한국,,유한회사 스튜디오 획,청소년관람불가,드라마,,
사실.. 누나도 넣어주길 원했다,2024-10-24,한국,한국,(주)샤이커뮤니케이션즈,(주)샤이커뮤니케이션즈,청소년관람불가,성인물(에로),,
성욕몬스타 친구엄마 츠바사,2024-10-21,일본,일본,,(주)도키엔터테인먼트,청소년관람불가,성인물(에로),,
친구 남편은 개망나니였지만 나는 만족했어,2024-10-21,일본,일본,,(주)도키엔터테인먼트,청소년관람불가,성인물(에로),,
4분 44초,2024-11-01,한국,한국,(주)영화사 궁,롯데컬처웍스(주)롯데엔터테인먼트,12세이상관람가,공포(호러),박종균,"유지애,함연지,온유,이성열,김소원,임나영,이수민,권현빈,장영남,조지승,류성현,김아현"
쏜애플 불구경 2024 라이브 콘서트 필름,2024-10-30,한국,한국,,씨지브이 아이스콘,전체관람가,공연,,
비의도적 연애담 스페셜,2023-06-14,한국,한국,주식회사 넘버쓰리픽쳐스,주식회사 넘버쓰리픽쳐스,12세이상관람가,"드라마,멜로/로맨스",장의순,"차서원,공찬"
4시의 악마,,미국,미국,,,,"어드벤처,드라마,스릴러",머빈 르로이,스펜서 트레이시
성난 파도,,미국,미국,,,,"액션,어드벤처",에드워드 루드비히,"존 웨인,게일 러셀,직 영"
마리우폴에서의 20일,2024-11-06,미국,미국,,(주)스튜디오디에이치엘,15세이상관람가,"다큐멘터리,전쟁",므스티슬라우 체르노우,
비는 행운을 싣고,,미국,미국,,,,"멜로/로맨스,서부극(웨스턴),스릴러",조셉 안소니,"버트 랭커스터,캐서린 헵번,웬델 코리,로이드 브리지스,얼 홀리만"
위대한 부재,2024-11-06,일본,일본,,판씨네마(주),15세이상관람가,드라마,치카우라 케이,"모리야마 미라이,후지 타츠야,마키 요코,하라 히데코"
소년들,2023-11-01,한국,한국,"(주)아우라픽처스,(주)씨제이이엔엠",(주)씨제이이엔엠,15세이상관람가,"드라마,범죄",정지영,"설경구,유준상,진경,허성태,염혜란,김동영,김시운,유수빈,조현도,김도엽,서인국,배유람,하도권,이호철,윤병희,이가경,조유하,정원중,박철민,박희진,한수연,이정현,이요섭,정예진,이예원,윤설,서예화,노진원,노진원,조진웅,박소이,박원상,이광연,윤진영,김재록,주부진,조정환,하정민,정형기,이서환,이승훈,이도군,리우진"
잉투기,2013-11-14,한국,한국,한국영화아카데미,CGV아트하우스,15세이상관람가,"액션,드라마",엄태화,"엄태구,류혜영,권율,배범식,백승진,성스러운,송아미,오수빈,유영선,유원상,이규봉,이영상,이우람,이자연,김승곤,정수련,조슬예,조아라,박준영,박헌수,황선영,홍석재,박소담,김준배,길해연,송지인,오희준,윤금선아,차청화,김희상"
트라페지움,2024-11-14,일본,일본,,와이드 릴리즈(주),전체관람가,애니메이션,,
"열여덟, 어른이 되는 나이",2023-01-25,한국,한국,(주)체리코끼리,필름다빈,12세이상관람가,드라마,주영,"임선우,김명찬,이상희,박현숙,정용주,엄채영,이동용,공인실,강준석,서수민,남이슬"
거리의 악사,,영국,영국,,,,코미디,팀 웰랜,"찰스 로튼,비비안 리"
달의 차고 기움,2024-11-01,일본,일본,,(주)미디어캐슬,12세이상관람가,드라마,히로키 류이치,"오오이즈미 요,아리무라 카스미"
원초적 본능,2021-03-18,미국,미국,,(주)제이앤씨미디어그룹,청소년관람불가,"미스터리,스릴러",폴 버호벤,"마이클 더글라스,샤론 스톤,조지 던자,진 트리플혼"
포스트맨은 벨을 두번 울린다,,미국,미국,,,,드라마,테이 가넷,"라나 터너,존 가필드"
복수는 나의것,2024-11-06,일본,일본,,(주)피터팬픽쳐스,청소년관람불가,"범죄,드라마",이마무라 쇼헤이,"키요카와 니지코,미쿠니 렌타로,미야코 쵸쵸,오가타 켄"
아네트,2021-10-27,프랑스,프랑스,,"그린나래미디어(주),주식회사 왓챠",15세이상관람가,"드라마,뮤지컬,멜로/로맨스",레오스 카락스,"아담 드라이버,마리옹 꼬띠아르"
은혼,2017-12-07,일본,일본,,(주)라이크콘텐츠,12세이상관람가,"액션,어드벤처,코미디",후쿠다 유이치,"오구리 슌,스다 마사키,나가사와 마사미"
제1회 천안문화도시 아카이브 영화제,,한국,한국,,,,다큐멘터리,,
제24회 전북독립영화제 경쟁2,,한국,한국,,,,기타,,
소셜포비아,2015-03-12,한국,한국,한국영화아카데미,CGV아트하우스,15세이상관람가,"스릴러,드라마",홍석재,"변요한,이주승,하윤경,이강욱,류준열,배유람,엄기성,하상명,전신환,김종수,남문철,오희준,박근록,박예영,임지호"
버터필드 8,,미국,미국,,,,드라마,다니엘 만,"엘리자베스 테일러,로렌스 하비"
이혼녀 밑으로 넣어버린 유부남,2024-11-01,한국,한국,,(주)씨맥스커뮤니케이션즈,청소년관람불가,성인물(에로),,
제1회 인디플러스 포항 꿈꾸는 어린이영화제 프리스쿨 섹션,,한국,한국,,,,"애니메이션,가족",,
로프,,미국,미국,,,,"스릴러,범죄",알프레드 히치콕,"제임스 스튜어트,팔리 그레인저,존 돌"
허 바디,2024-10-31,체코,체코,,"(주)플레이그램,(주)태양미디어그룹",청소년관람불가,드라마,,
거인,2014-11-13,한국,한국,(주)메이킹에이프린트,필라멘트픽쳐스,12세이상관람가,드라마,김태용,"최우식,김수현,강신철,신재하,박주희,공성현,최지연,이민아,장유상,박명신,박근록,차영남,이종원,이현우,편경우,김병수,김재화,조장환,방은정"
불안은 영혼을 잠식한다,1997-11-22,독일,독일,,,18세 미만인 자는 관람할 수 없는 등급,드라마,라이너 베르너 파스빈더,"브리기테 미라,엘 하디 벤 살렘"
제24회 전북독립영화제 개막작,,한국,한국,,,,기타,,
앙투안과 콜레트+사랑의 도피,,프랑스,프랑스,,,,기타,,
너와 나의 5분,2025-11-05,한국,한국,(주)고집스튜디오,(주)트리플픽쳐스,15세이상관람가,"드라마,멜로/로맨스",엄하늘,"심현서,현우석,공민정,이동휘,백이온,조선홍,이민주,온주완,장진성,김신비,김동휘,김성경,임호준,연선오,이서한,최재성,허아랑,박지호,신대근,류재희,정수연,송애린,고혜수,김수민,임영재,임서준,이호진,김은영,박소율,정하연,한수현,이유리,강지석,손병욱,라호찬,배소은,이재남,황미영,주인영,하지형,윤진,간태훈,소이"
제24회 전북독립영화제 경쟁1,,한국,한국,,,,기타,,
제24회 전북독립영화제 경쟁4,,한국,한국,,,,기타,,
제24회 전북독립영화제 경쟁5,,한국,한국,,,,기타,,
제24회 전북독립영화제 경쟁6,,한국,한국,,,,기타,,
제24회 전북독립영화제 경쟁7,,한국,한국,,,,기타,,
제24회 전북독립영화제 경쟁8,,한국,한국,,,,기타,,
제24회 전북독립영화제 지역교류초청1,,한국,한국,,,,기타,,
제24회 전북독립영화제 지역교류초청2,,한국,한국,,,,기타,,
훔친 키스,,프랑스,프랑스,,,,"드라마,코미디,멜로/로맨스",프랑수아 트뤼포,
제1회 인디플러스 포항 꿈꾸는 어린이영화제 유스 섹션,,한국,한국,,,,"가족,드라마,애니메이션",,
제1회 인디플러스 포항 꿈꾸는 어린이영화제 키즈 섹션,,한국,한국,,,,"애니메이션,드라마",,
테레사,,미국,미국,,,,드라마,프레드 진네만,"피어 안젤리,존 에릭슨"
강남풀싸롱,2024-10-30,한국,한국,,주식회사 피에스앤제이,청소년관람불가,성인물(에로),,
폭스와 그의 친구들,,서독,서독,,,,드라마,라이너 베르너 파스빈더,해리 베어
피아노 프리즘,2023-08-30,한국,한국,,필름다빈,전체관람가,다큐멘터리,오재형,"오재형,김찬민"
옆자리 괴물군,,일본,일본,,,12세이상관람가,"코미디,멜로/로맨스",츠키카와 쇼,"스다 마사키,츠치야 타오,후루카와 유우키"
프리다. 삶이여 영원하라,2024-11-06,이탈리아,이탈리아,,일미디어,12세이상관람가,다큐멘터리,,아시아 아르젠토
새로운 예술장르로써 배리어프리,,한국,한국,,,,기타,,
자유부인,1956-06-09,한국,한국,,,청소년관람불가,드라마,한형모,"박암,김정림"
제1회 인디플러스 포항 꿈꾸는 어린이영화제 틴에이저 섹션,,한국,한국,,,,"드라마,애니메이션,가족",,
천년여우,2004-07-09,일본,일본,매드하우스(マッドハウス),무비즈엔터테인먼트㈜,12세관람가,"스릴러,애니메이션",곤 사토시,
2박3일 부부교환 캠프,2024-11-02,일본,일본,,(주)영진크리에이티브,청소년관람불가,"성인물(에로),드라마,멜로/로맨스",,
그 집 마담 허리 잘 돌리더라,2024-10-31,일본,일본,,(주)영진크리에이티브,청소년관람불가,"성인물(에로),드라마,멜로/로맨스",,
기남기녀 단톡방-집밥만 먹으면 질리잖아,2024-11-01,한국,한국,(주)파랑새미디어,(주)영진크리에이티브,청소년관람불가,"성인물(에로),드라마,멜로/로맨스",이타치,
돌싱어부: 대물의 추억,2024-11-01,한국,한국,,유한회사 스튜디오 획,청소년관람불가,드라마,,
맛있는 여자 : 나도 하고 싶다,2024-11-03,한국,한국,(주)영화사가을,(주)영화사가을,청소년관람불가,멜로/로맨스,,
매력적인 형수,2024-10-28,한국,한국,(주)영화사가을,(주)영화사가을,청소년관람불가,멜로/로맨스,,
바지 내려준 이모의 거친 숨결,2024-11-02,일본,일본,,(주)영진크리에이티브,청소년관람불가,"성인물(에로),드라마,멜로/로맨스",,
변태남에게 길들여진 여친,2024-10-31,한국,한국,(주)샤이커뮤니케이션즈,(주)샤이커뮤니케이션즈,청소년관람불가,성인물(에로),,
성고민 상담소-우선 버섯 맛 좀 볼게요,2024-11-02,일본,일본,,(주)영진크리에이티브,청소년관람불가,"성인물(에로),드라마,멜로/로맨스",,
속 깊은 새엄마,2024-10-31,일본,일본,,(주)영진크리에이티브,청소년관람불가,"성인물(에로),드라마,멜로/로맨스",,
아무나 대주는 아내,2024-10-31,한국,한국,(주)샤이커뮤니케이션즈,(주)샤이커뮤니케이션즈,청소년관람불가,성인물(에로),,
여사장의 사생활,2024-10-30,한국,한국,,주식회사 루믹스미디어,청소년관람불가,성인물(에로),,
이모가 끝까지 세워줬다,2024-10-31,일본,일본,,(주)영진크리에이티브,청소년관람불가,"성인물(에로),드라마,멜로/로맨스",,
잠에서 깨니 새엄마가 크게 세웠다,2024-10-31,일본,일본,,(주)영진크리에이티브,청소년관람불가,"성인물(에로),드라마,멜로/로맨스",,
침대로 날 이끄는 참젖이모,2024-11-02,일본,일본,,(주)영진크리에이티브,청소년관람불가,"성인물(에로),드라마,멜로/로맨스",,
대구청춘스펙트럼영화제 - 단편섹션,,한국,한국,,,,드라마,,
레드 원,2024-11-06,미국,미국,,워너브러더스 코리아(주),12세이상관람가,"액션,어드벤처,코미디,판타지,미스터리",제이크 캐스단,"드웨인 존슨,크리스 에반스,루시 리우,J.K. 시몬스"
빌리와 용감한 녀석들: 스노우 베어 구조대,2024-11-07,멕시코,멕시코,,(주)박수엔터테인먼트,전체관람가,애니메이션,"가브리엘 리바 팔라시오 알라트리스테,로돌포 리바 팔라시오 알라트리스테",
백조의 호수: 파리 오페라 발레단,,프랑스,프랑스,,"(주)위즈온센,씨지브이 아이스콘",,"공연,드라마,멜로/로맨스",이자벨 줄리엔,
하우치,2024-11-13,한국,한국,"(주)지브라더스 컴퍼니,에스지엔터테인먼트(주)",주식회사 제이씨엔터웍스,15세이상관람가,"멜로/로맨스,드라마",김명균,"지대한,유라,손지나,오재무,서태화,태항호,김도엽,김진근,장명갑,문채영,김병옥,박경혜,장지건"
썸머 워즈,2009-08-13,일본,일본,,"씨제이엔터테인먼트,와이드 릴리즈(주)",전체관람가,"애니메이션,SF,전쟁",호소다 마모루,"사쿠라바 나나미,카미키 류노스케"
미망,2024-11-20,한국,한국,"주식회사 제이콥홀딩스,영화사 은하수",(주)영화사 진진,12세이상관람가,"멜로/로맨스,드라마",김태양,"허재훈,이명하,하성국,박봉준,백승진,정수지"
미래의 미라이,2019-01-16,일본,일본,,메가박스중앙(주) 플러스엠 엔터테인먼트,전체관람가,애니메이션,호소다 마모루,"쿠로키 하루,카미시라이시 모카,야쿠쇼 코지,후쿠야마 마사하루"
여자 보안관 로즈,,,,,,,,,
엘 스타 리:플레이 스테이지,2024-11-09,한국,한국,(주)넥슨코리아,씨제이 씨지브이(CJ CGV)(주),전체관람가,"애니메이션,공연",,
신부의 아버지,,미국,미국,,,,코미디,빈센트 미넬리,"조안 베넷,엘리자베스 테일러,스펜서 트레이시,돈 테일러"
모두 다 잘될 거야,,홍콩,홍콩,,,,드라마,,
"조제, 호랑이 그리고 물고기들",2004-10-29,일본,일본,아스믹에이스엔터테인먼트,"(주)디스테이션,(주)프레인글로벌,(주)스폰지이엔티","15세관람가,15세이상관람가",드라마,이누도 잇신,"츠마부키 사토시,이케와키 치즈루"
사흘,2024-11-14,한국,한국,(주)아이필름코퍼레이션,(주)쇼박스,15세이상관람가,"공포(호러),미스터리",현문섭,"박신양,이민기,이레,장윤석,김세정,최미라,김근영,하윤희"
"소녀들이여, 거센 비처럼",,대만,대만,,,,드라마,,
SIPFF2024 국내단편 경쟁 3,,한국,한국,,,,드라마,,
아무르,2012-12-19,프랑스,"프랑스,독일,오스트리아",,(주)티캐스트,15세이상관람가,드라마,미카엘 하네케,"장-루이 트린티냥,엠마누엘 리바,이자벨 위페르"
2024 힌츠페터 국제보도상 특별상영,,기타,기타,,,,다큐멘터리,,
여기 사람이 산다,,캐나다,캐나다,,,,다큐멘터리,,
제2의 찬스,,미국,미국,,,,드라마,루돌프 마테,"로버트 미첨,린다 다넬,잭 팰런스"
SIPFF2024 국내단편 비경쟁 4,,한국,한국,,,,"드라마,애니메이션",,
미세리코르디아,2025-07-16,프랑스,"프랑스,스페인,포르투갈",,엠엔엠인터내셔널(주),청소년관람불가,드라마,알랭 기로디,"펠릭스 키실,까뜨린느 프로,자크 드블레,장 밥티스트 뒤랑"
15회 광주여성영화제 메이드 인 광주,,한국,한국,,,,"드라마,스릴러",,
15회 광주여성영화제 선을넘는 단편초청,,한국,한국,,,,"공포(호러),드라마",,
경아의 딸,2022-06-16,한국,한국,주마등필름,㈜인디스토리,15세이상관람가,드라마,김정은,"김정영,하윤경,임형태,이채경,이지하,최희진,김우겸,이세랑,양흥주,양석희,박혜진,장호준,김아석,유병훈,이혜림,방예인,김학룡,한서준,이슬이,이수아,이천희,변성범,박윤석,이지원,구자은,김예지,금동호,곽민준,장준휘,전소현,장리우,임용순,권오성,최혜영,이형주,박송열,목충헌"
목소리들,2025-04-02,한국,한국,(주)스토리온,미디어나무(주),12세이상관람가,다큐멘터리,지혜원,
바로 지금 여기,2025-09-17,한국,한국,영화사 공생공락,미디어나무(주),12세이상관람가,다큐멘터리,"남태제,문정현,김진열",
순금의 정원,,한국,한국,,,,다큐멘터리,자우녕,
비엣과 남,,베트남,"베트남,필리핀,싱가포르,프랑스,네덜란드,이탈리아,독일,미국",,,,드라마,,
SIPFF2024 색.동.영.화.판,,한국,한국,,,,드라마,,
란위,,중국,"중국,홍콩",,,,"멜로/로맨스,드라마",관금붕,"유엽,호군"
SIPFF2024 국내단편 경쟁 2,,한국,한국,,,,드라마,,
세노테,,일본,"일본,멕시코",,시네마토그래프,,다큐멘터리,오다 카오리,
SIPFF2024 국내단편 경쟁 4,,한국,한국,,,,드라마,이가인,
부활,2020-07-09,한국,한국,(주)중헌홀딩스,(주)중헌홀딩스,전체관람가,다큐멘터리,구수환,
솔직하지 못해서,,한국,한국,,,,드라마,,
세바스티앙,,영국,"영국,핀란드,벨기에",,,,드라마,,
판소리 복서,2019-10-09,한국,한국,(주)졸스,CGV아트하우스,12세이상관람가,"코미디,드라마",정혁기,"엄태구,이혜리,김희원,최준영,이설,최덕문,고승보,임한빈,손석배,손영순,임성미,송하림,원근희,신유람,이홍내,이주원,최혁일,최응산,유성주,장선,박병철,나경진,김이정,유창숙,임마리아,김한준,김시윤,임성미,김미나,신주협,이우현,안재현,이정은,박다열,최호림,이미노,최혁찬,공성철,김석준,홍세희,정대성,권려령,진미옥,박정숙,이순자,옥찬유,정태영,박승민,홍경택,안정현,방재혁,설규정,윤태범,이동건,양호성,정수용,권혁성,김성권,장두열,기다윤,이민재,권려령,진미옥,이진우,이정민,김효진"
SIPFF2024 국내단편 비경쟁 3,,한국,한국,,,,드라마,,
한강에게,2019-04-04,한국,한국,,㈜인디스토리,12세이상관람가,"드라마,멜로/로맨스",박근영,"강진아,강길우,기윤,전고운,이요섭,한준우,강길우,박시하,손지현,안희연,최수진,이진성,정도원,강혜은,권오광,권해우,이동훈,이영숙,김제형,문병준,진소연,윤길복,안슬기,안슬기,최원용,이요섭,최지숙,백서현,박민일"
15회 광주여성영화제 귄 당선작1,,한국,한국,,,,드라마,,
15회 광주여성영화제 귄 당선작2,,한국,한국,,,,드라마,,
15회 광주여성영화제 귄 당선작3,,한국,한국,,,,"드라마,SF,다큐멘터리",,
15회 광주여성영화제 지역여성영화 교류전,,한국,한국,,,,드라마,,
15회 광주여성영화제 피어나는 단편초청,,기타,기타,,,,"드라마,코미디,멜로/로맨스,애니메이션,다큐멘터리",,
내 이름,,한국,한국,,,,드라마,송원재,"정찬양,서예은,장도국,정경아,구자언"
페르세폴리스,2008-05-08,프랑스,"프랑스,미국",,"(주)영화사 진진,(주)스폰지이엔티",12세이상관람가,"애니메이션,드라마,전쟁","뱅상 파로노,마르잔 사트라피","다니엘 다리우,까뜨린느 드뇌브"
블랙베리,,미국,미국,,,15세이상관람가,드라마,맷 존슨,
꿈속의 여인,,멕시코,멕시코,,,,드라마,,
SIPFF2024 국내단편 비경쟁 1,,한국,한국,,,,"드라마,애니메이션",,
두다다쿵: 후후섬의 비밀,2023-02-15,한국,한국,아이스크림 스튜디오(주),(주)넥스트엔터테인먼트월드(NEW),전체관람가,애니메이션,"최병선,김지윤",
이창,,미국,미국,파라마운트 픽쳐스,(주)영화사 안다미로,,"드라마,범죄,미스터리,스릴러",알프레드 히치콕,
SIPFF2024 아시아 단편 컬렉션 1,,기타,기타,,,,"드라마,다큐멘터리",,
엔젤 앤 배드맨,,미국,미국,,,,"서부극(웨스턴),멜로/로맨스",제임스 에드워드 그랜트,"존 웨인,게일 러셀"
솔로,,캐나다,캐나다,,,,드라마,,
SIPFF2024 국내단편 경쟁 1,,한국,한국,,,,드라마,,
생일,2019-04-03,한국,한국,"나우필름(주),(주)영화사레드피터,파인하우스필름(주)",(주)넥스트엔터테인먼트월드(NEW),전체관람가,드라마,이종언,"설경구,박가영,전도연,김보민,윤찬영,박종환,김형주,성유빈,탕준상,신문성,이봉련,김수진,안다정,정종준,박미현,곽민규,박세정,박윤호,김경준,서석규,김계선,선욱현,신미영,신안진,신운섭,신주원,김민재,유지현,염선식,옥주리,김수연,임혜진,김현정,이상홍,김재범,조미라,조영래,김종훈,조재현,이광우,최현진,최혜지,김진옥,이시형,김학충,한승우,이현우,조하비,맹진희,진명룡,유이찬,민구경,윤영,신동력,최은후,엄대현,최해솔,방재호,연승빈,박민규,석예린,오태남,성경구,한도형,함희수,허남일,허진성,김현,권잎새,한대훈,김종태"
와일드,2015-01-22,미국,미국,,이십세기폭스코리아(주),청소년관람불가,드라마,장 마크 발레,"리즈 위더스푼,가비 호프만,로라 던"
폴 뉴먼의 고독한 관계,,미국,미국,,,,드라마,마크 로브슨,"폴 뉴먼,조안 우드워드,미르나 로이,이나 발린"
아라가네,,일본,"일본,보스니아",,시네마토그래프,,다큐멘터리,오다 카오리,
다정함을 향해,,일본,일본,,,,다큐멘터리,오다 카오리,
돈 조반니,,미국,미국,,,,공연,,
여섯번째의 행복,,미국,미국,,,,"드라마,전쟁",마크 로브슨,"잉그리드 버그만,커드 저진스"
크레이지,2008-02-05,캐나다,캐나다,,위드시네마,15세이상관람가,"코미디,드라마",장 마크 발레,"다니엘 프룰,미셸 꼬떼,마크-앙드레 그롱당"
세븐 베일즈,2025-05-14,캐나다,캐나다,,판씨네마(주),15세이상관람가,드라마,아톰 에고이안,"아만다 사이프리드,더글라스 스미스"
가마,,일본,일본,,,,다큐멘터리,오다 카오리,
미드웨이,2019-12-31,미국,미국,,(주)누리픽쳐스,15세이상관람가,"액션,드라마",롤랜드 에머리히,"에드 스크레인,패트릭 윌슨,우디 해럴슨,루크 에반스,아사노 타다노부,닉 조나스"
봉오동 전투,2019-08-07,한국,한국,"(주)빅스톤픽쳐스,(주)더블유픽처스,(주)쇼박스",(주)쇼박스,15세이상관람가,"사극,액션,드라마",원신연,"유해진,류준열,조우진,키타무라 카즈키,이케우치 히로유키,박지환,최유화,성유빈,이재인,다이고 코타로,고민시,지웅배,양현민,김기태,김규백,강민재,박도하,동윤석,곽진석,김대건,박시윤,권혁성,박영복,김경로,김경준,김경희,김관수,박재형,박준성,박지열,손우진,김동규,박훈,박희순,배성민,김두현,백경록,백승환,안성진,유경훈,김병국,어주선,오상무,오상윤,오승호,오진석,윤병희,김세한,윤선용,김서원,이정민,최민식,장세용,김현철,허인구,허인범,이준우,장의돈,김재현,홍범기,홍상표,장현석,전동현,전두식,홍진기,홍희자,윤종구,이수호,강내균,정미남,김연,강신구,강신형,이경욱,강준석,이관훈,이광기,고한민,고한수,지성은,곽예준,권성영,이대광,김길중,이도용,김리승,이연빈,김학충,이한종,김승완,김용석,임세운,임정환,이예지,임동욱,조셉,조영동,노재훈,조원빈,김철윤,주광현,남동명,김태형,장원일,문동식,원진,위민국,김태준,유명훈,노시홍,지명근,정광희,진근호,정동근,민상우,정윤철,신한울,윤서진,채장열,이인규,정재우,박범석,이권식,심소영,김유진,이민혁,박승준,박야성,최유화,이웅빈,손민호,양정두,장인수,여윤호,최홍락,염석무,전영인,최희열,전중용,오문강,서정식,오재윤,장나라,장래군,원풍연,장병수,오현근,백종승,백효성,한국인,한도진,황태인,한태양,홍민수,곽진석,장이준"
SIPFF2024 아시아 단편 컬렉션 2,,기타,기타,,,,"드라마,다큐멘터리",,
비밀을 이야기하는 방법,,아일랜드,아일랜드,,,,다큐멘터리,,
달라스 바이어스 클럽,2014-03-06,미국,미국,,(주)나이너스엔터테인먼트,청소년관람불가,드라마,장 마크 발레,"매튜 매커너히,제니퍼 가너,자레드 레토"
SIPFF2024 국내단편 비경쟁 2,,한국,한국,,,,"드라마,다큐멘터리",,
그러므로 노이즈가 말한다+호응+플래시,,일본,일본,,,,기타,오다 카오리,
어린 마음,,벨기에,"벨기에,네덜란드",,,,드라마,,
오다 카오리 단편 모음,,일본,일본,,,,다큐멘터리,오다 카오리,
히든페이스,2024-11-20,한국,한국,(주)스튜디오앤뉴,(주)넥스트엔터테인먼트월드(NEW),청소년관람불가,스릴러,김대우,"송승헌,조여정,박지현,박지영,박성근,변중희,박영준,이혜령,유예린,주예린,이소영,고나영,손은호,윤세웅,서문호,심우성,오누리,이문빈,손주환,한예원,신재영,차미경,김유나,이혜연,남명지,임정혁,하동훈"
NFB 단편선 1,,캐나다,캐나다,,,,기타,,
카페 드 플로르,2012-07-19,캐나다,"캐나다,프랑스",,씨네21아이(주),청소년관람불가,"멜로/로맨스,드라마",장 마크 발레,"바네사 파라디,케빈 파랑,헬렌 플로렝"
라 트라비아타,,미국,미국,,,,공연,,
마이다스 맨: 전설의 시작,2025-09-24,영국,영국,,(주)누리픽쳐스,15세이상관람가,드라마,,
아저씨 x 아저씨,,홍콩,홍콩,,,,드라마,,
인정사정 볼 것 없다,1999-07-31,한국,한국,(주)태원엔터테인먼트,"(주)씨제이이엔엠,(주)시네마서비스",12세관람가,액션,이명세,"박중훈,권용운,안성기,장동건,최지우,김현아,이원종,기주봉,이혜은,김희정,송영창,박상면,김일우,박길수,박지일"
녹야,2023-11-01,홍콩,홍콩,,(주)스튜디오디에이치엘,15세이상관람가,드라마,한슈아이,"판빙빙,이주영,천재경,허수빈"
라이트 폴,,그리스,"그리스,기타,알바니아,독일",,,,드라마,,
어느 봄의 여정,,대만,대만,,,,드라마,,
여교수의 은밀한 수업,2024-11-06,한국,한국,,주식회사 피에스앤제이,청소년관람불가,성인물(에로),,
SIPFF2024 네덜란드 단편 컬렉션,,네덜란드,네덜란드,,,,"드라마,다큐멘터리",,
종이 너머,,캐나다,캐나다,,,,다큐멘터리,,
클로즈 투유,,캐나다,"캐나다,영국",,,,드라마,,
NFB 단편선 3,,캐나다,캐나다,,,,다큐멘터리,,
SIPFF2024 월드 단편 컬렉션,,기타,기타,,,,드라마,,
내가 처음으로 사랑한 소녀,2022-04-27,홍콩,홍콩,,(주)박수엔터테인먼트,15세이상관람가,"멜로/로맨스,드라마",,
카모메 식당,2007-08-02,일본,일본,,"(주)엔케이컨텐츠,스폰지",전체관람가,드라마,오기가미 나오코,"코바야시 사토미,카타기리 하이리"
제 11회 부산여성영화제 세계 3,,한국,한국,,,,"드라마,다큐멘터리",,
라일리,,미국,미국,,,,드라마,,
프론트 커버,,미국,미국,,,,드라마,,
스타워즈 키드,,캐나다,캐나다,,,,다큐멘터리,,
유니콘,,미국,"미국,스웨덴,영국",,,,드라마,,
NFB 단편선 2,,캐나다,캐나다,,,,다큐멘터리,,
리슨업!,,노르웨이,노르웨이,,,,드라마,,
리우벤,,스페인,"스페인,불가리아",,,,드라마,,
제 11회 부산여성영화제 개막식,,한국,한국,,,,드라마,,
강길우 단편전3,,한국,한국,,,,기타,,
120 BPM,2018-03-15,프랑스,프랑스,,(주)엣나인필름,청소년관람불가,드라마,로빈 캄필로,"나우엘 페레즈 비스카야트,아르노 발로아,아델 에넬,이브 헤크"
지독한 사랑,1996-06-15,한국,한국,(주)씨네이천,,연소자관람불가,멜로/로맨스,이명세,"강수연,김갑수,김학철"
컷 슬리브 보이스,,영국,"영국,홍콩",,,,드라마,,
가슴달린 남자,1993-09-25,한국,한국,현진필름,,고등학생이상관람가,"드라마,멜로/로맨스",신승수,"최민수,박선영,임경옥,양택조,김일우"
제 11회 부산여성영화제 상상 3,,한국,한국,,,,"다큐멘터리,드라마",,
제 11회 부산여성영화제 세계 7,,기타,기타,,,,"드라마,다큐멘터리",,
여섯 개의 밤,2023-03-29,한국,한국,"(주)컬쳐플랫폼,유엠아이웍스 주식회사",㈜인디스토리,12세이상관람가,"드라마,멜로/로맨스,가족",최창환,"강길우,강진아,김시은,변중희,이한주,정수지,박인지,유해준,이나래"
강길우 단편전4,,한국,한국,,,,기타,,
상간시대,2024-11-08,한국,한국,(주)파랑새미디어,(주)영진크리에이티브,청소년관람불가,"성인물(에로),드라마,멜로/로맨스",이타치,
SIPFF2024 파이브 필름 포 프리덤,,기타,기타,,,,"드라마,애니메이션,다큐멘터리",,
강길우 단편전1,,한국,한국,,,,기타,,
강길우 단편전2,,한국,한국,,,,기타,,
제 11회 부산여성영화제 상상 2,,한국,한국,,,,"드라마,다큐멘터리",,
팬지와 담쟁이,,한국,한국,,,15세이상관람가,다큐멘터리,계운경,
블루 발렌타인,2012-05-31,미국,미국,,(주)영화사 진진,청소년관람불가,"드라마,멜로/로맨스",데릭 시엔프랜스,"라이언 고슬링,미쉘 윌리엄스"
끈적 쫄깃한 육덕 아줌마,2024-11-07,한국,한국,(주)샤이커뮤니케이션즈,(주)샤이커뮤니케이션즈,청소년관람불가,성인물(에로),,
며느리의 삽입소리,2024-11-07,일본,일본,,주식회사 케이앤아이,청소년관람불가,멜로/로맨스,사쿠라비토,
모든걸 쏟아내는 유부녀,2024-11-07,일본,일본,,주식회사 케이앤아이,청소년관람불가,멜로/로맨스,사쿠라비토,
복면떡왕-20세 여대생과 노천섹스,2024-11-04,일본,일본,,(주)영진크리에이티브,청소년관람불가,"성인물(에로),드라마,멜로/로맨스",,
새아들의 아이가 내 안에 자라고 있습니다 무삭제판,2024-11-04,일본,일본,,(주)영진크리에이티브,청소년관람불가,"성인물(에로),드라마,멜로/로맨스",,
새엄마의 구멍 쉐어링,2024-11-07,일본,일본,,주식회사 케이앤아이,청소년관람불가,멜로/로맨스,,츠카다 시오리
서신교환,,한국,한국,,,,"다큐멘터리,드라마",김현정,
성고민 해결-야 너두 쌀 수 있어,2024-11-05,일본,일본,,(주)영진크리에이티브,청소년관람불가,"성인물(에로),드라마,멜로/로맨스",,
오피스 무수리-결혼 앞둔 여직원과 지방출장,2024-11-05,일본,일본,,(주)영진크리에이티브,청소년관람불가,"성인물(에로),드라마,멜로/로맨스",,
오피스와이프-물 빼줄게 모텔가자,2024-11-04,일본,일본,,(주)영진크리에이티브,청소년관람불가,"성인물(에로),드라마,멜로/로맨스",,
유부녀 삽입의 시작,2024-11-07,일본,일본,,주식회사 케이앤아이,청소년관람불가,멜로/로맨스,,
젖큰 여대생 온천 데이트,2024-11-05,일본,일본,,(주)영진크리에이티브,청소년관람불가,"성인물(에로),드라마,멜로/로맨스",,
초록밤,2022-07-28,한국,한국,디파이언트,㈜인디스토리,15세이상관람가,기타,윤서진,"이태훈,김민경,강길우,변은영,오민애,김국희,원미원,이수아,송지연,이나라,이지은,윤지원,박진수,이승은,임수진,이민혁,이상완,김용완,김찬열,김호석,노치형"
친구엄마 2024,2024-11-05,한국,한국,(주)영화사가을,(주)영화사가을,청소년관람불가,멜로/로맨스,,
평평남녀,2022-04-28,한국,한국,"브릿지 프로덕션,냉이영화",영화배급협동조합 씨네소파,12세이상관람가,"드라마,멜로/로맨스",김수정,"이태경,이한주,이봄,서갑숙,김진홍,박규남,김미미,유민곤,양지웅,이유진,양흥주,서지원,김민우,신평식,변은지,김성수,송예림,안제현,장선유,박종환"
형수의 뜨거운 속살,2024-11-04,일본,일본,,(주)영진크리에이티브,청소년관람불가,"성인물(에로),드라마,멜로/로맨스",,
혼자 물 빼는 이모 거들어줬다,2024-11-05,일본,일본,,(주)영진크리에이티브,청소년관람불가,"성인물(에로),드라마,멜로/로맨스",,
희수,2022-12-15,한국,한국,영화사 정원,영화사 정원,12세이상관람가,드라마,감정원,공민정
SBFF2024,,한국,한국,,,,드라마,,
SBFF2024 개막식,,한국,한국,,,,기타,임순례,
SBFF2024 단편경쟁 1,,한국,한국,,,,드라마,,
SBFF2024 단편경쟁 2,,한국,한국,,,,드라마,,
SBFF2024 단편경쟁 3,,한국,한국,,,,"드라마,애니메이션,다큐멘터리",,
SBFF2024 단편경쟁 4,,한국,한국,,,,"드라마,애니메이션",,
SBFF2024 단편경쟁 5,,한국,한국,,,,"드라마,애니메이션",,
SBFF2024 단편경쟁 6,,한국,한국,,,,"드라마,다큐멘터리",,
SBFF2024 단편경쟁 7,,한국,한국,,,,드라마,,
SBFF2024 단편경쟁 8,,한국,한국,,,,"드라마,애니메이션",,
SBFF2024 단편경쟁 9,,한국,한국,,,,드라마,,
SBFF2024 단편영화 제작지원 프로젝트,,한국,한국,,,,드라마,,
SBFF2024 성북시퀀스 1,,한국,한국,,,,드라마,,
SBFF2024 성북시퀀스 옴니버스,,한국,한국,,,,드라마,,
고래사냥,1984-03-31,한국,한국,,(유)조이앤시네마,"15세이상관람가,중학생이상관람가",드라마,배창호,"최재호,김수철,이미숙,안성기,이대근"
바보선언,1984-03-01,한국,한국,(주)화천공사,,연소자관람불가,드라마,이장호,"김명곤,김선미,이희성,이보희,김지영"
삼포가는 길,1975-05-23,한국,한국,연방영화(주),,청소년관람불가,드라마,이만희,"백일섭,김진규,문숙"
프랑켄슈타인 아버지,2025-04-02,한국,한국,한국영화아카데미,스튜디오 에이드,12세이상관람가,드라마,최재영,"강길우,양흥주,이찬유"
컨택트,2017-02-02,미국,미국,,유니버설픽쳐스인터내셔널 코리아(유),12세이상관람가,"SF,드라마,스릴러",드니 빌뇌브,"에이미 아담스,제레미 레너,포레스트 휘테커,애비게일 프니오브스키"
극장판 오버로드 성왕국편,2024-11-14,일본,일본,,(주)애니플러스,15세이상관람가,애니메이션,이토 나오유키,"히노 사토시,아오야마 요시노,나바타메 히토미,하야미 사오리,토마츠 하루카"
춘천대첩 72시간,2024-11-13,한국,한국,주식회사 나인픽처스,(주)다자인소프트,전체관람가,다큐멘터리,"최동호,장이레",이덕화
폭풍우 치는 밤에,2006-02-09,일본,일본,,"(주)팝엔터테인먼트,(주)엠케이픽처스 ,에이원엔터테인먼트",전체관람가,애니메이션,스기이 기사부로,"나카무라 시도,나리미야 히로키"
베이비 드라이버,2017-09-14,영국,영국,,소니픽쳐스엔터테인먼트코리아주식회사극장배급지점,15세이상관람가,"액션,범죄,스릴러",에드가 라이트,"안셀 엘고트,케빈 스페이시,릴리 제임스,에이사 곤잘레스,존 햄,제이미 폭스"
나의 히어로 아카데미아 더 무비: 유어 넥스트,2024-11-20,일본,일본,,씨제이 씨지브이(CJ CGV)(주),12세이상관람가,애니메이션,오카무라 텐사이,"야마시타 다이키,오카모토 노부히코,카지 유우키,미야노 마모루,미야케 켄타,누쿠미 메루"
위키드,2024-11-20,미국,미국,,유니버설픽쳐스인터내셔널 코리아(유),전체관람가,"판타지,뮤지컬",존 추,"신시아 에리보,아리아나 그란데,조나단 베일리,양자경,제프 골드블럼"
이상한 나라의 달빛요정,2023-10-19,기타,기타,,주식회사 블루필름웍스,전체관람가,"판타지,어드벤처,애니메이션",알리 사마디 아하디,
아침바다 갈매기는,2024-11-27,한국,한국,(주)고집스튜디오,(주)트리플픽쳐스,12세이상관람가,"드라마,가족",박이웅,"윤주상,양희경,박종환,양미선,정애화,이성미,재니스,정경임,오만석,김재금,김은석,정예은영,유순웅,나종민,윤지수,김정회,손성찬,정윤영,안토니,백현,박원상,문정웅,유성간,김필,최희진,Le Chi Nguyen,라호찬,백승원,주인영,정회린,임우철,박승준,김담호,유은영,홍성오,엄옥란,함건수"
"뉴클래식 프로젝트 미안하다, 사랑한다",2024-11-16,한국,한국,콘텐츠웨이브(주),씨제이 씨지브이(CJ CGV)(주),15세이상관람가,멜로/로맨스,,
우정어린 설복,,미국,미국,,,,"드라마,서부극(웨스턴),가족,전쟁",윌리엄 와일러,"게리 쿠퍼,도로시 맥과이어,안소니 퍼킨스"
딜리버리,2024-11-20,한국,한국,한국영화아카데미,(주)마노엔터테인먼트,15세이상관람가,"드라마,가족,코미디",장민준,"김영민,권소현,권소현,강태우,동방우,박성일,임도윤,한선애,전이서,이윤희,김혜란,윤슬,임정운,동현배,곽산,신민재,김소정,이다은,박소을,공나예,박서윤,정호익,이다인,신민재,김소정,신세영,강현아,장두경"
대황원,,미국,미국,,,,서부극(웨스턴),고든 더글라스,"앨런 래드,버지니아 마요"
자기만의 방,2024-11-20,한국,한국,"(주)점프엔터테인먼트,(주)엠픽처스",(주)씨네필운,12세이상관람가,"가족,드라마,코미디,멜로/로맨스",오세호,"김환희,김리예,백현진,김민규,안지혜,안석현,이찬유,김지환,최이준,정서은,임소미,홍수림,지성빈,권유진,우연서,노재훈,이가경,홍희용,권혁성,박민,김보영,김정현,고도은,김남호,김가빈,김수연,노승원,최형,김현중,이무녕,유경상,김성현,조은래,홍주명"
벌집의 정령,2025-01-29,스페인,스페인,,엠엔엠인터내셔널(주),12세이상관람가,드라마,빅토르 에리세,"아나 토렌트,이사벨 텔레리아"
대가족,2024-12-11,한국,한국,게니우스 유한회사,롯데컬처웍스(주)롯데엔터테인먼트,12세이상관람가,"드라마,코미디",양우석,"김윤석,이승기,김성령,강한나,박수영,김시우,윤채나,심희섭,길해연,이순재,김서후,강명환,이보람,이중현,배윤민"
어느날 밤에 생긴 일,,미국,미국,,,,"코미디,멜로/로맨스",프랭크 카프라,"클로데트 콜베트,클라크 게이블"
세입자,2024-12-04,한국,한국,올로미디어,㈜인디스토리,15세이상관람가,"SF,스릴러,공포(호러),판타지",윤은경,"김대건,허동원,박소현,박봉우,함상혁"
"본인 출연, 제리",2024-11-13,미국,미국,,주식회사 왓챠,15세이상관람가,"다큐멘터리,스릴러,범죄",,
오빠 남진 라이브 콘서트,2024-11-13,한국,한국,(주)바보들,(주)스튜디오디에이치엘,전체관람가,공연,정인성,남진
킹덤4: 대장군의 귀환,2024-11-20,일본,일본,,"와이드 릴리즈(주),(주)플레이그램",15세이상관람가,"액션,전쟁",사토 신스케,"야마자키 켄토,오사와 타카오,요시자와 료,하시모토 칸나,오구리 슌"
서브스턴스,2024-12-11,영국,영국,,(주)넥스트엔터테인먼트월드(NEW),청소년관람불가,스릴러,코랄리 파르쟈,"데미 무어,마가렛 퀄리,데니스 퀘이드"
세컨드 액트,,프랑스,프랑스,,,,코미디,,레아 세이두
라탈랑트,,프랑스,프랑스,고몽 프랑코 필름 얼버트,,,"드라마,멜로/로맨스",장 비고,"미셸 시몽,디타 파를로"
문을 여는 법,,한국,한국,㈜길스토리이엔티,,전체관람가,"드라마,판타지","박지완,허지예","채서은,심소영,양우혁,김남길,고규필"
엠파이어,2025-08-20,프랑스,프랑스,,주식회사 씨엠닉스,청소년관람불가,"SF,코미디",브루노 뒤몽,"리나 쿠드리,아나마리아 바토로메이,파브리스 루치니"
"알레고리, 잇츠 낫 미",2024-12-18,프랑스,프랑스,,엠엔엠인터내셔널(주),15세이상관람가,기타,,
몬테 크리스토 백작,,프랑스,"프랑스,이탈리아",,,,드라마,,
이제 다시 시작하려고 해,2025-04-23,스페인,스페인,,엠엔엠인터내셔널(주),15세이상관람가,드라마,호나스 트루에바,
언니 유정,2024-12-04,한국,한국,㈜스튜디오 하이파이브,찬란,12세이상관람가,"가족,드라마",정해일,"박예영,이하은,김이경,이창훈,박종환,문동혁,백현주,박옥출,고서희,나미희,김그림,하시연,한해인,배제기,홍지석,박서경,김진솔,한경미,이건록,박지오,임영우,임정수,김인애"
아가미,2024-11-27,한국,한국,,영화로운 형제,15세이상관람가,"가족,드라마,미스터리",유승원,"유승원,정가현"
저승과 진자,,미국,미국,,,,공포(호러),로저 코만,"존 커,빈센트 프라이스"
온리 더 브레이브,2018-03-07,미국,미국,,㈜코리아스크린,12세이상관람가,드라마,조셉 코신스키,"조슈 브롤린,마일즈 텔러,제프 브리지스,제임스 뱃지 데일,테일러 키취,제니퍼 코넬리"
파랗고 찬란한,,한국,한국,곤돌라 필름,(주)시네마달,,"드라마,멜로/로맨스",이송희일,박경복
휴머니티,,프랑스,프랑스,,,,"드라마,미스터리",브루노 뒤몽,"세브린 카닐,엠마누엘 쇼테"
우리에게는 아직 내일이 있다,2026-03-04,이탈리아,이탈리아,,(주)콘텐츠판다,12세이상관람가,드라마,,
지하실의 멜로디,,프랑스,"프랑스,이탈리아",,,,"범죄,드라마,멜로/로맨스",앙리 베르누이,"장 가뱅,알랑 드롱"
믹의 지름길,,미국,미국,,,,서부극(웨스턴),켈리 라이카트,"폴 다노,브루스 그린우드,셜리 헨더슨"
조이 하우스,,프랑스,프랑스,,,,"범죄,드라마,멜로/로맨스,스릴러",르네 클레망,"제인 폰다,알랑 드롱"
글로리아!,,이탈리아,"이탈리아,스위스",,그린나래미디어(주),12세이상관람가,드라마,,
"니스에 관하여+장 타리스, 물의 왕+품행제로",,프랑스,프랑스,,,,기타,,
화이트 히트,,미국,미국,,,,"범죄,드라마",라울 월쉬,제임스 카그니
1종 보통,,한국,한국,,,,다큐멘터리,,
모따이나이 키친,,일본,일본,,,,다큐멘터리,,
순자와 이슬이,,한국,한국,,호우주의보,12세이상관람가,드라마,김윤지,이태경
쿠키 커피 도시락,,한국,한국,,,,애니메이션,"강민지,김혜미,이경화,한병아",
양림동 소녀,,한국,한국,,,,"애니메이션,다큐멘터리",오재형,
베르테르,,독일,"독일,오스트리아",,,,공연,,표트르 베찰라
하데비치,,프랑스,프랑스,,,,드라마,브루노 뒤몽,
올빼미,2022-11-23,한국,한국,(주)씨제스스튜디오,(주)넥스트엔터테인먼트월드(NEW),15세이상관람가,스릴러,안태진,"류준열,유해진,최무성,조성하,박명훈,김성철,안은진,조윤서,이주원,김예은,정석원,이중현,김상욱,류성현,김승태,신문성,안성봉,문승배,김인권,김채원,김도원,양희명,강진휘,박희은,김샛별,김재현,류석호,손경원,송동환,강덕중,안세호,배용근,류지훈,조경현,신정원,황보정일,윤진영,윤준열,정동근,최돈학,서인혁,고한민,장태민,서문호,이동희,노정현,김설,손문영,김태준,안석현,권병철,고덕원,이정훈,김현정,장윤정,류진,남시훈,이태호,김현우,한수빈,한여름,설옥남,김수민,이정우,전민옥,전동현,권병철,황영윤,홍의정,이충식,전기수,최춘범,이수민,전기수"
청춘의 십자로,1934-09-21,한국,한국,한국영상자료원,,,드라마,"안종화,김태용","이원용,김영실,신일선,조희봉"
비바 자파타,,미국,미국,,,,드라마,엘리아 카잔,"말론 브란도,진 피터스"
"파리, 텍사스",1987-08-29,독일,독일,"돈 심슨/제리부룩하이머 필름,파라마운트 픽쳐스",(주)에무필름즈,"15세이상관람가,미성년자관람불가",드라마,빔 벤더스,"해리 딘 스탠튼,나스타샤 킨스키,헌터 카슨"
리스본 스토리,,독일,"독일,포르투갈",,,12세 미만인 자는 관람할 수 없는 등급,드라마,빔 벤더스,"루디거 보글러,파트릭 보소"
베를린 천사의 시,1993-05-15,독일,독일,아르고스필름즈,,연소자관람가,"드라마,멜로/로맨스,판타지",빔 벤더스,"브루노 간츠,솔베이그 도마르틴"
캘러미티 제인,,,,,,,,,
괴도 퀸은 서커스를 좋아해,2024-11-16,일본,일본,,(주)미디어캐슬,12세이상관람가,애니메이션,덴 사오리,야마토 유우가
행복에 젖은 아가씨,,미국,미국,,,,"드라마,멜로/로맨스",조세프 페브니,"제임스 가너,나탈리 우드"
베니스에서의 죽음,,이탈리아,"이탈리아,프랑스",,,,기타,루치노 비스콘티,"더크 보가드,비요른 안드레센,로몰로 발리"
킹덤,2020-04-29,일본,일본,,와이드 릴리즈(주),15세이상관람가,액션,사토 신스케,"야마자키 켄토,요시자와 료,나가사와 마사미"
은빛살구,2025-01-15,한국,한국,한국영화아카데미,(주)마노엔터테인먼트,12세이상관람가,드라마,장만민,"나애진,안석환,강봉성,김진영,최정현,박현숙,박미소,조하성,윤서정,성노진,손성찬,임용순,임형태,이명자"
킹덤2: 아득한 대지로,2022-11-16,미국,미국,,"와이드 릴리즈(주),(주)플레이그램,(주)이놀미디어",15세이상관람가,"액션,전쟁",사토 신스케,"야마자키 켄토,요시자와 료,하시모토 칸나,오카야마 아마네"
오정민 감독 단편선,,한국,한국,,,,드라마,,
자살시도 두 시간 전 담배 피는 영상,,한국,한국,,,,다큐멘터리,권지윤,
호랑이 정신,,캐나다,캐나다,,,,다큐멘터리,이민숙,
조발기,,한국,한국,,,,다큐멘터리,정락길,
거기 날씨는 어때?,,한국,한국,,,,다큐멘터리,채형식,
사상,2021-10-21,한국,한국,오지필름,(주)시네마달,12세이상관람가,다큐멘터리,박배일,"박성희,최수영"
성적표의 김민영,2022-09-08,한국,한국,탁구필름,(주)엣나인필름,전체관람가,드라마,"이재은,임지선","김주아,윤아정,손다현,임종민,심이안,조형일,이유주"
마음 울적한 날엔,2020-10-08,한국,한국,,필름다빈,12세이상관람가,드라마,"한유원,강동완,김남석","오동민,강길우,이태경,정도원,이건희,서재석,이재우,김예은,박성준,이태돈,이하빈,양우열,김소라,임난아,이병림,김남석,곽민규,김시은,이재우,윤혜리,이건휘,전윤진,김남석,황보현정,황현수,김나연"
"식물카페, 온정",2021-06-24,한국,한국,유엠아이웍스 주식회사,유엠아이웍스 주식회사,전체관람가,기타,최창환,"강길우,이가경,김우겸,서석규,박수연,김상동"
인디스데이 - 박예영 배우전,,한국,한국,,,,드라마,,
나이 많은 청소 아줌마의 문란한 구멍,2024-11-15,한국,한국,(주)샤이커뮤니케이션즈,(주)샤이커뮤니케이션즈,청소년관람불가,성인물(에로),,
더스트맨,2021-04-07,한국,한국,한국예술종합학교 산학협력단,(주)트리플픽쳐스,12세이상관람가,드라마,김나경,"우지현,심달기,강길우,민경진,성령,전운종,곽민준,송철호,최광원,한상철,나종민,설재근,김현회,도영운,한동희,마정필,정남,오지영,이병수,손윤한,이명환,김동형,장정주,김해나,정애화,조경미,서호석,이진무,권정연,김문찬,오원준,손효승,허성우,이민영,최원,최진혁,서영희,석예인,김선문,주가영,문지혜,김준우,이광훈,이호준,이수현,엄선우,이강해,김선경,황정남,석예린"
미공개 속살 맛 보여준 노처녀,2024-11-14,한국,한국,(주)샤이커뮤니케이션즈,(주)샤이커뮤니케이션즈,청소년관람불가,성인물(에로),,
삽입감이 다른 두 여자,2024-11-15,한국,한국,(주)샤이커뮤니케이션즈,(주)샤이커뮤니케이션즈,청소년관람불가,성인물(에로),,
친구 누나 5,2024-11-15,한국,한국,(주)영화사가을,(주)영화사가을,청소년관람불가,멜로/로맨스,,
SBFF2024 성북시퀀스 2,,한국,한국,,,,드라마,,
어텀 노트,,한국,한국,,,,드라마,김솔,"박세재,이귀우,태이서"
온 세상이 하얗다,2022-02-10,한국,한국,(주)소셜프로덕션,(주)트리플픽쳐스,15세이상관람가,"멜로/로맨스,드라마",김지석,"강길우,박가영,강현중,윤정욱,임용순,최민영,이민경,서대원,최경준,강필선,김온림"
우중산책,,한국,한국,,,,드라마,임순례,
도라에몽 : 스탠 바이 미,2015-02-12,일본,일본,,"(주)콘텐츠판다,(주)넥스트엔터테인먼트월드(NEW)",전체관람가,애니메이션,"야마자키 타카시,야기 류이치","미즈타 와사비,오오하라 메구미"
블링크 트와이스,2024-11-20,미국,미국,,워너브러더스 코리아(주),청소년관람불가,드라마,조 크라비츠,"나오미 애키,채닝 테이텀,크리스찬 슬레이터,사이먼 렉스,아드리아 아르호나,카일 맥라클란,할리 조엘 오스먼트,지나 데이비스,앨리아 쇼캣"
더 폴: 디렉터스 컷,2024-12-25,영국,영국,,주식회사 오디언스,12세이상관람가,"드라마,판타지",타셈 싱,"리 페이스,카틴카 언타루"
"침몰 10년, 제로썸",2024-11-21,한국,한국,네번째달,한국스마트협동조합,12세이상관람가,다큐멘터리,윤솔지,
위대한 카루소,,미국,미국,,,,드라마,리처드 소프,"마리오 란자,앤 블리스"
슬픔이여 영원히,,미국,미국,,,,"멜로/로맨스,드라마",시드니 프랭클린,"노마 시어러,프레드릭 마치"
하비,,,,,,,,,
해리의 소동,,미국,미국,,,,"코미디,미스터리",알프레드 히치콕,"에드먼드 그웬,존 포사이스,밀드레드 냇윅,밀드레드 더녹"
마스터,2013-07-11,미국,미국,,(주)영화사 진진,청소년관람불가,드라마,폴 토마스 앤더슨,"호와킨 피닉스,필립 세이모어 호프만,에이미 아담스"
소방관,2024-12-04,한국,한국,"주식회사 에스크로드,(주)아센디오",(주)바이포엠스튜디오,12세이상관람가,드라마,곽경택,"주원,곽도원,유재명,이유영,김민재,오대환,이준혁,장영남,황성준,허진,홍상표,김민주,이용이,정종준,정기섭,방효정,권영민,김율호,한재웅,곽영신,허승,박세호,홍재민,최상재,송우림,김한솔,박화진,정기용,유성주,전현숙,이강녕,정효경,김미화,서민균,홍명기,전상진,이재우,민재경,한기준,박광설,이상철,최재욱,고현웅,한장훈,탁환의,이학렬,심상민,임태훈,홍의정"
극장판 프리즘스톤 올스타 셀렉션,2016-07-07,한국,"한국,일본",동우에이앤이(주),(주)박수엔터테인먼트,전체관람가,"애니메이션,드라마,판타지",김영범,
2024 CJ도너스캠프 청소년 문화동아리 SHOWCASE - 방송부문,,한국,한국,,,,기타,,
2024 CJ도너스캠프 청소년 문화동아리 SHOWCASE - 영화부문,,한국,한국,,,,기타,,
2024 CJ도너스캠프 청소년 문화동아리 SHOWCASE - 요리부문,,한국,한국,,,,기타,,
내 사랑 황혼에 지다,,미국,미국,,,,"어드벤처,드라마",조세프 페브니,"록 허드슨,시드 채리스,아서 케네디,레이프 에릭슨"
연평해전,2015-06-24,한국,한국,(주)로제타시네마,(주)넥스트엔터테인먼트월드(NEW),12세이상관람가,드라마,김학순,"김무열,김율호,진구,이현우,이완,이청아,이한종,박찬희,박혜준,최순조,최승준,최종환,송재호,유형균,박정학,이철민,김강일,김희정,한창현,장의수,한이진,천지유"
신경쇠약 직전의 여자,1991-06-22,스페인,스페인,,"해피송,스튜디오 초이스 주식회사",고등학생이상관람가,"코미디,드라마",페드로 알모도바르,"카르멘 마우라,안토니오 반데라스,줄리에타 세라노"
뽀로로 극장판 바닷속 대모험,2025-01-01,한국,한국,(주)오콘,씨제이 씨지브이(CJ CGV)(주),전체관람가,애니메이션,윤제완,"이선,이미자,함수정,홍소영,정미숙,김서영,김환진,한신,엄상현,윤용식"
"X를 담아, 당신에게",2024-12-11,영국,영국,,주식회사 왓챠,15세이상관람가,"코미디,드라마",테아 샤록,"올리비아 콜맨,제시 버클리"
원탁의 기사,,미국,미국,,,,드라마,리처드 소프,"로버트 테일러,에바 가드너"
아들들,2024-12-04,덴마크,"덴마크,스웨덴",,해피송,15세이상관람가,드라마,구스타브 몰러,"시드 바벳 크누센,세바스티안 불,다 살림"
애시드 레인: 죽음의 비,2024-11-27,프랑스,프랑스,,(주)디스테이션,15세이상관람가,기타,쥐스트 필리포,"기욤 까네,라에티샤 도슈"
여름날의 레몬그라스,2024-11-27,대만,대만,,"(주)제이에이와이이엔터테인먼트,(주)더쿱디스트리뷰션",12세이상관람가,멜로/로맨스,,
하이힐,1992-06-20,스페인,스페인,,"해피송,스튜디오 초이스 주식회사",연소자관람불가,드라마,페드로 알모도바르,"빅토리아 아브릴,마리사 파레데스,미구엘 보세"
영화로운 작음,,한국,한국,,,,다큐멘터리,권예하,
이세계소년,,한국,한국,,,,드라마,김성호,
미드나잇 인 파리,2012-07-05,미국,"미국,스페인",,"(주)디스테이션,(주)드림팩트엔터테인먼트,(주)나이너스엔터테인먼트",15세이상관람가,"코미디,멜로/로맨스,판타지",우디 알렌,"오웬 윌슨,마리온 꼬띨라르,레이첼 맥아담스,애드리언 브로디"
"[낫띵벗필름x인디스페이스 11월] 김연교: good bye,",,한국,한국,,,,기타,,
노예반란,,이탈리아,"이탈리아,스페인,서독",,,,어드벤처,,
2024 경기인디시네마 독립영화 기획전 인디한 편 in 의정부 경기도 단편선,,한국,한국,,,,"애니메이션,드라마,판타지,다큐멘터리,코미디,스릴러",,
리버풀,,아르헨티나,"아르헨티나,프랑스,네덜란드,독일,스페인",,엠엔엠인터내셔널(주),,드라마,리산드로 알론소,
愛憎,,미국,미국,이십세기폭스필름코퍼레이션,,,"드라마,서부극(웨스턴),가족",에드워드 디미트릭,"스펜서 트레이시,로버트 와그너,진 피터스"
제26회 부산독립영화제 메이드 인 부산 2,,한국,한국,,,,"다큐멘터리,드라마",,
청춘여정,,미국,미국,,,,드라마,,"캐롤 린레이,제프 챈들러"
제26회 부산독립영화제 메이드 인 부산 1,,한국,한국,,,,"드라마,애니메이션",,
제26회 부산독립영화제 메이드 인 부산 4,,한국,한국,,,,"드라마,다큐멘터리",,
밤의 유령,,한국,한국,,,,다큐멘터리,,
11월 수요단편극장 “김민하 감독전”,,한국,한국,,,,드라마,,
안소니퀸의 길,,이탈리아,이탈리아,,,,드라마,페데리코 펠리니,"줄리에타 마시나,앤소니 퀸,리차드 베이스하트"
제26회 부산독립영화제 메이드 인 부산 3,,한국,한국,,,,"드라마,애니메이션",,
제26회 부산독립영화제 스펙트럼 부산 나우1,,한국,한국,,,,다큐멘터리,,
토템,,멕시코,"멕시코,덴마크,프랑스",,,,드라마,,
밀크티쓰,,독일,독일,,,,드라마,,
제6회 모두를위한기독교영화제 단편선,,한국,한국,,,,드라마,,
이어도,,한국,한국,(주)동아수출공사,,,드라마,김기영,"김정철,박암,최윤석,이화시,박정자,송억"
탠저린,2018-01-25,미국,미국,,"(주)미로스페이스,(주)드림팩트엔터테인먼트",청소년관람불가,"코미디,드라마",션 베이커,"키타나 키키 로드리게즈,미아 타일러"
뭐 그런 거지,,한국,한국,,,,"SF,멜로/로맨스,범죄,기타",이하람,"이정민,기진우,곽진,장현준"
제26회 부산독립영화제 포럼 인디크라시2,,기타,기타,,,,다큐멘터리,,
(테크노) 사랑해!,,한국,한국,,,,다큐멘터리,,
나선의 연대기,,한국,한국,,,,드라마,김이소,
제26회 부산독립영화제 스펙트럼 부산 리와인드 1,,한국,한국,,,,드라마,,
제26회 부산독립영화제 포럼 인디크라시1,,기타,기타,,,,다큐멘터리,,
파동(波冬),,한국,한국,,,,"미스터리,스릴러",이한주,"박가영,황상경"
수영제과,,한국,한국,호수필름,,,드라마,정성욱,
지난 여름,,한국,한국,한량사,시네마토그래프,12세이상관람가,드라마,최승우,"문영동,김민혁"
이태원,2019-12-05,한국,한국,영희야 놀자,KT&G 상상마당 영화사업팀 컴퍼니에스에스(주),15세이상관람가,다큐멘터리,강유가람,"삼숙,나키,영화,장재민,김연석,이영동,안보살"
천국은 없다,2025-06-25,한국,한국,브릿지 프로덕션,"(주)디스테이션,(주)삼백상회",청소년관람불가,"액션,스릴러",손승웅,"박정표,이호원,정민성,이권희,손빛나"
제26회 부산독립영화제 딥 포커스1,,한국,한국,,,,다큐멘터리,강유가람,
공원에서,,한국,한국,,(주)시네마달,,"기타,다큐멘터리",손구용,"김서휘,남경우"
로스트 케어,,일본,일본,,(주)스튜디오디에이치엘,15세이상관람가,드라마,마에다 테츠,"마츠야마 켄이치,나가사와 마사미"
"봄바람 프로젝트 시즌2 : 다시, 바람이 분다",,한국,한국,,,,다큐멘터리,,
황야의 동업자,,이탈리아,"이탈리아,스페인,서독",,,,"서부극(웨스턴),코미디",세르지오 코르부치,"잭 팰런스,프랑코 네로,잭 팰런스"
산산조각 난 해,,한국,"한국,대만",,,,다큐멘터리,오민욱,
총잡이 링고,,이탈리아,"이탈리아,스페인",,,,"서부극(웨스턴),액션",두치오 테사리,"줄리아노 젬마,페르난도 산초"
황야의 방랑자,,이탈리아,이탈리아,,,,"액션,서부극(웨스턴)",,
갤럭시 오브 타이탄,,미국,미국,,(주)제이앤씨미디어그룹,15세이상관람가,SF,,
고스트 호스맨,,미국,미국,,,15세이상관람가,"스릴러,공포(호러)",,
내 애인 옆에서 삽입한 남의 구멍,2024-11-21,한국,한국,(주)샤이커뮤니케이션즈,(주)샤이커뮤니케이션즈,청소년관람불가,성인물(에로),,
단백질 뽑아내는 언니의 손기술,2024-11-18,일본,일본,,(주)영진크리에이티브,,"멜로/로맨스,드라마",,
발정난 수현의 젖은 성감대,2024-11-22,한국,한국,에이원 미디어,에이원 미디어,청소년관람불가,성인물(에로),천성준,
벌려준 거래처 여직원,2024-11-22,한국,한국,(주)샤이커뮤니케이션즈,(주)샤이커뮤니케이션즈,청소년관람불가,성인물(에로),,
불릿 트레인 다운,,미국,미국,,(주)제이앤씨미디어그룹,15세이상관람가,액션,,
색녀 : 고추먹고 맴맴,2024-11-23,한국,한국,(주)영화사가을,(주)영화사가을,청소년관람불가,멜로/로맨스,,
슈퍼 볼케이노,,미국,미국,,(주)제이앤씨미디어그룹,15세이상관람가,"액션,드라마,스릴러",,
애프터 미투,2022-10-06,한국,한국,애프터 미투 프로젝트 팀,(주)영화사 그램,15세이상관람가,다큐멘터리,"박소현,이솜이,강유가람,김소람",
에일리언: 배틀 포 마스,,미국,미국,,(주)제이앤씨미디어그룹,12세이상관람가,SF,,
여보 미안해-친구 아들을 세워줬습니다,2024-11-18,일본,일본,,(주)영진크리에이티브,청소년관람불가,"멜로/로맨스,드라마",,
오빠 뜻대로 대주는 여동생,2024-11-22,한국,한국,(주)샤이커뮤니케이션즈,(주)샤이커뮤니케이션즈,청소년관람불가,성인물(에로),,
우리 넣은적 있나요,2024-11-22,일본,일본,,주식회사 케이앤아이,청소년관람불가,멜로/로맨스,,
헌티드 몬스터: 프레데터 VS 미해병대,,미국,미국,,,15세이상관람가,"SF,전쟁",,
누르,,프랑스,"프랑스,기타",,,,드라마,,
닌겐,,일본,"일본,터키,프랑스",,,,드라마,,
아타+식스,,기타,기타,,,,드라마,,
제20회 프라이드스크린 개막,,한국,한국,,,,"드라마,다큐멘터리",,
제20회 프라이드스크린 섹션 1. 영원의 해체,,한국,한국,,,,"드라마,다큐멘터리",,
제20회 프라이드스크린 섹션 2. 서사의 해체,,한국,한국,,,,"드라마,다큐멘터리",,
제20회 프라이드스크린 섹션 3. 순간의 결합,,한국,한국,,,,"드라마,애니메이션,다큐멘터리",,
제20회 프라이드스크린 섹션 4. 고독의 결합,,한국,한국,,,,"드라마,다큐멘터리,애니메이션",,
제20회 프라이드스크린 섹션 5. 세상의 해체,,한국,한국,,,,"드라마,다큐멘터리,애니메이션",,
제20회 프라이드스크린 섹션 6. 정체성의 해체,,한국,한국,,,,"드라마,애니메이션,다큐멘터리",,
제20회 프라이드스크린 섹션 7. 삶의 결합,,한국,한국,,,,"드라마,다큐멘터리",,
제20회 프라이드스크린 섹션 8. 기억의 결합,,한국,한국,,,,"드라마,다큐멘터리,애니메이션",,
제20회 프라이드스크린 폐막,,한국,한국,,,,"드라마,애니메이션,다큐멘터리",,
휘파람의 노래: 시벨,,터키,터키,,,,드라마,기욤 조바네티,
모아나 2,2024-11-27,미국,"미국,캐나다",,월트디즈니컴퍼니코리아 유한책임회사,전체관람가,애니메이션,데이브 데릭 주니어,"아우이 크라발호,드웨인 존슨"
1승,2024-12-04,한국,한국,(주) 루스이소니도스,"(주)콘텐츠지오,(주)키다리스튜디오,㈜아티스트컴퍼니",12세이상관람가,드라마,신연식,"송강호,박정민,박명훈,장윤주,이민지,아청,구시연,신윤주,시은미,장수임,차수민,김홍파,한유미,조정석,신진식,김세진,김연경,오경화,김성희,박지혜,정다은,이호정,이유안,이효인,하이정,송이재,최주원,하경민,김진희,김정팔,백수민,문서윤,성령,나현우,성수연,김다흰,김우진,우범진,이현호,홍성춘,김태엽,이동근,이숙자,이현지,장다윤,성홍일,유병선,정영록,고혜미,유인호,황상진,이우룡,황정윤,조주경,이창익,황서빈,송민혁,주예림,신지소,박채익,유지현,강종근,전누림,이지안,신윤지,민예지,김규남,채시은,이정민,최서혁,이석원,박제하,김윤혜,최현종,이재원,남승민,전지연,박건률,유성곤,허연정,봉만대,강정탁,최현수"
백현: 론스달라이트 닷 인 시네마,2024-11-27,한국,한국,"씨제이포디플렉스 주식회사,스크린엑스 스튜디오","씨제이포디플렉스 주식회사,씨지브이 아이스콘",전체관람가,공연,"오윤동,김하민",백현
나 혼자만 레벨업 -리어웨이크닝-,2024-11-28,일본,일본,,(주)애니플러스,청소년관람불가,애니메이션,,"히라카와 다이스케,토치 히로키,민승우,심규혁,송준석,신범식"
요루시카 '달과 고양이의 댄스' 2024 라이브,2024-11-29,일본,일본,,씨제이 씨지브이(CJ CGV)(주),전체관람가,공연,,
가을의 전설,1995-03-18,미국,미국,"베드포드폴스프로덕션즈,트라이스타 픽쳐스",워터홀컴퍼니(주),"연소자관람불가,15세이상관람가",멜로/로맨스,에드워드 즈윅,"브래드 피트,안소니 홉킨스,에이단 퀸,헨리 토마스,줄리아 오몬드"
엘스타 2 : 드리미 스테이지,2024-11-30,한국,한국,(주)넥슨코리아,씨제이 씨지브이(CJ CGV)(주),전체관람가,"애니메이션,공연",,
폴라로이드 작동법,,한국,한국,,㈜인디스토리,전체관람가,드라마,김종관,정유미
함정,,미국,미국,,,,"액션,범죄,드라마",노만 파나마,리차드 위드마크
배신,,미국,미국,,,,"드라마,미스터리",,로버트 미첨
신사는 금발을 좋아해,,미국,미국,,,,"코미디,뮤지컬",하워드 혹스,"제인 러셀,마릴린 몬로"
이처럼 사소한 것들,2024-12-11,미국,미국,,"그린나래미디어(주),주식회사 로아앤코홀딩스",12세이상관람가,드라마,,"킬리언 머피,에밀리 왓슨"
SIFF2024-개막식,,한국,한국,,,,기타,,
효자,2022-01-27,한국,한국,"영화사 틈,(주)모그픽쳐스",(주)드림팩트엔터테인먼트,15세이상관람가,"코미디,공포(호러)",이훈국,"연운경,김뢰하,이철민,정경호,박효준,전운종,안민영,엄주연,한지서,이현웅,김민식,김필,나미희,문호진,이광수,신정만,문경민,유승일,성낙경,박재현,이관호,이기문,박진수,정제우,이자은,룡세형,이진우,김숙인,홍석연,김나윤,노은정,김설희,박상현,오누리,이훈진,조현진,김정빈,김지혜,여시현,신성일,정량,손종학,류혜린,김미준"
원정빌라,2024-12-04,한국,한국,(주)케이드래곤,(주)스마일이엔티,15세이상관람가,"공포(호러),스릴러",김선국,"이현우,문정희,방민아,정민성,김희성,성병숙,이재구,고쥬니,김진혁"
루프,2024-12-04,한국,한국,"한국영상대학교,(주)무림산업",(주)이놀미디어,청소년관람불가,"드라마,스릴러",구상범,"이효제,정지훈,유신,최용욱"
SIFF2024-단편경쟁5,,한국,한국,,,,"드라마,애니메이션",,
3학년 2학기,2025-09-03,한국,한국,작업장 봄,작업장 봄,12세이상관람가,드라마,이란희,"유이하,김성국,양지운,김소완,강진아"
SIFF2024-페스티벌초이스 단편3,,한국,한국,,,,"드라마,애니메이션",,
SIFF2024-단편경쟁4,,한국,한국,,,,"드라마,애니메이션",,
허밍,2026-02-04,한국,한국,오카피필름,"주식회사 씨엠닉스,오카피필름",15세이상관람가,드라마,이승재,"김철윤,박서윤,김예지,손준영,이채경,이승노,박경훈"
리바이벌 69’,2024-12-04,미국,미국,,스튜디오 에이드,15세이상관람가,다큐멘터리,,"존 레논,오노 요코,척 베리"
카인의 도시,2024-12-04,한국,한국,(주)에이디엠엔터테인먼트,주식회사 블루필름웍스,청소년관람불가,드라마,송창수,"이병준,강현수,강동하,유건우,기정수,안혜원,안혜원"
섬·망(望),2024-12-17,한국,한국,순리필름,영원의 질감,15세이상관람가,드라마,박순리,"이은,최원정,박세기,오민정,홍강우,이길원,김이담,한예서,김민서"
SIFF2024-단편경쟁7,,한국,한국,,,,"드라마,애니메이션",,
에스퍼의 빛,2025-11-05,한국,한국,워킹아하,시네마토그래프,12세이상관람가,"다큐멘터리,판타지,어드벤처",정재훈,"지대한,신서희,이승주,한시우,국지민,백성철,홍예서,이영지,김윤설,임여름,조은성,설은총,유은미,이소정,이수미,이다현,서지호,심보배,송채빈,정이안,이시우,블라드레나 나타샤,심다하,양규리,양효리,이새나,최연진,한서화,이영은,박율리,신상미,고우,신지우,문은서"
인서트,,한국,한국,보리수나무영화사,필름다빈,12세이상관람가,"드라마,코미디",이종수,"문혜인,윤혁진"
모스크바 미션,2024-11-28,중국,중국,,(주)누리픽쳐스,15세이상관람가,"액션,범죄",구예도,"유덕화,장한위"
크리스마스에 기적을 만날 확률,2007-12-12,일본,일본,,"(주)팝엔터테인먼트,롯데쇼핑㈜롯데엔터테인먼트",12세이상관람가,"애니메이션,드라마,액션",곤 사토시,"오카모토 아야,에모리 토오루"
SIFF2024-단편경쟁3,,한국,한국,,,,"드라마,다큐멘터리,애니메이션",,
SIFF2024-선택단편2,,한국,한국,,,,"드라마,애니메이션",,
SIFF2024-심야상영 밤새 GO,,한국,한국,,,,드라마,,
SIFF2024-단편경쟁1,,한국,한국,,,,드라마,,
나이브스 아웃,2019-12-04,미국,미국,,(주)올스타엔터테인먼트,12세이상관람가,"미스터리,스릴러",라이언 존슨,"다니엘 크레이그,크리스 에반스,아나 디 아르마스,제이미 리 커티스,마이클 섀넌,돈 존슨,크리스토퍼 플러머"
SIFF2024-선택단편1,,한국,한국,,,,"드라마,애니메이션",,
SIFF2024-페스티벌초이스 단편5,,한국,한국,,,,드라마,,
백현진쑈 문명의 끝,,한국,한국,,,,기타,,
나미비아의 사막,2025-05-07,일본,일본,,(주)스튜디오디에이치엘,15세이상관람가,드라마,야마나카 요코,"카와이 유미,카네코 다이치,칸이치로"
환희의 얼굴,,한국,한국,마름모필름,,,드라마,이제한,
우리가 빛이라 상상하는 모든 것,2025-04-23,인도,인도,,"그린나래미디어(주),(주)레드아이스 엔터테인먼트",15세이상관람가,드라마,파얄 카파디아,"카니 쿠스루티,디브야 프라바,차야 카담"
새벽의 Tango,2026-04-22,한국,한국,한국영화아카데미,(주)스튜디오디에이치엘,15세이상관람가,드라마,김효은,"이연,권소현,박한솔,오경주,박서은,진수,이동훈,류이정"
선풍을 일으킨 질투,,미국,미국,,,,기타,조지 시드니,
SIFF2024-페스티벌초이스 단편7,,한국,한국,,,,드라마,,
다른 것으로 알려질 뿐이지,2025-08-27,한국,한국,(주)보더리스필름,영화로운 형제,15세이상관람가,"드라마,멜로/로맨스",조희영,"공민정,정보람,정회린,감동환,류세일,유의태"
봄밤,2025-07-09,한국,한국,월원영화사,(주)시네마달,15세이상관람가,드라마,강미자,"한예리,김설진,김선재,정명원,김승환,오다민"
무명객,,한국,한국,남아진흥,(주)프리즘웍스,15세이상관람가,액션,김시현,"모사성,김지혜,이예민,김기주,유현"
일과 날,2025-07-16,한국,한국,비우무비,스튜디오 에이드,전체관람가,다큐멘터리,"박민수,안건형",
카비리아의 밤,,이탈리아,이탈리아,,,,드라마,페데리코 펠리니,"줄리에타 마시나,프랑스와 페리어"
비트메이커,,한국,한국,(주)바다엔터테인먼트,,,"뮤지컬,드라마",신인기,고도은
키케가 홈런을 칠거야,,한국,한국,사랑하자,사랑하자,전체관람가,"드라마,코미디",박송열,"원향라,박송열,이태리"
북을 울려라,,미국,미국,,,12세관람가,"액션,서부극(웨스턴)",라울 월쉬,"게리 쿠퍼,마리 앨든"
달팽이 농구단,2025-11-12,한국,한국,(주)파인스토리,(주)삼백상회,15세이상관람가,"드라마,액션",고은기,"박호산,서지석,이노아,박경서,허건영,육진수,강단우,김호원,최정화,양흥주,박광현,김종성,박길은,오성훈,임승수,손지나,우지원,최원태,곽진,최준호,김선혜,이승구,편보승,조하나,박효진,이주형,장지웅,홍여준,유정호,김찬일,이현철,손대범"
청춘(홈커밍),,프랑스,"프랑스,룩셈부르크,네덜란드",,,,다큐멘터리,왕빙,
레드헌트,,한국,한국,,,,다큐멘터리,조성봉,
십자포화,,미국,미국,,,,"범죄,드라마",에드워드 디미트릭,"로버트 영,로버트 미첨"
영화풍경(cinescape)-김초희 감독 단편선,,한국,한국,,,,드라마,,
외롭고 높고 쓸쓸한,,한국,한국,,,,다큐멘터리,김경자,
SIFF2024-단편경쟁6,,한국,한국,,,,"드라마,애니메이션",,
이상한 나라의 앨리스,,영국,영국,,(주)위즈온센,,공연,크리스토퍼 휠든,프란체스카 헤이워드
SIFF2024-단편경쟁2,,한국,한국,,,,드라마,,
청춘(하드 타임즈),,프랑스,"프랑스,네덜란드,룩셈부르크",,,,다큐멘터리,왕빙,
미션,,한국,한국,,,,드라마,"안준국,조현경",
SIFF2024-선택단편4,,한국,한국,,,,"드라마,다큐멘터리,애니메이션",,
케이 넘버,2025-05-14,한국,한국,선보필름,"미디어나무(주),선보필름,(주)마노엔터테인먼트",12세이상관람가,다큐멘터리,조세영,
SIFF2024-페스티벌초이스 단편6,,한국,한국,,,,"드라마,애니메이션,다큐멘터리",,
메릴 스트립 프로젝트,,한국,한국,,,,다큐멘터리,,
SIFF2024-페스티벌초이스 단편1,,한국,한국,,,,"드라마,다큐멘터리,애니메이션",,
노다지,,한국,한국,,,,드라마,정창화,"김승호,황해,엄앵란,허장강,윤정란"
다잉,2025-12-10,독일,독일,,판씨네마(주),15세이상관람가,드라마,매티아스 글래스너,라르스 아이딩어
이사,2025-07-23,일본,일본,,(주)에이유앤씨,12세이상관람가,드라마,소마이 신지,"타바타 토모코,나카이 키이치"
홍이,2025-09-24,한국,한국,(주)세모시,에무 시네마 앤 카페,12세이상관람가,드라마,황슬기,"장선,변중희,이유경,기윤,김미숙,조윤영"
수연의 선율,2025-08-06,한국,한국,탄탄픽쳐스,(주)싸이더스,12세이상관람가,"가족,미스터리,스릴러",최종룡,"김보민,최이랑,김현정,진대연,권수은,장재희,최승원,이지영,박일용,옥채훈,이지민,천정락,나호숙,김가인,유수경,강선애,김효선,김팔순,황인순,임진현,성용훈,정예성,신현옥"
SIFF2024-페스티벌초이스 단편8,,한국,한국,,,,"드라마,애니메이션",,
고백하지마,2025-12-17,한국,한국,"류네,김충길 필름",류네,12세이상관람가,드라마,류현경,"김충길,류현경,김오키,김무건"
두 번째 계절,2026-01-28,프랑스,프랑스,,(주)티캐스트,15세이상관람가,멜로/로맨스,스테판 브리제,"기욤 까네,알바 로르와처"
메모리,2025-01-22,미국,미국,,(주)티캐스트,15세이상관람가,드라마,미셸 프랑코,"제시카 차스테인,피터 사스가드"
11월 프레임워크,,서독,서독,,,,기타,,
기지국,,한국,한국,,,,드라마,"박세영,연예지",
SIFF2024-페스티벌초이스 단편2,,한국,한국,,,,"드라마,애니메이션,다큐멘터리",,
SIFF2024-페스티벌초이스 단편4,,한국,한국,,,,"드라마,애니메이션,다큐멘터리",,
SIFF2024-선택단편3,,한국,한국,,,,"드라마,애니메이션",,
SIFF2024-아카이브2,,한국,한국,,,,드라마,,
모든 것은 아르망에서 시작되었다,2024-12-25,노르웨이,"노르웨이,네덜란드,독일,스웨덴",,(주)영화사 진진,12세이상관람가,드라마,,
SIFF2024-아카이브1,,한국,한국,,,,다큐멘터리,,
1980 사북,2025-10-29,한국,한국,영화사 느티,(주)엣나인필름,12세이상관람가,다큐멘터리,박봉남,
(환영합니다) 난초의 행성입니다,,한국,한국,,샌딩유,전체관람가,기타,,
단편 3 : 동시대 포르투갈 애니메이션의 주목할 이름,,포르투갈,포르투갈,,,,애니메이션,,
홉슨의 사위 고르기,,영국,영국,,,,"코미디,멜로/로맨스",데이빗 린,"찰스 로튼,브렌다 드 밴지"
"피에르 보나르, 마르타 보나르",2025-11-28,프랑스,프랑스,,주식회사 오디언스,15세이상관람가,"멜로/로맨스,드라마",마르탱 프로보스트,"세실 드 프랑스,뱅상마케뉴,스테이시 마틴"
인생 세탁소,,한국,한국,,,,"가족,판타지,드라마",문숙희,"문희경,강진아,이아담,김유석,현대영"
나욜라,,포르투갈,"포르투갈,벨기에,네덜란드,프랑스",,,,애니메이션,호세 미구엘 리베이로,
이인,2026-05-27,한국,한국,,STUDIO351,15세이상관람가,드라마,김경래,"정승민,손준영,류유현,강정웅,전한나,김솔로몬,지유림"
돈 크라이 버터플라이,,베트남,"베트남,싱가포르",,,,드라마,,
할아버지의 괴물들,,포르투갈,"포르투갈,프랑스,스페인",,,,애니메이션,,
단편 2: 기억 속 비밀 여행,,포르투갈,포르투갈,,,,애니메이션,,
모든 점,,한국,한국,,(주)시네마달,,다큐멘터리,이소정,
단편 1: 포르투갈 역사의 풍경,,포르투갈,포르투갈,,,,애니메이션,,
언데드 다루는 법,2025-01-22,노르웨이,노르웨이,,판씨네마(주),15세이상관람가,"드라마,공포(호러),미스터리",테아 히비스텐달,"레나테 레인스베,앤더스 다니엘슨 라이,바하르 파르스"
폭력의 감각,,한국,한국,보이드 스페이스,보이드 스페이스,,다큐멘터리,김무영,김성칠
그들은 피아노 연주자를 쐈다,2025-01-29,스페인,스페인,,찬란,12세이상관람가,애니메이션,"페르난도 트루에바,하비에르 마리스칼",제프 골드블럼
링고의 귀환,,이탈리아,"이탈리아,스페인",,,,"액션,서부극(웨스턴)",두치오 테사리,"줄리아노 젬마,페르난도 산초"
섀도우 오브 파이어,2024-12-01,일본,일본,,(주)미디어캐슬,15세이상관람가,드라마,츠카모토 신야,"슈리,모리야마 미라이"
그랜드 듀얼,,이탈리아,"이탈리아,서독,프랑스",,,,서부극(웨스턴),,리 반 클리프
1923 간토대학살 감독판,,한국,한국,"(주)인디컴,스튜디오 반",(주)영화특별시에스엠씨,12세이상관람가,다큐멘터리,"김태영,최규석","하토야마 유키오,스기오 히데야,정성길,김의성"
K여대생 지우의 흑인과 첫경험,2024-11-29,한국,한국,스마일컨텐츠,스마일컨텐츠,청소년관람불가,성인물(에로),,
같이 물 빼자는 옆집 이모,2024-11-26,일본,일본,,(주)영진크리에이티브,청소년관람불가,"성인물(에로),드라마,멜로/로맨스",,
골때리고 떡 때리는 그녀들: 전반,2024-11-26,한국,한국,진픽쳐스,유한회사 스튜디오 획,청소년관람불가,드라마,,
구멍으로 위로해 주는 사모님,2024-11-28,한국,한국,(주)샤이커뮤니케이션즈,(주)샤이커뮤니케이션즈,청소년관람불가,성인물(에로),,
남편은 몰라요,2024-12-01,한국,한국,(주)영화사가을,(주)영화사가을,청소년관람불가,멜로/로맨스,,
동창생 거근에 축축해진 언니,2024-11-27,일본,일본,,(주)영진크리에이티브,청소년관람불가,"성인물(에로),드라마,멜로/로맨스",,
며느라기 혼구녕 내기,2024-11-27,일본,일본,,(주)영진크리에이티브,청소년관람불가,"성인물(에로),드라마,멜로/로맨스",,
물 넘치는 섹파와 은밀한 온천 여행,2024-11-29,일본,일본,,(주)영진크리에이티브,청소년관람불가,"멜로/로맨스,드라마",,
물 빼주는 유부녀-털려버린 씨주머니,2024-11-27,일본,일본,,(주)영진크리에이티브,청소년관람불가,"성인물(에로),드라마,멜로/로맨스",,
북창동 여대생 룸싸롱,2024-11-27,한국,한국,,주식회사 피에스앤제이,청소년관람불가,성인물(에로),,
새엄마 손 맛-참지 못해 세웠다,2024-11-26,일본,일본,,(주)영진크리에이티브,청소년관람불가,"성인물(에로),드라마,멜로/로맨스",,
새엄마가 내 친구와 해버렸다-나도 싸게 해줘 무삭제판,2024-11-28,일본,일본,,(주)영진크리에이티브,청소년관람불가,"성인물(에로),드라마,멜로/로맨스",,
승무원 교육,2024-11-26,한국,한국,,바넴라인,청소년관람불가,성인물(에로),,
씨물 맛좀 보여달라는 이웃 유부녀,2024-11-28,일본,일본,,(주)영진크리에이티브,청소년관람불가,"성인물(에로),드라마,멜로/로맨스",,
약속받은 구멍 무삭제판,2024-11-29,일본,일본,,주식회사 케이앤아이,청소년관람불가,멜로/로맨스,,모리사와 카나
여친과 헤어진 다음날의 새아들,2024-11-25,일본,일본,,(주)도키엔터테인먼트,청소년관람불가,성인물(에로),,
옆집 누나-온천에서 같이 싼다,2024-11-28,일본,일본,,(주)영진크리에이티브,청소년관람불가,"성인물(에로),드라마,멜로/로맨스",,
오빠의 불빠따-귀여운 얼굴로 잘도 싸는구나,2024-11-28,일본,일본,,(주)영진크리에이티브,청소년관람불가,"성인물(에로),드라마,멜로/로맨스",,
온천 씨받이-거래처 부인의 물 맛,2024-11-26,일본,일본,,(주)영진크리에이티브,청소년관람불가,"성인물(에로),드라마,멜로/로맨스",,
음란한 여사장 유리코의 사정,2024-11-29,일본,일본,,(주)영진크리에이티브,청소년관람불가,"멜로/로맨스,드라마",,
젖큰 여선배-차 끊겼어 모텔가자,2024-11-26,일본,일본,,(주)영진크리에이티브,청소년관람불가,"성인물(에로),드라마,멜로/로맨스",,
허락한 새엄마-아들의 젊고 진한 냄새,2024-11-27,일본,일본,,(주)영진크리에이티브,청소년관람불가,"성인물(에로),드라마,멜로/로맨스",,
헤픈 새엄마-이번엔 네가 쌀 차례야,2024-11-26,일본,일본,,(주)영진크리에이티브,청소년관람불가,"성인물(에로),드라마,멜로/로맨스",,
당갈,2018-04-25,인도,인도,,(주)넥스트엔터테인먼트월드(NEW),12세이상관람가,"액션,드라마",니테쉬 티와리,"아미르 칸,파티마 사나 셰이크,산야 말호트라"
라파타 레이디스,,인도,인도,,,,"코미디,드라마",,
무카나,,한국,한국,,,,다큐멘터리,,
바후발리 : 더 비기닝,2016-11-10,인도,인도,,팔레드시네마(주),15세이상관람가,"액션,어드벤처,전쟁",S.S. 라자몰리,"프라바스,타만나 바티아,아누쉬카 쉐티,라나 닥구바티,사티 아라즈,람야 크리쉬나"
바후발리: 더 컨클루전,,인도,인도,,,,액션,S.S. 라자몰리,
백야의 언약 상영회,,한국,한국,,,,멜로/로맨스,,
쓰리 오브 어스,,인도,인도,,,,드라마,,
제4회 2030청년영화제 2023 사전제작지원작,,한국,한국,,,,"드라마,코미디,판타지,다큐멘터리",,
제4회 2030청년영화제 경쟁작 1,,한국,한국,,,,"드라마,SF,코미디",,
제4회 2030청년영화제 경쟁작 2,,한국,한국,,,,"드라마,액션,코미디",,
제4회 2030청년영화제 사전제작지원 1 GV,,한국,한국,,,,"다큐멘터리,드라마,가족,미스터리",,
제4회 2030청년영화제 사전제작지원 2 GV,,한국,한국,,,,드라마,,
제4회 2030청년영화제 섹션1 대구프랑스문화원 초청전 GV,,프랑스,프랑스,,,,"드라마,코미디,멜로/로맨스,공포(호러)",,
제4회 2030청년영화제 섹션2 A.I. 특별전 GV,,한국,"한국,일본",,,,"스릴러,판타지,멜로/로맨스,코미디,드라마",,
제4회 2030청년영화제 초청작 1 GV,,한국,"한국,캐나다",,,,"드라마,멜로/로맨스,다큐멘터리",,
제4회 2030청년영화제 초청작 2 GV,,한국,"한국,호주",,,,"애니메이션,드라마,다큐멘터리",,
제4회 2030청년영화제 초청작 3,,한국,한국,,,,"드라마,어드벤처,코미디",,
제4회 2030청년영화제 폐막식,,한국,한국,,,,기타,,
칸타라,,인도,인도,,,,"액션,스릴러",,
"플라스틱, 독이 되는 사랑이야기",,프랑스,프랑스,,,,다큐멘터리,,
"플레이브 팬 콘서트 ‘헬로, 아스테룸!’ 앙코르 인 시네마",2024-12-04,한국,한국,,씨지브이 아이스콘,전체관람가,공연,,
포레스트 검프,1994-10-15,미국,미국,파라마운트 픽쳐스,"롯데컬처웍스(주)롯데시네마,(주)팝엔터테인먼트","12세이상관람가,중학생이상관람가","드라마,코미디",로버트 저메키스,"톰 행크스,로빈 라이트,게리 시나이즈,샐리 필드"
투모로우바이투게더 : 하이퍼포커스 인 시네마,2024-12-04,한국,한국,씨제이포디플렉스 주식회사,씨제이포디플렉스 주식회사,전체관람가,공연,김경국,
"알엠: 라이트 피플, 롱 플레이스",2024-12-05,한국,한국,(주)하이브,씨제이포디플렉스 주식회사,12세이상관람가,다큐멘터리,,
더 영 맨 앤드 더 딥 씨 (비투비 임현식),2024-12-04,한국,한국,,씨지브이 아이스콘,전체관람가,다큐멘터리,권진모,
퍼스트레이디,2024-12-12,한국,한국,서울의소리,"영화사키노(주),주식회사 블루필름웍스",12세이상관람가,다큐멘터리,,
본 슈프리머시,2004-08-20,미국,미국,유니버셜 픽쳐스,UIP코리아,15세관람가,액션,폴 그린그래스,"맷 데이먼,칼 어번,프란카 포텐테,조안 알렌"
본 얼티메이텀,2007-09-12,미국,미국,유니버셜 픽쳐스,유니버설픽쳐스인터내셔널 코리아(유),12세이상관람가,"액션,스릴러,미스터리,어드벤처",폴 그린그래스,"맷 데이먼,줄리아 스타일즈"
허슬러,,,,,,,,,
극장판 주술회전 0,2022-02-17,일본,일본,,"(주)바이포엠스튜디오,(주)대교 미디어콘텐츠사업본부",15세이상관람가,애니메이션,박성후,"오가타 메구미,하나자와 카나,코마츠 미카코,우치야마 코우키,세키 토모카즈,나카무라 유이치,사쿠라이 타카히로"
세인트 루이스에서 만나요,,미국,미국,,,전체관람가,"코미디,드라마,가족",빈센트 미넬리,"주디 갈란드,마가렛 오브라이언"
김범수 25주년 콘서트 필름 : 여행,2024-12-11,한국,한국,,"롯데컬처웍스(주)롯시플,(주)영화사 그램",전체관람가,공연,,
모퉁이 가게,,미국,미국,,,,"코미디,멜로/로맨스",에른스트 루비치,"마가렛 설리반,제임스 스튜어트"
해피엔드,2025-04-30,일본,일본,,"(주)영화사 진진,주식회사 로아앤코홀딩스",15세이상관람가,드라마,소라 네오,"쿠리하라 하야토,히다카 유키토,하야시 유타,시나 펭,아라지,이노리 키라라,나카지마 아유무"
오늘부터 1일,2024-12-06,한국,한국,무비글,델로스,15세이상관람가,"스릴러,멜로/로맨스",김경수,"이문식,연이안,하종우,서나영,문진성,지대한,박상면"
보로미니와 베르니니. 완벽을 위한 도전,2024-12-04,이탈리아,이탈리아,,일미디어,전체관람가,다큐멘터리,,
아이돌 마스터 밀리언 라이브!,,일본,일본,,,,애니메이션,와타다 신야,
SIFF2024-로컬시네마2,,한국,한국,,,,"드라마,다큐멘터리",,
풍류일대,,중국,중국,,,15세이상관람가,드라마,지아 장 커,
신성한 나무의 씨앗,2025-06-03,독일,독일,,"그린나래미디어(주),(주)레드아이스 엔터테인먼트",15세이상관람가,드라마,모함마드 라술로프,"미사그 자레,소헤일라 골레스타니,마흐사 로스타미,세타레 말레키"
더 크로우,2024-12-11,프랑스,프랑스,,판씨네마(주),청소년관람불가,"액션,판타지",루퍼트 샌더스,빌 스카스가드
SIFF2024-로컬시네마3,,한국,한국,,,,"드라마,다큐멘터리",,
SIFF2024-로컬시네마1,,한국,한국,,,,"드라마,다큐멘터리",,
빨간열매,,한국,한국,,,전체관람가,드라마,,정수현
그랜드 부다페스트 호텔,2014-03-20,미국,"미국,독일",,"(주)피터팬픽쳐스,이십세기폭스코리아(주),월트디즈니컴퍼니코리아 유한책임회사","청소년관람불가,15세이상관람가","미스터리,어드벤처",웨스 앤더슨,"랄프 파인즈,틸다 스윈튼,주드 로,애드리언 브로디,윌렘 데포,에드워드 노튼,시얼샤 로넌,레아 세이두"
뱅드림! 필름 라이브 세컨드 스테이지,2021-11-18,일본,일본,,(주)애니플러스,전체관람가,"애니메이션,공연",우메츠 토모미,"아이미,사쿠라 아야네,마에시마 아미,아이바 아이나,이토 미쿠,신도 아마네,레이첼"
중원의 백일홍,,한국,한국,남아진흥,(주)프리즘웍스,12세이상관람가,액션,김시현,"강청,임자호,이예민,장순자,최민규"
SIFF2024-깜작상영,,한국,한국,,,,기타,,
영화 러브 라이브! 니지가사키 학원 스쿨 아이돌 동호회 완결편 제1장,2025-02-06,일본,일본,,(주)애니플러스,전체관람가,애니메이션,,
낮은 목소리 - 아시아에서 여성으로 산다는 것,1995-04-29,한국,한국,기록영화제작소보임,,연소자관람가,다큐멘터리,변영주,
데드데드 데몬즈 디디디디 디스트럭션: 파트1,2025-01-08,일본,일본,,"주식회사 올랄라스토리,롯데컬처웍스(주)롯데시네마",15세이상관람가,애니메이션,,"이쿠타 리라,타네자키 아츠미,이리노 미유,우치야마 코우키,스와베 준이치,타케나카 나오토"
러브라이브! 선샤인!! 더 스쿨 아이돌 무비 오버 더 레인보우,2019-02-14,일본,일본,,(주)애니플러스,전체관람가,애니메이션,사카이 카즈오,"이나미 안쥬,아이다 리카코,스와 나나카,코미야 아리사,사이토 슈카,코바야시 아이카,타카츠키 카나코,스즈키 아이나,후리하타 아이"
도쿄 소나타,2009-03-19,일본,"일본,홍콩,네덜란드",,(주)스폰지이엔티,12세이상관람가,드라마,구로사와 기요시,"코야나기 유우,이노와키 카이,코이즈미 쿄코,카가와 테루유키"
담보,2020-09-29,한국,한국,"(주)제이케이필름,(주)레드로버,(주)씨제이이엔엠,(주)영화사연",(주)씨제이이엔엠,12세이상관람가,드라마,강대규,"성동일,하지원,김희원,박소이,나문희,김윤진,김재화,홍승희,유태오,유성주,정인기,진유영,이재용,박현숙,유순웅,차청화,장명갑,김민주,김해용,김병철,윤종구,이상화,이도엽,이필라,한복희,박시완,박경환,임세현,노은하,신나리,서성광,문성환,이상협,박은영,김서현,윤태웅,이샘,강재은,강민지,신동훈,김양성,송율희,권현희,이태형,이은주,문성복,이문빈,신민경,김봉성,김다연,천현우,김인이,문원주,김봉수,최미라,김규도,오세현,정원,유현수,정태인,박현수,곡여병,유성현,현정애,장호문,한승윤,차건,김수현,배서희,양세연,박예서,박지민,오정원,박소현,오나예,김예원,박지성,정세한,하지원,정주용,김가령,최수아,양예슬,권채민,서수빈,이정봉,송혜령,김민지,지선,정민경,천윤진,배근하,오연지,박재홍,이상협,이동진"
쉘 위 댄스,2000-05-13,일본,일본,"알타미라픽쳐스,다이에 스튜디오,엔티브이",,전체관람가,멜로/로맨스,수오 마사유키,"쿠사카리 타미요,야쿠쇼 코지"
영광의 길,,미국,미국,,,,"드라마,전쟁",스탠리 큐브릭,
차가운 심장을 녹이는 네 가지 방법: God Damn Cold Heart,,한국,한국,,,,기타,,
표류도,1960-12-17,한국,한국,,,,멜로/로맨스,권영순,"문정숙,김진규"
니코: 오로라 원정대의 모험,2024-12-25,독일,독일,,"TCO(주)더콘텐츠온,메가박스중앙(주)",전체관람가,애니메이션,"캐리 주스넌,요르겐 레르담","옹성우,김지은,박예린,정재헌,사성웅,김사라"
맨발의 백작부인,,미국,미국,,,,"드라마,멜로/로맨스",조셉 L. 맨키위즈,"험프리 보가트,에바 가드너"
그들은 밤에 산다,,미국,미국,,,,"범죄,멜로/로맨스",니콜라스 레이,팔리 그레인저
밝은 미래,2004-04-23,일본,일본,,(주)미로비젼,12세관람가,드라마,구로사와 기요시,"아사노 타다노부,오다기리 조,후지 타츠야"
눈부신 그림자들,,미국,미국,,,,기타,,
셰익스피어 컴퍼니: 맥베스,,영국,영국,,(주)위즈온센,,"공연,드라마",,"랄프 파인즈,인디라 바르마"
카구야 님은 고백받고 싶어 -첫 키스는 끝나지 않아-,2023-04-06,일본,일본,,(주)디스테이션,12세이상관람가,애니메이션,하타케야마 마모루,
헬프리스,,일본,일본,,,,범죄,아오야마 신지,"미츠이시 켄,이사야마 히로코"
제87회 작은영화영화제 - 끝날 때까지 끝난 게 아니다,,한국,한국,,,,기타,,
귀멸의 칼날: 나타구모산 편,2021-11-17,일본,일본,,(주)박수엔터테인먼트,15세이상관람가,애니메이션,소토자키 하루오,"하나에 나츠키,키토 아카리,시모노 히로,마츠오카 요시츠구"
남편도 빨아버린 섹스중독 여동생,2024-12-06,한국,한국,,(주)씨맥스커뮤니케이션즈,청소년관람불가,성인물(에로),,
우리의 21세기 - 강상우 단편,,한국,한국,,,,기타,,
뮤직,,독일,"독일,프랑스,세르비아",,,,드라마,앙겔라 샤넬렉,
우리의 21세기 - 임철민 단편,,한국,한국,,,,기타,,
늑대의 입,,이탈리아,"이탈리아,프랑스",,,,드라마,피에트로 마르첼로,
귀멸의 칼날: 장구저택 편,2022-09-15,일본,일본,,(주)박수엔터테인먼트,15세이상관람가,애니메이션,소토자키 하루오,"하나에 나츠키,키토 아카리,시모노 히로,마츠오카 요시츠구"
"빗자루, 금붕어 되다",2010-09-30,한국,한국,김동주필름,(주)마노엔터테인먼트,15세이상관람가,드라마,김동주,"유순웅,김재록,최유진,조준희,김명신,최정숙"
귀멸의 칼날: 주합회의·나비저택 편,2021-12-01,일본,일본,,(주)박수엔터테인먼트,15세이상관람가,애니메이션,소토자키 하루오,"하나에 나츠키,키토 아카리,시모노 히로,마츠오카 요시츠구"
무드 인디고,2014-12-11,프랑스,"프랑스,벨기에",,(주)프레인글로벌,15세이상관람가,"드라마,판타지",미셸 공드리,"로맹 뒤리스,오드리 토투,게드 엘마레,아이사 마이가,오마 사이"
47샤크,2024-12-05,미국,미국,,(주)제이앤씨미디어그룹,15세이상관람가,"스릴러,액션",,
AV사장 유리에의 음란한 신입 면접,2024-12-06,일본,일본,,(주)영진크리에이티브,청소년관람불가,"멜로/로맨스,드라마",,
가사도우미-내 남편과 자도 좋아,2024-12-06,한국,한국,(주)파랑새미디어,(주)영진크리에이티브,청소년관람불가,"성인물(에로),드라마,멜로/로맨스",이타치,
공부 대신 삽입을 원하는 여대생,2024-12-04,한국,한국,(주)샤이커뮤니케이션즈,(주)샤이커뮤니케이션즈,청소년관람불가,성인물(에로),,
구멍의 역습,2024-12-05,한국,한국,주식회사 이야픽쳐스,주식회사 이야픽쳐스,청소년관람불가,성인물(에로),,
귀멸의 칼날: 남매의 연,2021-11-10,일본,일본,,(주)박수엔터테인먼트,15세이상관람가,애니메이션,소토자키 하루오,"하나에 나츠키,키토 아카리,시모노 히로,마츠오카 요시츠구"
귀멸의 칼날: 아사쿠사 편,2022-08-25,일본,일본,,(주)박수엔터테인먼트,15세이상관람가,애니메이션,소토자키 하루오,
길거리에서 만난 색정녀,2024-12-05,한국,한국,(주)샤이커뮤니케이션즈,(주)샤이커뮤니케이션즈,청소년관람불가,성인물(에로),,
남편의 불륜을 눈치챈 어린 미시,2024-12-05,한국,한국,(주)샤이커뮤니케이션즈,(주)샤이커뮤니케이션즈,청소년관람불가,성인물(에로),,
남편의 빚 몸으로 대신 갚을게요,2024-12-06,일본,일본,,(주)영진크리에이티브,청소년관람불가,"멜로/로맨스,드라마",,
돌아온 형수의 순수 욕정,2024-12-05,한국,한국,폭풍의 눈,주식회사 원스크린,청소년관람불가,"드라마,성인물(에로)",,
물 터진 아내:아주버님과의 동침,2024-12-06,일본,일본,,(주)영진크리에이티브,청소년관람불가,"멜로/로맨스,드라마",,
섹스로 만사형통,2024-12-06,한국,한국,(주)샤이커뮤니케이션즈,(주)샤이커뮤니케이션즈,청소년관람불가,성인물(에로),,
술 취해 밤새 박힌 청순녀,2024-12-04,한국,한국,(주)샤이커뮤니케이션즈,(주)샤이커뮤니케이션즈,청소년관람불가,성인물(에로),,
스와핑 동창회,2024-12-04,한국,한국,,(주)영화사가을,청소년관람불가,멜로/로맨스,,
싱싱한 그녀의 섹스 어플 체험기,2024-12-06,일본,일본,,(주)영진크리에이티브,청소년관람불가,"멜로/로맨스,드라마",,
싸게해주는 일타강사,2024-12-04,한국,한국,,주식회사 피에스앤제이,청소년관람불가,성인물(에로),,
2024 한양대학교 졸업영화제 섹션1,,한국,한국,,,,판타지,,
2024 한양대학교 졸업영화제 섹션2,,한국,한국,,,,"스릴러,드라마,가족",,
2024 한양대학교 졸업영화제 섹션3,,한국,한국,,,,"드라마,공포(호러)",,
2024 한양대학교 졸업영화제 섹션4,,한국,한국,,,,"드라마,가족",,
고독의 지리학,,캐나다,캐나다,,,,다큐멘터리,,
귀로(歸路),,한국,한국,,,,드라마,이만희,"김진규,문정숙,전계현"
사랑방 손님과 어머니,,한국,한국,,,,"드라마,멜로/로맨스",신상옥,"최은희,전영선,김진규,도금봉"
유령들의 초상,,브라질,브라질,,,,다큐멘터리,,
제1회 부산국제인공지능영화제 섹션1,,기타,기타,,,,"드라마,SF,판타지,다큐멘터리",,
제1회 부산국제인공지능영화제 섹션2,,한국,한국,,,,"SF,스릴러,판타지,드라마,다큐멘터리",,
제1회 부산국제인공지능영화제 섹션3,,기타,기타,,,,"드라마,SF,판타지,애니메이션",,
제1회 부산국제인공지능영화제 섹션4,,한국,한국,,,,"SF,드라마,스릴러,판타지",,
제1회 부산국제인공지능영화제 섹션5,,한국,한국,,,,"다큐멘터리,SF,판타지",,
제1회 부산국제인공지능영화제 섹션6,,기타,기타,,,,"다큐멘터리,SF,판타지",,
지역의 기억,,한국,한국,,,,다큐멘터리,,
초우,,한국,한국,,,,멜로/로맨스,정진우,
인터스텔라,2014-11-06,미국,"미국,영국",,워너브러더스 코리아(주),12세이상관람가,SF,크리스토퍼 놀란,"매튜 매커너히,앤 해서웨이,마이클 케인,제시카 차스테인,케이시 애플렉"
엔시티 드림 미스터리 랩: 드림 이스케이프 인 시네마,2024-12-11,한국,한국,"씨제이포디플렉스 주식회사,스크린엑스 스튜디오",씨제이포디플렉스 주식회사,전체관람가,공연,"이예지,오윤동",
극장판 짱구는 못말려: 우리들의 공룡일기,2024-12-18,일본,일본,,(주)씨제이이엔엠,전체관람가,애니메이션,사사키 시노부,"박영남,강희선,김환진"
덩케르크,2017-07-20,미국,"미국,영국",,워너브러더스 코리아(주),12세이상관람가,"액션,드라마,스릴러,전쟁",크리스토퍼 놀란,"톰 하디,마크 라이런스,케네스 브래너,킬리언 머피,제임스 다시,케빈 구스리"
아키라,2017-08-31,일본,일본,,"(주)미디어캐슬,(주)에스에이엠지엔터테인먼트,(주)에이원엔터테인먼트",15세이상관람가,"애니메이션,SF",오토모 가츠히로,
매트릭스,1999-05-15,미국,미국,"워너 브러더스 픽쳐스,빌리지 로드쇼 프로덕션,그루초 2 필름 파트너쉽,실버 픽쳐스","엠엔엠인터내셔널(주),워너브러더스 코리아(주),영화사 마농(주),(주)씨네클럽봉봉미엘",12세 미만인 자는 관람할 수 없는 등급,"SF,액션","릴리 워쇼스키,라나 워쇼스키","키아누 리브스,캐리 앤 모스,로렌스 피쉬번"
미세스 그린 애플 // 더 화이트 라운지 인 시네마,2024-12-11,일본,일본,,씨제이 씨지브이(CJ CGV)(주),전체관람가,공연,,
공각기동대,2002-04-12,일본,일본,,"(주)미디어캐슬,(주)디스테이션,길벗영화(주)",12세관람가,SF,오시이 마모루,"타나카 아츠코,오츠카 아키오"
엠호텔,,한국,한국,(주)씨제이이엔엠,씨제이 씨지브이(CJ CGV)(주),전체관람가,"드라마,판타지",,
시애틀의 잠 못이루는 밤,1993-12-18,미국,미국,,(주)디스테이션,"12세이상관람가,중학생이상관람가","드라마,멜로/로맨스",노라 에프론,"톰 행크스,맥 라이언"
퓨리,2014-11-20,미국,"미국,영국",,소니픽쳐스릴리징월트디즈니스튜디오스코리아(주),15세이상관람가,"액션,드라마,전쟁",데이비드 에이어,"브래드 피트,로건 레먼,샤이아 라보프,마이클 페나,존 번탈"
움베르토 에코. 세계의 도서관,2024-12-11,이탈리아,이탈리아,,일미디어,전체관람가,다큐멘터리,,
세인트 메리의 종,,미국,미국,,,,드라마,레오 맥커레이,"잉그리드 버그만,빙 크로스비"
왕립우주군-오네아미스의 날개,2007-10-18,일본,일본,,"(주)미디어캐슬,(주)이모션픽처스",15세이상관람가,"애니메이션,드라마,SF",야마가 히로유키,
파라다이스 이즈 버닝,2024-12-18,덴마크,"덴마크,스웨덴",,(주)트리플픽쳐스,청소년관람불가,드라마,,
브리드,2024-12-12,미국,미국,,주식회사 풍경소리,15세이상관람가,"SF,액션,스릴러",,"밀라 요보비치,샘 워싱턴,제니퍼 허드슨"
나우이즈굿,2012-11-08,영국,영국,,"(주)디스테이션,(주)인벤트스톤",15세이상관람가,"드라마,멜로/로맨스",올 파커,"다코타 패닝,제레미 어바인,카야 스코델라리오,올리비아 윌리엄스"
제16회 스토리업 쇼츠: 칸영화제 특별편,,한국,한국,,,,기타,,
면접교섭,2024-12-25,한국,한국,"감성스토리,히스토리메이커",필름다빈,전체관람가,다큐멘터리,이주아,
남쪽,2026-02-18,스페인,"스페인,프랑스",,엠엔엠인터내셔널(주),12세이상관람가,"드라마,멜로/로맨스",빅토르 에리세,"오메로 안토누티,오로르 클레망"
보이지 않는,2024-12-19,한국,한국,별별창작소,"(주)드림팩트엔터테인먼트,(주)빅브라더스",15세이상관람가,"액션,스릴러",정희준,"홍상진,윤정열,이은지,원종철,장영진"
"나야, 문희",,한국,한국,엠씨에이,"씨지브이 아이스콘,(주)스튜디오디에이치엘,(주)마노엔터테인먼트",전체관람가,"드라마,코미디,판타지","박원표,유지천,원경혜,정은욱,이정찬",
베라크루스,1971-02-13,미국,미국,유나이티드 아티스트,,15세이상관람가,서부극(웨스턴),로버트 알드리치,"버트 랭카스터,게리 쿠퍼"
마지막 함성,,미국,미국,,,,드라마,존 포드,"스펜서 트레이시,제프리 헌터"
원 안에 사람들,2024-12-14,한국,한국,창빛 프로덕션,창빛 프로덕션,15세이상관람가,드라마,임철빈,"홍인,홍서준,김은주,허욱,최하윤,박혜진,서승원,김도균,이나연,이슬기"
햇빛 속의 모과나무,,스페인,스페인,,,,다큐멘터리,빅토르 에리세,
별일아니다,2014-02-13,한국,한국,심플무비스,(주)영화사 조제,15세이상관람가,드라마,김상석,"김상석,이윤희,백재호,임영진,정임순,카이노유니,김태희,김은주,정다혜"
워메리카의 운명2편 거대한 전환,,한국,한국,다큐창작소,,15세이상관람가,다큐멘터리,김철민,
시빌 워: 분열의 시대,2024-12-31,미국,미국,,(주)마인드마크,15세이상관람가,"액션,전쟁,드라마",알렉스 가랜드,"커스틴 던스트,케일리 스패니,와그너 모라,스티븐 헨더슨,제시 플레먼스,닉 오퍼맨"
유레카,2026-05-27,일본,일본,,라이트하우스,15세이상관람가,드라마,아오야마 신지,"야쿠쇼 코지,미야자키 아오이,사이토 요이치로"
왼손잡이 권총,,미국,미국,,,,서부극(웨스턴),아서 펜,"폴 뉴먼,리타 밀란"
카트,2014-11-13,한국,한국,(주)명필름,(주)리틀빅픽쳐스,12세이상관람가,드라마,부지영,"염정아,문정희,김영애,김강우,이승준,도경수,김민경,김선간,김지현,김현,이고운,이승준,이주현,이지혜,김수안,지우,길해연,황정민,김희원,박미현,송지인,장리우,목규리,박수영,이창훈,천우희,박지연,박성연,이선희,이정은,김가영,이선주,정경섭,박혜진,김비비,최병윤,윤상훈"
센트로 히스토리코,,포르투갈,포르투갈,,,,드라마,"마누엘 데 올리베이라,페드로 코스타,빅토르 에리세,아키 카우리스마키",
2024 메이드 인 광주 - 지금 광주영화의 기원2,,한국,한국,,,,기타,,
언러브드,2006-05-24,일본,일본,반다이비쥬얼컴패니,(주)이모션픽처스,15세관람가,"멜로/로맨스,드라마",만다 구니토시,"나카무라 토오루,모리구치 요코"
하얀리본,2010-07-01,독일,독일,"엑스-필름 크리에이티브 풀,웨가 필름,르 필름즈 두 로자즈,럭키 레드","(주)영화사 안다미로,(주)영화사 진진",15세이상관람가,"드라마,미스터리",미카엘 하네케,"크리스티안 프리에델,에른스트 야코비"
퍼니게임,1997-11-15,오스트리아,오스트리아,웨가 필름,(주)영화사 안다미로,연소자관람불가,"공포(호러),드라마,스릴러",미카엘 하네케,"수잔느 로타르,울리쉬 뮤흐"
히든,2006-03-30,프랑스,프랑스,,"(주)영화사 안다미로,(주)스폰지이엔티",15세관람가,스릴러,미카엘 하네케,"줄리엣 비노쉬,다니엘 오떼유"
으랏차차 스모부,2000-10-14,일본,일본,,,전체관람가,"코미디,드라마",수오 마사유키,타케나카 나오토
셰어링,,일본,일본,,,,"미스터리,스릴러",시노자키 마코토,
아가씨,2016-06-01,한국,한국,"유한회사 아가씨에프에스,모호필름,(주)용필름",(주)씨제이이엔엠,청소년관람불가,"스릴러,드라마",박찬욱,"김민희,김태리,하정우,조진웅,김해숙,문소리,최병모,김인우,이용녀,조은형,장한순,이규정,이승준,이윤재,김시은,안성봉,박기륭,원근희,정인겸"
2024 메이드 인 광주 - 지금 광주영화의 기원1,,한국,한국,,,,기타,,
리벤지,2020-05-06,프랑스,프랑스,,(주)팝엔터테인먼트,청소년관람불가,"액션,공포(호러),스릴러",코랄리 파르쟈,"마틸다 안나 잉그리드 루츠,케빈 얀센스"
소영의 노력,2026-07-22,한국,한국,,필름다빈,전체관람가,"다큐멘터리,드라마",오재형,
오카에리,,일본,일본,,,,드라마,시노자키 마코토,
휘트니,2018-08-23,미국,미국,,판씨네마(주),15세이상관람가,"드라마,다큐멘터리",케빈 맥도널드,"휘트니 휴스턴,케빈 코스트너"
2024 메이드 인 광주 - 광주단편선,,한국,한국,,,,기타,,
카나리아,,일본,일본,,,,드라마,시오타 아키히코,"이시다 호시,타니무라 미츠키,니시지마 히데토시"
페트라 폰 칸트의 쓰디쓴 눈물,,서독,서독,,,,드라마,라이너 베르너 파스빈더,한나 쉬굴라
2024 메이드 인 광주 - 디깅 90년대,,한국,한국,,,,기타,,
금기 속에서 피어난 그녀,2024-12-13,한국,한국,(주)영진크리에이티브,(주)영진크리에이티브,청소년관람불가,"성인물(에로),드라마,멜로/로맨스",모니카,
꿈의 제인,2017-05-31,한국,한국,영화사 서울집,"(주)엣나인필름,CGV아트하우스",청소년관람불가,드라마,조현훈,"이민지,구교환,이주영,박현영,조경아,이성민,김가희,박강섭,박경혜,이학주,이석형,윤부진,손준영,김태윤"
내언니전지현과 나,2020-12-03,한국,한국,,호우주의보,12세이상관람가,다큐멘터리,박윤진,"박윤진,최아현,이준호,이주현,박관우,정세연,김율,이도현,박정인,배수찬,정상원,황인철"
헝거,2022-04-21,한국,한국,영화사 케디필름,"(주)디오시네마,(주)태양미디어그룹",12세이상관람가,"SF,드라마",강다연,"김유나,최윤우,하시연,김혜영,박상현,김혜준,오채아,김단아,정민정,단영,리우림,조은강"
인디스데이 - 만약에,,한국,한국,,,,드라마,,
제8회 강원영화제 : 햇시네마페스티벌 섹션 1,,한국,한국,,,,"드라마,애니메이션,다큐멘터리",,
제8회 강원영화제 : 햇시네마페스티벌 섹션 2,,한국,한국,,,,드라마,,
제8회 강원영화제 : 햇시네마페스티벌 섹션 3,,한국,한국,,,,"다큐멘터리,드라마,애니메이션",,
제8회 강원영화제 : 햇시네마페스티벌 섹션 4,,한국,한국,,,,드라마,,
제8회 강원영화제 : 햇시네마페스티벌 양흥주 배우전,,한국,한국,,,,드라마,,
무파사: 라이온 킹,2024-12-18,미국,미국,,월트디즈니컴퍼니코리아 유한책임회사,전체관람가,애니메이션,배리 젠킨스,"켈빈 해리슨 주니어,존 카니,세스 로건,매즈 미켈슨,탠디 뉴튼,비욘세 놀즈"
하얼빈,2024-12-24,한국,한국,(주)하이브미디어코프,(주)씨제이이엔엠,15세이상관람가,드라마,우민호,"현빈,박정민,조우진,전여빈,박훈,유재명,릴리 프랭키,이동욱,윤여원,박동하,왕승목,강효준,박제현,이창근,서민제,신우철,이윤환,전재현,김성광,정승민"
정동원 성탄총동원 더 무비,2024-12-18,한국,한국,(주)영화사 그램,씨지브이 아이스콘,전체관람가,공연,나상인,정동원
헬보이: 크룩드 맨,2024-12-18,미국,"미국,영국,독일,불가리아",,와이드 릴리즈(주),15세이상관람가,"액션,공포(호러),판타지",브라이언 테일러,잭 케시
미생: 더할 나위 없었다,2024-12-20,한국,한국,스튜디오 드래곤,씨지브이 아이스콘,15세이상관람가,드라마,,
보고타: 마지막 기회의 땅,2024-12-31,한국,한국,"(주)영화사수박,(주)이디오플랜",메가박스중앙(주) 플러스엠 엔터테인먼트,15세이상관람가,"범죄,드라마",김성제,"송중기,이희준,권해효,박지환,조현철,김종수,장명진"
수퍼 소닉3,2025-01-01,미국,미국,파라마운트 픽쳐스,롯데컬처웍스(주)롯데엔터테인먼트,전체관람가,애니메이션,제프 파울러,"짐 캐리,벤 슈왈츠,제임스 마스던,티카 섬터,이드리스 엘바,키아누 리브스"
무간도,2003-02-21,홍콩,홍콩,,"(주)디스테이션,태창엔터테인먼트(주)","12세이상관람가,12세관람가","액션,범죄","유위강,맥조휘","유덕화,양조위"
"색, 계",2007-11-08,미국,미국,,"(주)디스테이션,(주)제이앤씨미디어그룹,씨제이엔터테인먼트",청소년관람불가,멜로/로맨스,이안,"탕웨이,양조위"
헤어졌을때와 만났을때,,미국,미국,,,,"코미디,가족",데이빗 스위프트,"헤일리 밀스,브라이언 키스"
편지,,미국,미국,,,,드라마,윌리엄 와일러,"베티 데이비스,허버트 마샬,게일 손더가드"
"우주에서, 메리 크리스마스",,한국,한국,,씨제이 씨지브이(CJ CGV)(주),전체관람가,기타,,
비숍스 와이프,,,,,,,,,
암화,,홍콩,홍콩,,"(주)디스테이션,(주)엔케이컨텐츠",청소년관람불가,"범죄,스릴러",유달지,"양조위,유청운"
성 베드로 대성당과 로마의 교황청 대성당들,2025-01-15,이탈리아,이탈리아,,일미디어,전체관람가,다큐멘터리,,
부에노스 아이레스 제로 디그리,,홍콩,홍콩,,(주)디스테이션,12세이상관람가,"다큐멘터리,드라마",관본량,"장국영,양조위,장첸,왕가위"
오랜만이다,2024-12-25,한국,한국,(주)필름모멘텀,주식회사 블루필름웍스,12세이상관람가,드라마,이은정,"정설아,방민아,이가섭"
무간도3: 종극무간,2004-07-02,홍콩,홍콩,미디어 아시아 필름즈,"(주)디스테이션,이십세기폭스코리아(주)","18세관람가,15세이상관람가",드라마,"유위강,맥조휘","양조위,유덕화,여명"
이스터 퍼레이드,,미국,미국,,,,"뮤지컬,멜로/로맨스",찰스 월터스,"주디 갈란드,프레드 아스테어"
나는 나를 해고하지 않는다,2021-01-28,한국,한국,"(주)홍시쥔,아트 윙",(주)영화사 진진,12세이상관람가,드라마,이태겸,"유다인,오정세,김상규,김도균,박지홍,원태희,이주원,최자혜,강지구,김성미,안용준,강준석,김규리,이예성,조시연,강경미,조민주,박상훈,이종대,이수빈,강민서"
총을 든 스님,2025-01-01,기타,기타,,주식회사 슈아픽처스,전체관람가,"드라마,코미디",,
블랙 나이트 퍼레이드,2024-12-16,일본,일본,,(주)미디어캐슬,12세이상관람가,"판타지,코미디",후쿠다 유이치,"요시자와 료,하시모토 칸나,나카가와 타이시"
새드 베케이션,2008-03-13,일본,일본,,(주)스폰지이엔티,15세이상관람가,드라마,아오야마 신지,"아사노 타다노부,이시다 에리,오다기리 조"
챌린지스,,스페인,스페인,,,,드라마,빅토르 에리세,
어른이 되면,2018-12-13,한국,한국,,(주)시네마달,전체관람가,다큐멘터리,장혜영,"장혜정,장혜영,김정우,김진수,유인서,이은경,장혜정"
도플갱어,2003-10-10,일본,일본,,(주)미로비젼,15세관람가,"범죄,스릴러",구로사와 기요시,"나가사쿠 히로미,야쿠쇼 코지"
제3회 서울문화고 문화영상제 - 1학년 작품,,한국,한국,,,,기타,,
제3회 서울문화고 문화영상제 - 2학년 작품,,한국,한국,,,,기타,,
제3회 서울문화고 문화영상제 - 3학년 작품,,한국,한국,,,,기타,,
대구독립영화 연말정산 2024 - 단편 1,,한국,한국,,,,드라마,,
대구독립영화 연말정산 2024 - 단편 2,,한국,한국,,,,드라마,,
멋진 인생,,미국,미국,,,,"드라마,멜로/로맨스,판타지",프랭크 카프라,"제임스 스튜어트,도나 리드"
12월 수요단편극장 FILM IT!,,한국,한국,,,,드라마,,
대구독립영화 연말정산 2024 - 단편 6,,한국,한국,,,,드라마,,
마돈나,2015-07-02,한국,한국,준필름,(주)리틀빅픽쳐스,청소년관람불가,드라마,신수원,"서영희,권소현,김영민,변요한,박지영,조정문,최성대,최윤,오성택,윤보라,김세미,이상희,이선영,박남혁,유순철,노수산나,최희진,박현영,정애화,탁도연,진용욱,김영성,김경아"
대구독립영화 연말정산 2024 - 단편 3,,한국,한국,,,,"드라마,다큐멘터리",,
대구독립영화 연말정산 2024 - 단편 4,,한국,한국,,,,"드라마,다큐멘터리",,
대구독립영화 연말정산 2024 - 단편 5,,한국,한국,,,,"드라마,미스터리",,
수학영재 형주,2025-10-15,한국,한국,유엠아이웍스 주식회사,㈜인디스토리,12세이상관람가,드라마,최창환,"정다민,김세원,곽민규,이기문,서석규,김일두,우연서,김민서,신기환,김재우"
청춘선거,2021-06-17,한국,한국,오프 램프,아이 엠,12세이상관람가,다큐멘터리,민환기,"고은영,윤경미,오수경,박정경수,김순애,이선자,진경표,황용운,현성미,김다운,전서윤,김홍모,하승우,반영경,이길훈,정화빈,고권일,황현진"
남편 몰래 구멍 개방하는 아내,2024-12-18,일본,일본,,(주)영진크리에이티브,청소년관람불가,"멜로/로맨스,드라마",,
누나 친구 4,2024-12-16,한국,한국,(주)영화사가을,(주)영화사가을,청소년관람불가,멜로/로맨스,민정현,
대지진 20.0,2024-12-19,미국,미국,,(주)제이앤씨미디어그룹,12세이상관람가,드라마,자레드 콘,
랜드 오브 워,2024-12-19,미국,미국,,(주)제이앤씨미디어그룹,15세이상관람가,"전쟁,액션",,
며늘아 소리내면 아들이 깰 수 있어,2024-12-18,일본,일본,,(주)영진크리에이티브,청소년관람불가,"멜로/로맨스,드라마",,
방콕 범죄도시,2024-12-19,태국,태국,,(주)제이앤씨미디어그룹,15세이상관람가,액션,,
스틸 미씽,2024-12-19,태국,태국,,(주)제이앤씨미디어그룹,15세이상관람가,액션,,
시크릿 웨폰,2024-12-19,태국,태국,,(주)제이앤씨미디어그룹,15세이상관람가,액션,,
아들친구의 팬티를 내리고 냄새를 맡는다,2024-12-20,일본,일본,,(주)도키엔터테인먼트,청소년관람불가,성인물(에로),,
유혹 : 여자가 하고 싶을 때,2024-12-20,한국,한국,(주)영화사가을,(주)영화사가을,청소년관람불가,멜로/로맨스,,
인비저블 캅,2024-12-19,태국,태국,,(주)제이앤씨미디어그룹,15세이상관람가,액션,,
취업의 정석,2024-12-18,한국,한국,폭풍의 눈,주식회사 원스크린,청소년관람불가,"드라마,성인물(에로)",,
해리 포터와 죽음의 성물1,2010-12-15,미국,미국,헤이데이필름,워너브러더스 코리아(주),전체관람가,"미스터리,판타지",데이빗 예이츠,"다니엘 래드클리프,엠마 왓슨,루퍼트 그린트"
화이트 크리스마스,,미국,미국,,,,"뮤지컬,코미디",마이클 커티즈,"빙 크로스비,대니 케이,로즈마리 클루니"
34번가의 기적,,미국,미국,,,,"코미디,드라마,가족,판타지,멜로/로맨스",조지 시튼,"모린 오하라,존 페인"
스크루지 : 크리스마스 캐롤,,,,,,,,,
동성서취,1993-03-13,홍콩,홍콩,,"(주)디스테이션,(주)엔케이컨텐츠",중학생이상관람가,"액션,코미디",유진위,"장국영,임청하,양조위,양가휘,장만옥"
해리 포터와 죽음의 성물2,2011-07-13,미국,미국,,워너브러더스 코리아(주),전체관람가,"판타지,미스터리",데이빗 예이츠,"다니엘 래드클리프,엠마 왓슨,루퍼트 그린트"
언 땅에 사과나무 심기+인져리 타임,,한국,한국,,,,기타,,
고스트캣 앙주,2025-01-22,일본,일본,,와이드 릴리즈(주),전체관람가,애니메이션,"야마시타 노부히로,쿠노 요코","모리야마 미라이,아오키 무네타카"
리피피,2008-08-09,프랑스,프랑스,,,,드라마,,
호리아,2024-12-25,프랑스,프랑스,,(주)드림팩트엔터테인먼트,12세이상관람가,드라마,,리나 쿠드리
폴란드로 간 아이들,2018-10-31,한국,한국,보아스필름,커넥트픽쳐스(주),전체관람가,"다큐멘터리,드라마",추상미,"이송,강동완,김나영,김미나,김새롬,이석준,이온유,이혜경,추상미,추상미"
레오파드,,이탈리아,이탈리아,,,,"드라마,멜로/로맨스,전쟁",루치노 비스콘티,"버트 랭커스터,클라우디아 카르디날레,알랑 드롱"
"컷, 다시 갈게요",2024-12-29,한국,한국,플라시보 픽쳐스,플라시보 픽쳐스,12세이상관람가,드라마,김한재,"신정웅,김강희,이원웅,심건우,오예림,강주희"
부모 바보,2025-01-08,한국,한국,보리수나무영화사,보리수나무영화사,15세이상관람가,드라마,이종수,"안은수,나호숙,윤혁진,송윤채"
랩과 순록,,핀란드,핀란드,,,,기타,,
불도저에 탄 소녀,2022-04-07,한국,한국,(주)고집스튜디오,트윈플러스파트너스(주),15세이상관람가,드라마,박이웅,"김혜윤,박혁권,오만석,예성,박시우,최희진,이휘종,성여진,김희창,한혜지,김중기,강정임,최성희,구다송,신여경,김은석,황자영,오현경,양준명,양미선,손화령,김고운,강정우,박옥출,최원,나종민,노수산나,김승용,이희석,김남우,조현임,서지원,성노진,박건우,양소민,박소을,유라엘,이유,정아람,김호진,이정미,유채은,박현우,신재휘,서홍석,정지현,경규민,서다예,이동용,한철우,고은별"
2024 KIEFF 세션 5,,기타,기타,,,,기타,,
치니,,트리니다드토바고,트리니다드토바고,,,,기타,,
캔버스 위의 혁명,,미국,미국,,,,"다큐멘터리,스릴러",,
미스터 클라인,,프랑스,"프랑스,이탈리아",,,,"범죄,드라마,미스터리,스릴러,전쟁",조셉 로지,
볼사리노,1971-02-26,프랑스,"프랑스,이탈리아",,,,"드라마,범죄",자크 드레이,"알랑 드롱,장 폴 벨몽도"
부랭의 빅맨,,이탈리아,이탈리아,,,,기타,,
2024 KIEFF 세션 2,,기타,기타,,,,기타,,
2024 KIEFF 세션 4 - KIEFF 젊은 시선,,기타,기타,,,,기타,,
럭키,2016-10-13,한국,한국,(주)용필름,(주)쇼박스,15세이상관람가,코미디,이계벽,"이대영,김운,유해진,이준,조윤희,임지연,전혜빈,이동휘,박선용,박은미,정소리,최시형,홍의권,김기정,고준,차엽,이성욱,정희태,김현숙,김시우,김민상,신정섭,최원,이승철,손하정,김한규"
사조영웅전,,홍콩,홍콩,,,,"액션,드라마,판타지",장철,"강생,번매생"
여자가 다가올 때,,프랑스,"프랑스,이탈리아,서독",,,,"범죄,드라마",,
이케시마 이야기,,스위스,스위스,,,,기타,,
극한직업,2019-01-23,한국,한국,"(주)어바웃잇,영화사 해그림 주식회사,(주)씨제이이엔엠",(주)씨제이이엔엠,15세이상관람가,코미디,이병헌,"류승룡,이하늬,진선규,이동휘,공명,양현민,장진희,한준우,김명준,나철,정재광,정원창,김강현,김지영,오정세,이중옥,홍완표,고봉구,권지훈,권태호,김가빈,박재홍,서호철,김남우,박진아,송영규,안성봉,신하균,심철민,김병호,류제윤,김성우,이정수,김의성,김종수,고경진,고관형,이광기,지찬,구성환,이도용,천준호,정성훈,이하늬,이한종,임세운,한동희,임정묵,이범찬,이운산,김천,조주한,조현숙,이유진,정우영,신신애,윤설,정윤회,박도영,정재광,최광원,이두일,김윤배,최신득,이왕수,이육현,박정표,정인기,배정선,장지웅,임유란,엄지혜,오민준,태원석,장격수,편광진,하철,변봉식,홍승진,홍은진,허준석"
남편 상사 : 아내가 접대하는 날,2024-12-27,한국,한국,(주)영화사가을,(주)영화사가을,청소년관람불가,멜로/로맨스,,
마이 러브돌,2024-12-26,태국,태국,,(주)제이앤씨미디어그룹,청소년관람불가,코미디,,
섹시한 여주인 아이의 특별한 서비스,2024-12-27,일본,일본,,(주)영진크리에이티브,청소년관람불가,"멜로/로맨스,드라마",,
아버지 올라타 트월킹 추는 이쁜이,2024-12-26,한국,한국,주식회사 바나나픽쳐스,주식회사 바나나픽쳐스,청소년관람불가,"성인물(에로),드라마",,
욕정 터진 아줌마:아들 친구의 맛,2024-12-27,일본,일본,,(주)영진크리에이티브,청소년관람불가,"멜로/로맨스,드라마",,
투명 인간 아내의 불륜,2024-12-26,한국,한국,주식회사 바나나픽쳐스,주식회사 바나나픽쳐스,청소년관람불가,"성인물(에로),드라마",,
피스 바이 피스,2025-01-08,미국,미국,,유니버설픽쳐스인터내셔널 코리아(유),전체관람가,애니메이션,모건 네빌,"퍼렐 윌리엄스,스눕 독,그웬 스테파니,저스틴 팀버레이크,제이-지"
머나먼 서부,,미국,미국,,,,"서부극(웨스턴),멜로/로맨스",안소니 만,"제임스 스튜어트,루스 로만"
삶과 죽음의 문제,,영국,영국,,,,"멜로/로맨스,판타지,코미디","마이클 파웰,에메릭 프레스버거",데이빗 니븐
페라리,2025-01-08,미국,"미국,이탈리아,영국",,(주)씨제이이엔엠,15세이상관람가,"드라마,액션",마이클 만,"아담 드라이버,페넬로페 크루즈,쉐일린 우들리"
동화지만 청불입니다,2025-01-08,한국,한국,"골드독엔터테인먼트(주),(주)기억속의매미","(주)미디어캔,(주)영화특별시에스엠씨",청소년관람불가,코미디,이종석,"김범중,박지현,최시원,성동일,박건일,황세온,설우인,박철민,김영아,이시엘,남중규,이정형,곽자형,김창환,황현빈,문진성,최재희,박호산,김서라,최병모,차경찬,백한솔,이주미"
리얼리티+,,프랑스,프랑스,,찬란,15세이상관람가,"SF,멜로/로맨스,드라마",코랄리 파르쟈,
퍼스트 카우,2021-11-04,미국,미국,,(주)영화사 진진,12세이상관람가,"드라마,서부극(웨스턴)",켈리 라이카트,
"고요하게, 새벽의 산사",,한국,한국,,씨제이 씨지브이(CJ CGV)(주),전체관람가,기타,,
나눔자리 특별전 - 엄태구 배우전,,한국,한국,,,,드라마,,
대탈주,,미국,미국,,,,"액션,전쟁",,
대함정,,프랑스,"프랑스,이탈리아",,,,"액션,어드벤처",안드레 헌벨,"장 마레,다니 로뱅"
플랑드르,,프랑스,프랑스,,,,"드라마,전쟁",브루노 뒤몽,"아델라이데 레로우스,사무엘 보이딘"
릴 퀸퀸,,프랑스,프랑스,,,,기타,브루노 뒤몽,
마술피리,,미국,미국,,,,공연,,
써니,2011-05-04,한국,한국,"(주)알로하픽쳐스,(주)토일렛픽쳐스",(주)씨제이이엔엠,15세이상관람가,"드라마,코미디",강형철,"유호정,심은경,강소라,고수희,홍진희,강지원,김민영,김선경,진희경,김보미,이연경,박진주,남보라,민효린,윤미라,조민수,박윤정,신윤정,박영서,김예원,천우희,박중훈,최형태,심소희,최혜선,전선희,박혜성,진승환,김보름,김도엽,이상은,윤수진,최선아,박보영,윤정,임은채,최아름,류혜린,최영호,정은지,이승훈,이다슬,한승현,김새벽,성지루,정원중,정석용,김원해,최명길,이상아,김영옥,김보연,선주아,김시후,김혜옥,고준,박순천,권은수,양주호,박혁민,고은별"
프랑스,2022-01-13,프랑스,프랑스,,엠엔엠인터내셔널(주),12세이상관람가,드라마,브루노 뒤몽,"레아 세이두,벤자민 비올레이"
대결,1971-01-20,프랑스,"프랑스,이탈리아",,,,드라마,장 피에르 멜빌,"알랑 드롱,부르빌,지안 마리아 볼론테"
분노는 오렌지같이 파랗다,1992-01-11,프랑스,프랑스,,,고등학생이상관람가,"액션,스릴러,범죄",호세 삐네이로,"알랑 드롱,미셸 세로"
경찰의 은신처,,프랑스,프랑스,,,,"액션,범죄,멜로/로맨스,스릴러",알랑 드롱,
레드 선,1972-09-16,미국,"미국,프랑스",,,12세이상관람가,"사극,액션",테렌스 영,찰스 브론슨
슬랙 베이: 바닷가 마을의 비밀,2018-04-05,프랑스,프랑스,,(주)에스와이코마드,청소년관람불가,"미스터리,코미디",브루노 뒤몽,"줄리엣 비노쉬,파브리스 루치니,발레리아 브루니 테데스키"
사조영웅전 제삼집,,홍콩,홍콩,,,,"액션,드라마",장철,
이모부가 탐내는 H컵 거유,2025-01-03,한국,한국,,(주)씨맥스커뮤니케이션즈,청소년관람불가,성인물(에로),,
비호외전,,홍콩,홍콩,,,,"액션,드라마",장철,
사조영웅전 속집,,홍콩,홍콩,,,,"액션,드라마",장철,
녹정기,,홍콩,홍콩,,,,액션,화산,
서검은구록,,홍콩,홍콩,,,,액션,초원,
의천도룡기,,홍콩,홍콩,,,,"액션,드라마",초원,
의천도룡기: 대결국,,홍콩,홍콩,,,,"액션,드라마",초원,
신조협려,,홍콩,홍콩,,,,"액션,멜로/로맨스",장철,
2대1 여대생 노래방,2025-01-02,한국,한국,,주식회사 피에스앤제이,청소년관람불가,성인물(에로),,
4인용 텐트-유부녀1 남자3,2024-12-30,일본,일본,,(주)영진크리에이티브,청소년관람불가,"성인물(에로),드라마,멜로/로맨스",,
곧추 세워준 상담사 손맛,2025-01-01,일본,일본,,(주)영진크리에이티브,청소년관람불가,"성인물(에로),드라마,멜로/로맨스",,
꿀 떨어지는 돌싱녀,2025-01-02,한국,한국,(주)샤이커뮤니케이션즈,(주)샤이커뮤니케이션즈,청소년관람불가,성인물(에로),,
내 아내와 물 한번 빼주세요,2025-01-03,일본,일본,,(주)영진크리에이티브,청소년관람불가,"성인물(에로),드라마,멜로/로맨스",,
맛깔스러운 엉덩이의 도우미,2025-01-03,한국,한국,(주)샤이커뮤니케이션즈,(주)샤이커뮤니케이션즈,청소년관람불가,성인물(에로),,
멈추지 않는 손놀림,2024-12-31,일본,일본,,(주)가온콘텐츠,청소년관람불가,멜로/로맨스,키타노 마지메,사이조 루리
새아들 물 터트린 엄마,2025-01-01,일본,일본,,(주)영진크리에이티브,청소년관람불가,"성인물(에로),드라마,멜로/로맨스",,
새엄마 몸매가 쫄깃해,2025-01-03,일본,일본,,(주)영진크리에이티브,청소년관람불가,"성인물(에로),드라마,멜로/로맨스",,
새엄마에게 들킨 자위,2024-12-31,일본,일본,,(주)가온콘텐츠,청소년관람불가,멜로/로맨스,사루,나카모리 레이코
새엄마의 음란 위로 무삭제판,2024-12-31,일본,일본,,(주)가온콘텐츠,청소년관람불가,멜로/로맨스,사쿠라비토,아오이 유리카
새엄마의 최면술,2024-12-31,일본,일본,,(주)가온콘텐츠,청소년관람불가,멜로/로맨스,,
색귀가,2025-01-03,한국,한국,(주)영진크리에이티브,(주)영진크리에이티브,청소년관람불가,"성인물(에로),드라마,멜로/로맨스",모니카,
섹스를 즐기는 유부녀,2024-12-31,일본,일본,,(주)가온콘텐츠,청소년관람불가,멜로/로맨스,카니에,
섹스상담-크게 세워드려요,2024-12-30,일본,일본,,(주)영진크리에이티브,청소년관람불가,"성인물(에로),드라마,멜로/로맨스",,
여사장의 무방비한 둔덕-일단 넣고 봤다,2024-12-30,일본,일본,,(주)영진크리에이티브,청소년관람불가,"성인물(에로),드라마,멜로/로맨스",,
여자는 대물을 좋아해,2025-01-03,한국,한국,,(주)영화사가을,청소년관람불가,멜로/로맨스,,
예비 여동생이랑 비밀섹스,2025-01-02,한국,한국,(주)샤이커뮤니케이션즈,(주)샤이커뮤니케이션즈,청소년관람불가,성인물(에로),,
왕가슴 섹파-밤내 뽑는 둔덕질,2025-01-03,일본,일본,,(주)영진크리에이티브,청소년관람불가,"성인물(에로),드라마,멜로/로맨스",,
유부녀의 터진 성욕 무삭제판,2024-12-31,일본,일본,,(주)가온콘텐츠,청소년관람불가,멜로/로맨스,잠파,
육덕미 넘치는 유부녀 여상사,2025-01-03,한국,한국,(주)샤이커뮤니케이션즈,(주)샤이커뮤니케이션즈,청소년관람불가,성인물(에로),,
음란한 가랑이 무삭제판,2024-12-31,일본,일본,,(주)가온콘텐츠,청소년관람불가,멜로/로맨스,잠파,
음탕한 아내는 음란교사,2024-12-31,일본,일본,,(주)가온콘텐츠,청소년관람불가,멜로/로맨스,,
잘 주는 새엄마-물 빼줄까?,2025-01-01,일본,일본,,(주)영진크리에이티브,청소년관람불가,"성인물(에로),드라마,멜로/로맨스",,
잘 후리는 새엄마-벌려진 내 아랫도리,2024-12-30,일본,일본,,(주)영진크리에이티브,청소년관람불가,"성인물(에로),드라마,멜로/로맨스",,
핫바디 여무당-정기 빨린 남자들,2025-01-03,일본,일본,,(주)영진크리에이티브,청소년관람불가,"성인물(에로),드라마,멜로/로맨스",,
헤픈 엄마-새엄마가 뒷문 열어준 날 무삭제판,2025-01-01,일본,일본,,(주)영진크리에이티브,청소년관람불가,"성인물(에로),드라마,멜로/로맨스",,
(여자)아이들 월드투어 [아이돌] 인 시네마,2025-01-08,한국,한국,"씨제이포디플렉스 주식회사,스크린엑스 스튜디오","씨제이포디플렉스 주식회사,씨지브이 아이스콘",12세이상관람가,공연,오윤동,
코넬의 상자,2025-01-08,한국,한국,(주)지티지그룹,와이드 릴리즈(주),15세이상관람가,"미스터리,스릴러",이현지,"동하,허지원,김수민,도준영,지세현,박이현,곽연서,하시안,고도환,서진섭,전민옥,정준구,고현실,서아윤,차종민,송상민,백리나,차신태"
김재중 20주년 기념 콘서트 : 플라워 가든,2025-01-09,한국,한국,,씨지브이 아이스콘,전체관람가,공연,손석,김재중
폭락,2025-01-15,한국,한국,주식회사 무암,"주식회사 무암,영화로운 형제",15세이상관람가,"드라마,범죄",현해리,"이승빈,송재림,안우연,민성욱,소희정,손승범,장재호,함상혁,오정연,안상진,김근영,한명철"
귀신경찰,2025-01-24,한국,한국,HJ필름,"(주)제이앤씨미디어그룹,와이드 릴리즈(주)",12세이상관람가,코미디,김영준,"신현준,김수미,채시연,정준호,이동찬,나호숙"
리얼 페인,2025-01-15,미국,미국,,월트디즈니컴퍼니코리아 유한책임회사,15세이상관람가,"드라마,코미디",제시 아이젠버그,"제시 아이젠버그,키에란 컬킨"
플레이보이,,미국,미국,,,,코미디,마이클 고든,킴 노박
히트맨2,2025-01-22,한국,한국,"베리굿스튜디오(주),스튜디오타겟(주),슈퍼파워스튜디오 주식회사",(주)바이포엠스튜디오,15세이상관람가,"코미디,액션",최원섭,"권상우,정준호,이이경,황우슬혜,김성오,이지원,송윤하,오충근,김태완"
천국이 허락한 모든 것,,미국,미국,,,,"드라마,멜로/로맨스",더글라스 서크,"제인 와이먼,록 허드슨"
렛 미 인,2008-11-13,스웨덴,스웨덴,,"와이드 릴리즈(주),씨네그루(주)다우기술,(주)영화사구안",15세이상관람가,"공포(호러),드라마",토마스 알프레드슨,"카레 헤레브란트,리나 레안데르손"
카라바조의 그림자,2025-01-22,이탈리아,이탈리아,,(주)영화사 진진,청소년관람불가,드라마,미첼 프라치도,"리카르도 스카마르치오,루이 가렐,이자벨 위페르"
"따끈따끈, 거품 목욕",,한국,한국,,씨제이 씨지브이(CJ CGV)(주),전체관람가,기타,,
노스페라투,2025-01-15,미국,미국,,유니버설픽쳐스인터내셔널 코리아(유),청소년관람불가,공포(호러),로버트 에거스,"릴리 로즈 멜로디 뎁,니콜라스 홀트,빌 스카스가드,애론 테일러 존슨,윌렘 데포"
악의 화원,,미국,미국,,,,"액션,서부극(웨스턴)",헨리 해서웨이,
보이헌트,,미국,미국,,,,"코미디,드라마,멜로/로맨스",헨리 레빈,
실크 스타킹,,미국,미국,,,,드라마,루벤 마물리안,"프레드 아스테어,시드 채리스"
우리 생애 최고의 해,,미국,미국,사무엘 골드윈 컴퍼니,,,"멜로/로맨스,드라마",윌리엄 와일러,"미르나 로이,프레드릭 마치,다나 앤드류스,테레사 라이트"
[낫띵벗필름x인디스페이스 1월] 오동민: 휘리릭 우우웅 짠 반짝,,한국,한국,,,,드라마,,
추격기,,미국,미국,,,,"액션,드라마,멜로/로맨스",딕 파웰,"로버트 미첨,로버트 와그너,리차드 에건"
시실리안,,프랑스,"프랑스,미국",,,,"드라마,범죄",앙리 베르누이,"장 가뱅,알랑 드롱"
트웬티나인 팜스,,프랑스,"프랑스,독일,미국",,,,"드라마,공포(호러)",브루노 뒤몽,"데이빗 위삭,예카테리나 고루베바"
마당을 나온 암탉,2011-07-28,한국,한국,"(주)명필름,(주)오돌또기","메가박스중앙(주),롯데쇼핑㈜롯데엔터테인먼트",전체관람가,애니메이션,오성윤,"문소리,박철민,최민식,유승호,김상현,김한솔,홍윤정"
알파 앤 오메가,2011-02-24,미국,"미국,인도",,(주)넥스트엔터테인먼트월드(NEW),전체관람가,"애니메이션,어드벤처,코미디,가족","안소니 벨,벤 글럭","헤이든 파네티어,저스틴 롱,박규리,신동희(신동)"
까미유 끌로델,2013-10-24,프랑스,프랑스,3비프로덕션즈,찬란,15세이상관람가,드라마,부르노 뒤몽,"줄리엣 비노쉬,장 뤽 뱅상"
예수의 삶,,프랑스,프랑스,,,,드라마,브루노 뒤몽,
남녀 사이에 기승전결이 어딨어?,2025-01-09,한국,한국,영화사 장전동,유한회사 스튜디오 획,15세이상관람가,"멜로/로맨스,코미디",신유재,"유화정,박경복,유영호,유하리,김형근,마소율"
협객행,,홍콩,홍콩,,,,"액션,코미디",장철,
내 전용 여사원,2025-01-10,한국,한국,(주)영진크리에이티브,(주)영진크리에이티브,청소년관람불가,"성인물(에로),드라마,멜로/로맨스",모니카,
극락비행,2025-01-06,한국,한국,,바넴라인,청소년관람불가,성인물(에로),,
날 홍콩 보내버린 기술,2025-01-12,한국,한국,(주)룬컴퍼니,(주)룬컴퍼니,청소년관람불가,"코미디,성인물(에로)",선우용,
맛있는 가족,2025-01-08,한국,한국,(주)영화사가을,(주)영화사가을,청소년관람불가,멜로/로맨스,,
쇼호스트,2025-01-06,한국,한국,,바넴라인,청소년관람불가,성인물(에로),,
스타킹 신고 유혹하는 글래머,2025-01-06,한국,한국,(주)샤이커뮤니케이션즈,(주)샤이커뮤니케이션즈,청소년관람불가,성인물(에로),,
유난히 맛있던 동네 유부녀들,2025-01-08,한국,한국,폭풍의 눈,주식회사 원스크린,청소년관람불가,"드라마,성인물(에로)",,
죽도록 하고 싶은 육덕 미시녀,2025-01-06,한국,한국,(주)샤이커뮤니케이션즈,(주)샤이커뮤니케이션즈,청소년관람불가,성인물(에로),,
착한형수,2025-01-10,한국,한국,(주)파랑새미디어,(주)영진크리에이티브,청소년관람불가,"성인물(에로),드라마,멜로/로맨스",이타치,
홈쇼핑 AS,2025-01-07,한국,한국,,바넴라인,청소년관람불가,성인물(에로),,
귀여워,2004-11-26,한국,한국,튜브픽쳐스(주),(주)튜브엔터테인먼트,18세관람가,"드라마,코미디",김수현,"김석훈,정재영,예지원,박희순,장선우,박재영,박혜성,노진성,문성준,장석훈,윤일랑,김승식,이준원,김희정,김준배,박선우,김규남,이수빈,김필"
여자는 남자의 미래다,2004-05-05,한국,한국,"미라신코리아(주),유니코리아문예투자(주)",씨제이엔터테인먼트,18세관람가,드라마,홍상수,"유지태,성현아,김태우,오유진,엄수정,김호정,박정환,오달수,김방선,허영진,박희은,김대훈,전은미,박승배,서하나,김태훈,박희은"
하류인생,2004-05-21,한국,한국,태흥영화(주),(주)시네마서비스,15세관람가,액션,임권택,"조승우,김규리,문혜영,이재룡,이주원,최태환,송길한,조상연,조선종,박은아,김현석,최흥국,심재원,심효진,남우성,하성민,박호진,단혁태,백기현,지성환,서동현,모상범,서영우,김대승,김봉수,우영재,유광일,박동혁,김성실,이희탁,박민희,장은희,장찬희,전병욱,태인호,박상욱,임문섭,박상현,임수철,임순우,김태득,최영심,정수영,이후곤,임세호,오은석,김수용,김정섭,김정일,이기정,이한,김주경,이재인,최민철,오유진,김보연,남문철,이황의,송능한,문정희,한창현,손경원,주부진,손병욱"
슈퍼 엘프: 빨간모자 비밀요정,2025-01-15,독일,독일,,(주)박수엔터테인먼트,전체관람가,애니메이션,우테 폰 뮌쇼폴,
반지의 제왕 : 두 개의 탑,2002-12-19,미국,미국,,"워너브러더스 코리아(주),(주)시네마서비스",12세관람가,"액션,어드벤처,판타지",피터 잭슨,"일라이저 우드,이안 맥켈런,비고 모텐슨,숀 애스틴,리브 타일러,올랜도 블룸,숀 빈,빌리 보이드,케이트 블란쳇,휴고 위빙"
말할 수 없는 비밀,2025-01-27,한국,한국,(주)하이브미디어코프,메가박스중앙(주) 플러스엠 엔터테인먼트,전체관람가,"판타지,멜로/로맨스",서유민,"도경수,원진아,신예은,강말금,강경헌,임성재,안승균,김욱,오경화,조한준,김규선,공현지,배성우,하윤희,이채린,유예린,정해진,방예인,김윤우,공유림,조승희,김은비,김하송,백지혜,김강민,권반석,한동균,안미라,김영조,김선희,최상재"
더 엑소시즘,2025-01-15,미국,미국,,(주)누리픽쳐스,15세이상관람가,공포(호러),,"러셀 크로우,아담 골드버그,샘 워싱턴"
투 브라더스,2025-01-15,한국,한국,"토우미디어,㈜닥터케이프로덕션",㈜닥터케이프로덕션,15세이상관람가,다큐멘터리,닥터 케이,
극장판 포켓몬스터 AG: 뮤와 파동의 용사 루카리오,2025-01-22,일본,일본,,롯데컬처웍스(주)롯데엔터테인먼트,전체관람가,애니메이션,유야마 쿠니히코,"마츠모토 리카,오오타니 이쿠에,우에다 유지"
코만치 영역,,미국,미국,,,,"어드벤처,멜로/로맨스",조지 셔먼,"모린 오하라,맥도날드 캐리"
페르소나: 이상한 여자,2025-01-15,한국,한국,"(주)태양미디어그룹,닷팩토리","(주)플레이그램,(주)태양미디어그룹",15세이상관람가,드라마,정형석,"박호산,전혜연,방은희,정형석,김문희"
꼬마 판다 팡의 아프리카 대모험,2025-01-22,네덜란드,네덜란드,,(주)디스테이션,전체관람가,애니메이션,"리처드 클라우스,카스텐 킬러리치",
마이 맨 갓프리,,미국,미국,,,,"코미디,멜로/로맨스",그레고리 라 카바,"윌리엄 파웰,캐롤 롬바드"
에이전트 레컨,2025-01-17,미국,미국,,주식회사 풍경소리,15세이상관람가,"SF,액션",,"척 노리스,마크 싱어"
팔스타프,,미국,미국,,,,공연,,
사랑의 굴다리,,미국,미국,,,,"코미디,멜로/로맨스",진 켈리,도리스 데이
마지막 일몰,,미국,미국,,,,서부극(웨스턴),로버트 알드리치,"록 허드슨,커크 더글라스,도로시 말론"
카메라를 든 사람,,미국,미국,,,,다큐멘터리,커스틴 존슨,
2025 한국독립영화협회 회원작 상영회 - 단편섹션,,한국,한국,,,,기타,,
풀스윙,,한국,한국,,,,드라마,복운석,
알래스카의 혼,,미국,미국,,,,"서부극(웨스턴),코미디",헨리 해서웨이,"스튜어트 그랜저,존 웨인"
단잠,,한국,한국,,,,"드라마,범죄",BSIDE,
인디스데이 - 일상으로의 초대,,한국,한국,,,,기타,,
나눠 먹으면 더 맛있다,2025-01-13,한국,한국,(주)샤이커뮤니케이션즈,(주)샤이커뮤니케이션즈,청소년관람불가,성인물(에로),,
난 새엄마고 넌 내 의붓아들이야,2025-01-17,일본,일본,,(주)영진크리에이티브,청소년관람불가,"멜로/로맨스,드라마",,
도시여자들 섹스생활,2025-01-15,한국,한국,,주식회사 피에스앤제이,청소년관람불가,성인물(에로),,
"불륜, 변태 그리고 이상한 조문",2025-01-14,일본,일본,,(주)도키엔터테인먼트,청소년관람불가,멜로/로맨스,,
새엄마와 짜릿한 온천 여행,2025-01-14,일본,일본,,(주)영진크리에이티브,청소년관람불가,"멜로/로맨스,드라마",,
스토커 아가씨,2025-01-17,일본,일본,,(주)도키엔터테인먼트,청소년관람불가,멜로/로맨스,,
아내의 유혹 - 데릴사위,2025-01-14,일본,일본,,(주)도키엔터테인먼트,청소년관람불가,멜로/로맨스,,
아야뽕 - 변호사의 첫사랑,2025-01-14,일본,일본,,(주)도키엔터테인먼트,청소년관람불가,멜로/로맨스,,
얌전한 그녀의 화려한 도쿄 정복기,2025-01-14,일본,일본,,(주)영진크리에이티브,청소년관람불가,"멜로/로맨스,드라마",,
엄마 친구들 5,2025-01-17,한국,한국,(주)영화사가을,(주)영화사가을,청소년관람불가,멜로/로맨스,,
엄마 친구에게 씨받는 아들,2025-01-17,일본,일본,,(주)영진크리에이티브,청소년관람불가,"멜로/로맨스,드라마",,
우리 이러면 안돼요,2025-01-17,한국,한국,,(주)영화사가을,청소년관람불가,멜로/로맨스,,
잘 대주는 친절한 옆집 아줌마,2025-01-14,일본,일본,,(주)영진크리에이티브,청소년관람불가,"멜로/로맨스,드라마",,
절정에서 다른 취향에 각성하는 새엄마,2025-01-17,일본,일본,,(주)도키엔터테인먼트,청소년관람불가,성인물(에로),,
정사 : 잠든 남편 옆에서,2025-01-18,한국,한국,,(주)영화사가을,청소년관람불가,멜로/로맨스,,
처제의 젖은 가랑이,2025-01-13,한국,한국,(주)샤이커뮤니케이션즈,(주)샤이커뮤니케이션즈,청소년관람불가,성인물(에로),,
카렌-진실된 사랑찾기,2025-01-17,일본,일본,,(주)도키엔터테인먼트,청소년관람불가,멜로/로맨스,,
키스만으로 가버리는 그녀들,2025-01-14,일본,일본,,(주)영진크리에이티브,청소년관람불가,"멜로/로맨스,드라마",,
검은 수녀들,2025-01-24,한국,한국,영화사 집,(주)넥스트엔터테인먼트월드(NEW),15세이상관람가,"미스터리,드라마",권혁재,"송혜교,전여빈,이진욱,문우진,김국희,신재휘,박정학,전수지,박지일,유나,최유리,오만석,마시모 피에로,아드리아나 마리아 두엘로,이경성,윤진성,신주협,허준호,강동원,한동희,홍성덕,장의돈,김성준,곽영선,배진완,강정호,김비비,윤소희,우정환,유용,박용,이주형,윤종욱,이명하,이세랑,이유근,김동률,강태웅,정현준,안도현,서하림,조유진,김하루,심혜주,유하랑,공이연,문경초,한나라,김병철,엄모세,이종훈,조유라,박준호,조강민,토마스 프레데릭센,손문영,이은경,맹주원"
아이유 콘서트 : 더 위닝,2025-01-24,한국,한국,"씨제이포디플렉스 주식회사,스크린엑스 스튜디오","씨지브이 아이스콘,씨제이포디플렉스 주식회사",전체관람가,공연,"이예지,오윤동",이지은
뜻밖의 순간 : 언익스펙티드 저니,,한국,한국,"씨제이포디플렉스 주식회사,씨제이 씨지브이(CJ CGV)(주),(주)제일기획",,전체관람가,다큐멘터리,이진호,
반지의 제왕: 로히림의 전쟁,2025-01-25,미국,미국,,워너브러더스 코리아(주),12세이상관람가,애니메이션,카미야마 켄지,"브라이언 콕스,가이아 와이즈,미란다 오토"
도어즈,1993-04-24,미국,미국,,(주)라이크콘텐츠,"연소자관람불가,청소년관람불가",드라마,올리버 스톤,"발 킬머,맥 라이언,카일 맥라클란"
은혼 가시아귀편 온 씨어터,2025-01-24,일본,일본,,에스엠지홀딩스 주식회사,15세이상관람가,애니메이션,후지타 요이치,"스기타 토모카즈,나카이 카즈야"
브로큰,2025-02-05,한국,한국,"을지기획 주식회사,(주)사나이픽처스",(주)바른손이앤에이,15세이상관람가,"범죄,드라마",김진황,"하정우,김남길,유다인,정만식,임성재,이설,김찬형,장준녕,박종환,차래형,서현우,정재광,서혜린,허성태,김미경,김민상,류성현,김미화,양흥주,강학수,김시은,윤대열,양지수,강도연,현우석,황보정일,신동석,이태형,이혜수,김하은,엄옥란,박가영,이채린,유수정,임한성,김연교,박재한,박혜영,박응수,정환욱,유병선,노승우,심재완,안재만,승형배,이세호,차시원,이호,홍준희,정청민,한동원,박성인,유인선,주예지,김예림,임영주,김형석,김보현,조순철,이세랑,척재희"
오만과 편견,,미국,미국,,,,"드라마,뮤지컬",로버트 Z. 레너드,"로렌스 올리비에,그리어 가슨"
고양이키스 : 당신에게 마음을 여는 순간,2025-02-05,한국,한국,"(주)아토,(주)모토",(주)모토,전체관람가,드라마,황수빈,"오동민,류아벨,사혜진,이슬이,한지안"
엠알 나인,2025-01-22,미국,미국,,(주)블루라벨픽쳐스,15세이상관람가,"범죄,액션",아시프 아크바르,"프랭크 그릴로,마이클 제이 화이트"
하이퍼 프로젝션 연극 하이큐!!,2025-01-24,일본,일본,,에스엠지홀딩스 주식회사,12세이상관람가,공연,,스가 켄타
"초혼, 다시 부르는 노래",2025-03-19,한국,한국,주식회사 제이오엔터테인먼트코리아,커넥트픽쳐스(주),15세이상관람가,드라마,조정래,"조우주,김민중,신민규,김정연,정리노,윤동원,박철민,김동완,홍순철,민하은,리우진,최용석,이나리,김하진,김혁종,구본진,김영웅,남태우,김진영,임성철,박도영,신연미,박지희,김준형,서문경,김최용준,김예지,박민선,심형탁,김병춘,정무성,권형준,이봉하,장관배,박소을,양진억,장세아,김진휘,박근태"
만담,2025-02-05,한국,한국,메타코미디,씨지브이 아이스콘,12세이상관람가,공연,조승식,"이창호,곽범"
데드데드 데몬즈 디디디디 디스트럭션: 파트2,2025-02-05,일본,일본,,"주식회사 올랄라스토리,롯데컬처웍스(주)롯데시네마",15세이상관람가,애니메이션,,"이쿠타 리라,이리노 미유,우치야마 코우키,스와베 준이치,타케나카 나오토"
바다 탐험대 옥토넛 어보브 앤 비욘드 : 극지방 대작전,2025-01-27,영국,영국,,와이드 릴리즈(주),전체관람가,애니메이션,,"하성용,정재헌,엄상현,김율,유동균,한경화,김정은,박성영"
사령혼,,프랑스,"프랑스,스위스",,,,다큐멘터리,,
호조,2025-03-12,한국,한국,권필름,(주)드림팩트엔터테인먼트,12세이상관람가,"뮤지컬,드라마",권혁만,"최민우,장정식,이환의,김동원,조은주,이지형"
뜨거운 양철 지붕 위의 고양이,,미국,미국,,,,드라마,리차드 브룩스,"엘리자베스 테일러,폴 뉴먼,벌 아이비스"
서바이브,2025-01-23,프랑스,"프랑스,벨기에",,주식회사 풍경소리,15세이상관람가,"스릴러,액션,SF",프레데릭쟈댕,에밀리 드켄
밤길,,미국,미국,유니버셜 픽쳐스,,,"서부극(웨스턴),어드벤처",제임스 닐슨,"제임스 스튜어트,오디 머피,댄 두리아,다이앤 포스터"
사랑아 나는 통곡한다,,미국,미국,,,,멜로/로맨스,윌리엄 와일러,"올리비아 드 하빌랜드,몽고메리 클리프트,랄프 리차드슨,마리암 홉킨스"
튤립 모양,2023-04-19,한국,한국,(주)삼거리픽쳐스,(주)삼거리픽쳐스,12세이상관람가,"드라마,멜로/로맨스",양윤모,"유다인,김다현,문희경,김정균"
로스트 하이웨이,1997-05-10,미국,미국,,(주)영화사 안다미로,연소자관람불가,"드라마,미스터리,스릴러",데이빗 린치,"빌 풀만,패트리시아 아퀘트"
이레이저 헤드,1996-07-13,영국,영국,American Film Institute,(주)영화사 안다미로,고등학생이상관람가,"공포(호러),판타지,드라마",데이빗 린치,"잭 낸스,샬롯 스튜어트,잔느 베이츠"
트윈 픽스,1995-03-25,미국,미국,"씨비 2000,뉴라인 시네마",(주)영화사 안다미로,연소자관람불가,"미스터리,드라마",데이빗 린치,"카일 맥라클란,쉐릴 리"
몽상가들,2005-03-25,프랑스,프랑스,더 레코디드 픽쳐 프로덕션,"찬란,오드",18세관람가,"드라마,멜로/로맨스",베르나르도 베르톨루치,"에바 그린,마이클 피트,루이 가렐,로빈 레누치,안나 챈셀러"
아나스타샤,,미국,미국,,,,드라마,아나톨 리트박,"잉그리드 버그만,율 브린너"
박이웅 단편선,,한국,한국,,,,드라마,,
골 때리고 떡 때리는 그녀들: 후반,2025-01-24,한국,한국,진픽쳐스,유한회사 스튜디오 획,청소년관람불가,드라마,,
단둘만의 아찔한 온천여행,2025-01-24,일본,일본,,(주)영진크리에이티브,청소년관람불가,"멜로/로맨스,드라마",,
대물 흑인에 푹 빠진 여자들,2025-01-25,한국,한국,(주)영화사가을,(주)영화사가을,청소년관람불가,멜로/로맨스,,
돌아온 형수님,2025-01-21,한국,한국,주식회사 바나나픽쳐스,주식회사 바나나픽쳐스,청소년관람불가,"성인물(에로),드라마",,
렌탈보이,2025-01-24,일본,일본,,(주)도키엔터테인먼트,청소년관람불가,멜로/로맨스,,
모든걸 쏟아내는 유부녀 무삭제판,2025-01-24,일본,일본,,주식회사 케이앤아이,청소년관람불가,멜로/로맨스,사쿠라비토,
몽블랑의 여자,2025-01-24,일본,일본,,(주)도키엔터테인먼트,청소년관람불가,멜로/로맨스,,
새엄마의 구멍 쉐어링 무삭제판,2025-01-24,일본,일본,,주식회사 케이앤아이,청소년관람불가,멜로/로맨스,,츠카다 시오리
야한 그녀의 새하얀 속살,2025-01-24,일본,일본,,(주)영진크리에이티브,청소년관람불가,"멜로/로맨스,드라마",,
우리 넣은적 있나요 무삭제판,2025-01-24,일본,일본,,주식회사 케이앤아이,청소년관람불가,멜로/로맨스,디렉터 O,
유부녀 : 남편보다 맛있는 남자들,2025-01-25,한국,한국,(주)영화사가을,(주)영화사가을,청소년관람불가,멜로/로맨스,,
유부녀 삽입의 시작 무삭제판,2025-01-24,일본,일본,,주식회사 케이앤아이,청소년관람불가,멜로/로맨스,,
치한-연애금지,2025-01-24,일본,일본,,(주)도키엔터테인먼트,청소년관람불가,멜로/로맨스,,
큰 사위 애정하는 장모님,2025-01-21,한국,한국,주식회사 바나나픽쳐스,주식회사 바나나픽쳐스,청소년관람불가,"성인물(에로),드라마",,
타케오의 첩,2025-01-24,일본,일본,,(주)도키엔터테인먼트,청소년관람불가,멜로/로맨스,,
죽은 시인의 사회,1990-05-19,미국,미국,터치스톤 픽처스,"롯데컬처웍스(주)롯데시네마,(주)디스테이션,(주)드림팩트엔터테인먼트,브에나비스타픽쳐스","12세이상관람가,연소자관람가",드라마,피터 위어,"로빈 윌리엄스,에단 호크,로버트 숀 레오나드"
극장판 쿠로코의 농구 라스트 게임,2017-04-27,일본,일본,,"(주)바이포엠스튜디오,씨제이 씨지브이(CJ CGV)(주),(주)박수엔터테인먼트",12세이상관람가,애니메이션,타다 슌스케,오노 켄쇼
하이큐!! 승자와 패자,2016-12-28,일본,일본,,"에스엠지홀딩스 주식회사,(주)이수C&E,(주)팝엔터테인먼트",12세이상관람가,애니메이션,미츠나카 스스무,
순응자,2016-01-28,이탈리아,"이탈리아,프랑스,독일",,"일미디어,㈜영화사 백두대간",청소년관람불가,드라마,베르나르도 베르톨루치,"장-루이 트린티냥,스테파니아 산드렐리,도미니크 샌다"
바람에 쓴 편지,,미국,미국,,,,"드라마,멜로/로맨스",더글라스 서크,"록 허드슨,로렌 바콜,로버트 스택"
혈투의 계곡,,미국,미국,메트로-골드윈-마이어,,,"서부극(웨스턴),가족",리처드 소프,"버트 랭커스터,로버트 워커,조안나 드루,샐리 포레스트"
산딸기 2,1985-02-02,한국,한국,남아진흥(주),(주)프리즘웍스,"연소자관람불가,청소년관람불가","드라마,멜로/로맨스",김수형,"마흥식,선우일란,최재호,유영국,여운계"
황야의 7인,1972-11-02,미국,미국,유나이티드 아티스트,,,"드라마,서부극(웨스턴),어드벤처",존 스터지스,"율 브린너,엘리 왈라치"
(로컬 픽: 시간과 빛) 유상곤 감독 특별전,,한국,한국,,,,드라마,,
뮤리엘의 웨딩,1995-05-20,호주,호주,씨비 2000,"해피송,(주)하명중 영화제작소","고등학생이상관람가,15세이상관람가","코미디,드라마,멜로/로맨스",P.J. 호건,"토니 콜렛,레이첼 그리피스,소피 리,빌 헌터"
1944 레지스탕스,2025-01-30,러시아,러시아,,(주)도키엔터테인먼트,15세이상관람가,"전쟁,액션",,
MZ가 아재와의 섹스를 좋아하는 이유 무삭제판,2025-02-02,일본,일본,,(주)영진크리에이티브,청소년관람불가,"성인물(에로),드라마,멜로/로맨스",,
남편 몰래 단백질 넣어준 부장님,2025-02-01,일본,일본,,(주)영진크리에이티브,청소년관람불가,"성인물(에로),드라마,멜로/로맨스",,
부장님의 비서가 된 귀여운 내 아내,2025-01-31,일본,일본,,(주)영진크리에이티브,청소년관람불가,"성인물(에로),드라마,멜로/로맨스",,
새엄마 마지막으로 한번만 하자,2025-02-02,일본,일본,,(주)영진크리에이티브,청소년관람불가,"성인물(에로),드라마,멜로/로맨스",,
쌓인 마일리지 듬뿍 먹어준 마담,2025-02-01,일본,일본,,(주)영진크리에이티브,청소년관람불가,"성인물(에로),드라마,멜로/로맨스",,
씨 뿌리러 돌아온 의붓아들,2025-02-02,일본,일본,,(주)영진크리에이티브,청소년관람불가,"성인물(에로),드라마,멜로/로맨스",,
아들친구 올라탄 새엄마-다음은 네 차례야,2025-02-01,일본,일본,,(주)영진크리에이티브,청소년관람불가,"성인물(에로),드라마,멜로/로맨스",,
여자로 느끼게 해주는 새엄마,2025-01-31,일본,일본,,(주)영진크리에이티브,청소년관람불가,"성인물(에로),드라마,멜로/로맨스",,
웹캠:성욕과 물터지는 섹시한 가정부,2025-01-31,일본,일본,,(주)영진크리에이티브,청소년관람불가,"성인물(에로),드라마,멜로/로맨스",,
잊을 수 없는 미녀와 떡정,2025-01-31,일본,일본,,(주)영진크리에이티브,청소년관람불가,"성인물(에로),드라마,멜로/로맨스",,
젖은 밤 팬티 내려준 산타걸,2025-02-02,일본,일본,,(주)영진크리에이티브,청소년관람불가,"성인물(에로),드라마,멜로/로맨스",,
후배아내 명기조련시킨 과장님,2025-02-01,일본,일본,,(주)영진크리에이티브,청소년관람불가,"성인물(에로),드라마,멜로/로맨스",,
9월 5일: 위험한 특종,2025-02-05,미국,미국,,롯데컬처웍스(주)롯데엔터테인먼트,15세이상관람가,"스릴러,드라마",팀 펠바움,"피터 사스가드,존 마가로,벤 채플린,레오니 베네쉬"
"레드벨벳 해피니스 다이어리 : 마이 디어, 레베럽 인 시네마",2025-02-05,한국,한국,"씨제이포디플렉스 주식회사,스크린엑스 스튜디오",씨제이포디플렉스 주식회사,전체관람가,공연,"김선형,오윤동",
클로저,2005-02-03,미국,미국,워너 브러더스 텔레비전,"롯데컬처웍스(주)롯데시네마,(주)스튜디오디에이치엘,(주)퍼스트런,글뫼 주식회사,소니픽쳐스릴리징코리아","18세관람가,청소년관람불가","멜로/로맨스,드라마",마이크 니콜스,"나탈리 포트만,주드 로,줄리아 로버츠,클라이브 오웬"
멀홀랜드 드라이브,2001-11-30,미국,미국,,(주)영화사 안다미로,18세관람가,"드라마,미스터리",데이빗 린치,"로라 해링,나오미 왓츠"
명탐정 코난: 14번째 표적,2025-02-14,일본,일본,,(주)씨제이이엔엠,12세이상관람가,애니메이션,코다마 켄지,
브루탈리스트,2025-02-12,미국,미국,,유니버설픽쳐스인터내셔널 코리아(유),청소년관람불가,드라마,브래디 코베,"애드리언 브로디,펠리시티 존스,가이 피어스"
퇴마록,2025-02-21,한국,한국,(주)로커스,(주)쇼박스,12세이상관람가,"애니메이션,액션,미스터리",김동철,"최한,남도형,정유정,김연우,홍승효,황창영,김민주,표영재"
써니데이,2025-02-19,한국,한국,(주)삼거리픽쳐스,(주)트리플픽쳐스,12세이상관람가,드라마,이창무,"최다니엘,정혜인,한상진,강은탁,김정화,김정균,주석제,지성원,김기남,정민경,안지환,오지혜,문환희,이건록,정은주,전범준,이주미,김도원,나현준,박인철"
컴플리트 언노운,2025-02-26,미국,미국,,월트디즈니컴퍼니코리아 유한책임회사,12세이상관람가,드라마,제임스 맨골드,"티모시 샬라메,에드워드 노튼,엘 패닝,모니카 바바로,보이드 홀브룩,댄 포글러,노버트 리오 버츠,스쿳 맥네이리"
엘리: 몬스터 패밀리,2025-02-14,독일,독일,,"(주)올스타엔터테인먼트,(주)플레이그램",전체관람가,애니메이션,"피엣 드 라이커,예스퍼 묄러",
에밀리아 페레즈,2025-03-12,프랑스,프랑스,,"그린나래미디어(주),(주)레드아이스 엔터테인먼트,롯데컬처웍스(주)롯데시네마",15세이상관람가,"뮤지컬,코미디",자크 오디아르,"카를라 소피아 가스콘,조 샐다나,셀레나 고메즈"
두 사람,2025-02-12,한국,한국,반박지은필름,"반박지은필름,(주)시네마달",12세이상관람가,다큐멘터리,반박지은,"이수현,김인선"
도쿄의 밤하늘은 항상 가장 짙은 블루,2019-02-14,일본,일본,,(주)디오시네마,15세이상관람가,멜로/로맨스,이시이 유야,"이케마츠 소스케,마츠다 류헤이,이시바시 시즈카"
콘클라베,2025-03-05,미국,미국,,(주)디스테이션,12세이상관람가,"드라마,스릴러",에드워드 버거,"랄프 파인즈,스탠리 투치,존 리스고,이사벨라 로셀리니"
머더 컴퍼니: 살인 중대,2025-02-06,미국,미국,,주식회사 풍경소리,15세이상관람가,"전쟁,액션",셰인 댁스 테일러,윌리엄 모즐리
빅 피쉬,2004-03-05,미국,미국,"더 자눅 컴퍼니,콜럼비아트라이스타픽쳐스,코헨 프로덕션","롯데컬처웍스(주)롯데시네마,(주)팝엔터테인먼트,한국소니픽쳐스릴리징브에나비스타영화㈜","12세이상관람가,12세관람가",판타지,팀 버튼,"이완 맥그리거,알버트 피니,빌리 크루덥,제시카 랭,헬레나 본햄 카터,알리슨 로먼,마리옹 꼬띠아르"
안드레아 보첼리 데뷔 30주년 기념 콘서트,,미국,미국,,(주)케빈앤컴퍼니,,공연,,"안드레아 보첼리,에드 시런,윌 스미스,조니 뎁,플라시도 도밍고,소피아 카슨,랑랑,브라이언 메이,러셀 크로우,캐서린 맥피,소피아 베르가라"
하이퍼 프로젝션 연극 하이큐!! 승자와 패자,2025-02-07,일본,일본,,에스엠지홀딩스 주식회사,12세이상관람가,공연,,스가 켄타
정돌이,2025-02-12,한국,한국,인디라인,인디라인,12세이상관람가,다큐멘터리,김대현,
풀,2025-06-18,한국,한국,생의 한가운데,미디어나무(주),청소년관람불가,다큐멘터리,이수정,
몽유도원,2025-02-19,한국,한국,글로리 필름,필름다빈,12세이상관람가,"코미디,드라마",장정혜,"이갑선,이호성,임태산,이혁,이유하,이호진,김재록,최진호,이태준,한상훈,김최용준"
붉은 사막,2023-07-26,이탈리아,이탈리아,,일미디어,15세이상관람가,드라마,미켈란젤로 안토니오니,"모니카 비티,리차드 해리스"
스플렌도르,,이탈리아,"이탈리아,프랑스",,,,드라마,에토르 스콜라,"마르첼로 마스트로얀니,마시모 트로이시"
신데렐라,,영국,영국,,(주)위즈온센,,공연,,
제89회 작은영화영화제 - 전국~영화자랑! - 호남편 두번째 이야기,,한국,한국,,,,드라마,,
시에라 마드레의 보물,,미국,미국,,,,"어드벤처,드라마",존 휴스턴,"험프리 보가트,월터 휴스톤"
빳빳한 한국남자에 경련하는 일본녀,2025-02-07,한국,한국,,(주)씨맥스커뮤니케이션즈,청소년관람불가,성인물(에로),,
옵티그래프,,한국,한국,,,,다큐멘터리,이원우,
"그곳, 날씨는",,한국,한국,,,,다큐멘터리,이원우,
교실 안의 야크,2020-09-30,기타,기타,,주식회사 슈아픽처스,전체관람가,드라마,,
거부할 수 없는 절정 체험 무삭제판,2025-02-05,일본,일본,,(주)가온콘텐츠,청소년관람불가,멜로/로맨스,오오사키히로하루,미즈타니 코코네
넣어주길 원하는 며느리 무삭제판,2025-02-05,일본,일본,,(주)가온콘텐츠,청소년관람불가,멜로/로맨스,사쿠라비토,
도발하다 당한 새엄마 무삭제판,2025-02-05,일본,일본,,(주)가온콘텐츠,청소년관람불가,멜로/로맨스,사쿠라비토,
동정뺏은 새엄마 무삭제판,2025-02-05,일본,일본,,(주)가온콘텐츠,청소년관람불가,멜로/로맨스,사쿠라비토,
며느리의 그맛 무삭제판,2025-02-05,일본,일본,,(주)가온콘텐츠,청소년관람불가,멜로/로맨스,사쿠라비토,
밀착한 아들의 여자 무삭제판,2025-02-05,일본,일본,,(주)가온콘텐츠,청소년관람불가,멜로/로맨스,오오사키히로하루,
밤에 젖는 며느리 무삭제판,2025-02-05,일본,일본,,(주)가온콘텐츠,청소년관람불가,멜로/로맨스,사쿠라비토,
사육당하는 며느리 무삭제판,2025-02-05,일본,일본,,(주)가온콘텐츠,청소년관람불가,멜로/로맨스,사쿠라비토,
상사의 아내 : 들이대는 남편 부하 직원들,2025-02-07,한국,한국,(주)영화사가을,(주)영화사가을,청소년관람불가,멜로/로맨스,,
섹스 컬렉션,2025-02-07,한국,한국,(주)영화사가을,(주)영화사가을,청소년관람불가,멜로/로맨스,,
여대생의 야릇한 친절,2025-02-06,한국,한국,(주)샤이커뮤니케이션즈,(주)샤이커뮤니케이션즈,청소년관람불가,성인물(에로),,
여동생보다 맛있는 언니,2025-02-05,한국,한국,(주)샤이커뮤니케이션즈,(주)샤이커뮤니케이션즈,청소년관람불가,성인물(에로),,
예쁜데 외로움 타는 돌싱녀,2025-02-07,한국,한국,(주)샤이커뮤니케이션즈,(주)샤이커뮤니케이션즈,청소년관람불가,성인물(에로),,
유부녀 : 남편만 몰라요 내가 맛있는지,2025-02-03,한국,한국,(주)영화사가을,(주)영화사가을,청소년관람불가,멜로/로맨스,,
자매전쟁,2025-02-07,한국,한국,(주)파랑새미디어,(주)영진크리에이티브,청소년관람불가,"성인물(에로),드라마,멜로/로맨스",이타치,
제수씨의 넘치는 욕정 무삭제판,2025-02-05,일본,일본,,(주)가온콘텐츠,청소년관람불가,멜로/로맨스,사쿠라비토,
처음이라 더 맛있어,2025-02-05,한국,한국,(주)샤이커뮤니케이션즈,(주)샤이커뮤니케이션즈,청소년관람불가,성인물(에로),,
캠핑의 목적 : 스와핑,2025-02-03,한국,한국,,(주)영화사가을,청소년관람불가,성인물(에로),,
택배 배달의 목적,2025-02-06,한국,한국,,주식회사 피에스앤제이,청소년관람불가,성인물(에로),,
형수는 상담중 무삭제판,2025-02-05,일본,일본,,(주)가온콘텐츠,청소년관람불가,멜로/로맨스,사쿠라비토,
366일,,몽고,몽고,,,,멜로/로맨스,,
뭉호,,몽고,몽고,,,,다큐멘터리,,
반칙왕,2000-02-04,한국,한국,(주)영화사봄,(주)시네마서비스,12세관람가,코미디,김지운,"송강호,장진영,박상면,박성웅,이무현,장항선,이원종,이기영,정웅인,송영창,김수로,명계남,신구,김가연,지대한,박지일"
원,,몽고,몽고,,,,스릴러,,
호라이즌,,몽고,몽고,,,,드라마,,
캡틴 아메리카: 브레이브 뉴 월드,2025-02-12,미국,미국,,월트디즈니컴퍼니코리아 유한책임회사,12세이상관람가,"액션,어드벤처,SF",줄리어스 오나,"안소니 마키,해리슨 포드,대니 라미레즈,칼 럼블리,지안카를로 에스포지토,리브 타일러,팀 블레이크 넬슨"
500일의 썸머,2010-01-21,미국,미국,스네이크 프리뷰,"롯데컬처웍스(주)롯데시네마,(주)스튜디오디에이치엘,(주)팝엔터테인먼트,이십세기폭스코리아(주)",15세이상관람가,"드라마,멜로/로맨스",마크 웹,"조셉 고든 레빗,주이 데샤넬,제프리 아렌드,클로이 모레츠"
첫 번째 키스,2025-02-26,일본,일본,,메가박스중앙(주),12세이상관람가,"드라마,멜로/로맨스",츠카하라 아유코,"마츠 다카코,마츠무라 호쿠토,요시오카 리호,모리 나나,릴리 프랭키"
은혼 일국경성편 온 씨어터,2025-02-14,일본,일본,,에스엠지홀딩스 주식회사,15세이상관람가,애니메이션,후지타 요이치,"스기타 토모카즈,사카구치 다이스케"
패딩턴: 페루에 가다!,2025-02-19,미국,"미국,영국,프랑스",,소니픽쳐스엔터테인먼트코리아주식회사극장배급지점,전체관람가,"코미디,드라마",,"휴 보네빌,에밀리 모티머,벤 위쇼,올리비아 콜맨,안토니오 반데라스"
영화 이상한 과자 가게 전천당,2025-02-19,일본,일본,,(주)넥스트엔터테인먼트월드(NEW),전체관람가,"판타지,미스터리,드라마",나카타 히데오,"아마미 유키,오오하시 카즈야,카미시라이시 모네,이하라 릿카"
브리짓 존스의 일기: 뉴 챕터,2025-04-16,영국,영국,,유니버설픽쳐스인터내셔널 코리아(유),15세이상관람가,"코미디,멜로/로맨스,드라마",마이클 모리스,"르네 젤위거,휴 그랜트,엠마 톰슨,치웨텔 에지오포,레오 우달"
히어,2025-02-19,미국,미국,,"메가박스중앙(주),(주)이놀미디어",12세이상관람가,드라마,로버트 저메키스,"톰 행크스,로빈 라이트,폴 베타니,켈리 라일리"
씽씽,,미국,미국,,오드,15세이상관람가,드라마,그레그 퀘다르,콜먼 도밍고
너는 나를 불태워,2025-08-27,아르헨티나,아르헨티나,,시네마토그래프,15세이상관람가,드라마,마티아스 피녜이로,마리아 빌라르
카라바조. 영혼과 피,2025-02-19,이탈리아,이탈리아,,일미디어,전체관람가,다큐멘터리,,
아카디안,2025-02-13,미국,미국,,(주)스튜디오디에이치엘,15세이상관람가,"SF,액션,스릴러",벤자민 브루어,니콜라스 케이지
밤,,이탈리아,"이탈리아,프랑스",,,,드라마,미켈란젤로 안토니오니,"모니카 비티,잔느 모로"
이사벨라,,아르헨티나,아르헨티나,,,,기타,마티아스 피녜이로,
허미아와 헬레나,,아르헨티나,"아르헨티나,미국",,,,"드라마,코미디",마티아스 피녜이로,
비올라,,아르헨티나,"아르헨티나,미국",,,,드라마,마티아스 피녜이로,
베르밀리오,,이탈리아,"이탈리아,프랑스,벨기에",,,,드라마,,
도둑맞은남자,,아르헨티나,아르헨티나,,,,드라마,마티아스 피녜이로,마리아 빌라르
프랑스 공주,,아르헨티나,아르헨티나,,,,"드라마,코미디,멜로/로맨스",마티아스 피녜이로,
그들은 모두 거짓말하고 있다,,아르헨티나,아르헨티나,,,,드라마,마티아스 피녜이로,
지구 최후의 날,,,,,,,,,
네이키드 정글,,,,,,,,,
귀부인과 승무원,,이탈리아,이탈리아,,,,"코미디,드라마",리나 베르트뮬러,"지안카를로 지아니니,마리안젤라 멜라토"
19,,이탈리아,이탈리아,,,,드라마,,
시실리인의 편지,,이탈리아,"이탈리아,프랑스",,,,"드라마,범죄",,
아메리칸 백야드,,이탈리아,"이탈리아,미국",,,,"공포(호러),스릴러",푸피 아바티,
오오극장 개관 10주년 특별전 - 대구독립단편,,한국,한국,,,,드라마,,
수성못,2018-04-19,한국,한국,한국영화아카데미,㈜인디스토리,15세이상관람가,"드라마,코미디",유지영,"이세영,김현준,남태부,김현출,강신일,최영주,김민규,오동민,박현영,강소연,윤정로,박이수,윤진,감정원,강민영,김소라,김소희,김수경,김준형,김진호,김형주,박미령,박미령,박수연,박정현,박혜준,배경헌,배경헌,손희수,유지영,이수빈,이승찬,이유리,이재우,이정민,장병기,정민주,정석원,정수민,정수민,정지윤,최은영,최태규,황지은,윤진,최원,이승우"
혹 실례가 되지 않는다면 파트 2,,이탈리아,이탈리아,,,,드라마,,
전장,,이탈리아,이탈리아,,,,드라마,지아니 아멜리오,
너도 먹고 나도 먹고,2025-02-14,한국,한국,(주)파랑새미디어,(주)영진크리에이티브,청소년관람불가,"성인물(에로),드라마,멜로/로맨스",이타치,
골 때리고 떡 때리는 그녀들: 연장전,2025-02-11,한국,한국,진픽쳐스,유한회사 스튜디오 획,청소년관람불가,드라마,,
골프정사,2025-02-14,한국,한국,유한회사 스튜디오 획,유한회사 스튜디오 획,청소년관람불가,드라마,,
몽정녀,2025-02-13,한국,한국,폭풍의 눈,주식회사 원스크린,청소년관람불가,"드라마,성인물(에로)",한동연,
여강사의 이상한 자습시간,2025-02-13,한국,한국,폭풍의 눈,주식회사 원스크린,청소년관람불가,"드라마,성인물(에로)",박재식,
옆집 남자 유혹하는 잠옷의 그녀,2025-02-14,일본,일본,,(주)영진크리에이티브,청소년관람불가,"멜로/로맨스,드라마",,
조금 노는 언니들의 동정 따먹기,2025-02-14,일본,일본,,(주)영진크리에이티브,청소년관람불가,"멜로/로맨스,드라마",,
"한남자 세여자 : 아내, 장모, 형수",2025-02-14,한국,한국,(주)영화사가을,(주)영화사가을,청소년관람불가,멜로/로맨스,,
"극장판 요아소비 5주년 기념 돔 라이브 2024 ""초현실""",2025-02-21,일본,일본,,"리벳,씨제이 씨지브이(CJ CGV)(주)",전체관람가,공연,,
미키 17,2025-02-28,미국,미국,"플랜 비 엔터테인먼트,(주)오프스크린",워너브러더스 코리아(주),15세이상관람가,"어드벤처,SF,드라마,코미디",봉준호,"로버트 패틴슨,나오미 애키,스티븐 연,토니 콜렛,마크 러팔로"
캔터빌의 유령,2025-02-26,미국,미국,,와이드 릴리즈(주),전체관람가,애니메이션,,
리차드 3세,,영국,영국,,,,"드라마,전쟁",로렌스 올리비에,"세드릭 하드윅,니콜라스 하넨,로렌스 올리비에,랄프 리차드슨,존 길거드"
하이퍼 프로젝션 연극 하이큐!! 최강의 팀,2025-02-21,일본,일본,,에스엠지홀딩스 주식회사,12세이상관람가,공연,키노시타 워리,"스가 켄타,카게야마 타츠야"
화이트 버드,2025-03-12,미국,미국,,주식회사 올랄라스토리,12세이상관람가,드라마,마크 포스터,
로망스,2025-02-27,한국,한국,"(주)필름아르떼,한국영상대학교","(주)제이앤씨미디어그룹,와이드 릴리즈(주)",12세이상관람가,"코미디,멜로/로맨스",한만택,"문예원,박상남,강단우,김건호,주인서,여준민,조성희,김영범,전수진,이자은,김선웅,한희정,유일한"
사랑은 사라지지 않는다,2025-02-26,프랑스,프랑스,,(주)엣나인필름,12세이상관람가,드라마,에르완 르 뒥,"나우엘 페레즈 비스카야트,셀레스트 브룬켈"
황혼,,미국,미국,,,,드라마,윌리엄 와일러,"로렌스 올리비에,제니퍼 존스"
에체 봄보,,이탈리아,이탈리아,,,,"코미디,드라마",난니 모레티,
황색 하늘,,미국,미국,,,,서부극(웨스턴),윌리엄 A. 웰만,"그레고리 펙,앤 박스터"
파리의 연인,,미국,미국,파라마운트 픽쳐스,,,"멜로/로맨스,코미디,뮤지컬",스탠리 도넌,"오드리 헵번,프레드 아스테어"
위플래쉬,2015-03-12,미국,미국,,"(주)넥스트엔터테인먼트월드(NEW),워터홀컴퍼니(주),(주)쇼박스",15세이상관람가,드라마,데이미언 셔젤,"마일즈 텔러,J.K. 시몬스"
미스터 로봇,2025-04-04,한국,한국,"(주)이대희 애니메이션스튜디오,(주)302플래닛,㈜인디스토리",(주)넥스트엔터테인먼트월드(NEW),12세이상관람가,애니메이션,이대희,"박성영,김연우,이호산,안영미,이달래,황동현,김동현"
치코와 리타,2012-01-05,스페인,"스페인,영국",,찬란,15세이상관람가,"애니메이션,멜로/로맨스","페르난도 트루에바,하비에르 마리스칼,토노 에란도","에만 소르 오냐,리마라 메니시스"
결국 남편 상사를 세워줬습니다,2025-02-17,일본,일본,,(주)영진크리에이티브,청소년관람불가,"멜로/로맨스,드라마",,
나는 자연산이다,2025-02-19,한국,한국,유한회사 스튜디오 획,유한회사 스튜디오 획,청소년관람불가,드라마,,
무법자: 대결투,2025-02-20,미국,미국,,(주)제이앤씨미디어그룹,15세이상관람가,액션,,
미국 대침몰,2025-02-20,미국,미국,,(주)제이앤씨미디어그룹,12세이상관람가,액션,,
"섹스의 맛 : 중년부부, 신혼부부",2025-02-22,한국,한국,,(주)영화사가을,청소년관람불가,멜로/로맨스,,
여자로 봐달라는 알바유부녀의 유혹,2025-02-17,일본,일본,,(주)도키엔터테인먼트,청소년관람불가,성인물(에로),,
옆집 이모-이제 내 아내가 되어줘,2025-02-17,일본,일본,,(주)영진크리에이티브,청소년관람불가,"멜로/로맨스,드라마",,
이찬원 콘서트 찬가: 디어 마이 찬스,2025-02-26,한국,한국,,씨지브이 아이스콘,전체관람가,공연,"오정민,반연진",이찬원
백수아파트,2025-02-26,한국,한국,"주식회사 빅펀치픽쳐스,(주)노바필름,(주)이오콘텐츠그룹",메가박스중앙(주) 플러스엠 엔터테인먼트,12세이상관람가,"미스터리,드라마,코미디",이루다,"경수진,고규필,이지훈,김주령,최유정,정희태,박정학,차우진,배재영,박현영,김세아,박후,허준석,김찬형,고성완,서인권,전영,정자영,김송일,김태윤,김호준,이중현,박세기,이음,이재혁,김준식,김한준,김용학,조재경,윤현경,최상배,정하은,안희주,이대은,강지윤,임준형,노재훈,권혜원,이충훈,노현태,방정민,김상봉,신진철,김영찬,표은찬"
힘내라 대한민국,2025-02-27,한국,한국,㈜영화사 아리랑,주식회사 킨스튜디오,12세이상관람가,다큐멘터리,,최윤슬
7인의 황후,2025-02-26,한국,한국,(주)오알지 엔터테인먼트,(주)드림팩트엔터테인먼트,15세이상관람가,"코미디,드라마",신철승,"김청,김소랑,이주리,김미화,전성애,김미연"
차라리 죽여,2025-02-26,한국,한국,주식회사 빈스필름,영화로운 형제,청소년관람불가,"코미디,드라마",김상훈,"김주은,김도연,안정균"
열쇠,,영국,영국,,,,"전쟁,멜로/로맨스",캐롤 리드,"윌리엄 홀든,소피아 로렌"
준스톤 이어원,2025-03-06,한국,한국,제이리미디어,주식회사 블루필름웍스,12세이상관람가,다큐멘터리,,
포켓에 가득찬 행복,,미국,미국,,,,"코미디,드라마",프랭크 카프라,"글렌 포드,베티 데이비스"
동주,2016-02-17,한국,한국,(주) 루스이소니도스,메가박스중앙(주) 플러스엠 엔터테인먼트,12세이상관람가,드라마,이준익,"강하늘,박정민,김인우,최홍일,김정팔,최희서,신윤주,문성근,최종률,전재형,정운봉,이선주,허욱진,최정헌,윤정일,박명신,한창현,민진웅,정준원,이빛나,박태산"
200% 울프: 최강 푸들이 될 거야!,2025-03-12,호주,호주,,(주)팝엔터테인먼트,전체관람가,애니메이션,알렉스 슈타더만,
악령: 깨어난 시체,2025-03-19,베트남,베트남,,(주)디스테이션,15세이상관람가,공포(호러),,
장난을 잘 치는 타카기 양,2025-03-05,일본,일본,,TCO(주)더콘텐츠온,12세이상관람가,"멜로/로맨스,코미디",이마이즈미 리키야,"타카하시 후미야,나가노 메이,쿠로카와 소야"
하이퍼 프로젝션 연극 하이큐!! 쓰레기장의 결전,2025-02-28,일본,일본,,에스엠지홀딩스 주식회사,12세이상관람가,공연,키노시타 워리,다이고 코타로
봉우야,2025-02-25,한국,한국,주식회사 씨엠닉스,주식회사 씨엠닉스,15세이상관람가,"범죄,드라마,액션,스릴러",고학,"박봉우,유현재,임민혁,임민혁,마영주,민재원,이태율,장영훈,박상훈,전병렬,배정모,정동주,강진원,권중목"
낯선 곳에서의 2주,,미국,미국,,,,드라마,빈센트 미넬리,시드 채리스
베이비 어쌔신: 나이스 데이즈,2025-02-26,일본,일본,,(주)스튜디오디에이치엘,15세이상관람가,"액션,범죄",사카모토 유고,"타카이시 아카리,이자와 사오리,이케마츠 소스케"
존 휴스턴 회고전-미스터 앨리슨,,미국,미국,,,,"액션,드라마,어드벤처",존 휴스턴,"데보라 카,로버트 미첨"
디바: 모두의 여자,,이탈리아,이탈리아,,,청소년관람불가,"멜로/로맨스,드라마",,
마리아,2025-04-16,영국,영국,,판씨네마(주),15세이상관람가,드라마,파블로 라라인,"안젤리나 졸리,피에르프란체스코 파비노,알바 로르와처"
2147,2025-02-27,스페인,스페인,,(주)스마일이엔티,15세이상관람가,SF,,
보리수,,독일,독일,,,,"코미디,뮤지컬,가족",볼프강 리베나이너,"루스 루워릭,한스 홀트"
"(로컬 픽, 시간과 빛) 10%의 사건과 90%의 반응",,한국,한국,,,,드라마,,
결혼 앞둔 사촌여동생의 처녀막,2025-02-28,일본,일본,,(주)영진크리에이티브,청소년관람불가,"성인물(에로),드라마,멜로/로맨스",,
관음증:남편 동료의 떡맛을 느낀 아내,2025-02-28,일본,일본,,(주)영진크리에이티브,청소년관람불가,"성인물(에로),드라마,멜로/로맨스",,
남편부하의 거근에 내려간 팬티,2025-02-25,일본,일본,,주식회사 케이앤아이,청소년관람불가,멜로/로맨스,,
몬스터 좀비,,미국,미국,,(주)제이앤씨미디어그룹,12세이상관람가,"코미디,드라마",,
물오른 베이글 여제자의 유혹,2025-02-28,일본,일본,,(주)영진크리에이티브,청소년관람불가,"성인물(에로),드라마,멜로/로맨스",,
미국 대지진 2,,미국,미국,,(주)제이앤씨미디어그룹,12세이상관람가,액션,,
순진하고 육덕진 과외 누나,2025-02-26,한국,한국,(주)샤이커뮤니케이션즈,(주)샤이커뮤니케이션즈,청소년관람불가,성인물(에로),,
승하 컴백작 더럽혀진 자매들,2025-02-24,한국,한국,주식회사 바나나픽쳐스,주식회사 바나나픽쳐스,청소년관람불가,"성인물(에로),드라마",,
여대생들 : 섹스 알바,2025-02-28,한국,한국,,(주)영화사가을,청소년관람불가,멜로/로맨스,,
이 며느리 뜨겁네 무삭제판,2025-02-25,일본,일본,,주식회사 케이앤아이,청소년관람불가,멜로/로맨스,,
젊은 장모의 금지된 서방질,2025-02-24,한국,한국,주식회사 바나나픽쳐스,주식회사 바나나픽쳐스,청소년관람불가,"성인물(에로),드라마",,
큰 가슴으로 어필하는 돌싱녀,2025-02-28,한국,한국,(주)샤이커뮤니케이션즈,(주)샤이커뮤니케이션즈,청소년관람불가,성인물(에로),,
하얗고 야한 육체의 어린 슬렌더,2025-02-26,한국,한국,(주)샤이커뮤니케이션즈,(주)샤이커뮤니케이션즈,청소년관람불가,성인물(에로),,
형수는 굶주려있다 무삭제판,2025-02-25,일본,일본,,주식회사 케이앤아이,청소년관람불가,멜로/로맨스,,
흥건하게 젖은 유부녀의 미친 불륜,2025-02-28,일본,일본,,(주)영진크리에이티브,청소년관람불가,"성인물(에로),드라마,멜로/로맨스",,
플레이브 '대쉬' 인 시네마,,한국,한국,,롯데컬처웍스(주)롯시플,전체관람가,기타,,
보더랜드,2025-03-05,미국,미국,,(주)누리픽쳐스,12세이상관람가,"판타지,액션,코미디",일라이 로스,"케이트 블란쳇,케빈 하트,잭 블랙,아리나 그린블랫,제이미 리 커티스,플로리안 문테아누"
양들의 침묵,1991-06-22,미국,미국,오리온 픽쳐스 코퍼레이션,롯데컬처웍스(주)롯데시네마,"고등학생이상관람가,청소년관람불가","스릴러,미스터리,범죄",조나단 드미,"조디 포스터,안소니 홉킨스,스콧 글렌"
울프맨,2025-03-05,미국,미국,,유니버설픽쳐스인터내셔널 코리아(유),15세이상관람가,공포(호러),리 워넬,"크리스토퍼 애봇,줄리아 가너,샘 재거"
침범,2025-03-12,한국,한국,주식회사 로아앤코홀딩스,주식회사 로아앤코홀딩스,15세이상관람가,"미스터리,스릴러","김여정,이정찬","곽선영,권유리,이설,기소유,신동미,허정도,길해연,유정후,허지원,김승희,염지영,윤기창,이철우,한예주,서예나,안혜원"
극장판 진격의 거인 완결편 더 라스트 어택,2025-03-13,일본,일본,,(주)애니플러스,15세이상관람가,애니메이션,하야시 유이치로,"카지 유우키,이시카와 유이,이노우에 마리나"
솔로몬 왕의 보고,,미국,미국,,,,"어드벤처,액션,멜로/로맨스",앤드로 마톤,"데보라 카,스튜어트 그랜저,리차드 칼슨"
그날이 오면,,미국,미국,,,,"드라마,SF",스탠리 크래이머,"그레고리 펙,에바 가드너"
3일,,한국,한국,,씨제이 씨지브이(CJ CGV)(주),전체관람가,드라마,,"유시현,유승호,김동욱,서정연"
숨,2025-03-12,한국,한국,"빈스로드,시네마로드",㈜인디스토리,12세이상관람가,다큐멘터리,윤재호,"유재철,김새별"
노보케인,2025-03-12,미국,미국,,롯데컬처웍스(주)롯데엔터테인먼트,청소년관람불가,"액션,코미디","댄 버크,로버트 올슨","잭 퀘이드,엠버 미드썬더,레이 니콜슨,제이콥 배덜런"
제 5단계,,프랑스,프랑스,,,,"다큐멘터리,멜로/로맨스,전쟁",크리스 마르케,오시마 나기사
나이트콜,2025-03-05,프랑스,프랑스,,(주)뮤제엔터테인먼트,15세이상관람가,액션,,로맹 뒤리스
붉은 대기,,프랑스,프랑스,,,,다큐멘터리,크리스 마르케,"이브 몽땅,프랑스와 페리어"
하이 눈,,미국,미국,,,15세관람가,"서부극(웨스턴),스릴러",프레드 진네만,"게리 쿠퍼,토마스 미첼,그레이스 켈리"
시베리아에서 온 편지,,프랑스,프랑스,,,,다큐멘터리,크리스 마르케,
마음의 등불,,미국,미국,유니버셜 픽쳐스,,,드라마,더글라스 서크,
막스와 고철장수,,프랑스,"프랑스,이탈리아",,,,"멜로/로맨스,범죄",클로드 소테,"미셸 피콜리,로미 슈나이더"
파리 1900,,프랑스,프랑스,,,,다큐멘터리,니콜 베드레스,끌로드 도핀
넬리 앤 아르노,1999-04-10,프랑스,프랑스,"체키고리그룹 타이거키네마토그라피카,르 필름즈 알랭 사드,포키노 필름,티에프원,타이거 시네마토그래피카",,15세 미만인 자는 관람할 수 없는 등급,드라마,클로드 소테,"엠마누엘 베아르,미셸 세로"
불타는 전장,,미국,미국,유니버셜 픽쳐스,,,"드라마,전쟁",제스 히브즈,"오디 머피,마샬 톰슨,찰스 드레이크,잭 켈리"
즐거운 인생,,프랑스,"프랑스,이탈리아,스위스",,,,드라마,클로드 소테,"미셸 피콜리,로미 슈나이더"
핑크퐁과 호기: 새 친구 니니모 1부,2025-03-08,한국,한국,더핑크퐁컴퍼니(주),더핑크퐁컴퍼니(주),전체관람가,애니메이션,,
교수님 섹스스킬에 쩍벌어진 딸,2025-03-07,한국,한국,,(주)씨맥스커뮤니케이션즈,청소년관람불가,성인물(에로),,
베베핀: 귀여운 동물 친구들,,한국,한국,더핑크퐁컴퍼니(주),더핑크퐁컴퍼니(주),전체관람가,애니메이션,,
핑크퐁 공룡 유치원,2025-03-08,한국,한국,더핑크퐁컴퍼니(주),더핑크퐁컴퍼니(주),전체관람가,애니메이션,,
2박3일 부부교환 캠프 무삭제판,2025-03-05,일본,일본,,(주)영진크리에이티브,청소년관람불가,"성인물(에로),드라마,멜로/로맨스",,
괴담-도시전설,2025-03-06,일본,일본,,(주)영진크리에이티브,15세이상관람가,공포(호러),,
"나쁜 섹스 : 며느리, 형수, 장모",2025-03-07,한국,한국,,(주)영화사가을,청소년관람불가,멜로/로맨스,,
농익은 그녀의 화끈한 출장서비스,2025-03-07,일본,일본,,(주)영진크리에이티브,청소년관람불가,"멜로/로맨스,드라마",,
레드브릿지-나쁜 녀석들,2025-03-06,일본,일본,,(주)영진크리에이티브,청소년관람불가,"액션,드라마",,
맞바람난 유부녀의 음란한 불륜여행,2025-03-07,일본,일본,,(주)영진크리에이티브,청소년관람불가,"멜로/로맨스,드라마",,
메갈로돈 2: 크레이지,2025-03-06,미국,미국,,(주)제이앤씨미디어그룹,12세이상관람가,액션,,
발레전공 유부녀-신들린 허리놀림,2025-03-04,일본,일본,,(주)영진크리에이티브,청소년관람불가,"성인물(에로),드라마,멜로/로맨스",,
세워주는 여자들,2025-03-05,일본,일본,,(주)영진크리에이티브,청소년관람불가,"성인물(에로),드라마,멜로/로맨스",,
쉬운엄마-양아들 맛에 신들린 골반,2025-03-04,일본,일본,,(주)영진크리에이티브,청소년관람불가,"성인물(에로),드라마,멜로/로맨스",,
시아버지가 넣어준 가문의 씨앗,2025-03-04,일본,일본,,(주)영진크리에이티브,청소년관람불가,"성인물(에로),드라마,멜로/로맨스",,
어린자매들 남자공유법,2025-03-04,한국,한국,,주식회사 피에스앤제이,청소년관람불가,성인물(에로),,
옆집남편을 세웠다,2025-03-05,일본,일본,,(주)영진크리에이티브,청소년관람불가,"성인물(에로),드라마,멜로/로맨스",,
젖 잘 주는 식당이모 무삭제판,2025-03-07,한국,한국,(주)영진크리에이티브,(주)영진크리에이티브,청소년관람불가,"성인물(에로),드라마,멜로/로맨스",,
통통한 젖살의 글래머 여동생,2025-03-05,한국,한국,(주)샤이커뮤니케이션즈,(주)샤이커뮤니케이션즈,청소년관람불가,성인물(에로),,
헌팅-길거리 여자들,2025-03-04,일본,일본,,(주)영진크리에이티브,청소년관람불가,"성인물(에로),드라마,멜로/로맨스",,
형수의 뜨거운 속살 무삭제판,2025-03-05,일본,일본,,(주)영진크리에이티브,청소년관람불가,"성인물(에로),드라마,멜로/로맨스",,
다세포소녀,2006-08-10,한국,한국,㈜영화세상,롯데쇼핑㈜롯데엔터테인먼트,15세관람가,"코미디,멜로/로맨스",이재용,"이종환,김옥빈,박진우,이켠,김도연,김수미,박용식,정혜영,신규식,조미현,신상우,안혜영,신승호,신영호,최재희,박재민,최지혜,이용주,김이경,김하림,박지혜,박태석,박혜원,박희준,배유리,이동우,김병화,김대웅,김광수,김대호,이혜정,이재흥,유호린,유준상,윤성호,정도영,김수관,용이,이혁,이현희,김용한,이종열,이원종,이재용,이은성,장준녕"
우리 학교,2007-03-29,한국,한국,스튜디오느림보,"(주)영화사 진진,아트플러스시네마네트워크",전체관람가,다큐멘터리,김명준,"조경래,김화수,조명수,홍성택,홍성화,조성래,김희숙,김희윤,박용일,조영래,박지연,박지영,조창휘,변재훈,강성룡,서정화,김대황,김일수,윤병철,장광수,장영진,정미나,박선화,박세영,박순애,박애리,박애리,정시영,오희연,정지수,김순,오경준,김지연,김정복"
우리들의 일그러진 영웅,1992-08-15,한국,한국,(주)대동흥업,,연소자관람가,드라마,박종원,"홍경인,문혁,고정일,최민식,김혜옥"
제로베이스원 더 퍼스트 투어 [타임리스 월드] 인 시네마,2025-03-12,한국,한국,"씨제이포디플렉스 주식회사,스크린엑스 스튜디오",씨제이포디플렉스 주식회사,전체관람가,공연,"오윤동,김하민",
고독한 미식가 더 무비,2025-03-19,일본,일본,,(주)빌리언스플러스,전체관람가,드라마,마츠시게 유타카,"마츠시게 유타카,우치다 유키,이소무라 하야토,무라타 타케히로,유재명,시오미 산세이,안,오다기리 죠"
컴패니언,2025-03-19,미국,미국,,워너브러더스 코리아(주),청소년관람불가,스릴러,드류 행콕,"소피 대처,잭 퀘이드,루카스 게이지,메건 수리,하비 길렌,루퍼트 프렌드"
은혼 금혼편 온 씨어터,2025-03-19,일본,일본,,"에스엠지홀딩스 주식회사,씨제이 씨지브이(CJ CGV)(주)",15세이상관람가,애니메이션,후지타 요이치,"스기타 토모카즈,나카무라 유이치"
여성국극 끊어질듯 이어지고 사라질듯 영원하다,2025-03-19,한국,한국,더 액티비스트,(주)시네마달,12세이상관람가,다큐멘터리,유수연,
로빈 훗의 모험,,미국,미국,,,12세관람가,"액션,어드벤처,멜로/로맨스","마이클 커티즈,윌리엄 케일리","에롤 플린,올리비아 드 하빌랜드"
존 윅,2015-01-21,미국,미국,,"와이드 릴리즈(주),(주)제이앤씨미디어그룹,(주)나이너스엔터테인먼트",청소년관람불가,"액션,스릴러","채드 스타헬스키,데이빗 레이치","키아누 리브스,로렌스 피쉬번,이안 맥쉐인,애드리앤 팰리키,윌렘 데포"
언젠틀 오퍼레이션,2025-03-19,영국,영국,,메가박스중앙(주),15세이상관람가,"액션,코미디",가이 리치,"헨리 카빌,앨런 리치슨,알렉스 페티퍼"
블랙 백,2025-03-19,미국,미국,,유니버설픽쳐스인터내셔널 코리아(유),15세이상관람가,"드라마,스릴러",스티븐 소더버그,"케이트 블란쳇,마이클 패스벤더,톰 버크,나오미 해리스,레게-장 페이지,피어스 브로스넌"
황야의 귀부인,,미국,미국,워너 브러더스 픽쳐스,,,서부극(웨스턴),머빈 르로이,"그리어 가슨,다나 앤드류스,카메론 미첼,로이스 스미스"
승부,2025-03-26,한국,한국,(주)영화사 월광,(주)바이포엠스튜디오,12세이상관람가,드라마,김형주,"이병헌,유아인,고창석,현봉식,문정희,김강훈,남문철,주진모,전무송,정석용,조우진,손종학,김이산"
마이 스위트 크레이지 시스터,2025-03-13,미국,미국,,(주)블루라벨픽쳐스,15세이상관람가,"코미디,드라마",,알리시아 실버스톤
프라도 위대한 미술관,2021-06-09,이탈리아,이탈리아,,"일미디어,씨지브이 아이스콘",전체관람가,다큐멘터리,발레리아 파리시,제레미 아이언스
한없는 추적,,미국,미국,,,,"액션,어드벤처,범죄,서부극(웨스턴)",라울 월쉬,"록 허드슨,도나 리드"
그랜드 투어,2025-03-26,포르투갈,포르투갈,,엠엔엠인터내셔널(주),12세이상관람가,드라마,미겔 고미스,
커플지옥,2025-03-13,한국,한국,바틀 테이스트 픽쳐스,바틀 테이스트 픽쳐스,15세이상관람가,"공포(호러),멜로/로맨스,드라마",앙리,"김무건,수현,김 환,김민,천희주,차보성,지연주,박하율,김예은,홍지석,이주미,최우성,김지윤"
겨울의 심장,1993-02-13,프랑스,프랑스,,,연소자관람가,"드라마,멜로/로맨스",클로드 소테,"엠마누엘 베아르,다니엘 오떼유"
환송대 & 펜타곤의 여섯 번째 면,,프랑스,프랑스,,,,기타,,
장미의 행렬,,일본,일본,,,,드라마,마츠모토 토시오,
전원에 죽다,2008-04-22,일본,일본,,,,드라마,,
책을 버리고 거리로 나가자,,일본,일본,,,,"드라마,뮤지컬",테라야마 슈지,
시집가는 날,1957-02-11,한국,한국,,,,"가족,드라마",이병일,조미령
"뱅상, 프랑수아, 폴",,프랑스,"프랑스,이탈리아",,,,드라마,클로드 소테,"이브 몽땅,미셸 피콜리"
그라운디드,,미국,미국,,,,공연,,
세자르와 로잘리,,핀란드,핀란드,,,,드라마,클로드 소테,
호프만 이야기,,영국,영국,,,,공연,,
"파리, 13구",2022-05-12,프랑스,프랑스,,"찬란,(주)하이스트레인저",청소년관람불가,"드라마,멜로/로맨스",자크 오디아르,노에미 멜랑
2025서울청춘기록영화제 - ?,,한국,한국,,,,"드라마,공포(호러),판타지",,
디판,2015-10-22,프랑스,프랑스,,그린나래미디어(주),청소년관람불가,드라마,자크 오디아르,"제수타산 안토니타산,칼리스와리 스리니바산,클로딘 비나시탐비"
2025서울청춘기록영화제 - 고민,,한국,한국,,,,"드라마,멜로/로맨스",,
고봉수 감독 단편선,,한국,한국,고브로 필름,주식회사 씨엠닉스,15세이상관람가,기타,고봉수,권기하
"2025년 3월 수요단편극장 - 2024, Year of Us",,한국,한국,,,,기타,,
2025서울청춘기록영화제 - 행복,,한국,한국,,,,"공포(호러),코미디",,
2025서울청춘기록영화제 - 설렘,,한국,한국,,,,"드라마,멜로/로맨스",,
환승연애-너 말고 니 친구,2025-03-14,한국,한국,(주)파랑새미디어,(주)영진크리에이티브,청소년관람불가,"성인물(에로),드라마,멜로/로맨스",이타치,
시인 할매,2019-02-05,한국,한국,제이리미디어,"(주)스톰픽쳐스코리아,와이드 릴리즈(주)",전체관람가,다큐멘터리,이종은,"김막동,김점순,박점례,안기임,윤금순,양양금,최영자,김선자,최수영,김상규,김수경,박은수,박진숙"
레드브릿지-나쁜 녀석들 더 비기닝,2025-03-13,일본,일본,,(주)영진크리에이티브,청소년관람불가,"액션,드라마",,
맛있는 섹스 그리고 금지된 사랑,2025-03-14,한국,한국,(주)영화사가을,(주)영화사가을,청소년관람불가,멜로/로맨스,,
수상한 가족,2025-03-14,한국,한국,(주)룬컴퍼니,(주)룬컴퍼니,청소년관람불가,"성인물(에로),드라마",선우용,민도윤
트랜스머신: 휴머노이드,2025-03-13,미국,미국,,(주)제이앤씨미디어그룹,12세이상관람가,액션,,
제3회 강릉국제아트페스티벌 섹션,,한국,한국,,,,기타,,
백설공주,2025-03-19,미국,미국,,월트디즈니컴퍼니코리아 유한책임회사,전체관람가,"판타지,뮤지컬",마크 웹,"레이첼 지글러,갤 가돗"
스트리밍,2025-03-21,한국,한국,베리굿스튜디오(주),롯데컬처웍스(주)롯데엔터테인먼트,청소년관람불가,스릴러,조장호,"강하늘,하서윤,하경,하현수,한재영,김기두,이현후,박태산,송덕호,이도은,이소율,이한율,류연석,윤용식,이중곤,윤지수,추석영,임현수,김요한,한성연,고수진,원우,방효선,하현정,강영준,김태영,백민현"
케이온,2013-06-13,일본,일본,,"(주)팝엔터테인먼트,에이원엔터테인먼트",전체관람가,애니메이션,야마다 나오코,타케타츠 아야나
쉬리,1999-02-13,한국,한국,강제규필름,(주)씨제이이엔엠,"15세 미만인 자는 관람할 수 없는 등급 ,15세이상관람가","액션,드라마,멜로/로맨스,미스터리",강제규,"한석규,최민식,송강호,김윤진,황정민,김석주,윤주상,박용우,조덕현,김수로,손호균,박은숙,남명렬,조승연,이필모,박동빈,지대한,송용태,유하복,정세형,박지일"
라스트 마일,2025-03-26,일본,일본,,(주)플레이그램,12세이상관람가,"스릴러,드라마",츠카하라 아유코,"미츠시마 히카리,오카다 마사키,이시하라 사토미,아야노 고,호시노 겐"
크래쉬: 디렉터스컷,2025-03-26,캐나다,캐나다,,(주)엣나인필름,청소년관람불가,"범죄,드라마",데이비드 크로넨버그,"제임스 스페이더,홀리 헌터,엘리어스 코티스"
베러맨,2025-04-09,영국,영국,,"씨제이 씨지브이(CJ CGV)(주),찬란",15세이상관람가,"뮤지컬,판타지",마이클 그레이시,로비 윌리엄스
사탄탱고,,헝가리,"헝가리,독일,스위스",,,,드라마,벨라 타르,"미할리 빅,푸티 호르바스"
스윙걸즈,2006-03-23,일본,일본,,"(주)팝엔터테인먼트,데이지엔터테인먼트",12세관람가,코미디,야구치 시노부,"우에노 주리,간지야 시호리,모토카리야 유이카,히라오카 유타,타케나카 나오토"
부전시장,2025-03-27,한국,한국,이로이웍스,주식회사 블루필름웍스,15세이상관람가,드라마,김시우,"전무송,고인배,남경읍,서갑숙,조은숙,이용녀,김홍표,서울,김원용,윤예희,김경룡,유준혁"
노재원 배우전 (인디플러스 개관 9주년 기획전),,한국,한국,,,,기타,,
장흥1950: 마을로 간 전쟁,2025-04-02,한국,한국,레드무비,레드무비,15세이상관람가,다큐멘터리,구자환,
4월의 불꽃,2025-03-27,한국,한국,(주)레드파노라마,"THE 픽쳐스,(주)빅브라더스",12세이상관람가,드라마,"송영신,도영찬","조은숙,류하성,조재윤,조정근,박동하,최불암"
미니버 부인,,,,,,,,,
누군가 노리고 있다,,미국,미국,,,,스릴러,데이비드 밀러,
"고흐, 영원의 문에서",2019-12-26,미국,"미국,프랑스",,(주)팝엔터테인먼트,12세이상관람가,드라마,줄리언 슈나벨,"윌렘 데포,오스카 아이삭,매즈 미켈슨,루퍼트 프렌드,윌렘 데포"
꽉찬 단백질 받아주는 여상사의 손기술,2025-03-21,일본,일본,,(주)영진크리에이티브,청소년관람불가,"멜로/로맨스,드라마",,
아들 친구 씨받는 새엄마,2025-03-21,일본,일본,,(주)영진크리에이티브,청소년관람불가,"멜로/로맨스,드라마",,
"탱탱한 육체 : 처형, 형수, 첫사랑",2025-03-21,한국,한국,(주)영화사가을,(주)영화사가을,청소년관람불가,멜로/로맨스,,
기동전사 건담 지쿠악스 비기닝,2025-04-02,일본,일본,,워터홀컴퍼니(주),12세이상관람가,애니메이션,츠루마키 카즈야,"쿠로사와 토모요,이시카와 유이"
로비,2025-04-02,한국,한국,"워크하우스컴퍼니(주),(주)필름모멘텀",(주)쇼박스,15세이상관람가,"드라마,코미디",하정우,"하정우,김의성,강해림,이동휘,박병은,강말금,최시원,차주영,박해수,곽선영,김용우"
스즈메의 문단속-하이라이트 필름콘서트,2025-03-26,한국,한국,"씨제이포디플렉스 주식회사,(주)미디어캐슬","씨제이포디플렉스 주식회사,씨제이 씨지브이(CJ CGV)(주)",12세이상관람가,애니메이션,,
연극 빵야,2025-03-26,한국,한국,,씨제이 씨지브이(CJ CGV)(주),12세이상관람가,공연,,
이매진 드래곤스: 라이브 프롬 더 할리우드 볼,2025-03-26,미국,미국,,씨제이포디플렉스 주식회사,전체관람가,공연,,
파란,2025-04-09,한국,한국,㈜투이제이스튜디오,"(주)메리크리스마스,(주)삼백상회",15세이상관람가,"미스터리,드라마",강동인,"이수혁,하윤경,권다함,성현욱"
황태자의 첫사랑,,미국,미국,메트로-골드윈-마이어,,,"드라마,뮤지컬",리처드 소프,"앤 블리스,에드몬드 퍼돔"
신밧드의 모험,,영국,영국,,,,"어드벤처,가족,판타지",,모린 오하라
헤레틱,2025-04-02,미국,미국,,"(주)이놀미디어,롯데컬처웍스(주)롯데시네마",15세이상관람가,"스릴러,공포(호러)","스콧 벡,브라이언 우즈","휴 그랜트,소피 대처"
야당,2025-04-16,한국,한국,(주)하이브미디어코프,메가박스중앙(주) 플러스엠 엔터테인먼트,청소년관람불가,"범죄,액션",황병국,"강하늘,김성현,이수아,황은총,박준기,유해진,박해준,류경수,채원빈,유성주,김금순,조완기,곽자형,김민규,이건영,송하선,우아름,오충근,윤태수,윤현길,박지홍,우지현,홍서준,권혁,정도원,이정수,박완규,박민이,한동원,공재민,김병희,김정팔,장용철,박윤희,서광재,김예지,이주석,최홍락,백진욱,이시엘,허웅,홍성오,송유하,조하성,차희,장남수,설창희,서문호,손인용,윤종구,선연수,윤소희,손다연,강한별,김이석,김미숙,이동규,김경아,하동준,김주희,현오봉,양권석,한성수,안진희,이동용,김대근,조창래,김민범,송윤하,김지원,추은경,이주미,김사훈,정해진,송대규,최민,박민제,이한준,이순풍,전충열,박도영,신동호,윤현승,차솔몬,이진아,김홍표,엄기영"
아머: 현금수송차,2025-03-27,미국,미국,,주식회사 풍경소리,15세이상관람가,"범죄,액션",,"실베스터 스탤론,제이슨 패트릭,조쉬 위긴스"
공포특급,2025-04-02,한국,한국,스모크필름,(주)스튜디오디에이치엘,15세이상관람가,"공포(호러),스릴러",김진웅,"고이경,이태리,오하늬,이기창,아인,유하복,이칸희,조셉,노영주,소우진,황주섭,김의일,여민구,김건호,김태윤"
사유리,2025-04-16,일본,일본,,(주)트리플픽쳐스,15세이상관람가,공포(호러),시라이시 코지,"미나미데 료카,네기시 토시에,콘도 하나,우라베 후사코,키타로"
김동하 : 커넥트,2025-04-02,한국,한국,메타코미디,씨지브이 아이스콘,청소년관람불가,공연,,
남으로 가는 길,2025-04-02,한국,"한국,몽고",(주)코탑미디어,THE 픽쳐스,15세이상관람가,"드라마,액션,가족",김상래,"박광현,오수정,최준용,권남희,양희상,김조운,정종우,신용훈,강필선"
대삼원 리마스터링,1996-05-04,홍콩,홍콩,,(주)디스테이션,"연소자관람불가,15세이상관람가","드라마,멜로/로맨스",서극,"장국영,원영의,유청운"
행복의 노란 손수건,2025-04-02,일본,일본,,"(주)태양미디어그룹,(주)라이크콘텐츠",15세이상관람가,드라마,야마다 요지,"다카쿠라 켄,바이쇼 치에코"
2025년 3월 프레임워크,,한국,한국,,,,기타,,
본회퍼: 목사.스파이.암살자,2025-04-09,미국,미국,,파이오니아21,12세이상관람가,드라마,토드 코라르니키,
인천상륙작전,2016-07-27,한국,한국,(주)태원엔터테인먼트,(주)씨제이이엔엠,12세이상관람가,"전쟁,드라마",이재한,"김정철,이정재,이범수,리암 니슨,진세연,정준호,박철민,김병옥,김선아,김영애,박성웅,추성훈,황석하,이창세,박정원,박현선,션 리차드,한비,김희진,진용욱,곽순우,홍기준,우도환,성혁,길금성,윤수혁"
"[낫띵벗필름x인디스페이스 3월] 강채윤: 꼭 감은 눈을 떴을 때 마주한 건,",,한국,한국,,,,기타,,
거북이는 의외로 빨리 헤엄친다,,일본,일본,,(주)엔케이컨텐츠,전체관람가,"드라마,코미디",미키 사토시,"우에노 주리,아오이 유우"
예언자,2010-03-11,프랑스,프랑스,"프랑스2시네마,까날 플러스,시네시네마",판씨네마(주),청소년관람불가,"드라마,범죄",자크 오디아르,"타하르 라힘,닐스 아르스트럽,레다 카텝"
죽음의 밤,,영국,영국,,,,"범죄,드라마",J. 리 톰슨,
슈팅 스타,,영국,영국,,,,"드라마,멜로/로맨스",,
잘 지내고 있나요?,,영국,영국,,,,"스릴러,전쟁",,
"(로컬 픽, 시간과 빛) 어떤 초상",,한국,한국,,,,다큐멘터리,,
맨 인 그레이,,영국,영국,,,,드라마,,
일곱 번째 베일,,영국,영국,,,,드라마,,
맨디,,영국,영국,,,,드라마,알렉산더 맥켄드릭,
앙: 단팥 인생 이야기,2015-09-10,일본,일본,,그린나래미디어(주),12세이상관람가,드라마,가와세 나오미,"키키 키린,나가세 마사토시"
가랑이 젖신 혀놀림,2025-03-26,일본,일본,,주식회사 케이앤아이,청소년관람불가,멜로/로맨스,,
끝까지 빨아주는 여대생,2025-03-28,한국,한국,(주)샤이커뮤니케이션즈,(주)샤이커뮤니케이션즈,청소년관람불가,성인물(에로),,
난폭한 섹스를 즐기는 여직원,2025-03-26,한국,한국,(주)샤이커뮤니케이션즈,(주)샤이커뮤니케이션즈,청소년관람불가,성인물(에로),,
안녕 새엄마 내일 또 무삭제판,2025-03-26,일본,일본,,주식회사 케이앤아이,청소년관람불가,멜로/로맨스,,쇼우다 치사토
야근오피스의 여상사는 야근수당을 줍니다,2025-03-24,일본,일본,,(주)도키엔터테인먼트,청소년관람불가,성인물(에로),,
여자가 대물을 좋아하는 이유,2025-03-28,한국,한국,(주)영화사가을,(주)영화사가을,청소년관람불가,멜로/로맨스,,
주인님 거물에 눈 돌아간 가정부,2025-03-27,한국,한국,(주)샤이커뮤니케이션즈,(주)샤이커뮤니케이션즈,청소년관람불가,성인물(에로),,
촉촉한 체액으로 가득 찬 육덕녀,2025-03-26,한국,한국,(주)샤이커뮤니케이션즈,(주)샤이커뮤니케이션즈,청소년관람불가,성인물(에로),,
세븐틴 [라잇 히어] 월드 투어 인 시네마,2025-04-02,한국,한국,"씨제이포디플렉스 주식회사,스크린엑스 스튜디오,(주)하이브",씨제이포디플렉스 주식회사,전체관람가,공연,오윤동,
열화청춘 리마스터링,2025-03-31,홍콩,홍콩,(주)엔케이컨텐츠,(주)디스테이션,청소년관람불가,"드라마,멜로/로맨스",담가명,"장국영,엽동,탕진업,하문석"
화성특급,2025-04-02,프랑스,프랑스,,주식회사 킨스튜디오,15세이상관람가,애니메이션,제레미 페랭,
농부의 딸,,미국,미국,,,,"멜로/로맨스,코미디,드라마",H.C. 포터,"로레타 영,조셉 코튼"
귀신들,2025-04-09,한국,한국,주식회사인시즌,영화로운 형제,12세이상관람가,"SF,드라마",황승재,"이요원,강찬희,정경호,백수장,오희준,이주실,이재이,오태림,조은솔,조재윤,김강현"
출동! 왕엉덩이 히어로: 털복숭이 꼬리도적단 소탕작전,2025-04-12,호주,호주,,(주)팝엔터테인먼트,전체관람가,"애니메이션,액션,어드벤처",리카르드 쿠소,"데보라 메일맨,에드 옥슨볼드"
아마추어,2025-04-09,미국,미국,,월트디즈니컴퍼니코리아 유한책임회사,12세이상관람가,"액션,스릴러",제임스 하위스,"라미 말렉,레이첼 브로스나한,로렌스 피쉬번"
설국열차,2013-08-01,한국,"한국,체코","모호필름,오퍼스픽쳐스(유)",(주)씨제이이엔엠,15세이상관람가,"SF,액션",봉준호,"크리스 에반스,송강호,에드 해리스,존 허트,틸다 스윈튼,제이미 벨,옥타비아 스펜서,이완 브렘너,고아성,알리슨 필,허찬"
로켓 파일럿,,미국,미국,,,,"멜로/로맨스,드라마",머빈 르로이,"윌리엄 홀든,로이드 놀랜,버지니아 리스"
그림자 군단,,프랑스,프랑스,,,,"드라마,전쟁",장 피에르 멜빌,"리노 벤추라,폴 뫼리스"
누구의 딸도 아닌 해원,2013-02-28,한국,한국,(주)영화제작전원사,"(주)영화제작전원사 ,(주)영화사 조제",청소년관람불가,드라마,홍상수,"정은채,이선균,김자옥,기주봉,김의성,유준상,예지원,류덕환,제인 버킨,박주희,배유람,안재홍,안선영,정다원,한재이"
다호메이,,프랑스,프랑스,,,,다큐멘터리,마티 디오프,
그 여름의 시간들,,프랑스,프랑스,,,,드라마,올리비에 아사야스,
침략자,,이탈리아,"이탈리아,프랑스",,,,드라마,피에트로 프란치스치,"앤소니 퀸,소피아 로렌"
잊을 수 없는 모정,,미국,미국,,,,"드라마,전쟁",델머 데이브스,"프랭크 시내트라,나탈리 우드"
쓰레기장의 개,,프랑스,프랑스,,,,드라마,,
진홍의 도적,,미국,미국,,,,"액션,코미디,어드벤처",로버트 시오드막,"버트 랭카스터,닉 크라바트"
달리,,프랑스,프랑스,,,,드라마,,
사랑의 몰락,,영국,영국,,,,드라마,잭 클레이튼,
타샤 튜더,2018-09-13,일본,일본,,(주)마노엔터테인먼트,전체관람가,다큐멘터리,마츠타니 미츠에,
"알리스, 조안, 레베카의 사랑",,프랑스,프랑스,,,,드라마,엠마누엘 무레,
봄 이야기,,프랑스,프랑스,,(주)영화사 안다미로,12세이상관람가,"코미디,드라마",에릭 로메르,"앤 테이세드레,위그 케스테"
후계자,2025-11-12,프랑스,프랑스,,판씨네마(주),15세이상관람가,스릴러,자비에 르그랑,"마크 앙드레 그롱당,이브 자크"
리틀 포레스트 2: 겨울과 봄,2015-05-14,일본,일본,,(주)영화사 진진,12세이상관람가,드라마,모리 준이치,"하시모토 아이,마츠오카 마유"
제91회 작은영화영화제 - 여섯 빛깔 무지개,,한국,한국,,,,드라마,,
모리의 정원,2020-03-26,일본,일본,,(주)영화사 진진,전체관람가,드라마,오키타 슈이치,"야마자키 츠토무,키키 키린"
4월에는 사랑을 말할 것 (섹션1),,한국,한국,,,,기타,,
메소드연기,2026-03-18,한국,한국,(주)런업컴퍼니,(주)바이포엠스튜디오,12세이상관람가,"드라마,코미디",이기혁,"이동휘,윤경호,강찬희,김금순,윤병희,공민정,오아연,허재훈"
성진국 초토화 한국 AV스타,2025-04-04,한국,한국,,(주)씨맥스커뮤니케이션즈,청소년관람불가,성인물(에로),,
지슬 - 끝나지 않은 세월2,2013-03-21,한국,한국,"주식회사 자파리필름,설문대영상",(주)영화사 진진,15세이상관람가,드라마,오멸,"이경준,홍상표,문석범,양정원,오영순,장경섭,우성욱,박순동,주정애,최은미,성민철,어성욱,이경준,백종환,조은"
싸나희 순정,2021-11-25,한국,한국,"시네마 넝쿨,(주)인베스트하우스,에이스팩토리",(주)마노엔터테인먼트,12세이상관람가,"드라마,코미디",정병각,"전석호,박명훈,김지환,김재화,최대철,심은진,전성애,공민정,안 내쉬,최대성,정미경,이현웅,김단아,김시우,이태경,조영지,허나경,이훈민,이정진,유창호,최소희,마정석,류왕주,박세상,편성후,임희영,백정민,조우철,주창환,함정현,양준호,배용근,김명곤,홍은철"
K여대생 흑인대물과 격렬섹스,2025-04-04,한국,한국,스마일컨텐츠,스마일컨텐츠,청소년관람불가,성인물(에로),천성준,
MZ대학생과 어린이모,2025-04-01,한국,한국,스마일컨텐츠,스마일컨텐츠,청소년관람불가,성인물(에로),,
메가 게이터,2025-04-03,미국,미국,,(주)제이앤씨미디어그룹,15세이상관람가,액션,,
발랑 까진 미녀 의붓 여동생의 손장난,2025-04-04,일본,일본,,(주)영진크리에이티브,청소년관람불가,"성인물(에로),드라마,멜로/로맨스",코엔지 고로,
발정난 여배우 옆집 유부녀,2025-04-04,일본,일본,,(주)파랑새미디어,청소년관람불가,"성인물(에로),드라마,멜로/로맨스",,
스폰서와 의붓아들의 새엄마,2025-04-04,일본,일본,,(주)영진크리에이티브,청소년관람불가,"성인물(에로),드라마,멜로/로맨스",츠지 코지,
알몸으로 일하는 가정부 알바,2025-04-04,일본,일본,,(주)영진크리에이티브,청소년관람불가,"성인물(에로),드라마,멜로/로맨스",,
은밀한 하숙집,2025-04-01,한국,한국,,주식회사 피에스앤제이,청소년관람불가,성인물(에로),,
처녀 무당,2025-04-04,한국,한국,(주)영진크리에이티브,(주)영진크리에이티브,청소년관람불가,"성인물(에로),드라마,멜로/로맨스",모니카,
처제의 맛,2025-04-01,한국,한국,,(주)까멜리아이엔티,청소년관람불가,멜로/로맨스,김태수,
처형의 맛,2025-04-01,한국,한국,,(주)까멜리아이엔티,청소년관람불가,멜로/로맨스,김태수,
친구 누나 자연산,2025-04-02,한국,한국,,유한회사 스튜디오 획,청소년관람불가,드라마,,
"타부 : 제수씨, 며느리 그리고",2025-04-04,한국,한국,,(주)영화사가을,청소년관람불가,멜로/로맨스,,
백설공주와 일곱난쟁이,2025-04-10,미국,미국,,(주)박수엔터테인먼트,전체관람가,애니메이션,,
드라이브 인 타이페이,2025-04-11,프랑스,프랑스,,(주)영화특별시에스엠씨,15세이상관람가,액션,조지 황,"루크 에반스,계륜미,성 강"
택시 드라이버,1989-02-17,미국,미국,남아진흥(주),,연소자관람불가,"드라마,스릴러",마틴 스코세이지,"조디 포스터,로버트 드 니로"
하보우만의 약속,2025-04-16,한국,한국,하보우만,(주)드림팩트엔터테인먼트,12세이상관람가,다큐멘터리,이장호,
류이치 사카모토: 플레잉 디 오케스트라 2014,2025-04-09,일본,일본,,리벳,전체관람가,공연,,류이치 사카모토
하루 또 하루,2025-04-17,한국,한국,"(주)에이튠라이브,대호필름",주식회사 블루필름웍스,12세이상관람가,드라마,박용기,"김지완,현영,유준혁,강채빈,조강우,정진혁,이재창,정미경"
마음의 행로,,미국,미국,,,,"드라마,멜로/로맨스",머빈 르로이,그리어 가슨
울지 않는 아이,2025-04-09,한국,한국,주식회사 아트컨티뉴,(주)팝엔터테인먼트,15세이상관람가,드라마,이혁종,"최대철,이칸희,박정학,김준현"
어느 파리 택배기사의 48시간,2026-06-17,프랑스,프랑스,,(주)디스테이션,12세이상관람가,드라마,보리스 로즈킨,
거너,2025-04-10,미국,미국,,주식회사 풍경소리,15세이상관람가,"액션,범죄",디미트리 로고데티스,"루크 헴스워스,모건 프리먼"
곤돌라,2025-04-23,독일,독일,,"(주)플레이그램,(주)태양미디어그룹",12세이상관람가,멜로/로맨스,바이트 헬머,
파과,2025-04-30,한국,한국,(주)수필름,(주)넥스트엔터테인먼트월드(NEW),15세이상관람가,"액션,드라마,미스터리",민규동,"이혜영,김성철,연우진,옥자연,현봉식,정현준,윤채나,길해연,박지아,박명신,권다함,리민,윤슬,최민철,한해인,김강우,김무열,최무성,신시아,천호진,이용녀,기주봉,조한철,남명렬,전노민,양주미,양주미,조경현,복세훈"
블랙 워런트,2025-04-10,미국,미국,,(주)블루라벨픽쳐스,15세이상관람가,"범죄,액션",티보 타카스,"캠 지갠뎃,톰 베린저"
열혈검사,2025-04-16,중국,중국,,(주)디스테이션,15세이상관람가,액션,견자단,"견자단,장지림,오진우"
콰이어트 선,,프랑스,프랑스,,,,드라마,,
가족,,프랑스,프랑스,,,,다큐멘터리,,
인투 더 원더우즈,,프랑스,"프랑스,룩셈부르크",,,,애니메이션,,
혼자 사는 사람들,2021-05-19,한국,한국,한국영화아카데미,주식회사 더쿱,12세이상관람가,드라마,홍성은,"공승연,정다은,김모범,김해나,변진수,정성민,박동욱,김현식,안정빈,김귀례,박정학,서현우,주석태,곽민규,정조은,손예원,주석태"
인디피크닉 2025 - 단편3 : 노력 중입니다만?,,한국,한국,,,,"드라마,애니메이션",,
돈 보더 투 노크,,미국,미국,,,,"드라마,스릴러",로이 워드 베이커,"리차드 위드마크,마릴린 몬로"
가슴에 빛나는 별,,미국,미국,,,,"서부극(웨스턴),드라마",안소니 만,"헨리 폰다,안소니 퍼킨스,피터 볼드윈"
인디피크닉 2025 - 단편2 : 나라는 우주,,한국,한국,,,,"드라마,애니메이션",,
인디피크닉 2025 - 단편5 : 먼 길을 돌아서,,한국,한국,,,,"드라마,다큐멘터리",,
극장판 파워 디지몬 더 비기닝,2023-11-29,일본,일본,,에스엠지홀딩스 주식회사,12세이상관람가,애니메이션,타구치 토모히사,"카타야마 후쿠쥬로,오가타 메구미,에노키 준야"
인디피크닉2025 - 단편1 : 마음의 무늬,,한국,한국,,,,"드라마,애니메이션",,
인디피크닉 2025 - 단편4 : 흐르고 남은 것들,,한국,한국,,,,"드라마,애니메이션",,
나는 결백하다,,미국,미국,파라마운트 픽쳐스,동양물산,,"드라마,범죄,미스터리",알프레드 히치콕,"캐리 그랜트,그레이스 켈리,존 윌리엄스"
인디피크닉 2025 - 단편6 : 그 너머의 이야기,,한국,한국,,,,"드라마,애니메이션,다큐멘터리",,
바그다드 카페 : 디렉터스컷,2016-07-14,독일,"독일,미국",,"주식회사 왓챠,(주)팝엔터테인먼트",15세이상관람가,"코미디,드라마",퍼시 애들론,"마리안느 세이지브레트,CCH 파운더,잭 팰런스,크리스틴 카우프먼"
바닷마을 다이어리,2015-12-17,일본,일본,,"주식회사 왓챠,(주)티캐스트",12세이상관람가,드라마,고레에다 히로카즈,"아야세 하루카,나가사와 마사미,카호,히로세 스즈,카세 료"
7인의 사무라이,2025-04-10,미국,미국,,(주)제이앤씨미디어그룹,15세이상관람가,액션,,
꿈에 그리던 여사장님과의 미친 섹스,2025-04-07,일본,일본,,(주)영진크리에이티브,청소년관람불가,"성인물(에로),드라마,멜로/로맨스",,
남편 옆에서 사장님 씨를 잔뜩 품었다 무삭제판,2025-04-08,일본,일본,,(주)영진크리에이티브,청소년관람불가,"성인물(에로),드라마,멜로/로맨스",나가에,
남편 친구가 채운 가랑이,2025-04-10,일본,일본,,주식회사 케이앤아이,청소년관람불가,멜로/로맨스,,
마스크 걸-라이브 방송 무삭제판,2025-04-11,한국,한국,(주)파랑새미디어,(주)영진크리에이티브,청소년관람불가,"성인물(에로),드라마,멜로/로맨스",이타치,
"맛있는 불륜 : 동창, 불륜녀, 아내친구",2025-04-11,한국,한국,,(주)영화사가을,청소년관람불가,멜로/로맨스,,
며느라기 혼구녕 내기 무삭제판,2025-04-07,일본,일본,,(주)영진크리에이티브,청소년관람불가,"성인물(에로),드라마,멜로/로맨스",토미죠 타로,
부킹 1순위 맛 좋은 처형,2025-04-11,한국,한국,주식회사 바나나픽쳐스,주식회사 바나나픽쳐스,청소년관람불가,"성인물(에로),드라마",,
상간녀-간통에 빠진 아내,2025-04-08,일본,일본,,(주)파랑새미디어,청소년관람불가,"성인물(에로),드라마,멜로/로맨스",,
새엄마의 누드모델-더 세워줘,2025-04-07,일본,일본,,(주)영진크리에이티브,청소년관람불가,"성인물(에로),드라마,멜로/로맨스",,
안드로이드 사쿠라,2025-04-07,일본,일본,,(주)도키엔터테인먼트,청소년관람불가,멜로/로맨스,,
욕구불만 유부녀의 은밀한 사생활,2025-04-11,일본,일본,,(주)영진크리에이티브,청소년관람불가,"멜로/로맨스,드라마",,
의붓아들에게 발정난 야한 새엄마,2025-04-11,일본,일본,,(주)영진크리에이티브,청소년관람불가,"멜로/로맨스,드라마",,
인생 후르츠,2018-12-06,일본,일본,,(주)엣나인필름,전체관람가,다큐멘터리,켄시 후시하라,
젖큰 사모님-남편 옆 미친 불륜,2025-04-07,일본,일본,,(주)영진크리에이티브,청소년관람불가,"성인물(에로),드라마,멜로/로맨스",,
젖큰 새엄마-새아들 남자 만들기,2025-04-08,일본,일본,,(주)영진크리에이티브,청소년관람불가,"성인물(에로),드라마,멜로/로맨스",,
처음 여친이 생긴 새아들에게 섹스레슨,2025-04-07,일본,일본,,(주)도키엔터테인먼트,청소년관람불가,성인물(에로),,
허락한 새엄마-아들의 젊고 진한 냄새 무삭제판,2025-04-08,일본,일본,,(주)영진크리에이티브,청소년관람불가,"성인물(에로),드라마,멜로/로맨스",,
헌팅-길거리 여자들2,2025-04-08,일본,일본,,(주)영진크리에이티브,청소년관람불가,"성인물(에로),드라마,멜로/로맨스",,
"광해, 왕이 된 남자",2012-09-13,한국,한국,"리얼라이즈픽쳐스(주),(주)씨제이이엔엠",(주)씨제이이엔엠,15세이상관람가,"사극,드라마",추창민,"이병헌,류승룡,한효주,장광,김인권,심은경,김명곤,서진원,장재현,정창국,조혜정,김남준,이수용,박윤호,김지수,박민규,박지아,송미정,양준모,원동연,김종구,주영호,이엘,전배수,이란희,최욱,이봉련,허성태,이양희,전국향,김승훈,권은수,승의열,김비비,한이진,이은정"
살인마,,한국,한국,,,,공포(호러),이용민,"도금봉,이예춘,정애란"
암살자,,한국,한국,,,,전쟁,이만희,
야행,1977-04-23,한국,한국,태창흥업,,12세이상관람가,"드라마,멜로/로맨스",김수용,"윤정희,신성일,이일웅,이자영,최회영,주증녀"
천년호,,한국,한국,,,,"사극,공포(호러)",신상옥,김혜정
A MINECRAFT MOVIE 마인크래프트 무비,2025-04-26,미국,미국,,워너브러더스 코리아(주),12세이상관람가,"어드벤처,판타지",자레드 헤스,"제이슨 모모아,잭 블랙"
극장판 프로젝트 세카이 부서진 세카이와 전해지지 않는 미쿠의 노래,2025-05-29,일본,일본,,(주)애니플러스,전체관람가,애니메이션,,
드롭,2025-04-23,미국,미국,,유니버설픽쳐스인터내셔널 코리아(유),15세이상관람가,"스릴러,미스터리",크리스토퍼 랜던,"메간 페이,브랜든 스클레너"
더 테러 라이브 : 라스트 쇼,2025-04-16,일본,일본,,롯데컬처웍스(주)롯데엔터테인먼트,12세이상관람가,"범죄,스릴러",와타나베 카즈타카,아베 히로시
자전거 탄 소년,2012-01-19,벨기에,"벨기에,프랑스",,"(주)영화사 진진,(주)티캐스트",12세이상관람가,드라마,"장 피에르 다르덴,뤽 다르덴","세실 드 프랑스,토마 도레"
압수수색: 내란의 시작,2025-04-23,한국,한국,뉴스타파 필름,영화로운 형제,12세이상관람가,다큐멘터리,김용진,
은혼 더 파이널,2021-07-22,일본,일본,,워터홀컴퍼니(주),15세이상관람가,애니메이션,,"스기타 토모카즈,사카구치 다이스케,쿠기미야 리에,이시다 아키라"
길은 멀어도 마음만은,1977-07-16,스페인,스페인,,,전체관람가,"가족,뮤지컬,코미디",루이스 루시아,"마리솔,안셀모 두아르테,마리아 마호르,줄리오 산후안"
위대한 유산,,영국,영국,,,,드라마,데이빗 린,"존 밀스,발레리 홉슨"
바이러스,2025-05-07,한국,한국,더램프스튜디오(주),(주)바이포엠스튜디오,12세이상관람가,드라마,강이관,"배두나,김윤석,장기하,문성근,김희원,오현경,민진웅,염혜란,유순웅,손석구,최형인,이경진,곽민호,홍석빈,김경일,박건락,이동용,문선용,황재열,곽진,박희본,김예원,박동일"
용장 로모로,,이탈리아,"이탈리아,프랑스",,,,"액션,드라마",,
예르미타시 예술의 힘,2021-05-12,이탈리아,이탈리아,,"일미디어,씨지브이 아이스콘",전체관람가,다큐멘터리,,토니 세르빌로
달팽이의 회고록,2025-04-30,호주,호주,,해피송,15세이상관람가,애니메이션,아담 엘리어트,"사라 스누크,에릭 바나,재키 위버,코디 스밋 맥피,도미니크 피뇽"
볼레로: 불멸의 선율,2025-04-30,프랑스,프랑스,,찬란,12세이상관람가,드라마,안느 퐁텐,"라파엘 페르소나즈,도리아 틸리에,잔느 발리바,엠마누엘 데보"
랜드스케이프 수어사이드,,미국,미국,,,,"범죄,드라마",제임스 베닝,
복수는 나의 것,2002-03-28,한국,한국,(주)스튜디오박스,(주)씨제이이엔엠,18세관람가,"범죄,스릴러",박찬욱,"신하균,송강호,배두나,이윤미,한보배,이대연,기주봉,지대한,최아라,문금영,윤명오,이정욱,신정근,이금희,이칸희"
루르,,독일,독일,,,,다큐멘터리,제임스 베닝,
11 x 14,,미국,"미국,캐나다",,,,드라마,제임스 베닝,
네버 렛 고: 악의 끈,2025-04-16,미국,미국,,(주)누리픽쳐스,15세이상관람가,"공포(호러),미스터리,스릴러",알렉산더 아야,할리 베리
후회하지 않아,2006-11-16,한국,한국,청년필름(주),씨제이엔터테인먼트,18세관람가,"드라마,멜로/로맨스",이송희일,"이영훈,조현철,김동욱,김정화,정희태,송승민,김화영,나성천,박현민,허록,문정미,김상은,최기원,김일권,임범,최성원,오현수,이승원,이승철,최원석,오류미,양정화,양정석,이혜미,박미현,김남길,정승길"
2025년 4월 프레임워크,,한국,한국,,,,기타,,
미스터 로버츠,,,,,,,,,
4월에는 사랑을 말할 것 (섹션2),,한국,한국,,,,기타,,
소로,,미국,미국,,,,다큐멘터리,제임스 베닝,
살인의 추억,2003-04-25,한국,한국,(주)싸이더스,씨제이엔터테인먼트,15세관람가,스릴러,봉준호,"송강호,김상경,김뢰하,정인선,한충환,김효성,이강산,김민철,최현기,심성보,김희진,한성근,서민수,김경래,강진희,이상욱,윤박지,박상우,박소현,김철용,류태호,박노식,박진우,변희봉,서영화,신현종,조덕제,이재응,유승목,손진호,신동환,최종률,손강국,박현영,권병길,신문성,염혜란,전미선,최교식,곽수정,천명재,이옥주,김영관"
할란 카운티 USA,,미국,미국,,,,다큐멘터리,,
어떤 여름의 연대기,,프랑스,프랑스,,,,다큐멘터리,,
브레스리스,,미국,미국,,,,다큐멘터리,제임스 베닝,
조용한 가족,1998-04-25,한국,한국,(주)명필름,,18세 미만인 자는 관람할 수 없는 등급,"드라마,미스터리,코미디",김지운,"나문희,박인환,최민식,정재영,송강호,이기영,조덕제,기주봉,최철호"
베이커스필드에서 모하비까지,,미국,미국,,,,다큐멘터리,제임스 베닝,
세일즈맨,,미국,미국,,,,"다큐멘터리,드라마",앨버트 메이슬리스,
돌아보지 마라,,미국,미국,,,,다큐멘터리,D.A. 페네베이커,
서스페리아,2019-05-16,이탈리아,"이탈리아,미국",,스튜디오 초이스 주식회사,청소년관람불가,공포(호러),루카 구아다니노,"다코타 존슨,틸다 스윈튼,미아 고스,클로이 모레츠"
그레이 가든스,,미국,미국,,,,기타,,
"아카디아, 아카디아?!?",,캐나다,캐나다,,,,기타,,
2025년 4월 수요단편극장 - 4월은 너의 거짓말,,한국,한국,,,,드라마,,
광주독립영화관개관7주년-여성영화제 섹션2,,한국,한국,,,,드라마,,
걸,2021-01-07,독일,독일,,(주)리틀빅픽쳐스,15세이상관람가,드라마,루카스 돈트,
광주독립영화관개관7주년-여성영화제 섹션1,,한국,한국,,,,드라마,,
광주독립영화관개관7주년-독립영화제 섹션1,,한국,한국,,,,기타,,
당신과 나를 잇는 법,,한국,한국,,,,다큐멘터리,"김윤겸,여인서,임수빈",
"떡 맛집 : 안마방, 미용실, 병원에서",2025-04-18,한국,한국,,(주)영화사가을,청소년관람불가,멜로/로맨스,,
신도시 새댁들,2025-04-18,한국,한국,진픽쳐스,유한회사 스튜디오 획,청소년관람불가,성인물(에로),,
쓰나미 10.0,2025-04-17,미국,미국,,(주)제이앤씨미디어그룹,15세이상관람가,"기타,드라마,액션",,
토토의 천국,1992-07-17,프랑스,프랑스,(주)하명중 영화제작소,"(주)영화사 안다미로,(주)하명중 영화제작소","15세이상관람가,중학생이상관람가",드라마,자코 반 도마엘,"미셸 부케,미레일 페리어"
영화감독 신나리 추모의 밤,,한국,한국,,,,다큐멘터리,신나리,
스노우 폭스2: 몬스터타운 구하기,2025-04-26,미국,미국,,(주)팝엔터테인먼트,전체관람가,애니메이션,,
4월 이야기,2000-04-08,일본,일본,록웰아이즈 (ロックウェルアイズ),"(주)미디어캐슬,(주)팝파트너스","12세이상관람가,12세관람가","멜로/로맨스,드라마",이와이 슌지,"마츠 다카코,후지이 카오리"
거룩한 밤: 데몬 헌터스,2025-04-30,한국,한국,"주식회사 빅펀치픽쳐스,(주)노바필름",롯데컬처웍스(주)롯데엔터테인먼트,15세이상관람가,액션,임대희,"마동석,서현,이다윗,경수진,정지소,최광일,류승수,전익령,맹승영,박건희,박주원,송요셉,박옥출,한기중,이다일,윤지원,남미정,박기선,차우진,김도건,서문호,이성우,이재석,이태영,임용순,나경철,이시형,이원행,정윤성,류성철,노재훈,김산성,최홍락,정경숙,이영준,홍지우,임서아,이서경,이다령,황태희,이건구,권지훈,김석진,조승연,황영윤,윤기현,정신영,문경린,이원행,김진우,박승진,김예성,민선기,민선기,지륜,김태윤,김우람,윤진율,현승환,유성곤,서문호,최진호,박현준"
"극장판 뱅드림! 잇츠 마이고!!!!! 전편: 봄의 양지, 방황하는 고양이",2025-04-24,일본,일본,,(주)애니플러스,전체관람가,애니메이션,카키모토 코다이,
카우보이 비밥-천국의문,2003-10-03,일본,일본,,콜럼비아트라이스타㈜,12세관람가,"애니메이션,액션",와타나베 신이치로,"이시즈카 운쇼,야마데라 코이치"
"아도 스페셜 라이브 ""신조우"" 인 시네마",2025-04-23,일본,일본,,와이드 릴리즈(주),전체관람가,공연,,
시크릿쥬쥬 마법의 하모니,2025-05-01,한국,한국,,(주)씨제이이엔엠,전체관람가,애니메이션,조경호,"박선영,이명호"
쫑알쫑알 똘똘이: 이상한 마을 대모험,2025-04-30,한국,한국,(주)크레이지버드스튜디오,(주)크레이지버드스튜디오,전체관람가,"애니메이션,코미디,가족",이상호,
썬더볼츠＊,2025-04-30,미국,미국,,월트디즈니컴퍼니코리아 유한책임회사,12세이상관람가,"액션,어드벤처",제이크 슈레이어,"플로렌스 퓨,세바스찬 스탠,와이어트 러셀,올가 쿠릴렌코,크리스 바우어,데이빗 하버,해나 존-케이먼,줄리아 루이스 드레퓌스"
목로주점,,프랑스,프랑스,,,,드라마,르네 클레망,"마리아 쉘,프랑스와 페리어"
라라미에서 온 사나이,,미국,미국,콜럼비아 픽쳐스 코포레이션,,,"액션,서부극(웨스턴),미스터리",안소니 만,"제임스 스튜어트,아서 케네디,도날드 크리스프,캐시 오도넬,알렉스 니콜,알린 맥마흔,월러스 포드,잭 엘램"
애정,,미국,미국,메트로-골드윈-마이어,,,"드라마,가족",클라렌스 브라운,그레고리 펙
라르고 윈치: 프라이스 오브 머니,2025-04-24,프랑스,프랑스,,와이드 릴리즈(주),15세이상관람가,"액션,스릴러",올리비에 마세-드파스,"토머 시슬리,제임스 프랭코"
+,,한국,한국,,,,드라마,,
대도시의 사랑법(드라마),,한국,한국,,,,멜로/로맨스,"손태겸,허진호,홍지영,김세인",신동규
블랙 독,,중국,중국,,,,드라마,관후,
리셋,2025-04-30,캐나다,캐나다,,(주)빅브라더스,12세이상관람가,다큐멘터리,배민,
괴수 8호: 미션 리컨,2025-05-07,일본,일본,,메가박스중앙(주),15세이상관람가,애니메이션,미야 시게유키,"후쿠니시 마사야,파이루즈 아이,세토 아사미,카와니시 켄고"
영동선,2025-04-30,한국,한국,(주)스튜디오글로빅,(주)글로빅엔터테인먼트,15세이상관람가,드라마,최종학,"전노민,정윤서,최대철,최문수,김명국,박종보,어석환,나대한,김윤지,이설,주소정,유준혁,김장길,신하랑,신국주,박계수,박정서,선미진,배별하,류강주,김현숙,김소영,조성준,조영훈"
아나,,포르투갈,포르투갈,,,,기타,"안토니우 레이스,마르가리다 코르데이루",
침몰 가족,,일본,일본,,,,다큐멘터리,가노 쓰치,
엣 더 벤치,2025-07-30,일본,일본,,와이드 릴리즈(주),전체관람가,드라마,오쿠야마 요시유키,"히로세 스즈,나카노 타이가,이마다 미오,모리 나나,키시이 유키노,오카야마 아마네,아라카와 요시요시,쿠사나기 츠요시,요시오카 리호,카미키 류노스케"
트라스-우스-몽트스,,포르투갈,포르투갈,,,,드라마,"안토니우 레이스,마르가리다 코르데이루",
비소와 낡은 레이스,,미국,미국,,,,"코미디,범죄,스릴러",프랭크 카프라,캐리 그랜트
걸어도 걸어도,2009-06-18,일본,일본,,"(주)영화사 진진,(주)하이스트레인저",전체관람가,"드라마,가족",고레에다 히로카즈,"나츠카와 유이,요우,하야기 료가,하라다 요시오,아베 히로시"
반다의 방,,포르투갈,"포르투갈,독일,스위스,이탈리아",,,,드라마,페드로 코스타,"반다 두아트,레나 두아트"
아무도 모른다,2005-04-01,일본,일본,"반다이비쥬얼컴패니,(주)씨네콰논","(주)디스테이션,(주)동숭아트센터",전체관람가,드라마,고레에다 히로카즈,"키타우라 아유,야기라 유야"
태풍이 지나가고,2016-07-27,일본,일본,,(주)티캐스트,12세이상관람가,드라마,고레에다 히로카즈,"아베 히로시,키키 키린,마키 요코,코바야시 사토미"
오후 한 시,,미국,미국,,,,다큐멘터리,,
제42회 부산국제단편영화제 BISFF 제작지원,,한국,한국,,,,드라마,,
아름다운 5월,,프랑스,프랑스,,,,,크리스 마르케,"이브 몽땅,시몬느 시뇨레"
진짜로 일어날지도 몰라 기적,2011-12-22,일본,일본,,"(주)스튜디오 보난자,(주)미로비젼",전체관람가,드라마,고레에다 히로카즈,오다기리 조
공기인형,2010-04-08,일본,일본,아스믹에이스엔터테인먼트,"오드,씨제이엔터테인먼트","청소년관람불가,15세이상관람가","드라마,판타지",고레에다 히로카즈,"배두나,아라타,오다기리 조,이타오 이츠지"
세퍼레이트 테이블,,미국,미국,,,,드라마,델버트 만,"데보라 카,리타 헤이워드,데이비드 니븐"
극장판 귀멸의 칼날: 무한열차편,2021-01-27,일본,일본,,"(주)넥스트엔터테인먼트월드(NEW),워터홀컴퍼니(주)",15세이상관람가,애니메이션,소토자키 하루오,"하나에 나츠키,키토 아카리,시모노 히로,마츠오카 요시츠구,히노 사토시,히라카와 다이스케,김연우"
오 마이 갓,2025-04-23,한국,한국,주식회사 씨엠닉스,주식회사 씨엠닉스,12세이상관람가,기타,최진욱,
제42회 부산국제단편영화제 오퍼레이션 키노,,한국,한국,,,,다큐멘터리,,
로미오 앤 줄리엣,,영국,영국,,,,공연,,
아메리칸 셰프,2015-01-07,미국,미국,,(주)영화사 진진,15세이상관람가,코미디,존 파브로,"존 파브로,엠제이 안소니,소피아 베르가라,스칼렛 요한슨,더스틴 호프만,로버트 다우니 주니어,존 레귀자모"
"(로컬 픽, 시간과 빛) 각자의 궤도를 따라",,한국,한국,,,,기타,,
제42회 부산국제단편영화제 국제경쟁 3,,기타,기타,,,,드라마,,
AV스타 에리카의 방문섹스,2025-04-25,일본,일본,,(주)영진크리에이티브,청소년관람불가,"성인물(에로),드라마,멜로/로맨스",,
관음증:아내와 지인의 섹스 스와핑,2025-04-25,일본,일본,,(주)파랑새미디어,청소년관람불가,"성인물(에로),드라마,멜로/로맨스",,
날티나는 여직원의 비밀,2025-04-25,한국,한국,(주)샤이커뮤니케이션즈,(주)샤이커뮤니케이션즈,청소년관람불가,성인물(에로),,
내 아내가 다른 남자와 싸고 있습니다 무삭제판,2025-04-25,일본,일본,,(주)영진크리에이티브,청소년관람불가,"성인물(에로),드라마,멜로/로맨스",,
맛있는 친구 누나,2025-04-22,한국,한국,주식회사 바나나픽쳐스,주식회사 바나나픽쳐스,청소년관람불가,"성인물(에로),드라마",,
메가 트위스터스,,미국,미국,,(주)제이앤씨미디어그룹,12세이상관람가,"드라마,액션",,
미친 섹스,2025-04-25,한국,한국,(주)영화사가을,(주)영화사가을,청소년관람불가,멜로/로맨스,,
발정난 왕가슴 미녀의 마사지,2025-04-25,일본,일본,,(주)영진크리에이티브,청소년관람불가,"성인물(에로),드라마,멜로/로맨스",,
부장님이 빨아버린 가랑이,2025-04-25,일본,일본,,주식회사 케이앤아이,청소년관람불가,멜로/로맨스,,
섹스 판타지 월드,2025-04-21,한국,한국,,(주)두리컴미디어,청소년관람불가,성인물(에로),,
수컷향기 맡고 올라탄 처자,2025-04-24,일본,일본,,(주)영진크리에이티브,청소년관람불가,"멜로/로맨스,드라마",,
쉿! 소리 내면 남편이 깰 수 있어,2025-04-24,일본,일본,,(주)영진크리에이티브,청소년관람불가,"멜로/로맨스,드라마",,
신도시의 자매들,2025-04-23,한국,한국,(주)샤이커뮤니케이션즈,(주)샤이커뮤니케이션즈,청소년관람불가,성인물(에로),,
아버님의 거근 삼킨 가랑이,2025-04-25,일본,일본,,주식회사 케이앤아이,청소년관람불가,멜로/로맨스,,
우주전쟁: 라스트 아포칼립스,2025-04-24,미국,미국,,(주)제이앤씨미디어그룹,15세이상관람가,"스릴러,액션,SF",,
육덕진 여상사의 혀놀림,2025-04-23,한국,한국,(주)샤이커뮤니케이션즈,(주)샤이커뮤니케이션즈,청소년관람불가,성인물(에로),,
젖 큰 처제,2025-04-22,한국,한국,주식회사 바나나픽쳐스,주식회사 바나나픽쳐스,청소년관람불가,"성인물(에로),드라마",,
처음 본 여자의 속 깊은 사정,2025-04-24,한국,한국,(주)샤이커뮤니케이션즈,(주)샤이커뮤니케이션즈,청소년관람불가,성인물(에로),,
보이 인 더 풀,2025-05-14,한국,한국,한국영화아카데미,(주)트리플픽쳐스,12세이상관람가,"드라마,멜로/로맨스",류연수,"김지원,효우,이민재,이예원,양희원,김율호,손빛나"
바운티 호의 반란,,미국,미국,,,,"어드벤처,드라마",프랭크 로이드,"찰스 로튼,클라크 게이블,프랑코트 톤"
사이공 선셋,2025-04-30,한국,한국,(주)로드하우스,(주)로드하우스,청소년관람불가,"멜로/로맨스,드라마",손현우,"대니 리,서리나,손동제"
선셋 대로,,미국,미국,파라마운트 픽쳐스,,,드라마,빌리 와일더,
극장판 블리치 : 메모리즈 오브 노바디,2025-05-02,일본,일본,,에스엠지홀딩스 주식회사,12세이상관람가,애니메이션,아베 노리유키,"모리타 마사카즈,오리카사 푸미코,에바라 마사시"
그 자연이 네게 뭐라고 하니,2025-05-14,한국,한국,(주)영화제작전원사,"(주)영화제작전원사 ,(주)콘텐츠판다",15세이상관람가,드라마,홍상수,"하성국,권해효,조윤희,강소이,박미소"
"폴킴, 친애하는 당신께",2025-05-07,한국,한국,(주)아시아홈 엔터테인먼트,씨지브이 아이스콘,전체관람가,"다큐멘터리,드라마",,폴킴
잃어버린전설,,,,,,,,,
파비안느에 관한 진실,2019-12-05,프랑스,프랑스,,(주)티캐스트,12세이상관람가,드라마,고레에다 히로카즈,"까뜨린느 드뇌브,줄리엣 비노쉬,에단 호크"
지금은맞고그때는틀리다,2015-09-24,한국,한국,(주)영화제작전원사,"(주)콘텐츠판다,(주)영화제작전원사 ,(주)넥스트엔터테인먼트월드(NEW)",청소년관람불가,드라마,홍상수,"정재영,김민희,윤여정,기주봉,최화정,유준상,서영화,고아성"
스펠바운드,,미국,미국,,,,"미스터리,드라마,멜로/로맨스,스릴러,기타",알프레드 히치콕,"잉그리드 버그만,그레고리 펙"
"아치의 노래, 정태춘",2022-05-18,한국,한국,(주)인디플러그,(주)넥스트엔터테인먼트월드(NEW),전체관람가,다큐멘터리,고영재,"정태춘,박은옥"
브로커,2022-06-08,한국,한국,영화사 집,(주)씨제이이엔엠,12세이상관람가,드라마,고레에다 히로카즈,"송강호,강동원,배두나,이지은,이주영,임승수,박지용,김선영,이무생,이동휘,김새벽,백현진,오희준,류경수,종호,성유빈,박강섭,김금순,강길우,김예은,류지안,윤슬,장혜민,정종열,최희진,이도군,김도연,최효상,강민지,이가경,양권석,이두석,박종현,전선호,박영준,황도윤,김다나,김수현,배가진,김진아,나경철,이가은혜,송새벽,박해준,정지우,이도군,윤슬"
화이: 괴물을 삼킨 아이,2013-10-09,한국,한국,"나우필름(주),파인하우스필름(주),(주)쇼박스",(주)쇼박스,청소년관람불가,"액션,스릴러",장준환,"여진구,김윤석,조진웅,장현성,김성균,박해준,임지은,남지현,설우신,이성,이태종,한진,홍준표,유연석,이준혁,박진우,한주완,서영화,이진성,장인섭,손강국,이승용,김근영,이유미,박경혜,권은수,박용우,박성준,김영민,한이진,신정섭,김종태"
머나먼 세상속으로,2014-07-31,프랑스,"프랑스,벨기에,캐나다",,주식회사 마운틴픽쳐스,전체관람가,애니메이션,장 크리스토프 드상,"장 르노,로란트 도이취,이자벨 까레"
자매가 돌려박는 인싸 하숙생,2025-05-02,한국,한국,,(주)씨맥스커뮤니케이션즈,청소년관람불가,성인물(에로),,
지충일기,2025-05-01,한국,한국,주식회사 블루필름웍스,주식회사 블루필름웍스,12세이상관람가,드라마,"전성우,문승욱",
스파이 캣,2021-12-09,독일,독일,,"(주)라이크콘텐츠,주식회사 블루필름웍스",전체관람가,애니메이션,"크리스토프 라우엔슈타인,울프강 라우엔슈타인",
리틀 엘렌: 외계인과 안테나 대소동,2023-03-01,덴마크,덴마크,,주식회사 블루필름웍스,전체관람가,"애니메이션,판타지,어드벤처",,"김옥경,정의한,배진홍,홍수정"
관음증-두 아들의 떡맛을 느낀 새엄마,2025-04-28,일본,일본,,(주)영진크리에이티브,청소년관람불가,"성인물(에로),드라마,멜로/로맨스",,
동경엄마-새엄마의 란제리,2025-04-28,일본,일본,,(주)영진크리에이티브,청소년관람불가,"성인물(에로),드라마,멜로/로맨스",,
"몰래한 사랑 : 새엄마, 친구엄마, 며느리",2025-05-02,한국,한국,,(주)영화사가을,청소년관람불가,멜로/로맨스,,
새엄마를 여자로 느낀 날,2025-04-29,일본,일본,,(주)영진크리에이티브,청소년관람불가,"성인물(에로),드라마,멜로/로맨스",,
성욕 터진 유부녀 남자사냥,2025-04-28,일본,일본,,(주)영진크리에이티브,청소년관람불가,"성인물(에로),드라마,멜로/로맨스",,
수컷냄새만 나면 발딱 서버려요 무삭제판,2025-04-28,일본,일본,,(주)영진크리에이티브,청소년관람불가,"성인물(에로),드라마,멜로/로맨스",,
씨 굵고 잘 넣는 새아빠,2025-04-29,일본,일본,,(주)파랑새미디어,청소년관람불가,"성인물(에로),드라마,멜로/로맨스",,
씨받는 여선배들,2025-04-29,일본,일본,,(주)파랑새미디어,청소년관람불가,"성인물(에로),드라마,멜로/로맨스",,
옷 잘 벗는 젖 큰 자매들,2025-04-29,한국,한국,,주식회사 피에스앤제이,청소년관람불가,성인물(에로),,
왕큰 의사쌤 왕진 서비스 무삭제판,2025-04-29,일본,일본,,(주)영진크리에이티브,청소년관람불가,"성인물(에로),드라마,멜로/로맨스",,
조건섹스 : 라스트 원나잇 무삭제판,2025-05-02,한국,한국,(주)파랑새미디어,(주)영진크리에이티브,청소년관람불가,"성인물(에로),드라마,멜로/로맨스",이타치,
캣츠토피아,2020-04-30,중국,중국,,(주)버킷스튜디오,전체관람가,"판타지,애니메이션",게리 왕,"더못 멀로니,유민상,오나미,박지현"
리골레토,2020-04-05,독일,독일,,(주)케빈앤컴퍼니,12세이상관람가,"공연,드라마,스릴러",필립 슈톨츨,"블라드미르 스토야노프,멜리사 쁘띠,스테판 코스텔로"
사운드 오브 뮤직,1978-02-04,미국,미국,이십세기폭스필름코퍼레이션,"월트디즈니컴퍼니코리아 유한책임회사,(주)팝엔터테인먼트,이십세기폭스코리아(주)","연소자관람가,전체관람가","드라마,뮤지컬",로버트 와이즈,"줄리 앤드류스,크리스토퍼 플러머"
기동전사 건담 역습의 샤아,2025-05-07,일본,일본,,(주)미디어캐슬,12세이상관람가,애니메이션,토미노 요시유키,"후루야 토오루,이케다 슈이치,스즈오키 히로타카"
배드 가이즈,2022-05-04,미국,미국,,유니버설픽쳐스인터내셔널 코리아(유),전체관람가,"애니메이션,범죄,액션",피에르 페리펠,"샘 록웰,크레이그 로빈슨,안소니 라모스,아콰피나,재지 비츠"
에이티즈 월드 투어 [투워즈 더 라이트 : 윌 투 파워] 인 시네마,2025-05-07,한국,한국,"씨제이포디플렉스 주식회사,스크린엑스 스튜디오",씨제이포디플렉스 주식회사,전체관람가,공연,오윤동,
파이널 데스티네이션 블러드라인,2025-05-14,미국,미국,,워너브러더스 코리아(주),청소년관람불가,공포(호러),"아담 B. 스테인,잭 리포브스키","케이틀린 산타 후아나,테오 브리오네스,리처드 하몬,오웬 패트릭 조이너,안나 로어,브렉 배싱어,토니 토드"
미션 임파서블: 파이널 레코닝,2025-05-17,미국,미국,,롯데컬처웍스(주)롯데엔터테인먼트,15세이상관람가,액션,크리스토퍼 맥쿼리,"톰 크루즈,헤일리 앳웰,빙 라메스,사이먼 페그,바네사 커비,에사이 모랄레스,폼 클레멘티에프"
기동전사 건담 F91,2025-05-07,일본,일본,,(주)미디어캐슬,12세이상관람가,애니메이션,토미노 요시유키,
슈가 글라스 보틀,,일본,일본,,(주)영화사 진진,,드라마,소라 네오,
페퍼톤스 인 시네마 : 에브리씽 이즈 오케이,2025-05-09,한국,한국,(주)영화사 그램,"롯데컬처웍스(주)롯시플,(주)영화사 그램",전체관람가,공연,조윤수,
극장판 닌자보이 란타로: 도쿠타케 닌자대 최강의 군사,2025-05-14,일본,일본,,(주)디스테이션,전체관람가,애니메이션,후지모리 마사야,"타카야마 미나미,타나카 마유미"
미라클 워커,,미국,미국,,,,드라마,아서 펜,"앤 밴크로프트,패티 듀크,빅터 조리"
무명 無名,2025-06-25,한국,한국,재단법인 온누리선교재단(CGNTV),커넥트픽쳐스(주),12세이상관람가,다큐멘터리,유진주,"하정우,김중희"
고양이 수비대: 모나리자를 지켜라!,2025-05-14,러시아,러시아,,"그린나래미디어(주),주식회사 로아앤코홀딩스",전체관람가,애니메이션,바실리 로벤스키,
데드 어게인,2025-05-08,한국,한국,(주)로드하우스,(주)로드하우스,청소년관람불가,"스릴러,멜로/로맨스,미스터리",손현우,"김태진,서리나,이고휘,대니 리,손동제"
우리는 공산당이 싫어요,2025-05-09,한국,한국,㈜영화사 아리랑,주식회사 킨스튜디오,15세이상관람가,다큐멘터리,,최윤슬
호랑이 소녀,2025-05-07,말레이시아,말레이시아,,주식회사 오디언스,12세이상관람가,공포(호러),,
하이파이브,2025-05-30,한국,한국,(주)안나푸르나필름,(주)넥스트엔터테인먼트월드(NEW),15세이상관람가,"코미디,액션",강형철,"이재인,안재홍,유아인,라미란,김희원,김수혁,오정세,신구,박진영,진희경,장광,박형수,유승목,안승균,오하늬,김원해,이동휘,현봉식,정다원,윤지수,문도선,박병렬,이태영,강효준,김종태,임채선,이환진,노익현,류경환,장준현,박우준,이규영,최은경,임한나,배한용,이승철,김희상,임서영,최동구,김태순,송병훈,윤정로,최원,김기남,한주미,나진수,김우택,유진호,김영조,김봉희,박경현,박복만,박노아,김민규"
나를 모르는 그녀의 세계에서,2025-05-22,일본,일본,,"와이드 릴리즈(주),(주)키다리스튜디오",12세이상관람가,멜로/로맨스,미키 타카히로,"나카지마 켄토,미레이"
무법자 제시 제임스,,미국,미국,,,,"범죄,드라마",헨리 킹,"타이론 파워,헨리 폰다,낸시 켈리"
이상한 나라의 수학자,2022-03-09,한국,한국,(주)조이래빗,(주)쇼박스,12세이상관람가,드라마,박동훈,"최민식,김동휘,박해준,박병은,조윤서,주진모,김원해,탕준상,김희정,강말금,김소숙,최재섭,주예린,이주한,정승길,류지훈,이한종,최재훈,김동현,이상현,신재휘,강준규,김태훈,이용빈,유혜림,김승태,황재순,차보미,최연우,고경민,김은석,차영주,이은형,김현선,정소용,이정섭,이지,조진결,김난희,김철호,김하람,신미영"
전문학교,,미국,미국,,,,기타,"버스터 키튼,제임스 W. 호른",
윈체스터 73,,미국,미국,,,,서부극(웨스턴),안소니 만,"셸리 윈터스,스티븐 맥널리,댄 두리아,제임스 스튜어트"
주먹이 운다(Crying Fist),2005-04-01,한국,한국,"(주)브라보엔터테인먼트,시오필름(주)",쇼이스트(주),15세관람가,드라마,류승완,"최민식,류승범,임원희,변희봉,나문희,기주봉,오달수,서혜린,김지훈,이도겸,심재원,권용덕,정민혁,김영인,이윤선,이정현,김병옥,안길강,천호진,김성훈,이원석,박대희,김수현,이태준,김효정,김효선,황재근,양민석,박준면,정인기,김기천"
시라노; 연애조작단,2010-09-16,한국,한국,(주)명필름,롯데쇼핑㈜롯데엔터테인먼트,12세이상관람가,"멜로/로맨스,코미디",김현석,"엄태웅,이민정,최다니엘,박신혜,박철민,전아민,송새벽,류현경,김유경,박은성,조재형,송다은,한대룡,서대현,김대인,김상렬,이병규,유일한,이미도,이미소,김지영,이대연,권해효,원현준,김유경"
나막신 나무,,이탈리아,이탈리아,,,,드라마,에르마노 올미,"루이지 오르나기,프란체스카 모리지"
아이다,,미국,미국,,,,공연,,
울려고 내가 왔던가,,한국,한국,극동필름,,,멜로/로맨스,김화랑,"김진규,도금봉,엄앵란"
프렌치 커넥션,1972-05-27,미국,미국,이십세기폭스필름코퍼레이션,,,"드라마,액션,스릴러,범죄",윌리엄 프리드킨,"로이 샤이더,페르난도 레이,진 해크만"
투쟁의 그늘,,미국,미국,,,,액션,월터 힐,"찰스 브론슨,제임스 코번,질 아일랜드"
할리우드 갈라 콘서트,,덴마크,덴마크,,,,공연,,"크리스티안 슈만,실라스 브제레가르드,클라라 톰센,이 지"
아마데우스 오리지널 리마스터링,2025-06-04,미국,미국,,와이드 릴리즈(주),12세이상관람가,드라마,밀러스 포먼,"톰 헐스,F. 머레이 아브라함"
달사람,2014-11-13,프랑스,"프랑스,독일",,주식회사 마운틴픽쳐스,전체관람가,애니메이션,스테판 셰쉬,"카타리나 탈바흐,울리히 터커,코리나 하르포히,토미 웅거러"
도큐멘타 14에 관한 뒷 얘기 파트2,,그리스,그리스,,,,다큐멘터리,,
도큐멘타 14에 관한 뒷 얘기 파트1,,그리스,그리스,,,,다큐멘터리,,
안마방 창녀들,2025-05-09,한국,한국,(주)파랑새미디어,(주)영진크리에이티브,청소년관람불가,"성인물(에로),드라마,멜로/로맨스",이타치,
도큐멘타 14에 관한 뒷 얘기 파트3,,그리스,그리스,,,,다큐멘터리,,
5월에는 오래오래 웃어볼 것 (섹션 1),,한국,한국,,,,기타,,
누나의 맛,2025-05-09,한국,한국,,(주)까멜리아이엔티,청소년관람불가,멜로/로맨스,김태수,
섹스에 중독된 소녀 그리고 유부녀,2025-05-09,한국,한국,스마일컨텐츠,스마일컨텐츠,청소년관람불가,성인물(에로),성기만,
유부녀들 : 남편보다 맛있는 남자들,2025-05-09,한국,한국,(주)영화사가을,(주)영화사가을,청소년관람불가,멜로/로맨스,,
내 마음의 풍금,1999-03-27,한국,한국,아트힐(주),,모든 관람객이 관람할 수 있는 등급,"멜로/로맨스,드라마",이영재,"이병헌,전도연,이미연,송옥숙,이인철,이대연,김일우,남덕우,김은미,신신애,김동영"
무빙 온 아시아 MOA 1,,기타,기타,,,,기타,,
무빙 온 아시아 MOA 2,,기타,기타,,,,기타,,
무빙 온 아시아 MOA 3,,기타,기타,,,,기타,,
무빙 온 아시아 MOA 4,,기타,기타,,,,기타,,
무빙 온 아시아 MOA 6,,기타,기타,,,,기타,,
사라지는 시간에 바치는 노래,,베트남,베트남,,,,다큐멘터리,,
스카우트,2007-11-14,한국,한국,㈜두루미필름,씨제이엔터테인먼트,12세이상관람가,"드라마,코미디",김현석,"임창정,엄지원,박철민,이대연,백일섭,김희원,탁트인,정종훈,서호영,서정표,윤준식,김철준,정진호,이자은,최권,손종학,전국환,정대용,장원영,이계인,정민성,곽진무,윤경호,신유람,박혁민,이승민"
좀 더 나은 세상을 만드는 법,,베트남,"베트남,한국",,,,다큐멘터리,,
"다시 만날, 조국",2025-05-14,한국,한국,,"(주)엣나인필름,㈜스튜디오 체인",12세이상관람가,다큐멘터리,"정윤철,정상진",조국
라이즈 오디세이 프리미어 인 시네마,,한국,한국,,메가박스중앙(주),전체관람가,다큐멘터리,,
위드 러브,2025-05-14,미국,미국,,유니버설픽쳐스인터내셔널 코리아(유),청소년관람불가,액션,조나단 유세비오,"키 호이 콴,아리아나 데보스,오언조"
"부정선거, 신의 작품인가",2025-05-21,한국,한국,,루디아코프,12세이상관람가,다큐멘터리,,
주차금지,2025-05-21,한국,한국,㈜영화사 주단,"㈜영화사 주단,(주)플레이그램",15세이상관람가,스릴러,손현우,"류현경,김뢰하,차선우,김장원,이정빈,장희정,김영선,정상훈,박성진,김정현"
로데오,2025-05-21,프랑스,프랑스,,필름다빈,15세이상관람가,드라마,롤라 키보론,
그리드맨 유니버스,2025-05-21,일본,일본,,(주)미디어캐슬,12세이상관람가,애니메이션,아메미야 아키라,"미도리카와 히카루,히로세 유야,사이토 소마,미야모토 유메,에노키 준야,와카야마 시온"
기억의 조각,2025-05-29,한국,한국,,목영이엔엠,12세이상관람가,드라마,이광복,"백재우,박승연,박철민,박주현"
굿바이 마이 라이프,,미국,미국,,,,드라마,빅터 플레밍,"스펜서 트레이시,라이오넬 배리모어"
잔느 딜망,,프랑스,프랑스,,,,드라마,샹탈 애커만,"델핀 세이릭,잔 데코트,자크 도니올-발크로즈"
마음이 외치고 싶어해,2017-12-07,일본,일본,,(주)스마일이엔티,12세이상관람가,드라마,쿠마자와 나오토,"나카지마 켄토,요시네 쿄코,이시이 안나,칸이치로"
브레이킹 아이스,2025-06-04,중국,"중국,싱가포르",,(주)디스테이션,15세이상관람가,멜로/로맨스,안소니 첸,"주동우,류호연,굴초소"
극장판 블리치 : 다이아몬드 더스트 리벨리온,2025-05-16,일본,일본,,에스엠지홀딩스 주식회사,12세이상관람가,애니메이션,아베 노리유키,"모리타 마사카즈,박로미,오리카사 푸미코"
숀벤 라이더,,일본,일본,,,,"드라마,액션",소마이 신지,"후지 타츠야,나가세 마사토시,사카가미 시노부"
1979 부마의 기억,,한국,한국,,,,,,
비밀의 화원,2025-07-23,한국,한국,㈜스튜디오 하이파이브,미디어나무(주),12세이상관람가,드라마,김성환,"박정학,최나린,한소현,백진욱,민채연,변동욱,고서희,유채연,서대원"
승리의 시작,2025-06-19,한국,한국,퓨어웨이픽쳐스,퓨어웨이픽쳐스,12세이상관람가,다큐멘터리,권순도,신유환
플립,2017-07-12,미국,미국,,"롯데컬처웍스(주)롯데시네마,(주)팝엔터테인먼트",12세이상관람가,"드라마,멜로/로맨스",롭 라이너,"매들린 캐롤,캘런 맥오리피"
광란자,,서독,"서독,미국",,,,"드라마,스릴러,범죄",윌리엄 프리드킨,
오월愛,2011-05-12,한국,한국,상구네,시네마달,전체관람가,다큐멘터리,김태일,"김길자,임병석,이은재"
썬레이: 폴른 솔저,2025-05-15,영국,영국,,주식회사 풍경소리,15세이상관람가,"범죄,액션",,
배창호의 클로즈업,,한국,한국,,,,다큐멘터리,"박장춘,배창호",
그 해 겨울은 따뜻했네,1984-09-29,한국,한국,한진흥업주식회사,,국민학생관람불가,"드라마,멜로/로맨스,전쟁",배창호,"유지인,안성기,이미숙,한진희,양택조"
잔다르크,,미국,미국,,,,드라마,빅터 플레밍,잉그리드 버그만
여행,2010-05-20,한국,한국,"(주)디앤디미디어,(주)삼거리픽쳐스",(주)스폰지이엔티,전체관람가,드라마,배창호,"박상규,박주희,양은용,김지은,윤예인,김유미,배정민"
5월에는 오래오래 웃어볼 것 (섹션 2),,한국,한국,,,,기타,,
무한텍스트 광주 4,,한국,한국,,,,다큐멘터리,,
기억상실증의 여자,2025-05-16,일본,일본,,(주)도키엔터테인먼트,청소년관람불가,멜로/로맨스,,
네루다,2017-05-25,칠레,"칠레,아르헨티나,프랑스",,(주)에스와이코마드,청소년관람불가,"스릴러,드라마",파블로 라라인,가엘 가르시아 베르날
마지막으로 새엄마와 이별섹스,2025-05-16,일본,일본,,(주)도키엔터테인먼트,청소년관람불가,성인물(에로),,
미술가정교사의 연인,2025-05-16,일본,일본,,(주)도키엔터테인먼트,청소년관람불가,멜로/로맨스,,
보험사 치토세의 특별한 영업비밀,2025-05-16,일본,일본,,(주)영진크리에이티브,청소년관람불가,"멜로/로맨스,드라마",,
잃어버린 아내,2025-05-16,일본,일본,,(주)도키엔터테인먼트,청소년관람불가,멜로/로맨스,,
투모로우 아마겟돈,2025-05-14,미국,미국,,(주)제이앤씨미디어그룹,15세이상관람가,"드라마,스릴러",,
확 꽂혀버린 여대생의 엉덩이,2025-05-16,일본,일본,,(주)영진크리에이티브,청소년관람불가,"멜로/로맨스,드라마",,
릴로 & 스티치,2025-05-21,미국,미국,,월트디즈니컴퍼니코리아 유한책임회사,전체관람가,애니메이션,딘 플라이셔 캠프,크리스 샌더스
바다호랑이,2025-06-25,한국,한국,"(주)영화사 침,(주)굿프로덕션",영화로운 형제,15세이상관람가,드라마,정윤철,"이지훈,손성호,김영택,김채원,길정석,박소윤,고경희,박민선,김귀선,우연서,홍정혜,이승훈,문성복,이성하,김동훈,조하석,조인,조마리,이기영,박호산,김중기,황재희,배보람,최수빈,권기대,김현민,신현실,윤지원,최규선,박문지,박지훈,진현광,전경화,손광수,이병철,손인찬,전선우,윤지영,차은수"
전장의 유산,2025-05-21,한국,한국,컬츠인큐티에프,컬츠인큐티에프,12세이상관람가,다큐멘터리,김채영,
씨너스: 죄인들,2025-05-28,미국,미국,,워너브러더스 코리아(주),청소년관람불가,액션,라이언 쿠글러,"마이클 B. 조던,헤일리 스테인펠드"
몽상가의 나흘 밤,,프랑스,"프랑스,이탈리아",,,,"드라마,멜로/로맨스",로베르 브레송,이자벨 웨인가튼
브링 허 백,2025-06-06,미국,미국,,소니픽쳐스엔터테인먼트코리아주식회사극장배급지점,청소년관람불가,공포(호러),"대니 필리푸,마이클 필리푸",샐리 호킨스
알사탕,,일본,일본,,롯데컬처웍스(주)롯데시네마,전체관람가,애니메이션,니시오 다이스케,
내가 누워있을 때,2025-05-28,한국,한국,(주)시네마달,(주)시네마달,12세이상관람가,드라마,최정문,"정지인,오우리,박보람,김영필,이한주,한지원,양말복,백현주,홍승이,하성훈,김현영,서상원,김주헌,이상희"
분리수거,2025-05-21,한국,한국,(주)모그픽쳐스,(주)이놀미디어,15세이상관람가,"드라마,멜로/로맨스",이소민,"박보경,윤혁진,태항호,문경태,박민서,백민지,주병하,김현빈,문진식,김봉조,홍성오,김예지,최효준,박경복,허윤,정인기,정경화,심형우,허철환,김유민,강해빈,황재열,이미옥,윤득비,오누리,홍택근,박서안,이대은,룡세형,이재용,김용명,김동준,웻보이,이영란,심소영,한종훈"
프리 폴,2025-05-21,러시아,러시아,,(주)스튜디오디에이치엘,전체관람가,"SF,액션,스릴러",올레흐 우라자이킨,"알렉산드르 쿠즈네초프,안냐 치포프스카야"
기타맨,2025-05-30,한국,한국,,주식회사 씨엠닉스,15세이상관람가,드라마,"김종면,이선정","이선정,박찬호,주민준,김새론,김지은,박인철,김광규"
어브로드,2025-06-11,한국,한국,써티세븐스디그리(주),스튜디오 에이드,15세이상관람가,"미스터리,드라마,스릴러",지오바니 푸무,"장성범,임영주,토니 덴만"
해피해피,2025-05-29,한국,한국,㈜리필름,시네마 뉴원,12세이상관람가,드라마,이수성,"길은혜,황유주,신지훈,김미준,서영"
소주전쟁,2025-05-30,한국,한국,더램프스튜디오(주),(주)쇼박스,15세이상관람가,드라마,,"유해진,이제훈,손현주,최영준,김기해,한상조,이하정,윤지혜,이서환,박지일,김다흰,정형석,최교식,이창호,김문식,심우성,심우성,이선구,최희진,허진우,정용식"
페니키안 스킴,2025-05-28,미국,미국,,유니버설픽쳐스인터내셔널 코리아(유),15세이상관람가,"드라마,코미디",웨스 앤더슨,"베니시오 델 토로,미아 트리플턴,마이클 세라,리즈 아메드,톰 행크스,브라이언 크랜스톤,마티유 아말릭,리처드 아요아데,제프리 라이트,스칼렛 요한슨,베네딕트 컴버배치,루퍼트 프렌드,홉 데이비스"
미야자키 하야오: 자연의 영혼,2025-05-28,프랑스,프랑스,,"(주)스튜디오디에이치엘,(주)키노라이츠",전체관람가,다큐멘터리,레오 파비에,"스즈키 토시오,미야자키 고로,요네바야시 히로마사,미야자키 하야오"
신입생,,미국,미국,,,,"가족,드라마,코미디","프레드 C. 뉴메이어,샘 테일러","해롤드 로이드,조비너 랄스톤"
나의 특별한 형제,2019-05-01,한국,한국,"(주)명필름,(주)조이래빗",(주)넥스트엔터테인먼트월드(NEW),12세이상관람가,"드라마,코미디",육상효,"신하균,이광수,이솜,박철민,권해효,길해연,양소민,배명진,김자영,김한나,양조아,김기천,고봉구,김경남,송철호,박정훈,서지원,김동훈,신안진,신안진,김민석,안지호,우지현,우지현,오세은,김서원,김현빈,이선주,김희창,윤정로,김승태,강은아,김중기,고현준,이채은,이호원,목규리,김태완,최광일,이도엽,김윤호,연승빈,전채원,서희,선종남,한경원,한별,정유민"
브릭레이어,2025-05-28,헝가리,헝가리,,"(주)올스타엔터테인먼트,(주)플레이그램",15세이상관람가,"액션,스릴러",레니 할린,"아론 에크하트,니나 도브레브"
사랑의 결단,,미국,미국,메트로-골드윈-마이어,,,드라마,테이 가넷,"그리어 가슨,그레고리 펙,도날드 크리스프,라이오넬 배리모어,프레스톤 포스터"
구에로스,,멕시코,멕시코,,,,코미디,,
이탈리아 여행,,이탈리아,"이탈리아,프랑스",,,,드라마,로베르토 로셀리니,"잉그리드 버그만,조지 샌더스,마리아 마우반"
자유의 이차선,,미국,미국,,,,드라마,몬테 헬만,워렌 오츠
어떤 여자들,,미국,미국,,,,드라마,켈리 레인하르트,
[낫띵벗필름x인디스페이스 5월] 이형구: 점점 더 선명하게,,한국,한국,,,,기타,,
옥희의 영화,2010-09-16,한국,한국,(주)영화제작전원사,(주)스폰지이엔티,청소년관람불가,"드라마,멜로/로맨스",홍상수,"이선균,정유미,문성근,서영화,조성덕,김진경,백정림,서정현,이채은"
홍상수 단편선,,한국,한국,,,,드라마,홍상수,
겁쟁이 페달: 더 무비,2016-01-14,일본,일본,,(주)미디어캐슬,전체관람가,애니메이션,나가누마 노리히로,
바람계곡의 나우시카,2000-12-30,일본,일본,스튜디오 지브리,(주)넥스트엔터테인먼트월드(NEW),전체관람가,"애니메이션,어드벤처,판타지,SF",미야자키 하야오,시마모토 스미
끝없음에 관하여,2021-12-16,기타,기타,,찬란,12세이상관람가,기타,로이 안데르손,
2025년 5월 수요단편극장 WP: 수요프리미어,,한국,한국,,,,기타,,
레전드 게임 콘서트,,덴마크,덴마크,,,,공연,,"제임스 셜록,이사벨 슈바르츠바흐,아이뵈르 폴스도티르,아담 리스"
올드 조이,,미국,미국,,,,드라마,켈리 레인하르트,"다니엘 런던,윌 올드햄"
초원의 강,,미국,미국,,,,드라마,켈리 레인하르트,래리 페센덴
도쿄 장거리 연애,,일본,일본,,,청소년관람불가,멜로/로맨스,,
사기게임 -1억엔의 승부,2025-05-19,일본,일본,,(주)도키엔터테인먼트,청소년관람불가,멜로/로맨스,,
라빠르망,1997-03-22,프랑스,프랑스,이마프로덕션,"주식회사 왓챠,(주)디스테이션","연소자관람불가,청소년관람불가","멜로/로맨스,드라마",질 미무니,"모니카 벨루치,에바 이오네스코,뱅상 카셀,로만느 보링거,장-필립 에코피"
가끔 대주는 전 여친,2025-05-22,한국,한국,(주)샤이커뮤니케이션즈,(주)샤이커뮤니케이션즈,청소년관람불가,성인물(에로),,
그 사람은 아내가 있습니다,2025-05-20,일본,일본,,(주)도키엔터테인먼트,청소년관람불가,멜로/로맨스,,
남자 사냥을 즐기는 여대생,2025-05-23,한국,한국,(주)샤이커뮤니케이션즈,(주)샤이커뮤니케이션즈,청소년관람불가,성인물(에로),,
남편 몰래 주는 사촌 누나,2025-05-23,한국,한국,주식회사 바나나픽쳐스,주식회사 바나나픽쳐스,청소년관람불가,"성인물(에로),드라마",,
남편속의 그녀,2025-05-19,일본,일본,,(주)도키엔터테인먼트,청소년관람불가,멜로/로맨스,,
내 아내의 씨를 받아주세요,2025-05-22,일본,일본,,(주)영진크리에이티브,청소년관람불가,"멜로/로맨스,드라마",,
달과 자는 여자,2025-05-19,일본,일본,,(주)도키엔터테인먼트,청소년관람불가,멜로/로맨스,,
문예동인지를 그리는 여자,2025-05-19,일본,일본,,(주)도키엔터테인먼트,청소년관람불가,멜로/로맨스,,
미망인의 사랑,2025-05-20,일본,일본,,(주)도키엔터테인먼트,청소년관람불가,멜로/로맨스,,
"미친섹스 : 학생과 제자, 형부와 처제 그리고",,한국,한국,(주)영화사가을,,청소년관람불가,멜로/로맨스,,
야릇한 거래를 즐기는 아줌마,2025-05-21,한국,한국,(주)샤이커뮤니케이션즈,(주)샤이커뮤니케이션즈,청소년관람불가,성인물(에로),,
유부녀 맛보는 법,2025-05-21,한국,한국,(주)샤이커뮤니케이션즈,(주)샤이커뮤니케이션즈,청소년관람불가,성인물(에로),,
체액 냄새 가득한 권태기 커플의 손장난,2025-05-22,일본,일본,,(주)영진크리에이티브,청소년관람불가,"멜로/로맨스,드라마",,
친구엄마들 4,,한국,한국,(주)영화사가을,,청소년관람불가,멜로/로맨스,,
황홀한 자각몽,2025-05-19,한국,한국,(주)스카이라이프티브이,(주)스카이라이프티브이,청소년관람불가,"성인물(에로),드라마",,
600: 르완다 애국군,,미국,미국,,,,다큐멘터리,,
바라캇,,남아프리카공화국,남아프리카공화국,,,,드라마,,
붉은 아이들의 길,,기타,"기타,프랑스,벨기에",,,,드라마,,
신명,2025-06-02,한국,한국,(주)열공영화제작소,"(주)열공영화제작소,(주)스마일이엔티,주식회사 블루필름웍스",15세이상관람가,"드라마,미스터리",김남균,"김규리,안내상,박찬우,최지현,김현아,신선희,이주미,안민영,박지서,명계남,김인우,조경현,곽나현,박선웅"
바운디 라이브 인 런던,2025-05-28,일본,일본,,메가박스중앙(주),전체관람가,공연,,
드래곤 길들이기,2025-06-06,미국,미국,,유니버설픽쳐스인터내셔널 코리아(유),전체관람가,"액션,어드벤처,판타지",딘 데블로이스,"메이슨 테임즈,제라드 버틀러,니코 파커,닉 프로스트,줄리안 데니슨,가브리엘 하웰,브론윈 제임스,해리 트레발드윈,이대휘,장예나,안장혁,최석필,남도형,박주광,이상호,김보나,김자연,김민주,김서현,장채연,이동윤,원종준,오건우"
검은 태양은 밝아온다,,미국,미국,워너 브러더스 픽쳐스,,,"멜로/로맨스,드라마",라울 월쉬,"클라크 게이블,이본느 드 카를로,시드니 포이티어,에프렘 짐밸리스트 주니어"
케인호의 반란,,미국,미국,,,,"드라마,전쟁",,
귤레귤레,2025-06-11,한국,한국,주식회사 필름초이스,㈜인디스토리,15세이상관람가,"드라마,멜로/로맨스",고봉수,"이희준,서예화,신민재,정춘,김수진,박은영"
일로 일로,,싱가포르,싱가포르,,"찬란,와이드 릴리즈(주)",12세이상관람가,드라마,안소니 첸,
"빛의 혁명, 민주주의를 지키다",2025-05-30,한국,한국,,영화로운 형제,12세이상관람가,다큐멘터리,,
오케스트라의 소녀,,미국,미국,,,,코미디,헨리 코스터,"디나 더빈,아돌프 멘주"
남국재견,,대만,대만,,,,드라마,허우 샤오시엔,"쿠에이 잉 수,이능정"
초상화의 이면. 아카데미아 카라라의 보물들,2025-05-28,이탈리아,이탈리아,,일미디어,전체관람가,다큐멘터리,,
퀴어,2025-06-20,이탈리아,이탈리아,,(주)누리픽쳐스,청소년관람불가,드라마,루카 구아다니노,"다니엘 크레이그,드류 스타키"
여름,,프랑스,프랑스,,,,드라마,마르셀 아눙,
구조:김씨왕조로부터의 탈출,,미국,"미국,한국",,,,기타,,
누가 훔쳤나?,,미국,미국,,,,다큐멘터리,,
명옥,,한국,한국,,,,"가족,드라마",이진혁,
비욘드 유토피아:그 후,,영국,"영국,한국",,,,다큐멘터리,,
아버지와 기타,,한국,한국,,,12세이상관람가,드라마,,
어젠다: 미국침략,,미국,미국,,,,다큐멘터리,,
열한 살의 아라리,,한국,한국,영화사 무명,,12세이상관람가,다큐멘터리,"김윤희,이용남",
인질93340: 지상낙원으로 간 사람들,,한국,한국,,,,다큐멘터리,,
제5회 서울락스퍼국제영화제 단편모음 3,,한국,한국,,,,기타,,
제5회 서울락스퍼국제영화제 단편모음 4,,한국,한국,,,,기타,,
어두워지기 전에,,이탈리아,"이탈리아,프랑스",,,,드라마,클로드 샤브롤,"스테판 오드랑,미셸 부케"
오이디푸스 왕,,모로코,"모로코,이탈리아",,,,드라마,피에르 파올로 파솔리니,"프랑코 치티,실바나 망가노"
겨울,,프랑스,"프랑스,벨기에",,,,드라마,마르셀 아눙,
봄,,프랑스,프랑스,,,,"드라마,스릴러",마르셀 아눙,
가을,,프랑스,"프랑스,벨기에",,,,드라마,마르셀 아눙,
고속도로 가족,2022-11-02,한국,한국,"(주)영화사 설렘,(주)고고스튜디오",씨제이 씨지브이(CJ CGV)(주),15세이상관람가,드라마,이상문,"라미란,정재훈,정일우,김슬기,백현진,서이수,박다온,이태경,이예준,황정민,이용녀,우지현,오현석,손용범,손예원,최우영,박은영,이재우,장준학,권혁성,김범진,안민영,윤종구,허준석,김준희,류경환,정수교,최형주,김기림,이유리,이태건,김남호,옥수분,석호진,이헌일,차용환,김장호,이샘,허부영,장석문,최서니,이승용,안희주,이경호,천영암,문광식,정진혁,김규진,송승은,정진혁,김규진,서인영,김규진,박경도,이성민,최진호"
잔챙이,2025-06-18,한국,한국,"봄베씨네,에이치필름","봄베씨네,에이치필름",12세이상관람가,드라마,박중하,"김호원,임채영,성환"
2025년 5월 프레임워크,,프랑스,프랑스,,,,기타,,
제3회 반짝다큐페스티발 섹션8,,한국,한국,,,,다큐멘터리,,
스위트홈 감독판,2025-05-29,한국,한국,채널맥,마루아트센터(주),청소년관람불가,"스릴러,판타지",김홍익,"노현희,송승현,강은빈,박수빈,유성민,윤지숙,양광범"
제3회 반짝다큐페스티발 섹션5,,한국,한국,,,,다큐멘터리,,
말아,2022-08-25,한국,한국,왓에버웍스,㈜인디스토리,12세이상관람가,드라마,곽민승,"심달기,정은경,우효원,정의순,손석배,유연석,이준섭,박예진,정미경,이보림,곽민승,송자희,정은미,곽진영,김미경,김인숙,김수진,서은영,곽민승,배유리,윤범식"
제3회 반짝다큐페스티발 섹션9,,한국,한국,,,,다큐멘터리,,
제3회 반짝다큐페스티발 섹션6,,한국,한국,,,,다큐멘터리,,
시저는 죽어야 한다,2013-05-02,이탈리아,이탈리아,,(주)에스와이코마드,12세이상관람가,"드라마,다큐멘터리","파올로 타비아니,비토리오 타비아니","살바토레 스트리아노,지오반니 아르쿠리,코시모 레가"
미치광이 피에로,2025-06-04,프랑스,"프랑스,이탈리아",,엠엔엠인터내셔널(주),15세이상관람가,드라마,장 뤽 고다르,"장 폴 벨몽도,안나 카리나"
브리가둔,,미국,미국,,,,,빈센트 미넬리,진 켈리
제3회 반짝다큐페스티발 섹션4,,한국,한국,,,,다큐멘터리,,
일요일의 사람들,,독일,독일,,,,드라마,로버트 시오드막,
제3회 반짝다큐페스티발 섹션1,,한국,한국,,,,다큐멘터리,,
제3회 반짝다큐페스티발 섹션7,,한국,한국,,,,다큐멘터리,,
제3회 반짝다큐페스티발 섹션3,,한국,한국,,,,다큐멘터리,,
파드레파드로네,,이탈리아,이탈리아,,,,드라마,"비토리오 타비아니,파올로 타비아니",
알제리 전투,2009-10-15,이탈리아,"이탈리아,기타",,실버스푼,15세이상관람가,"전쟁,드라마",질로 폰테코르보,"브라힘 하기아그,장 마틴"
제3회 반짝다큐페스티발 섹션2,,한국,한국,,,,"드라마,다큐멘터리",,
로렌조의 밤,2005-08-19,이탈리아,이탈리아,라디오텔레비지오네 이탈리아나,㈜영화사 백두대간,15세관람가,드라마,"파올로 타비아니,비토리오 타비아니","오메로 안토누티,마가리타 로자노"
카오스,,이탈리아,이탈리아,,,,코미디,"파올로 타비아니,비토리오 타비아니","마가리타 로자노,카를로 카티에르"
갈릴리에서의 결혼,,벨기에,"벨기에,프랑스,서독",,,,드라마,,
알롱상팡,,이탈리아,이탈리아,,,,드라마,"파올로 타비아니,비토리오 타비아니","마르첼로 마스트로얀니,레아 마사리"
피,,포르투갈,포르투갈,,,,"드라마,미스터리",페드로 코스타,페드로 헤스트네스
더블 슬릿,,한국,한국,,,,"다큐멘터리,기타",,
로마 위드 러브,2013-04-18,미국,"미국,이탈리아,스페인",,"(주)엔케이컨텐츠,(주)팝엔터테인먼트,(주)나이너스엔터테인먼트",청소년관람불가,코미디,우디 알렌,"제시 아이젠버그,엘렌 페이지,알렉 볼드윈,페넬로페 크루즈,로베르토 베니니,그레타 거윅,우디 알렌"
루징 그라운드,,미국,미국,,,,"코미디,드라마",,
아름다운 소녀,,러시아,러시아,,,,"드라마,가족",,
오베라는 남자,2016-05-25,스웨덴,스웨덴,,"(주)싸이더스,(주)디스테이션",12세이상관람가,드라마,하네스 홀름,"롤프 라스가드,바하르 파르스,필립 버그,이다 엥볼"
잊혀진 선조들의 그림자,,소련,소련,,,,"드라마,멜로/로맨스",세르게이 파라자노프,
파라다이스: 호프,,오스트리아,"오스트리아 ,프랑스,독일",,,,드라마,울리히 세이들,
델타 보이즈,2017-06-08,한국,한국,,㈜인디스토리,15세이상관람가,"드라마,코미디",고봉수,"백승환,이웅빈,신민재,김충길,윤지혜,김소영,김정기,고성완"
"(로컬 픽, 시간과 빛) 관찰자들",,한국,한국,,,,기타,,
이노센스,,프랑스,"프랑스,벨기에,영국",,,,"드라마,미스터리",뤼실 하지할릴러비치,조 오클래어
고통,,스웨덴,스웨덴,,,,드라마,알프 셰베리,"스티그 제럴,알프 카제린"
"쿨레 밤페, 혹은 세상은 누구의 것인가?",,독일,독일,,,,드라마,,
성 미켈레의 수탉,,이탈리아,이탈리아,,,,드라마,"파올로 타비아니,비토리오 타비아니","지울리오 브로지,다니엘 더블리노"
외로운 아이의 연대기,,아르헨티나,아르헨티나,,,,드라마,레오나르도 파비오,
지붕,,이탈리아,이탈리아,,,,드라마,비토리오 데 시카,"지오지아 리추찌,가브리엘라 팔로타,가스톤 렌젤리"
4.7미터 - 샤크3,,미국,미국,,(주)제이앤씨미디어그룹,15세이상관람가,"액션,스릴러",,
내 학생의 엄마 7,,한국,한국,(주)영화사가을,(주)영화사가을,청소년관람불가,멜로/로맨스,,
매일 새아들을 세우고 있어요 무삭제판,2025-05-30,일본,일본,,(주)영진크리에이티브,청소년관람불가,"성인물(에로),드라마,멜로/로맨스",,
맥스퓨리,,미국,미국,,(주)제이앤씨미디어그룹,12세이상관람가,액션,,
몰래하는 섹스의 맛,,한국,한국,(주)영화사가을,,청소년관람불가,멜로/로맨스,,
미안하다 사정했다 무삭제판,2025-05-30,한국,한국,(주)파랑새미디어,(주)영진크리에이티브,청소년관람불가,"성인물(에로),드라마,멜로/로맨스",이타치,
욕정 여상사의 회사생활 무삭제판,2025-05-30,일본,일본,,(주)영진크리에이티브,청소년관람불가,"성인물(에로),드라마,멜로/로맨스",,
유부녀 몸수발-잠든남편 옆 남편상사와,2025-05-30,일본,일본,,(주)영진크리에이티브,청소년관람불가,"성인물(에로),드라마,멜로/로맨스",,
적극적인 영계 나츠의 AV체험기,2025-05-30,일본,일본,,(주)영진크리에이티브,청소년관람불가,"성인물(에로),드라마,멜로/로맨스",,
노란 옷을 입은 소녀,,기타,기타,,,,드라마,,
니캡,2025-06-18,아일랜드,"아일랜드,영국",,필름다빈,청소년관람불가,코미디,,"마이클 패스벤더,시모네 커비"
마을을 지켜라!,,기타,기타,,,,드라마,,
마흐무드의 복사 가게,,이집트,이집트,,,,드라마,,
뮤직&댄스 온 스크린 Vol.2 - 섹션2,,한국,한국,,,,기타,,
뮤직&댄스 온 스크린 Vol.2 - 섹션4,,한국,한국,,,,기타,,
어부와 말하는 물고기,,기타,기타,,,,드라마,,
여자들,,기타,기타,,,,드라마,,
예언,,기타,"기타,벨기에,네덜란드",,,,드라마,,
오티스와 아피,,케냐,케냐,,,,드라마,,
작은 행복,,모로코,모로코,,,,드라마,,
전사 루탄도,,기타,기타,,,,드라마,,
제3회 반짝다큐페스티발 개막식,,기타,기타,,,,드라마,,
제8회 전주가족영화제 개막작,,한국,한국,,,,드라마,,
제8회 전주가족영화제 김소형 감독전,,한국,한국,,,,"드라마,코미디",김소형,
제8회 전주가족영화제 대가족섹션,,한국,한국,,,,드라마,,
제8회 전주가족영화제 온가족섹션,,한국,한국,,,,드라마,,
제8회 전주가족영화제 전가족섹션,,한국,한국,,,,드라마,,
제8회 전주가족영화제 핵가족섹션,,한국,한국,,,,드라마,,
극장판 짱구는 못말려: 격돌! 낙서왕국과 얼추 네 명의 용사들,2021-09-15,일본,일본,,(주)씨제이이엔엠,전체관람가,애니메이션,쿄고쿠 타카히코,"박영남,김환진,강희선,여민정,정유미,강새봄,정혜옥,시영준"
인피니트 15주년 콘서트 리미티드 에디션 더 무비,2025-06-11,한국,한국,,씨지브이 아이스콘,전체관람가,공연,손석,"김성규,장동우,남우현,이성열,엘,이성종"
단다단: 사안,,일본,일본,,(주)애니플러스,,애니메이션,,"하나에 나츠키,와카야마 시온"
태양의 노래,2025-06-11,한국,한국,(주)케이무비스튜디오,(주)바이포엠스튜디오,12세이상관람가,드라마,조영준,"정지소,차학연,정웅인,진경,권한솔,강진경,김성균,지승현,김영재,김현철,박수현,남명렬,정인지,고영찬,송창규,진용욱,김주황,유영섭,이소윤,윤부진,박상후,고훈목,방상환,문종태,문지환,윤희락,양해준,이수연"
너를 찾을꺼야,,미국,미국,,,,멜로/로맨스,웨슬리 러글즈,"클라크 게이블,라나 터너"
홈 타운 스토리,,미국,미국,,,,드라마,아서 피어슨,"제프리 린,도날드 크리스프,마조리 레이놀드"
극장판 블리치 : 페이드 투 블랙,2025-06-06,일본,일본,,에스엠지홀딩스 주식회사,12세이상관람가,애니메이션,아베 노리유키,"모리타 마사카즈,오리카사 푸미코,마도노 미츠아키"
2035: 더 그린라이트,2025-06-04,한국,한국,어퍼컷픽쳐스,유한회사 스튜디오 획,15세이상관람가,"미스터리,스릴러",박재인,"오태경,유일한,기주봉,정인기"
어젠다 2: 기만의 고수들,,미국,미국,,,,다큐멘터리,,
풍운의 젠다성,,미국,미국,,,,어드벤처,리처드 소프,"스튜어트 그랜저,데보라 카"
알.엠.엔,,루마니아,"루마니아,프랑스",,,,드라마,크리스티안 문쥬,
모두가 왕의 부하들,,미국,미국,,,,드라마,로버트 로즌,"브로데릭 크로포드,존 아일랜드,조안나 드루"
왕의 남자,2005-12-29,한국,한국,"(주)씨네월드,(주)이글픽쳐스",(주)시네마서비스,15세이상관람가,드라마,이준익,"감우성,이준기,유해진,정진영,강성연,이동수,김주홍,장항선,정석용,박영수,이건우,이동헌,유효정,윤준식,박성호,김윤정,신정근,우현,정대용,최일화,윤주상"
제92회 작은영화영화제 - 주위를 둘러싼 가장 친밀한 것들,,한국,한국,,,,드라마,,
필리핀 가족의 진화 (part 1),,필리핀,필리핀,,,,드라마,라브 디아즈,
우드 잡!,,일본,일본,,,12세이상관람가,"코미디,드라마",야구치 시노부,
흑수선,2001-11-15,한국,한국,(주)태원엔터테인먼트,(주)시네마서비스,12세관람가,액션,배창호,"이미연,이정재,안성기,정준호,이현경,이대연,이기영,강성진,전원주,김서현,김윤태,최지혜,이화진,윤상현,임현균,임병동,김진애,김준배,유재명,김상호,신문성"
매직 판타지 콘서트,,덴마크,덴마크,,,,공연,,"크리스티안 슈만,데이빗 바테손,투바 세밍센,카산드라 르모인,비욘 피에스타드"
아나이스 인 러브,2022-10-13,프랑스,프랑스,,해피송,15세이상관람가,멜로/로맨스,,"아나이스 드무스티에,발레리아 브루니 테데스키"
필리핀 가족의 진화 (part 2),,필리핀,필리핀,,,,드라마,라브 디아즈,
헤스터 스트리트,,미국,미국,,,,"드라마,멜로/로맨스",조안 미클린 실버,
아내보다 확 쪼이는 형수님,2025-06-06,한국,한국,(주)씨맥스커뮤니케이션즈,(주)씨맥스커뮤니케이션즈,청소년관람불가,성인물(에로),,
아르고 원정대: 꼬마 영웅 패티의 대모험,2023-09-21,프랑스,프랑스,,(주)스튜디오디에이치엘,전체관람가,애니메이션,"다비드 알로,에릭 토스티",
6월에는 유연하게 바라볼 것 (섹션 1),,한국,한국,,,,기타,,
굶주린 생과부-질펀한 마사지,2025-06-04,일본,일본,,(주)파랑새미디어,청소년관람불가,"성인물(에로),드라마,멜로/로맨스",,
남편 몰래 첫사랑과 떡치는 유부녀,2025-06-02,일본,일본,,(주)영진크리에이티브,청소년관람불가,"성인물(에로),드라마,멜로/로맨스",,
대물 손님과 어린 출장녀,2025-06-03,한국,한국,,주식회사 피에스앤제이,청소년관람불가,성인물(에로),,
레오노라 아디오,,이탈리아,"이탈리아,영국,독일",,,,드라마,파올로 타비아니,
리포터 출신 유부녀의 AV체험기,2025-06-03,일본,일본,,(주)영진크리에이티브,청소년관람불가,"성인물(에로),드라마,멜로/로맨스",,
"미친 사랑 : 형수, 며느리, 친구엄마",,한국,한국,(주)영화사가을,(주)영화사가을,청소년관람불가,멜로/로맨스,,
새엄마는 여관발이,2025-06-03,일본,일본,,(주)영진크리에이티브,청소년관람불가,"성인물(에로),드라마,멜로/로맨스",,
숨 넘어가는 여자들,,한국,한국,(주)영화사가을,,청소년관람불가,멜로/로맨스,,
야설일기-엄청 흥분한 유부녀,2025-06-04,일본,일본,,(주)영진크리에이티브,청소년관람불가,"성인물(에로),드라마,멜로/로맨스",,
엄청 흥분하는 형수의 섹스영상,2025-06-02,일본,일본,,(주)영진크리에이티브,청소년관람불가,"성인물(에로),드라마,멜로/로맨스",,
자궁 특별진료,2025-06-03,일본,일본,,(주)파랑새미디어,청소년관람불가,"성인물(에로),드라마,멜로/로맨스",,
직장 선배의 사모님과 친구 애인,2025-06-03,일본,일본,,(주)파랑새미디어,청소년관람불가,"성인물(에로),드라마,멜로/로맨스",,
후배 아내 물이 참 많더라 무삭제판,2025-06-02,일본,일본,,(주)영진크리에이티브,청소년관람불가,"성인물(에로),드라마,멜로/로맨스",,
강원도의 힘,1998-04-04,한국,한국,미라신코리아(주),,18세 미만인 자는 관람할 수 없는 등급,드라마,홍상수,"김유석,백종학,박정화,임선영,오윤홍,박현영,박현영"
장미빛 인생,1994-08-06,한국,한국,태흥영화(주),,연소자관람불가,드라마,김홍준,"김은숙,최종원,최재성,차광수,최명길"
어네스트와 셀레스틴: 멜로디 소동,2025-06-11,프랑스,프랑스,,"(주)영화사 진진,(주)하이스트레인저",전체관람가,애니메이션,,
엘리오,2025-06-18,미국,미국,,월트디즈니컴퍼니코리아 유한책임회사,전체관람가,애니메이션,"도미 시,매들린 샤라피안,아드리안 몰리나","조 샐다나,요나스 키브레브,레미 에저리,브래드 가렛,자밀라 자밀,셜리 헨더슨,류승룡"
악의 도시,2025-06-20,한국,한국,,(주)영화특별시에스엠씨,15세이상관람가,스릴러,현우성,"현우성,한채영,장의수"
안경,,한국,한국,유엠아이웍스 주식회사,,전체관람가,애니메이션,정유미,
파라노이드 키드,,한국,한국,유엠아이웍스 주식회사,,전체관람가,애니메이션,정유미,배두나
위장수사,2025-06-27,몽고,몽고,,"(주)스마일이엔티,주식회사 블루필름웍스",15세이상관람가,"범죄,코미디",,"윤제문,수크볼드 라그차바자르,간바야르 샤바크체른,니얌땀바 바이샤,수크바타르 바트조리고,오란처크트 처크턱바야르,기주봉,서은지,K. 만라이바타르,박호준"
오하루의 일생,,일본,일본,,,,드라마,미조구치 겐지,"다나카 키누요,미후네 토시로"
퀸메리호: 저주받은 항해,2025-06-13,미국,미국,,그린나래미디어(주),15세이상관람가,"미스터리,공포(호러)",개리 쇼어,"앨리스 이브,조엘 프라이"
너의 결혼식,2018-08-22,한국,한국,"(주)필름케이,(주)외유내강",메가박스중앙(주) 플러스엠 엔터테인먼트,12세이상관람가,멜로/로맨스,이석근,"박보영,김영광,강기영,장성범,고규필,서은수,차엽,안길강,배해선,전배수,김현숙,하준,이동석,이재상,서남윤,김준수,김지훈,김태환,김학준,김한슬,박규태,정난희,박종범,박주희,정유진,정주호,조영웅,김건중,홍근택,홍진기,김영훈,강희중,조성희,신희철,안민영,윤경호,강덕중,유희제,김성준,박성준,김민석"
SISFF2025 기억아카이빙 프로젝트: 인생교환,,한국,한국,,,,다큐멘터리,,
SISFF2025 단편경쟁 10,,기타,기타,,,,"드라마,다큐멘터리",,
SISFF2025 단편경쟁 8,,기타,기타,,,,"드라마,다큐멘터리",,
클리프행어 리마스터드,1993-06-12,프랑스,프랑스,캐롤코 필름,판씨네마(주),"15세이상관람가,중학생이상관람가","스릴러,액션,드라마",레니 할린,"실베스터 스탤론,존 리스고,마이클 루커"
SISFF2025 단편경쟁 1,,기타,기타,,,,"드라마,다큐멘터리",,
SISFF2025 단편경쟁 2,,기타,기타,,,,"드라마,애니메이션,다큐멘터리",,
친숙한 손길,,미국,미국,,,,드라마,,
기빗올: 우리들의 썸머,2025-06-18,일본,일본,,찬란,전체관람가,애니메이션,사쿠라기 유헤이,"아마미야 소라,이토 미쿠,타카하시 리에,키토 아카리,하세가와 이쿠미"
SISFF2025 단편경쟁 4,,기타,기타,,,,드라마,,
SISFF2025 단편경쟁 6,,기타,기타,,,,"드라마,다큐멘터리",,
SISFF2025 단편경쟁 9,,기타,기타,,,,"드라마,다큐멘터리",,
나이트 오브 울브즈,2025-06-12,미국,미국,,(주)누리픽쳐스,15세이상관람가,액션,스티븐 C. 밀러,"프랭크 그릴로,카트리나 로"
SISFF2025 단편경쟁 11,,기타,기타,,,,드라마,,
SISFF2025 단편경쟁 3,,기타,기타,,,,"드라마,다큐멘터리",,
SISFF2025 단편경쟁 5,,기타,기타,,,,"다큐멘터리,드라마",,
SISFF2025 단편경쟁 7,,기타,기타,,,,"드라마,다큐멘터리",,
고스트라이트,2025-12-17,미국,미국,,필름다빈,15세이상관람가,드라마,,
국제교류전: 서울국제노인영화제 x 대만 가오슝 영화제,,대만,대만,,,,드라마,,
아미코,,일본,일본,,,,드라마,야마나카 요코,
SISFF2025 도슨트 초이스 1,,한국,한국,,,,"드라마,다큐멘터리,애니메이션",,
SISFF2025 명예의 전당: 배리어프리,,한국,한국,,,,"드라마,다큐멘터리",,
제17회 서울국제노인영화제 개막식,,기타,기타,,,,기타,,
제17회 서울국제노인영화제 폐막식,,기타,기타,,,,드라마,,
록 밴드 게스이도즈,,일본,일본,,,,"코미디,판타지,공포(호러)",,
어머니의 가계부,,한국,한국,,,,다큐멘터리,성승택,"윤종생,성순경,성승택"
그대와 영원히,1958-01-15,한국,한국,삼성영화사,,,"액션,드라마,멜로/로맨스",유현목,"이룡,도금봉,장민호"
SISFF2025 도슨트 초이스 2,,한국,한국,,,,"드라마,애니메이션",,
낙동강,1952-11-15,한국,한국,워너 브러더스 픽쳐스,,,드라마,전창근,최지애
메모리 레인,,네덜란드,"네덜란드,벨기에",,,,"코미디,드라마",,
모던코리아: 코리안 드림-남아진흥 믹스테이프,,한국,한국,KBS,,,다큐멘터리,,
쌀국수의 맛,,폴란드,"폴란드,독일",,,,드라마,,
토토리! 우리 둘만의 여름,2021-05-19,노르웨이,노르웨이,,(주)팝엔터테인먼트,전체관람가,어드벤처,"실리에 살로몬센,아릴드 오스틴 아문센","베가 오스틴,빌리 오스틴"
아버지의 마라탕,,홍콩,"홍콩,중국",,,,기타,맥희인,
"어머니께, 사랑을 담아",,일본,일본,,,,드라마,하시구치 료스케,
피델리오,,미국,미국,,,,공연,,
심야식당 2,2017-06-08,일본,일본,,(주)디스테이션,12세이상관람가,드라마,마츠오카 조지,"코바야시 카오루,오다기리 죠"
여교사,2017-01-04,한국,한국,(주)외유내강,필라멘트픽쳐스,청소년관람불가,드라마,김태용,"김하늘,유인영,이원근,이희준,홍완표,이기우,박시영,임상현,전현준,이다영,이명규,허인,김수진,박재홍"
여성감독네트워크 WDN x 인디스페이스 상반기 기획전: 비연대기적 여성의 움직임 단편 1,,한국,한국,,,,기타,,
물고기 자리 & 왼손을 주의하라,,일본,일본,,,,드라마,,
천박사 퇴마 연구소: 설경의 비밀,2023-09-27,한국,한국,(주)외유내강,(주)씨제이이엔엠,12세이상관람가,"판타지,액션",김성식,"강동원,허준호,이솜,이동휘,김종수,박소이,윤병희,주보비,박경혜,이규호,김원해,이정은,박명훈,지수,박정민,조이현,김영빈,박지홍,권오철,이동찬,민효경,오현석,박주환,배영란,구시연,전소현,송길호,고재원,김태야,최재옥,김태진,김현준,김승필,장주완,이보람,장우용,김동률,손승택"
여성감독네트워크 WDN x 인디스페이스 상반기 기획전: 비연대기적 여성의 움직임 단편 2,,한국,한국,,,,드라마,,
"지금, 이대로가 좋아요",2009-04-23,한국,한국,"(주)디엔에이프로덕션,디앤에이프로덕션","(주)엣나인필름,(주)스폰지이엔티,스폰지",15세이상관람가,드라마,부지영,"공효진,신민아,서인애,이선희,최교식"
여성감독네트워크 WDN x 인디스페이스 상반기 기획전: 비연대기적 여성의 움직임 단편 3,,한국,한국,,,,드라마,,
로우,2017-08-05,미국,미국,유니버설픽쳐스인터내셔널 코리아(유),유니버설픽쳐스인터내셔널 코리아(유),청소년관람불가,"스릴러,공포(호러)",줄리아 듀코나우,"가렌스 마릴러,엘라 룸프"
여자만세,,한국,한국,,,,다큐멘터리,신수원,
몸부림치는 젊은이들,,미국,미국,,,,드라마,마틴 리트,"율 브린너,조안 우드워드"
스트레인저,,일본,일본,,,,스릴러,,
세 번째의 정직,,일본,일본,,,,멜로/로맨스,,
라멘덕후,,미국,미국,,,전체관람가,다큐멘터리,,
고코구 신사의 고양이들,,일본,일본,,,,다큐멘터리,,
사랑의 섬,,포르투갈,"포르투갈,일본",,,,"드라마,멜로/로맨스",파울로 로샤,
아루나의 미각,,인도네시아,인도네시아,,,,기타,에드윈,"디안 사스트로워도요,니콜라스 사푸트라,오카 안타라"
낮에는 덥고 밤에는 춥고,2022-10-27,한국,한국,사랑하자,필름다빈,12세이상관람가,드라마,박송열,"원향라,박송열,신원우,이지연,손민희,이태리,김효진,서철,장서영,허중회,류한규,전상혁,김민경"
"우리 대지의 목소리, 기억 그리고 미래",,콜롬비아,콜롬비아,,,,다큐멘터리,,
블랙 크록,,영국,영국,,(주)엔케이컨텐츠,15세이상관람가,공포(호러),타넬리 무스토넨,
길들여진 성감대,,일본,일본,,,청소년관람불가,멜로/로맨스,,
길들여진 성감대 무삭제판,,일본,일본,,,청소년관람불가,멜로/로맨스,,
남의것만 탐하는 유부녀,,일본,일본,,(주)가온콘텐츠,청소년관람불가,멜로/로맨스,사루,미우라 에리코
남의것만 탐하는 유부녀 무삭제판,,일본,일본,,(주)가온콘텐츠,청소년관람불가,멜로/로맨스,사루,미우라 에리코
넣어준 가정교사 무삭제판,,일본,일본,,,청소년관람불가,멜로/로맨스,사루,미즈사와 마키
떡정이 무섭다,,한국,한국,(주)영화사가을,,청소년관람불가,멜로/로맨스,,
멈추지 않는 손놀림 무삭제판,,일본,일본,,,청소년관람불가,멜로/로맨스,키타노 마지메,사이조 루리
몸으로 때운 교육 무삭제판,,일본,일본,,,청소년관람불가,멜로/로맨스,,야나기다 야요이
사위 잡는 음탕한 장모님,,한국,한국,주식회사 바나나픽쳐스,주식회사 바나나픽쳐스,청소년관람불가,"성인물(에로),드라마",,
새엄마에게 들킨 자위 무삭제판,,일본,일본,,,청소년관람불가,멜로/로맨스,사루,나카모리 레이코
새엄마의 최면술 무삭제판,,일본,일본,,(주)가온콘텐츠,청소년관람불가,멜로/로맨스,,
섹스를 즐기는 유부녀 무삭제판,,일본,일본,,,청소년관람불가,멜로/로맨스,카니에,
손길에 젖은 가랑이,,일본,일본,,(주)가온콘텐츠,청소년관람불가,멜로/로맨스,,마키노 하루카
손길에 젖은 가랑이 무삭제판,,일본,일본,,(주)가온콘텐츠,청소년관람불가,멜로/로맨스,,마키노 하루카
옆집 유부녀,2025-06-12,한국,한국,(주)파랑새미디어,(주)영진크리에이티브,청소년관람불가,"성인물(에로),드라마,멜로/로맨스",이타치,
음탕한 아내는 음란교사 무삭제판,,일본,일본,,,청소년관람불가,멜로/로맨스,,
이웃집 아내의 비밀관계,,일본,일본,,,청소년관람불가,멜로/로맨스,사루,카미하타 이치카
이웃집 아내의 비밀관계 무삭제판,,일본,일본,,,청소년관람불가,멜로/로맨스,사루,카미하타 이치카
일단 만지고 넣는 그놈들,,일본,일본,,,청소년관람불가,멜로/로맨스,,사이조 루리
일단 만지고 넣는 그놈들 무삭제판,,일본,일본,,,청소년관람불가,멜로/로맨스,,사이조 루리
"하고 싶은 여자들 : 처제, 엄마친구, 며느리",,한국,한국,(주)영화사가을,,청소년관람불가,멜로/로맨스,,
흥건한 친구엄마,,일본,일본,,,청소년관람불가,멜로/로맨스,,카가미 레이코
흥건한 친구엄마 무삭제판,,일본,일본,,,청소년관람불가,멜로/로맨스,,카가미 레이코
미도리,,일본,일본,,,,기타,,
보일링 포인트,2022-08-04,영국,영국,,(주)이놀미디어,15세이상관람가,"스릴러,드라마",필립 바랜티니,"스티븐 그레이엄,제이슨 플레밍"
28년 후,2025-06-19,미국,미국,,소니픽쳐스엔터테인먼트코리아주식회사극장배급지점,청소년관람불가,"공포(호러),스릴러,드라마",대니 보일,"조디 코머,랄프 파인즈,잭 오코넬"
탐정 키엔: 사라진 머리,2025-06-18,베트남,베트남,,(주)디스테이션,15세이상관람가,공포(호러),빅터 부,
"극장판 뱅드림! 잇츠 마이고!!!!! 후편: 노래하자, 우리가 될 수 있는 노래 & 필름 라이브",2025-06-19,일본,일본,,(주)애니플러스,전체관람가,애니메이션,카키모토 코다이,
노이즈,2025-06-25,한국,한국,(주)화인컷,(주)바이포엠스튜디오,15세이상관람가,"공포(호러),스릴러",김수진,"이선빈,김민석,한수아,류경수,전익령,백주희,안석현,이은미"
라이언 일병 구하기,1998-09-12,미국,미국,엠블린엔터테인먼트,와이드 릴리즈(주),15세 미만인 자는 관람할 수 없는 등급,"드라마,액션,전쟁",스티븐 스필버그,"맷 데이먼,톰 행크스,에드워드 번즈"
차은우 브이알 콘서트 : 메모리즈 (CHA EUN-WOO VR CONCERT : MEMORIES ),2025-06-18,한국,한국,(주)어메이즈브이알코리아,(주)어메이즈브이알코리아,전체관람가,공연,김지애,차은우
알파빌,,프랑스,"프랑스,이탈리아",,,,"미스터리,SF,드라마,스릴러,멜로/로맨스",장 뤽 고다르,"에디 콘스탄틴,안나 카리나"
F1 더 무비,2025-06-25,미국,미국,,워너브러더스 코리아(주),12세이상관람가,"드라마,액션",조셉 코신스키,"브래드 피트,하비에르 바르뎀,케리 콘든"
토린호의 운명,,영국,영국,,,,"드라마,전쟁","노엘 카워드,데이빗 린","노엘 카워드,존 밀스,셀리아 존슨"
태극기 집회 / 7년의 기록,2025-06-19,한국,한국,거짓과 진실,거짓과 진실,12세이상관람가,다큐멘터리,,
세하별,2025-06-25,한국,한국,(주)도토리,(주)트리플픽쳐스,15세이상관람가,"가족,드라마",김우석,"조관우,장윤서,이문식,안이서,박노식,이재용,윤복인,강성진,현우섭,김경룡,한태일,전진우,이다금"
부당거래,2010-10-28,한국,한국,"필름트레인,(주)외유내강",씨제이엔터테인먼트,청소년관람불가,"범죄,드라마",류승완,"박종승,황정민,김승훈,류승범,유해진,천호진,마동석,김원범,최정현,황병국,조준현,조철현,박형준,한동욱,한상욱,한성희,류수경,한재덕,강유미,서지영,박광호,박미숙,박민정,박민정,박민정,전봉수,전진영,박세준,임정언,권성현,최우성,온세웅,연영식,오상진,김종민,이춘연,이유빈,백승익,오승현,이채은,이미도,이희준,오정세,안길강,김수현,조영진,정만식,차은재,이화룡,김규남,김기천,곽자형,곽진석,김서원"
조용한 리더,,미국,미국,,주식회사 씨엠닉스,전체관람가,다큐멘터리,,
알렉산더대왕,,미국,미국,(주)유나이티드아티스트,,,"전쟁,사극","로버트 로즌,다니엘 다리우","리차드 버튼,프레드릭 마치,클레어 블룸"
베를린,2013-01-30,한국,"한국,독일","(주)외유내강,(주)씨제이이엔엠",(주)씨제이이엔엠,15세이상관람가,액션,류승완,"하정우,한석규,류승범,전지현,이경영,최무성,곽도원,김서형,백승익,배정남,곽진석,김서원"
짝패,2006-05-25,한국,한국,(주)외유내강,씨제이엔터테인먼트,18세관람가,액션,류승완,"김효선,정두홍,류승완,이범수,김꽃비,김동영,김수현,박지환,정희정,조규철,김원중,신성일,김미라,박주천,최태영,주형진,지중현,김덕현,박대희,구자훈,권귀덕,박상재,정은미,최영남,권승구,이종연,이진선,김정환,이인우,이혜림,이재욱,정우,김병옥,조덕현,정석용,안길강,김시후,이주실,김기천,박영서"
다찌마와리,2008-08-14,한국,한국,"(주)외유내강,(주)쇼박스",(주)쇼박스,12세이상관람가,"액션,어드벤처,코미디",류승완,"임원희,공효진,박시연,황보라,김수현,권지훈,김병옥,안길강,오지혜,구본웅,김현우,이수현,류승범,강구현,송민석,송선찬,이용신,정우,조덕현,정석용,조상건,김뢰하,이도겸,허명행,박지만,황정욱,노남석,주아영,류승완,차주한,민지민,민지민,민지민,박갑진,곽진석,윤대원,윤대원,최봉록,권귀덕,권문철,권문철,이아영,양태용,김영인,이현주,천성훈,이영아,김동후,이정민,곽진석"
후레루.,2025-06-25,일본,일본,,(주)미디어캐슬,12세이상관람가,애니메이션,오카다 마리,"나가세 렌,반도 료타,마에다 켄타로"
"살로, 소돔의 120일",,이탈리아,"이탈리아,프랑스",,,,드라마,피에르 파올로 파솔리니,"파올로 보나첼리,카테리나 보라토"
베테랑,2015-08-05,한국,한국,"(주)외유내강,(주)필름케이",(주)씨제이이엔엠,15세이상관람가,"액션,드라마",류승완,"황정민,유아인,유해진,오달수,장윤주,김시후,오대환,정웅인,정만식,송영창,진경,유인영,박소담,이동휘,배성우,천호진,이채은,조덕현,신지수,권지훈,정윤헌,장한승,김선웅,김성종,우영택,김민재,김재현,김태용,김지수,박지윤,박지혜,손성민,장소연,유재명,배제기,류아벨,정재헌,안길강,마동석,김응수,고규필,서현우,강영묵,한성천,김기천,이문석,이상희,김서원,최민"
네이키드 런치,2025-06-25,캐나다,"캐나다,영국",,(주)엣나인필름,청소년관람불가,"드라마,미스터리",데이비드 크로넨버그,"피터 웰러,주디 데이비스"
시동,2019-12-18,한국,한국,(주)외유내강,(주)넥스트엔터테인먼트월드(NEW),15세이상관람가,드라마,최정열,"마동석,박정민,정해인,염정아,최성은,김종수,이해운,성혁,손석배,홍인,이수빈,방은정,허준석,김미화,조재영,김대곤,강덕중,박성일,백주희,김자영,윤경호,고두심,김경덕,김민재,박해준,류성현,권혁범,정의욱,유수빈,조대희,차우진,조한준,이태형,승의열,류제승,임성재,김원목,곽수정,이문석,정병두,서문호,강태수,박원준,이육헌,김시원,김통령,하재열,최현종,김기태,선율우,오재세,우광제,이한결,정상균,정운,최홍락,선우,강윤혜,김보람,김해정,민서희,전경석,김주아,박혜영,임세인"
파솔리니의 분노,,이탈리아,이탈리아,,,,다큐멘터리,"피에르 파올로 파솔리니,주세페 베르톨루치",
프랑스 영화처럼,2016-01-14,한국,한국,(주) 루스이소니도스,(주)콘텐츠판다,15세이상관람가,드라마,신연식,"이영란,전지윤,다솜,정준원,소이,스티븐 연,신민철,봉만대,후지이 미나,정한비,신지수,이유미,정성일"
할렐루야 언덕,,미국,미국,,,,기타,,
돼지우리,,프랑스,"프랑스,이탈리아",,,,"드라마,미스터리",피에르 파올로 파솔리니,"피에르 클레멘티,장 피에르 레오"
"제25회 한국퀴어영화제 국내단편1[가족이라는 시간, 퀴어라는 자리]",,한국,한국,,,,드라마,,
제25회 한국퀴어영화제 국내단편2[그럼에도 우리는],,한국,한국,,,,"드라마,다큐멘터리",,
제25회 한국퀴어영화제 국내단편3[관계라는 동사],,한국,한국,,,,드라마,,
제25회 한국퀴어영화제 해외단편2[어떤 만남들],,기타,기타,,,,"드라마,애니메이션,다큐멘터리",,
제25회 한국퀴어영화제 해외단편4[퀴어+멜로드라마],,기타,기타,,,,"드라마,애니메이션",,
에디 앨리스: 리버스,,한국,한국,연분홍치마,,,다큐멘터리,김일란,
환희를 기다리며,,한국,한국,,,,드라마,"김지민,이선유",
인질,2021-08-18,한국,한국,"(주)외유내강,(주)샘컴퍼니",(주)넥스트엔터테인먼트월드(NEW),15세이상관람가,"액션,스릴러",필감성,"황정민,김재범,이유미,류경수,정재원,이규원,이호정,조경현,신현종,백주희,한규원,지남혁,류성현,김재철,임형태,강덕중,김주희,임철수,윤상화,김정민,이형길,김보경,한성관,허남준,김필,최현도,최원,정근,이용재,우원규,이문석,고민지,이상근,이창인,정병두,한영균,윤홍빈,장세원,오재세,최필상,강민재,조호천,안구희,우광제,정상균,한훈,김시원,김진솔,은정완,오주환,장원경,노은하,정준현,신재영,강충훈,김형기,박지윤,전혜원,박성웅,박경림,류승범,유해진,이성민,전도연,주지훈,박혜영"
제25회 한국퀴어영화제 해외단편1[퀴어의장소],,기타,기타,,,,"다큐멘터리,애니메이션,드라마",,
애혼,,미국,미국,워너 브러더스 픽쳐스,,,,존 페로우,"존 웨인,라나 터너,데이빗 파라"
군함도 감독판,,한국,한국,(주)외유내강,(주)씨제이이엔엠,15세이상관람가,"액션,드라마",류승완,"황정민,소지섭,송중기,이정현,김수안,지웅배"
제25회 한국퀴어영화제 해외단편3[생존전략],,기타,기타,,,,"드라마,다큐멘터리",,
걷고 싶은 밤,,필리핀,"필리핀,싱가포르,이탈리아",,,,드라마,,
다시 태어나도 우리,2017-09-27,한국,한국,"소나무필름,(주)프로섬",(주)엣나인필름,전체관람가,다큐멘터리,"문창용,전진",
맘마 로마,2025-08-20,이탈리아,이탈리아,,일미디어,15세이상관람가,드라마,피에르 파올로 파솔리니,"안나 마냐니,프랑코 치티,에토레 가로포로"
웜 필름,,세르비아,세르비아,,,,다큐멘터리,,
군함도,2017-07-26,한국,한국,"(주)외유내강,(주)필름케이",(주)씨제이이엔엠,15세이상관람가,"액션,드라마",류승완,"황정민,김규백,명인호,소지섭,송중기,이정현,정지원,수정,최재영,양동원,김수안,지웅배,손용범,박선,박선주,박영준,박정민,박준서,박준서,박혜민,성정훈,오정현,오형근,전창현,정규호,정부용,지재우,이다영,이동준,이상협,이선민,이세형,이윤,최호영,이재민,이정민,이정은,이정현,이제훈,허승준,이준희,이지환,이태영,이하은,이하준,이경영,장성범,백승철,김준한,김고은,박성일,설준수,조경현,여윤호,이준혁,신희철,김동영,이정현,전배수,윤경호,강덕중,김정원,이문석,정병두,김예은,김인우,정만식,정태야,추연규,한윤식,박상호,장우용,한희경,아인"
6월에는 유연하게 바라볼 것 (섹션 2),,한국,한국,,,,기타,,
너무 쉽게 가랑이 벌리는 여대생,2025-06-20,한국,한국,(주)샤이커뮤니케이션즈,(주)샤이커뮤니케이션즈,청소년관람불가,성인물(에로),,
너무 쉽게 삽입을 허락하는 여직원,2025-06-18,한국,한국,(주)샤이커뮤니케이션즈,(주)샤이커뮤니케이션즈,청소년관람불가,성인물(에로),,
대물에 발정 난 여대생,2025-06-20,한국,한국,(주)샤이커뮤니케이션즈,(주)샤이커뮤니케이션즈,청소년관람불가,성인물(에로),,
대물이라서 헤어질 수가 없어,2025-06-19,한국,한국,(주)샤이커뮤니케이션즈,(주)샤이커뮤니케이션즈,청소년관람불가,성인물(에로),,
룸싸롱 K여대생,2025-06-18,한국,한국,스마일컨텐츠,스마일컨텐츠,청소년관람불가,성인물(에로),함성한,
먹고 싶던 동창의 맛,2025-06-20,한국,한국,폭풍의 눈,주식회사 원스크린,청소년관람불가,"드라마,성인물(에로)",,
몽정 시아버지와 며느리,2025-06-20,한국,한국,폭풍의 눈,주식회사 원스크린,청소년관람불가,"드라마,성인물(에로)",,
새엄마는 큰 걸 좋아해,2025-06-16,한국,한국,,(주)까멜리아이엔티,청소년관람불가,멜로/로맨스,김태수,
순진한 가정부와 양아치 사장님,2025-06-19,한국,한국,(주)샤이커뮤니케이션즈,(주)샤이커뮤니케이션즈,청소년관람불가,성인물(에로),,
여관엄마,2025-06-17,한국,한국,,(주)제이앤씨미디어그룹,청소년관람불가,드라마,노세기,
여기 젖어 있어요,2025-06-18,한국,한국,(주)샤이커뮤니케이션즈,(주)샤이커뮤니케이션즈,청소년관람불가,성인물(에로),,
짝사랑하던 숙모의 방금 벗은 팬티,2025-06-16,일본,일본,,(주)도키엔터테인먼트,청소년관람불가,성인물(에로),,
파블로프의 개,,한국,한국,(주)스카이라이프티브이,(주)스카이라이프티브이,청소년관람불가,"성인물(에로),드라마",,
형수의 섹스교육,2025-06-19,한국,한국,(주)영화사가을,(주)영화사가을,청소년관람불가,멜로/로맨스,,
화끈한 불륜,2025-06-19,한국,한국,(주)영화사가을,(주)영화사가을,청소년관람불가,멜로/로맨스,,
맹인영화관,,중국,중국,,,,드라마,루양,
킹 오브 킹스,2025-07-16,한국,한국,(주)모팩스튜디오,(주)디스테이션,전체관람가,애니메이션,장성호,"이병헌,진선규,이하늬,양동근,차인표,권오중,장광,피어스 브로스넌,오스카 아이삭,케네스 브래너,우마 서먼,마크 해밀,포레스트 휘테커,벤 킹슬리,로만 그리핀 데이비스"
모네의 수련. 물과 빛의 마법,2025-06-25,이탈리아,이탈리아,,일미디어,전체관람가,다큐멘터리,,
더 치킨,,미국,미국,,(주)영화사 진진,,드라마,소라 네오,
길 위의 뭉치,2026-08-19,한국,한국,(주)오돌또기,,전체관람가,애니메이션,"오성윤,이춘백","도경수,박소담,박철민,강석,이준혁"
괴기열차,2025-07-09,한국,한국,(주)메이킹에이프린트,(주)넥스트엔터테인먼트월드(NEW),15세이상관람가,공포(호러),탁세웅,"김상혁,주현영,김상혁,전배수,최보민,이아율,윤정로"
잉글리시 내셔널 발레 '백조의 호수',2025-06-24,영국,영국,,(주)엘지유플러스,전체관람가,공연,,
씨지브이 에이아이 영화제 수상작,,한국,한국,씨제이 씨지브이(CJ CGV)(주),씨제이 씨지브이(CJ CGV)(주),12세이상관람가,"드라마,판타지,스릴러,SF",,
된장이,2025-07-02,한국,한국,한국영화아카데미,(주)영화특별시에스엠씨,12세이상관람가,"코미디,드라마",조한별,"강지영,이주원,유순웅,신민재,임윤비,나호숙,이문식,박상면,이천희,김준원,류재한,김나린,이석우"
쥬라기 월드: 새로운 시작,2025-07-02,미국,미국,,유니버설픽쳐스인터내셔널 코리아(유),12세이상관람가,"어드벤처,액션,스릴러,공포(호러)",가렛 에드워즈,"스칼렛 요한슨,마허샬라 알리,조나단 베일리,루퍼트 프렌드,마누엘 가르시아 룰포"
흥신소,,한국,한국,,시네마 뉴원,청소년관람불가,"액션,스릴러",김태하,"김민지,김태하,성홍일,정경호,박채익,민준현,정도혁,정재연,양희진,신지이,이도훈,강성용,성병훈,이규탁,김민수,이재석,김윤우,박진식,김성우,김학준,최대성,양택조,김호창"
씨지브이 에이아이 영화제 노미네이트 작품전,,한국,한국,씨제이 씨지브이(CJ CGV)(주),씨제이 씨지브이(CJ CGV)(주),12세이상관람가,"드라마,SF,멜로/로맨스,판타지",,
자주영화 단편선,,일본,일본,,,,기타,,
14회 광주독립영화제 메이드 인 광주 2,,한국,한국,,,,기타,,
극장판 블리치 : 지옥편,,일본,일본,,에스엠지홀딩스 주식회사,15세이상관람가,"애니메이션,어드벤처,액션",아베 노리유키,"모리타 마사카즈,푸루야 토루,나카이 카즈야,오리카사 푸미코"
사스콰치 선셋,2025-07-02,미국,미국,,(주)스튜디오디에이치엘,15세이상관람가,"코미디,어드벤처","데이비드 젤너,나단 젤너","제시 아이젠버그,라일리 코프,데이비드 젤너,크리스토프 자야츠 데넥"
해녀,,미국,미국,이십세기폭스필름코퍼레이션,,,"멜로/로맨스,어드벤처",진 네글레스코,"앨런 래드,클리프톤 웹,소피아 로렌"
14회 광주독립영화제 메이드 인 광주 1,,한국,한국,,,,기타,,
미완의 튤립,,네덜란드,네덜란드,,,,드라마,프란스 판더스타크,
연기의 흔적,,네덜란드,네덜란드,,,,드라마,프란스 판더스타크,
스피노자의 작업에서 + 필름메이커의 휴가,,네덜란드,네덜란드,,,,다큐멘터리,,
베피 + 세피오,,네덜란드,네덜란드,,,,다큐멘터리,,
콜 제인,2023-03-08,영국,영국,,"(주)누리픽쳐스,(주)영화특별시에스엠씨",12세이상관람가,드라마,필리스 나기,"엘리자베스 뱅크스,시고니 위버,크리스 메시나,케이트 마라,운미 모사쿠"
14회 광주독립영화제 광주 신진 감독전,,한국,한국,,,,기타,,
발퀴레,,영국,영국,,,,공연,,
살아남은 아이,2018-08-30,한국,한국,(주)아토,"CGV아트하우스,(주)엣나인필름",12세이상관람가,드라마,신동석,"최무성,김여진,성유빈,김도영,김상범,김상우,김시영,김지혜,김희정,박영진,박진희,배준성,서영민,송승현,이경진,이민재,이범희,이수민,이수연,이수지,이순옥,이승훈,이종재,이현주,인영교,장승화,조은아,주소윤,차재민,하유정,이화룡,김도영,장준휘,손석배,박성연,윤부진,곽자형,안민영,김도현,박승찬"
Ru,,캐나다,캐나다,,,,드라마,샤를 올리비에 미쇼드,
너에게 가는 길,2021-11-17,한국,한국,연분홍치마,(주)엣나인필름,12세이상관람가,다큐멘터리,변규리,"정은애,강선화,이한결,정예준,곽인선,정동렬"
14회 광주독립영화제 NEXT 10,,한국,한국,,,,기타,,
14회 광주독립영화제 송원재 감독전,,한국,한국,,,,기타,,
14회 광주독립영화제 지역 교류전,,한국,한국,,,,기타,,
6월 수요단편극장,,한국,한국,,,,기타,,
배리 린든,,영국,영국,,,,드라마,스탠리 큐브릭,
사토 소노미 단편선,,일본,일본,,,,기타,,
애니살롱전 with 인디스페이스: 6월,,한국,한국,,,,애니메이션,,
침묵의 시선,2015-09-03,덴마크,덴마크,,(주)엣나인필름,15세이상관람가,다큐멘터리,조슈아 오펜하이머,
가난한 여대생의 떨리는 그 곳,2025-06-24,일본,일본,,(주)영진크리에이티브,청소년관람불가,"멜로/로맨스,드라마",,
금지된 그녀와의 로맨스,2025-06-25,일본,일본,,(주)가온콘텐츠,청소년관람불가,멜로/로맨스,사루,
남편 보는 앞에서 스와핑을 즐기는 아내,2025-06-24,일본,일본,,(주)영진크리에이티브,청소년관람불가,"멜로/로맨스,드라마",,
마르지 않는 새엄마의 가랑이,2025-06-25,일본,일본,,(주)가온콘텐츠,청소년관람불가,멜로/로맨스,사루,모리사와 카나
박을거야 : 그녀의 엉덩이,2025-06-25,일본,일본,,(주)가온콘텐츠,청소년관람불가,멜로/로맨스,키타노 마지메,
불임치료-정자가 필요해 무삭제판,2025-06-27,일본,일본,,(주)영진크리에이티브,청소년관람불가,"성인물(에로),드라마,멜로/로맨스",,
새엄마는 여관발이2,2025-06-27,일본,일본,,(주)영진크리에이티브,청소년관람불가,"성인물(에로),드라마,멜로/로맨스",,
새엄마와 낯선 곳에서의 하룻밤,2025-06-24,일본,일본,,(주)영진크리에이티브,청소년관람불가,"멜로/로맨스,드라마",,
새엄마의 삽입사건,2025-06-25,일본,일본,,(주)가온콘텐츠,청소년관람불가,멜로/로맨스,,
성실한 불륜녀,2025-06-25,일본,일본,,(주)가온콘텐츠,청소년관람불가,멜로/로맨스,,카와카미 유우
엄마친구 2025,2025-06-26,한국,한국,(주)영화사가을,(주)영화사가을,청소년관람불가,멜로/로맨스,,
육덕 여배우-총각껍질 벗기기,2025-06-27,일본,일본,,(주)영진크리에이티브,청소년관람불가,"성인물(에로),드라마,멜로/로맨스",,
음욕의 타락수업,2025-06-25,일본,일본,,(주)가온콘텐츠,청소년관람불가,멜로/로맨스,사루,스노하라 미키
입으로 하는 모닝콜,2025-06-25,일본,일본,,(주)가온콘텐츠,청소년관람불가,멜로/로맨스,키타노 마지메,나카오카 타마키
전여친 알몸의 목적,2025-06-27,한국,한국,,스마일컨텐츠,청소년관람불가,성인물(에로),천성준,
젊은 미망인 뜨거운 육체,2025-06-27,일본,일본,(주)파랑새미디어,(주)파랑새미디어,청소년관람불가,"성인물(에로),드라마,멜로/로맨스",,
직장섹스 : 단골손님 만들기,2025-06-26,한국,한국,(주)영화사가을,(주)영화사가을,청소년관람불가,멜로/로맨스,,
친구의 아내는 음란교사,2025-06-25,일본,일본,,(주)가온콘텐츠,청소년관람불가,멜로/로맨스,사루,모리사와 카나
침대 위의 젖은 여인,2025-06-25,일본,일본,,(주)가온콘텐츠,청소년관람불가,멜로/로맨스,,야나기다 야요이
탐욕의 절정섹스,2025-06-25,일본,일본,,(주)가온콘텐츠,청소년관람불가,멜로/로맨스,,스노하라 미키
할배 앞에서 흥건하게 젖은 유부녀의 가랑이,2025-06-24,일본,일본,,(주)영진크리에이티브,청소년관람불가,"멜로/로맨스,드라마",,
무서운 집,2015-07-30,한국,한국,무서운영화,(주)콘텐츠윙,12세이상관람가,공포(호러),양병간,"구윤희,양병간"
사람의 아들,1981-01-01,한국,한국,합동영화(주),,연소자관람불가,드라마,유현목,"하명중,강태기,최불암,오수미,나소운,주선태,이순재"
수학여행,,한국,한국,,,,드라마,유현목,"구봉서,문희,황해,장동휘"
임꺽정,,한국,한국,,,,"드라마,사극",유현목,
장사리 : 잊혀진 영웅들,2019-09-25,한국,한국,(주)태원엔터테인먼트,워너브러더스 코리아(주),12세이상관람가,전쟁,"곽경택,김태훈","김명민,최민호,김성철,김인권,곽시양,메간 폭스,조지 이즈,장지건,이재욱,이호정,동방우,김미화,정종준,이다인,황재열,오봄길,한철우,김진욱,김민규,이철민,양중경,홍성우,백남준,최상재,신진범,김근수,정기용,정철헌,장명갑,송우림,오경주,전병일,서호석,배태준,이형석,배정명,박주환,조정훈,임영세,이지열,박윤상,공윤호,연원모,김기태,정연조,조서진,홍원표,차승엽,이지수,김현준,박상길,김연국,안홍,강호빈,한가을,김성도,김여준,박준규,손원익,정상일,최주영,최준민,하병우,하지완,고남호,공현대,성재현,김경현,남승민,함상훈,현병빈,조형태,최희원,오정훈,채승우,장병수,황진환,김주현,김동진,서정우,허재훈,배건하,박동일,임효성,임효성,이한종,전상욱,백신,함성일,배준모,권오철,김미화,정승배,하진,이혜수,윤정근,오규철,손창민,강상협,김태원,권혁일,고형우,안지훈,최창근,소진우,정현진,문창준,이욱진,주재형,이태윤,안시우,김재호,이상혁,조대우,전샘,정창호,유정민,김진성,조승환,윤대근,강문봉,조영길,오창후,문정식,봉명필,정재훈,서진원,김한솔"
카인의 후예,,한국,한국,,,,드라마,유현목,
팬텀,,일본,일본,,,,기타,,
슈퍼맨,2025-07-09,미국,미국,,워너브러더스 코리아(주),12세이상관람가,"액션,어드벤처",제임스 건,"데이비드 코런스웻,레이첼 브로스나한,니콜라스 홀트"
도쿄 상공 30초,,미국,미국,,,,"전쟁,드라마",머빈 르로이,"반 존슨,로버트 워커"
우리들의 교복시절,2025-07-11,대만,대만,,"주식회사 로아앤코홀딩스,에무 시네마 앤 카페",전체관람가,"드라마,멜로/로맨스",촹칭션,"진연비,항첩여,구이태"
영화 코바야시네 메이드래곤 외로움쟁이 용,2025-07-10,일본,일본,,(주)애니플러스,12세이상관람가,애니메이션,이시하라 타츠야,
썸머 필름을 타고!,2022-07-20,일본,일본,,"(주)싸이더스,(주)블루라벨픽쳐스",전체관람가,기타,마츠모토 소우시,"이토 마리카,카네코 다이치,카와이 유미,이노리 키라라"
슈퍼소닉,2016-11-24,영국,영국,,"(주)레드아이스 엔터테인먼트,주식회사 씨네룩스",15세이상관람가,다큐멘터리,매트 화이트크로스,"노엘 갤러거,리암 갤러거"
베베핀 극장판: 사라진 베베핀과 핑크퐁 대모험,2025-07-24,한국,한국,더핑크퐁컴퍼니(주),(주)넥스트엔터테인먼트월드(NEW),전체관람가,애니메이션,변희선,"조경이,엠머슨브룩김,이현경,김해나,강은애"
발코니의 여자들,2025-07-09,프랑스,프랑스,,"그린나래미디어(주),(주)플레이그램",청소년관람불가,"코미디,범죄",노에미 멜랑,"노에미 멜랑,수헤일라 야쿠브,산다 코드레아누"
델마와 루이스,1993-11-27,미국,미국,메트로-골드윈-마이어,"씨제이 씨지브이(CJ CGV)(주),(주)드림팩트엔터테인먼트","연소자관람불가,청소년관람불가",드라마,리들리 스콧,"수잔 서랜든,지나 데이비스,브래드 피트"
도그,2022-10-26,미국,미국,,씨제이 씨지브이(CJ CGV)(주),12세이상관람가,"코미디,드라마",채닝 테이텀,채닝 테이텀
산하는 요원하다,,스위스,"스위스,미국",,,,"전쟁,드라마",프레드 진네만,"몽고메리 클리프트,알린 맥마흔"
블루 벨벳,1992-10-17,미국,미국,,(주)유로커뮤니케이션,"연소자관람불가,청소년관람불가","드라마,스릴러,미스터리,범죄",데이빗 린치,"카일 맥라클란,이사벨라 로셀리니,데니스 호퍼"
엘리펀트 맨,,영국,"영국,미국",,,,드라마,데이빗 린치,
7월에는 처음을 떠올려 볼 것 (섹션 2),,한국,한국,,,,기타,,
7월에는 처음을 떠올려 볼 것 (섹션 1),,한국,한국,,,,기타,,
사장에게 벌려준 유학생,2025-07-04,한국,한국,,(주)씨맥스커뮤니케이션즈,청소년관람불가,성인물(에로),,
왓 리메인즈,2025-07-01,미국,미국,,(주)블루라벨픽쳐스,15세이상관람가,"범죄,스릴러",나단 스코긴스,"크레스 윌리엄스,켈란 루츠,앤 헤이시"
BJ 떡방 수사대 무삭제판,2025-07-04,한국,한국,(주)파랑새미디어,(주)영진크리에이티브,청소년관람불가,"성인물(에로),드라마,멜로/로맨스",이타치,
가랑이 젖신 혀놀림 무삭제판,2025-07-02,일본,일본,,주식회사 케이앤아이,청소년관람불가,멜로/로맨스,,
구멍관계-이모의 맛 무삭제판,2025-06-30,일본,일본,,(주)영진크리에이티브,청소년관람불가,"성인물(에로),드라마,멜로/로맨스",,
대물에 중독된 그녀들,2025-07-01,한국,한국,주식회사 피에스앤제이,주식회사 피에스앤제이,청소년관람불가,성인물(에로),,
마사지에 빠진 유부녀-굵고 단단해,2025-07-04,일본,일본,,(주)영진크리에이티브,청소년관람불가,"성인물(에로),드라마,멜로/로맨스",,
메가 킹,2025-07-03,미국,미국,,(주)제이앤씨미디어그룹,15세이상관람가,액션,,
물 많은 여자 3,2025-07-03,한국,한국,(주)영화사가을,(주)영화사가을,청소년관람불가,멜로/로맨스,,
불륜섹스 : 누가 누가 잘하나,2025-07-03,한국,한국,(주)영화사가을,(주)영화사가을,청소년관람불가,멜로/로맨스,,
선배 몸수발 드는 여사원,2025-07-04,일본,일본,,(주)영진크리에이티브,청소년관람불가,"성인물(에로),드라마,멜로/로맨스",,
여대생 섹스게임-AV배우의 기술을 견뎌라,2025-06-30,일본,일본,,(주)영진크리에이티브,청소년관람불가,"성인물(에로),드라마,멜로/로맨스",,
적극적인 카호의 AV첫경험,2025-07-04,일본,일본,,(주)영진크리에이티브,청소년관람불가,"성인물(에로),드라마,멜로/로맨스",,
젖 큰 자매 수상한 형제,2025-07-03,한국,한국,폭풍의 눈,주식회사 원스크린,청소년관람불가,"드라마,성인물(에로)",,
제수씨 물은 어떤 맛일까 무삭제판,2025-07-04,일본,일본,,(주)영진크리에이티브,청소년관람불가,"성인물(에로),드라마,멜로/로맨스",,
질 좋은 여대생 열린 꽃잎,2025-06-30,일본,일본,,(주)영진크리에이티브,청소년관람불가,"성인물(에로),드라마,멜로/로맨스",,
허락한 며느리들,2025-06-30,일본,일본,,(주)파랑새미디어,청소년관람불가,"성인물(에로),드라마,멜로/로맨스",,
공처가 삼대,,한국,한국,,,,드라마,유현목,
김약국의 딸들,,한국,한국,극동필름,,미정,드라마,유현목,"엄앵란,황정순,최지희,이민자"
막차로 온 손님들,,한국,한국,,,,드라마,유현목,
순교자,,한국,한국,,,,드라마,유현목,
찬란함의 무덤,,태국,"태국,프랑스",,,,"드라마,판타지",아핏차퐁 위라세타쿤,"제니이라 퐁파스,반롭 롬노이"
춘몽+손,,한국,한국,,,,기타,,
극장판 도라에몽: 진구의 그림이야기,2025-07-16,일본,일본,,롯데컬처웍스(주)롯데시네마,전체관람가,애니메이션,테라모토 유키요,
명탐정 코난: 척안의 잔상,2025-07-16,일본,일본,,(주)씨제이이엔엠,12세이상관람가,애니메이션,시게하라 카츠야,"김선혜,강수진,이정구,현경수,김율,김기흥,박성태,손수호,이현진,유해무,우정신,김도희,여민정,정선혜"
세븐틴 월드 투어 '비 더 선',2025-07-10,한국,한국,(주)하이브,씨제이 씨지브이(CJ CGV)(주),전체관람가,공연,,
엔하이픈 월드 투어 '페이트',2025-07-10,한국,한국,(주)하이브,씨제이 씨지브이(CJ CGV)(주),전체관람가,공연,,
방탄소년단 '맵 오브 더 소울 : 원',2025-07-10,한국,한국,(주)하이브,씨제이 씨지브이(CJ CGV)(주),전체관람가,공연,,
투모로우바이투게더 월드 투어 '액트 : 스위트 미라지',2025-07-10,한국,한국,(주)하이브,씨제이 씨지브이(CJ CGV)(주),전체관람가,공연,,
뮤지컬 라파치니의 정원,2025-07-09,한국,한국,,(주)한국영상연합,12세이상관람가,"공연,뮤지컬",,
스왈로우테일 버터플라이,2005-06-23,일본,일본,록웰아이즈 (ロックウェルアイズ),"(주)디오시네마,(주)튜브엔터테인먼트",18세관람가,드라마,이와이 슌지,"미카미 히로시,차라,이토 아유미"
구마수녀 - 들러붙었구나,2025-07-17,한국,한국,영화사 고혹,"(주)제이앤씨미디어그룹,와이드 릴리즈(주)",15세이상관람가,공포(호러),노홍진,"스테파니 리,이신성,김태연,김미숙"
망국전쟁 : 뉴라이트의 시작,2025-07-23,한국,한국,,주식회사 한류역사문화티브이,12세이상관람가,다큐멘터리,구진형,"이덕일,전찬일,호사카 유지"
꼬마마법사 주니토니,2025-07-26,한국,한국,,"씨제이 씨지브이(CJ CGV)(주),와이드 릴리즈(주)",전체관람가,애니메이션,서동해,"김연우,김은아,정재헌,엄상현,한만중,장미,이소영,홍소영,이민규,김단"
커미션,2025-07-16,한국,한국,(주)팬엔터테인먼트,"(주)팬엔터테인먼트,(주)미디어캐슬",15세이상관람가,"미스터리,스릴러",신재민,"김현수,김용지,김진우,정재오,남명렬,주석태,연이안,서동수,원호섭,정지철,한상조"
좀비딸,2025-07-30,한국,한국,스튜디오엔(주),(주)넥스트엔터테인먼트월드(NEW),12세이상관람가,"코미디,드라마",필감성,"강명수,조정석,이정은,조여정,윤경호,최유리,전수지,김병춘,조한선,우미화,이주미"
하이브 시네마 노래방,2025-07-10,한국,한국,(주)하이브,씨제이 씨지브이(CJ CGV)(주),전체관람가,기타,,
극장판 다이노맨: 공룡산의 비밀,2025-07-25,한국,한국,"(주)스튜디오버튼 ,(주)플레이그램",(주)플레이그램,전체관람가,애니메이션,김호락,
여름의 카메라,2026-06-24,한국,한국,,(주)싸이더스,전체관람가,"가족,드라마,멜로/로맨스",성스러운,"김시아,곽민규,유가은,이은솔,배영란,최지훈,송정훈,김선우,남명렬,이수미"
꿈꾸는 사진관,2025-07-16,한국,한국,신희재 프로덕션,시네마 뉴원,전체관람가,드라마,정초신,신미식
씨그널: 바다의 마지막 신호,2025-07-16,한국,한국,"(주)보더레스랩,주식회사 망그로브","(주)보더레스랩,(주)스튜디오디에이치엘",전체관람가,다큐멘터리,"박정례,이지윤",
스파이에어 저스트 라이크 디스 2024,2025-07-18,일본,일본,,씨지브이 아이스콘,전체관람가,공연,,
3670,2025-09-03,한국,한국,오롯필름,(주)엣나인필름,15세이상관람가,"드라마,멜로/로맨스",박준호,"조유현,김현목,조대희,배한솔,임지형,전두식,하승우,윤설,김진이,차미경,유태규,유시훈"
발레 투 브로드웨이: 휠든 작품,,영국,영국,,,,공연,,
철규,,한국,한국,미디어나무(주),미디어나무(주),전체관람가,다큐멘터리,부성필,
요한 판 더르 쾨컨 단편선,,네덜란드,네덜란드,,,,기타,요한 반 데르 케우켄,
레이베이의 할리우드 밤,,미국,미국,,,,공연,,
썸머프라이드시네마 2025 - 김세원 배우 특별전,,한국,한국,,,,드라마,,
어거스트 버진,2022-03-24,스페인,스페인,,엠엔엠인터내셔널(주),15세이상관람가,"드라마,멜로/로맨스",호나스 트루에바,
썸머프라이드시네마 2025 - 단편 2,,한국,한국,,,,드라마,,
아이 러브 달러,,네덜란드,네덜란드,,,,기타,요한 반 데르 케우켄,
와서 직접 봐봐,,스페인,스페인,,,,드라마,호나스 트루에바,
누가 우릴 막으리,,스페인,스페인,,,,다큐멘터리,호나스 트루에바,
암스테르담 지구촌,,네덜란드,네덜란드,,,,다큐멘터리,요한 반 데르 케우켄,
광란의 사랑,1991-03-16,미국,미국,,,연소자관람불가,"드라마,범죄",데이빗 린치,"니콜라스 케이지,로라 던"
썸머프라이드시네마 2025 - 단편 1,,한국,한국,,,,드라마,,
자유로운 브라스,,네덜란드,네덜란드,,,,다큐멘터리,요한 반 데르 케우켄,
눈물의 소금,,프랑스,프랑스,,,,"멜로/로맨스,드라마",필립 가렐,
썸머프라이드시네마 2025 - 배급사 특별전: 씨앗,,한국,한국,,,,애니메이션,,
이혼녀 펜션,2025-07-11,한국,한국,(주)영진크리에이티브,(주)영진크리에이티브,청소년관람불가,"성인물(에로),드라마,멜로/로맨스",,
K여대생 흑인대물과 격렬섹스2,2025-07-11,한국,한국,스마일컨텐츠,스마일컨텐츠,청소년관람불가,성인물(에로),천성준,
드림팰리스,2023-05-31,한국,한국,㈜인디스토리,㈜인디스토리,12세이상관람가,드라마,가성문,"김선영,이윤지,최민영,김용준,이대연,류성록,오자훈,정서연,김태훈,이주원,안민영,문호진,김태희,구시연,남미정,김종훈,송요셉,장문규,서민우,김민체,설창희,고훈목,김효선,이성순,조경현,백한솔,김예나"
빨리 넣어줘 제발,2025-07-10,한국,한국,(주)영화사가을,(주)영화사가을,청소년관람불가,멜로/로맨스,,
스와핑-왕게임,2025-07-07,한국,한국,,(주)까멜리아이엔티,청소년관람불가,멜로/로맨스,김태수,
엄마 섹스,2025-07-10,한국,한국,(주)영화사가을,(주)영화사가을,청소년관람불가,멜로/로맨스,,
여동생의 맛,2025-07-07,한국,한국,(주)까멜리아이엔티,(주)까멜리아이엔티,청소년관람불가,멜로/로맨스,김태수,
메간 2.0,2025-07-16,미국,미국,,유니버설픽쳐스인터내셔널 코리아(유),15세이상관람가,"공포(호러),기타",제라드 존스톤,"앨리슨 윌리암스,바이올렛 맥그로우,브라이언 조던 알바레즈,젠 밥 엡스,에이미 도날드,제나 데이비스,이바나 사크노,아리스토틀 아타리,팀 샤프,제메인 클레멘트"
이상한 집,2025-07-17,일본,일본,,(주)바이포엠스튜디오,15세이상관람가,"스릴러,미스터리",이시카와 준이치,"마미야 쇼타로,사토 지로,카와에이 리나"
귀멸의 칼날: 환락의 거리 결전편,2025-07-18,일본,일본,,주식회사 애니맥스브로드캐스팅코리아,15세이상관람가,애니메이션,소토자키 하루오,"하나에 나츠키,키토 아카리,코니시 카츠유키"
킹 오브 프리즘 -유어 엔드리스 콜- 모두 빛나라! 프리즘 투어즈,2025-07-18,일본,일본,,동우에이앤이(주),전체관람가,애니메이션,히시다 마사카즈,
귀멸의 칼날: 환락의 거리 잠입편,2025-07-18,일본,일본,,주식회사 애니맥스브로드캐스팅코리아,15세이상관람가,애니메이션,소토자키 하루오,"하나에 나츠키,키토 아카리,코니시 카츠유키"
2024 태민 월드 투어 [이페머럴 게이즈],2025-07-18,한국,한국,,씨제이 씨지브이(CJ CGV)(주),전체관람가,공연,,
전지적 독자 시점,2025-07-23,한국,한국,리얼라이즈픽쳐스(주),롯데컬처웍스(주)롯데엔터테인먼트,15세이상관람가,"판타지,액션",김병우,"윤재윤,안효섭,이민호,채수빈,신승호,나나,지수,권은성,박호산,최영준,이석,정성일,조성희,은수,이유진,문우진,정찬훈,노정현,김민채"
퀴리부인,,미국,미국,,,,드라마,머빈 르로이,"그리어 가슨,월터 피전"
배드 가이즈 2,2025-07-30,미국,미국,,유니버설픽쳐스인터내셔널 코리아(유),전체관람가,"애니메이션,액션",피에르 페리펠,"샘 록웰,크레이그 로빈슨,안소니 라모스,아콰피나,재지 비츠"
아르제,,기타,"기타,이집트",,,,드라마,,
폐허에서 파쿠르,,팔레스타인,"팔레스타인,기타,스웨덴",,,,다큐멘터리,,
욕망,,미국,미국,,,,"코미디,멜로/로맨스,범죄",프랭크 보제이즈,"마를렌 디트리히,게리 쿠퍼"
스탑 메이킹 센스,2025-08-13,미국,미국,,주식회사 올랄라스토리,12세이상관람가,다큐멘터리,조나단 드미,
콘스탄틴,2005-02-08,미국,미국,워너 브러더스 픽쳐스,워너브러더스 코리아(주),15세관람가,"드라마,액션,스릴러,판타지",프란시스 로렌스,"키아누 리브스,레이첼 와이즈,시아 라뵈프"
하우잔의 비밀,,기타,"기타,아랍에미리트연합국정부",,,,드라마,,
천국의 옆 마을,,오스트리아,"오스트리아 ,프랑스,독일,기타",,,,드라마,,
내가 속한 곳은 어디인가,,기타,"기타,프랑스,캐나다",,,,드라마,,
도주,,일본,일본,,,,드라마,아다치 마사오,
실록 달걀 운반인 경시청 습격,,일본,일본,,,,드라마,,
살마의 집,,기타,기타,,,,드라마,,
립반윙클의 신부: 스페셜 에디션,2016-10-13,일본,일본,,"TCO(주)더콘텐츠온,주식회사 더쿱",15세이상관람가,"드라마,멜로/로맨스",이와이 슌지,"쿠로키 하루,아야노 고"
무화과나무 아래,,기타,기타,,,,드라마,,
람보가 쉴 곳을 찾아서,,이집트,"이집트,기타",,,,드라마,,
론 레인저,,미국,미국,워너 브러더스 픽쳐스,,,"서부극(웨스턴),어드벤처",스튜어트 헤이슬러,"클레이튼 무어,제이 실버힐스,보니타 그린빌,페리 로페즈"
제14회 아랍영화제 아랍단편선,,기타,기타,,,,"다큐멘터리,드라마",,
7번방의 선물,2013-01-23,한국,한국,"(주)화인웍스,(주)씨엘엔터테인먼트",(주)넥스트엔터테인먼트월드(NEW),15세이상관람가,"코미디,드라마",이환경,"장이준,류승룡,박신혜,갈소원,정진영,오달수,박원상,김정태,정만식,김기천,장호준,김동민,박수진,박유경,박정배,조덕현,박상면,조재윤,박길수,이승연,김봉수,정희태,이윤희,오창경,한이진,임재민"
휴가,2021-10-21,한국,한국,작업장 봄,㈜인디스토리,12세이상관람가,드라마,이란희,"이봉하,김아석,신운섭,김정연,서광택,황정용,이승원,박재형,복운석"
호수의 이방인,,프랑스,프랑스,,(주)영화사 진진,,드라마,알랭 기로디,
긴 휴가,,네덜란드,네덜란드,,,,다큐멘터리,요한 반 데르 케우켄,
여름정원,2025-08-06,일본,일본,,(주)에이유앤씨,12세이상관람가,드라마,소마이 신지,"미쿠니 렌타로,사카타 나오키,오 타이키,마키노 겐이치"
퍼스널 쇼퍼,2017-02-09,프랑스,프랑스,,아이 엠,15세이상관람가,"드라마,스릴러",올리비에 아사야스,크리스틴 스튜어트
한국인을 관두는 법,,한국,한국,,,,다큐멘터리,안건형,
뇌절개술+자가당착,,한국,한국,,,,기타,"김곡,김선",
감도 100퍼센트의 짜릿한 새엄마,2025-07-20,일본,일본,,(주)도키엔터테인먼트,청소년관람불가,성인물(에로),,
겨드랑이 땀냄새가 꼬릿한 새엄마,2025-07-20,일본,일본,,(주)도키엔터테인먼트,청소년관람불가,성인물(에로),,
남자친구랑 헤어진 글래머,2025-07-16,한국,한국,(주)샤이커뮤니케이션즈,(주)샤이커뮤니케이션즈,청소년관람불가,성인물(에로),,
누나 오늘 나랑 하자,2025-07-16,한국,한국,(주)샤이커뮤니케이션즈,(주)샤이커뮤니케이션즈,청소년관람불가,성인물(에로),,
늦는 아빠때문에 여자력 폭발한 새엄마,2025-07-19,일본,일본,,(주)도키엔터테인먼트,청소년관람불가,성인물(에로),,
두 여자 : 나도 하고 싶다,2025-07-17,한국,한국,(주)영화사가을,(주)영화사가을,청소년관람불가,멜로/로맨스,,
딱 한 번만 딱 하루만 친구남편,2025-07-20,일본,일본,,(주)도키엔터테인먼트,청소년관람불가,성인물(에로),,
딸보다 욕정을 선택한 장모님,2025-07-17,한국,한국,(주)샤이커뮤니케이션즈,(주)샤이커뮤니케이션즈,청소년관람불가,성인물(에로),,
매일 늦는 아빠대신 새엄마와 응징섹스,2025-07-20,일본,일본,,(주)도키엔터테인먼트,청소년관람불가,성인물(에로),,
문란한 성생활을 즐긴 엄마친구,2025-07-20,일본,일본,,(주)도키엔터테인먼트,청소년관람불가,성인물(에로),,
범인에게 넘어간 아내때문에 현타온 남편,2025-07-19,일본,일본,,(주)도키엔터테인먼트,청소년관람불가,성인물(에로),,
불륜은 더럽다더니 오히려 터진 사위,2025-07-19,일본,일본,,(주)도키엔터테인먼트,청소년관람불가,성인물(에로),,
새엄마는 이성이 마비될 정도의 오르가즘을 좋아해,2025-07-19,일본,일본,,(주)도키엔터테인먼트,청소년관람불가,성인물(에로),,
새엄마와 야한 소설을 쓰기 시작했다,2025-07-20,일본,일본,,(주)도키엔터테인먼트,청소년관람불가,성인물(에로),,
새엄마의 허벅지 사이에서 감도 100배 전율,2025-07-19,일본,일본,,(주)도키엔터테인먼트,청소년관람불가,성인물(에로),,
색기 넘치는 그녀의 섹파 홀리기,2025-07-18,일본,일본,,(주)영진크리에이티브,청소년관람불가,"멜로/로맨스,드라마",,
선배아내와 바로 눈맞아 속궁합 확인,2025-07-20,일본,일본,,(주)도키엔터테인먼트,청소년관람불가,성인물(에로),,
성욕에 미친 야한 유부녀,2025-07-18,한국,한국,(주)샤이커뮤니케이션즈,(주)샤이커뮤니케이션즈,청소년관람불가,성인물(에로),,
"섹스노트 : 노래방, 미용실, 병원에서",2025-07-17,한국,한국,(주)영화사가을,(주)영화사가을,청소년관람불가,멜로/로맨스,,
숙모의 따끈한 팬티로 흥분하다 들킨 경우,2025-07-19,일본,일본,,(주)도키엔터테인먼트,청소년관람불가,성인물(에로),,
숙모의 팬티로 고백한 나의 흥분지수,2025-07-20,일본,일본,,(주)도키엔터테인먼트,청소년관람불가,성인물(에로),,
실신할 수도 있는 유부녀 성감마시지,2025-07-19,일본,일본,,(주)도키엔터테인먼트,청소년관람불가,성인물(에로),,
아이돌 닮은 하숙집 누나,2025-07-16,한국,한국,(주)샤이커뮤니케이션즈,(주)샤이커뮤니케이션즈,청소년관람불가,성인물(에로),,
알바 유부녀가 나에게 줄게 있다는데 뭘까,2025-07-19,일본,일본,,(주)도키엔터테인먼트,청소년관람불가,성인물(에로),,
약물 중독 환자로 인해 타락하는 청순 간호사,2025-07-16,일본,일본,,(주)나우콘텐츠,청소년관람불가,"드라마,성인물(에로)",키토루네 가와구치,키지마 아이리
엄마친구와 과한섹스에 채무불이행,2025-07-19,일본,일본,,(주)도키엔터테인먼트,청소년관람불가,성인물(에로),,
역대급 엄마친구 핵심최종판,2025-07-19,일본,일본,,(주)도키엔터테인먼트,청소년관람불가,성인물(에로),,
옆집유부녀의 동정남 멘탈털기,2025-07-20,일본,일본,,(주)도키엔터테인먼트,청소년관람불가,성인물(에로),,
요즘 대세인 장모님의 엉덩이 사이로,2025-07-20,일본,일본,,(주)도키엔터테인먼트,청소년관람불가,성인물(에로),,
욕탕에서 등밀어준 장모님,2025-07-20,일본,일본,,(주)도키엔터테인먼트,청소년관람불가,성인물(에로),,
윗집 아줌마의 비밀 수업,2025-07-17,한국,한국,(주)샤이커뮤니케이션즈,(주)샤이커뮤니케이션즈,청소년관람불가,성인물(에로),,
육덕진 누나의 야릇한 혀놀림,2025-07-18,한국,한국,(주)샤이커뮤니케이션즈,(주)샤이커뮤니케이션즈,청소년관람불가,성인물(에로),,
이건 불륜이 아니라는 처형과의 섹스,2025-07-20,일본,일본,,(주)도키엔터테인먼트,청소년관람불가,성인물(에로),,
인생은 실전이라는 처형의 유혹,2025-07-19,일본,일본,,(주)도키엔터테인먼트,청소년관람불가,성인물(에로),,
장모님과 레전드 섹스를 찍다,2025-07-20,일본,일본,,(주)도키엔터테인먼트,청소년관람불가,성인물(에로),,
장모님의 가슴이 등에 닿는다,2025-07-20,일본,일본,,(주)도키엔터테인먼트,청소년관람불가,성인물(에로),,
절친의 거유 아내를 탐하고 조련하는 친구,2025-07-16,일본,일본,,(주)나우콘텐츠,청소년관람불가,"드라마,성인물(에로)",,
지하돌 렌카의 AV배우 데뷔기,2025-07-18,일본,일본,,(주)영진크리에이티브,청소년관람불가,"멜로/로맨스,드라마",,
처형에게 잘못걸려 녹아버린 육체,2025-07-19,일본,일본,,(주)도키엔터테인먼트,청소년관람불가,성인물(에로),,
친구엄마와 후회없이 사랑했노라 말해요,2025-07-19,일본,일본,,(주)도키엔터테인먼트,청소년관람불가,성인물(에로),,
친구한테 제대로망한 유부녀와 파트너,2025-07-19,일본,일본,,(주)도키엔터테인먼트,청소년관람불가,성인물(에로),,
형수를 형대신 안아주다 진짜 사랑한 오후,2025-07-19,일본,일본,,(주)도키엔터테인먼트,청소년관람불가,성인물(에로),,
판타스틱 4: 새로운 출발,2025-07-24,미국,미국,,월트디즈니컴퍼니코리아 유한책임회사,12세이상관람가,"액션,판타지,SF",맷 샤크먼,"페드로 파스칼,바네사 커비,조셉 퀸,에본 모스-바크라크,랄프 이네슨,줄리아 가너"
셔터 아일랜드,2010-03-18,미국,미국,,"롯데컬처웍스(주)롯데시네마,씨제이엔터테인먼트",15세이상관람가,"드라마,미스터리,스릴러",마틴 스코세이지,"마크 러팔로,레오나르도 디카프리오"
대탈출 : 더 스토리 특별판,2025-07-23,한국,한국,주식회사 티빙,씨제이 씨지브이(CJ CGV)(주),15세이상관람가,"어드벤처,미스터리,스릴러",,
귀멸의 칼날: 도공 마을 이어진 인연편,2025-07-25,일본,일본,,주식회사 애니맥스브로드캐스팅코리아,15세이상관람가,애니메이션,소토자키 하루오,"하나에 나츠키,키토 아카리"
고고다이노 극장판: 게코도마뱀의 꿈,2025-07-30,한국,한국,(주)모꼬지,(주)모꼬지,전체관람가,애니메이션,이원재,"임승미,원옥화,진양욱,조영철,우정민"
귀멸의 칼날: 도공 마을 적습편,2025-07-25,일본,일본,,주식회사 애니맥스브로드캐스팅코리아,15세이상관람가,애니메이션,소토자키 하루오,"하나에 나츠키,키토 아카리"
뮤지컬 오지게 재밌는 가시나들,2025-07-23,한국,한국,라이브(주),(주)한국영상연합,전체관람가,뮤지컬,,
강령: 귀신놀이,2025-08-06,한국,한국,(주)이오콘텐츠그룹,(주)스튜디오디에이치엘,15세이상관람가,"공포(호러),미스터리,스릴러",손동완,"김예림,이찬형,서동현,오소현,김은비,박서연,이다은,윤별하,유승아,정상훈,이진주,윤혜진,조수경,윤대성,노상현,김용선,구민혁,이경현,손평형,김지예,조예명,박승렬,김민호,손호은,김도훈,김진주,임세령,정유진,백가은,유영현"
애수,,미국,미국,,,,"드라마,전쟁,멜로/로맨스",머빈 르로이,"비비안 리,로버트 테일러"
아이 킬 유,2025-07-23,한국,한국,올픽처스 주식회사,(주)트리플픽쳐스,15세이상관람가,"액션,드라마",유하,"강지영,이기광,배윤민"
나쁜종자,,미국,미국,,,,범죄,머빈 르로이,"낸시 켈리,패트리샤 맥콜막"
사조영웅전: 협지대자,2025-07-25,중국,중국,,"(주)스튜디오디에이치엘,(주)키노라이츠",15세이상관람가,"전쟁,액션",서극,양가휘
갈릴리 예수,2020-11-26,미국,미국,,"길갈,(재)CBS,주식회사 블루필름웍스",전체관람가,"다큐멘터리,드라마",,
오키나와 블루노트,2025-07-23,한국,한국,(주)와우,(주)와우,15세이상관람가,드라마,조성규,"김동완,황승언"
"하이큐!! 리에프 등장! & VS""낙제점""",2025-07-31,일본,일본,,에스엠지홀딩스 주식회사,12세이상관람가,애니메이션,미츠나카 스스무,
라이트하우스,,캐나다,캐나다,,,,드라마,로버트 에거스,"윌렘 데포,로버트 패틴슨"
슬리핑 독스,2025-07-24,미국,미국,,(주)태양미디어그룹,15세이상관람가,스릴러,,"러셀 크로우,카렌 길런,마튼 초카스"
허트 로커,2010-04-22,미국,미국,,"(주)까멜리아이엔티,(주)스마일이엔티,(주)넥스트엔터테인먼트월드(NEW)",15세이상관람가,"전쟁,액션",캐서린 비글로우,"제레미 레너,안소니 마키,가이 피어스,랄프 파인즈,브라이언 게라그티,크리스찬 카마고"
추적,2025-08-06,한국,한국,뉴스타파 필름,(주)엣나인필름,12세이상관람가,다큐멘터리,최승호,
이미지의 폭풍,,네덜란드,네덜란드,,,,기타,요한 반 데르 케우켄,
3인의 난폭한 사람들,,미국,미국,파라마운트 픽쳐스,,,서부극(웨스턴),루돌프 마테,"찰톤 헤스톤,앤 박스터,길버트 롤랜드"
스트레이트 스토리,2001-11-30,프랑스,프랑스,,"주식회사 블루필름웍스,(주)버킷스튜디오",전체관람가,드라마,데이빗 린치,"씨씨 스페이식,리차드 판스워드"
얼굴과 시선,,프랑스,"프랑스,독일,벨기에,네덜란드",,,,기타,요한 반 데르 케우켄,
더 위치,,미국,"미국,캐나다",,,,공포(호러),로버트 에거스,랄프 아인슨
러브 미 텐더,,미국,미국,이십세기폭스필름코퍼레이션,,,"드라마,서부극(웨스턴),뮤지컬,전쟁",로버트 D. 웹,"엘비스 프레슬리,리차드 에건,데브라 파겟"
다이노 어드벤처2: 육해공 공룡 대백과,2018-10-09,영국,영국,,(주)박수엔터테인먼트,전체관람가,"애니메이션,액션,가족",마이크 데블린,
서바이벌 패밀리,2018-01-18,일본,일본,,"(주)얼리버드픽쳐스,윤스",전체관람가,코미디,야구치 시노부,"코히나타 후미요,후카츠 에리"
보조바퀴,2021-11-25,한국,한국,,주식회사 필름초이스,전체관람가,드라마,이주예,"박서영,박은영,홍석우,강보라,김수진,박종헌,허민경,심다윤,박지민,양성하,이주예"
레이턴시,2025-07-24,미국,"미국,태국",,(주)스튜디오디에이치엘,15세이상관람가,"액션,스릴러,SF",,사샤 루스
스머프,2025-08-06,미국,미국,,롯데컬처웍스(주)롯데엔터테인먼트,전체관람가,애니메이션,크리스 밀러,"리한나,제임스 코든,닉 오퍼맨,에이미 세다리스,나타샤 리온,산드라 오,옥타비아 스펜서,알렉스 윈터,커트 러셀,존 굿맨"
경기도의 어느 남향 집,,한국,한국,패치워크,패치워크,,"다큐멘터리,가족,기타",박진용,
빅 샤크 어택,,영국,영국,,(주)엔케이컨텐츠,15세이상관람가,"공포(호러),스릴러",크리스찬 세스마,
AV스타 리나의 무대본 즉흥섹스,2025-07-24,일본,일본,,(주)영진크리에이티브,청소년관람불가,"성인물(에로),드라마,멜로/로맨스",,
거유 마사지사의 무한발사 서비스,2025-07-26,일본,일본,,(주)영진크리에이티브,청소년관람불가,"성인물(에로),드라마,멜로/로맨스",,
남녀의 떡정,2025-07-24,한국,한국,(주)영화사가을,(주)영화사가을,청소년관람불가,멜로/로맨스,,
남편부하의 거근에 내려간 팬티 무삭제판,2025-07-22,일본,일본,,주식회사 케이앤아이,청소년관람불가,멜로/로맨스,,
누나 친구의 비밀 교습,2025-07-22,한국,한국,영화사 만월,영화사 만월,청소년관람불가,성인물(에로),,
며느리는 성욕보호사 무삭제판,2023-07-26,일본,일본,,(주)가온콘텐츠,청소년관람불가,"성인물(에로),멜로/로맨스",모소조쿠,
며느리를 보내는 방법 무삭제판,2023-07-26,일본,일본,,(주)가온콘텐츠,청소년관람불가,"성인물(에로),멜로/로맨스",사쿠라비토,
방문 판매원의 스킬에 젖어버린 유부녀,2025-07-23,일본,일본,,(주)나우콘텐츠,청소년관람불가,"드라마,성인물(에로)",게도 하루히코,
배란일에 맡아 본 새엄마의 팬티냄새,2025-07-24,일본,일본,,(주)영진크리에이티브,청소년관람불가,"멜로/로맨스,드라마",,
봇물 터진 유부녀 구멍,2025-07-26,일본,일본,,(주)파랑새미디어,청소년관람불가,"성인물(에로),드라마,멜로/로맨스",,
새엄마 : 오늘은 제가 해드릴게요,2025-07-24,한국,한국,(주)영화사가을,(주)영화사가을,청소년관람불가,멜로/로맨스,,
성스러운 며느리,2025-07-25,일본,일본,,(주)가온콘텐츠,청소년관람불가,멜로/로맨스,사쿠라비토,
아내의 맛,2025-07-25,일본,일본,,(주)가온콘텐츠,청소년관람불가,멜로/로맨스,사쿠라비토,
아찔한 스와핑:캠핑에서의 하룻밤,2025-07-25,일본,일본,,(주)영진크리에이티브,청소년관람불가,"멜로/로맨스,드라마",,
여부장 가랑이로 들어간 부하직원,2025-07-24,일본,일본,,(주)영진크리에이티브,청소년관람불가,"멜로/로맨스,드라마",,
옆집여자-남편 대신 시원하게 싸줬다 무삭제판,2025-07-24,일본,일본,,(주)영진크리에이티브,청소년관람불가,"성인물(에로),드라마,멜로/로맨스",,
욕정녀의 젖은 속옷,2025-07-25,일본,일본,,(주)가온콘텐츠,청소년관람불가,멜로/로맨스,사쿠라비토,
위험한 동창회:은밀한 불륜의 시작,2025-07-25,일본,일본,,(주)영진크리에이티브,청소년관람불가,"멜로/로맨스,드라마",,
유부녀 섹파 투어-28세 마야,2025-07-26,일본,일본,,(주)영진크리에이티브,청소년관람불가,"성인물(에로),드라마,멜로/로맨스",,
음란한 코스프레,2025-07-25,일본,일본,,(주)가온콘텐츠,청소년관람불가,멜로/로맨스,키타노 마지메,야베 히사에
의붓아들의 수컷향에 홀린 새엄마,2025-07-25,일본,일본,,(주)영진크리에이티브,청소년관람불가,"멜로/로맨스,드라마",,
이불속 욕정해결사,2025-07-25,일본,일본,,(주)가온콘텐츠,청소년관람불가,멜로/로맨스,사쿠라비토,
자지러지는 장모님 무삭제판,2025-07-25,일본,일본,,(주)가온콘텐츠,청소년관람불가,"성인물(에로),멜로/로맨스",사쿠라비토,
잠 든 누나는 내 휴지 도둑,2025-07-26,일본,일본,,(주)영진크리에이티브,청소년관람불가,"성인물(에로),드라마,멜로/로맨스",,
조카의 물건에 느껴버린 욕구불만 아내,2025-07-23,일본,일본,,(주)나우콘텐츠,청소년관람불가,"드라마,성인물(에로)",게도 하루히코,
탐스러운 빚쟁이 무삭제판,2025-07-25,일본,일본,,(주)가온콘텐츠,청소년관람불가,"성인물(에로),멜로/로맨스",버드맨 텟페이,
필름다빈x아리랑인디웨이브,,한국,한국,,,,드라마,,
발레리나,2025-08-06,미국,미국,,판씨네마(주),청소년관람불가,"액션,스릴러",렌 와이즈먼,"아나 디 아르마스,키아누 리브스,안젤리카 휴스턴,가브리엘 번,노먼 리더스,이안 맥쉐인,랜스 레드딕,정두홍,최수영"
귀멸의 칼날: 합동 강화 훈련 주집결편,2025-08-01,일본,일본,,주식회사 애니맥스브로드캐스팅코리아,15세이상관람가,애니메이션,소토자키 하루오,"하나에 나츠키,키토 아카리"
반 고흐. 밀밭과 구름 낀 하늘,2025-07-30,이탈리아,이탈리아,,일미디어,전체관람가,다큐멘터리,,
귀멸의 칼날: 합동 강화 훈련 개막편,2025-08-01,일본,일본,,주식회사 애니맥스브로드캐스팅코리아,15세이상관람가,애니메이션,소토자키 하루오,"하나에 나츠키,키토 아카리"
방탄소년단 아미: 포에버 위 아 영,2025-07-30,미국,미국,,(주)위즈온센,전체관람가,다큐멘터리,,
쏜애플 불구경 2022 라이브 콘서트 필름,2023-03-08,한국,한국,씨제이 씨지브이(CJ CGV)(주),씨제이 씨지브이(CJ CGV)(주),전체관람가,공연,금강산,
첫여름,,한국,한국,한국영화아카데미,한국영화아카데미,15세이상관람가,드라마,허가영,"허진,정인기"
틴 솔저,2025-08-06,미국,미국,,"주식회사 킨스튜디오,주식회사 블루필름웍스",15세이상관람가,"액션,스릴러",,"제이미 폭스,로버트 드 니로,스콧 이스트우드"
석류의 빛깔,2025-11-26,소련,소련,,"주식회사 오디언스,(주)플레이그램",12세이상관람가,드라마,세르게이 파라자노프,
동동의 여름방학,,대만,대만,,,,드라마,허우 샤오시엔,
머티리얼리스트,2025-08-08,미국,미국,,소니픽쳐스엔터테인먼트코리아주식회사극장배급지점,12세이상관람가,"멜로/로맨스,코미디",셀린 송,"다코타 존슨,크리스 에반스,페드로 파스칼"
야당: 익스텐디드 컷,2025-08-06,한국,한국,(주)하이브미디어코프,메가박스중앙(주) 플러스엠 엔터테인먼트,청소년관람불가,"범죄,액션",황병국,"강하늘,유해진,박해준,류경수,채원빈"
7월 수요단편극장,,한국,한국,,,,드라마,,
성욕주의: 은밀한 밀회,2025-07-31,대만,대만,,(주)누리픽쳐스,청소년관람불가,"멜로/로맨스,드라마",양야체,오강인
레지스탕스,,독일,독일,,(주)누리픽쳐스,,드라마,조나단 자쿠보위즈,"제시 아이젠버그,클레멘스 포시"
파라자노프의 라일락 바람,,기타,기타,,,,기타,,
대취협,,홍콩,홍콩,,,,액션,호금전,
호두나무,,카자흐스탄,카자흐스탄,,,,드라마,예를란 누르무캄베토프,
금연자,1989-07-29,홍콩,홍콩,,,중학생이상관람가,"액션,어드벤처,멜로/로맨스",가성패,종초홍
춘희막이,2015-09-30,한국,한국,(주)하이하버픽쳐스,"메가박스중앙(주) 플러스엠 엔터테인먼트,(주)엣나인필름",12세이상관람가,다큐멘터리,박혁지,"김춘희,최막이"
오디션,2023-04-19,일본,일본,,와이드 릴리즈(주),청소년관람불가,공포(호러),미이케 다카시,"이시바시 료,시이나 에이히,쿠니무라 준"
"애니살롱전 with 인디스페이스 7월: 현실과 경계, 그 모호한 사이에서",,한국,한국,,,,애니메이션,,
페인 앤 글로리,2020-02-05,스페인,스페인,,(주)제이앤씨미디어그룹,청소년관람불가,드라마,페드로 알모도바르,"페넬로페 크루즈,안토니오 반데라스"
시아버지의 욕정 방출기,2025-08-01,한국,한국,(주)씨맥스커뮤니케이션즈,(주)씨맥스커뮤니케이션즈,청소년관람불가,성인물(에로),,
혼몽,,일본,일본,,(주)미디어캐슬,15세이상관람가,"공포(호러),미스터리",츠카모토 신야,츠카모토 신야
"애니살롱전 with 인디스페이스 6월: 우리의 '집', 나의 '가족'",,한국,한국,,,,애니메이션,,
가슴의 맛을 알게 해준 거유 새엄마,2025-07-28,일본,일본,,(주)영진크리에이티브,청소년관람불가,"성인물(에로),드라마,멜로/로맨스",,
감도 100볼트의 정사를 새엄마와 나누다,2025-07-28,일본,일본,,(주)도키엔터테인먼트,청소년관람불가,성인물(에로),,
강추 리얼로 느낀 새엄마,2025-08-02,일본,일본,,(주)도키엔터테인먼트,청소년관람불가,성인물(에로),,
같이 자고 노는 여자는 친구엄마,2025-07-28,일본,일본,,(주)도키엔터테인먼트,청소년관람불가,성인물(에로),,
결혼 직전의 새아들이 동정이라니 용서할수 없어,2025-08-02,일본,일본,,(주)도키엔터테인먼트,청소년관람불가,성인물(에로),,
남친보다 부장님이 좋아요 무삭제판,2025-07-29,일본,일본,,(주)플라이어,청소년관람불가,"드라마,성인물(에로)",킨피카하누케마루,
남편 몰래 부장님과 떡치는 아내들,2025-07-29,일본,일본,,(주)파랑새미디어,청소년관람불가,"성인물(에로),드라마,멜로/로맨스",,
누나가 너무 가슴이 큼,2025-07-30,한국,한국,영화사 만월,영화사 만월,청소년관람불가,성인물(에로),,
대물형제의 유부녀 교환섹스,2025-07-28,한국,한국,스마일컨텐츠,스마일컨텐츠,청소년관람불가,성인물(에로),천성준,
동정을 도발하는데 선악은 없다는 유부녀,,일본,일본,,,청소년관람불가,성인물(에로),,
따뜻한 유부녀와 러브러브 소프랜드,2025-07-28,일본,일본,,(주)도키엔터테인먼트,청소년관람불가,성인물(에로),,
딸은 외출중 딸의 남친에 이상성욕,2025-07-29,일본,일본,,(주)도키엔터테인먼트,청소년관람불가,성인물(에로),,
많이 사랑받는 오일비키니의 새엄마,2025-07-29,일본,일본,,(주)도키엔터테인먼트,청소년관람불가,성인물(에로),,
맛있는 과외 : 선생님과 학생들,2025-07-31,한국,한국,(주)영화사가을,(주)영화사가을,청소년관람불가,멜로/로맨스,,
물 흐르는 핑크색 꽃잎,2025-07-31,한국,한국,(주)영화사가을,(주)영화사가을,청소년관람불가,멜로/로맨스,,
뭔가 착취하는 여상사의 귓속말,2025-07-29,일본,일본,,(주)도키엔터테인먼트,청소년관람불가,성인물(에로),,
사실상 친구에게 속아 양아치와 정사한 유부녀,2025-07-28,일본,일본,,(주)도키엔터테인먼트,청소년관람불가,성인물(에로),,
새엄마 나츠미는 37살 유부녀,2025-07-29,일본,일본,,(주)도키엔터테인먼트,청소년관람불가,성인물(에로),,
새엄마가 명기라니 이럴수가,2025-07-29,일본,일본,,(주)도키엔터테인먼트,청소년관람불가,성인물(에로),,
새엄마에게 길들여진 나의 육체,2025-08-02,일본,일본,,(주)도키엔터테인먼트,청소년관람불가,성인물(에로),,
새엄마와 새벽까지 여러 번 절정섹스,,일본,일본,,(주)도키엔터테인먼트,청소년관람불가,성인물(에로),,
새엄마의 육즙키스,2025-07-28,일본,일본,,(주)도키엔터테인먼트,청소년관람불가,성인물(에로),,
새엄마의 절정은 극락왕생,2025-07-28,일본,일본,,(주)도키엔터테인먼트,청소년관람불가,성인물(에로),,
새엄마의 쫄깃한 맛,2025-07-29,한국,한국,영화사 만월,영화사 만월,청소년관람불가,성인물(에로),,
성욕구처리를 위한 직장유부녀,2025-07-28,일본,일본,,(주)도키엔터테인먼트,청소년관람불가,성인물(에로),,
세상에서 제일 예쁜 여자 나의 처형,2025-08-02,일본,일본,,(주)도키엔터테인먼트,청소년관람불가,성인물(에로),,
실제하는 옆집 이모,2025-07-31,한국,한국,영화사 만월,영화사 만월,청소년관람불가,성인물(에로),,
아내의 엉덩이라 착각했지만 안될이유가 없다는 장모님,2025-07-28,일본,일본,,(주)도키엔터테인먼트,청소년관람불가,성인물(에로),,
양아들의 씨물 맛을 못 잊는 엄마 무삭제판,2025-07-28,일본,일본,,(주)영진크리에이티브,청소년관람불가,"성인물(에로),드라마,멜로/로맨스",,
어른이 된 여동생 무삭제판,2025-07-29,일본,일본,,(주)플라이어,청소년관람불가,"드라마,성인물(에로)",사토 이노스케,
여친이 없을때 여친엄마가 벗었다,2025-07-29,일본,일본,,(주)도키엔터테인먼트,청소년관람불가,성인물(에로),,
옆집 유부녀에게 정기 다 털린 썰 무삭제판,2025-07-28,일본,일본,,(주)영진크리에이티브,청소년관람불가,"성인물(에로),드라마,멜로/로맨스",,
온천수 터진 유부녀 섹스 매칭,2025-07-31,일본,일본,,(주)영진크리에이티브,청소년관람불가,성인물(에로),,
유부녀 섹파 투어-27세 전직 간호사 리나,2025-07-28,일본,일본,,(주)영진크리에이티브,청소년관람불가,"성인물(에로),드라마,멜로/로맨스",,
유부녀 섹파 투어-남편 몰래 윗방에서 떡치는 유부녀,2025-07-29,일본,일본,,(주)영진크리에이티브,청소년관람불가,"성인물(에로),드라마,멜로/로맨스",,
유부녀 여상사가 오피스와이프,2025-07-28,일본,일본,,(주)도키엔터테인먼트,청소년관람불가,성인물(에로),,
음란보건의 진찰실 침대가 젖었어,2025-07-29,일본,일본,,(주)도키엔터테인먼트,청소년관람불가,성인물(에로),,
일하고 온 새엄마의 겨드랑이 땀내에 흥분하다,2025-07-28,일본,일본,,(주)도키엔터테인먼트,청소년관람불가,성인물(에로),,
장난을 좋아하는 부장님 사모님,2025-07-29,일본,일본,,(주)도키엔터테인먼트,청소년관람불가,성인물(에로),,
장모님과 러브섹스가 아내보다 좋은 점,2025-07-29,일본,일본,,(주)도키엔터테인먼트,청소년관람불가,성인물(에로),,
절친의 배신으로 나쁜남자와의 뜨거운 정사,2025-07-28,일본,일본,,(주)도키엔터테인먼트,청소년관람불가,성인물(에로),,
처형이 나를 짝사랑했었다니 외면할수가 없네,2025-07-28,일본,일본,,(주)도키엔터테인먼트,청소년관람불가,성인물(에로),,
최면술로 당신을 벗겨보겠습니다,2025-07-29,일본,일본,,(주)도키엔터테인먼트,청소년관람불가,성인물(에로),,
최면술로 유부녀를 내맘대로 맛보다,2025-07-28,일본,일본,,(주)도키엔터테인먼트,청소년관람불가,성인물(에로),,
출장간 남편 몰래 AV 촬영한 주부들,2025-07-31,일본,일본,,(주)영진크리에이티브,청소년관람불가,성인물(에로),,
친구와 남편 바꿔 올라탄 캠핑의 밤,2025-07-31,일본,일본,,(주)영진크리에이티브,청소년관람불가,성인물(에로),,
한달에 한번 금욕해방 새엄마와 하룻밤,2025-08-02,일본,일본,,(주)도키엔터테인먼트,청소년관람불가,성인물(에로),,
한번만 오늘만이라던 새엄마의 정사,2025-07-28,일본,일본,,(주)도키엔터테인먼트,청소년관람불가,성인물(에로),,
요루시카 라이브 2024 [전생],2025-08-07,일본,일본,,씨제이 씨지브이(CJ CGV)(주),전체관람가,공연,,
죠스,1978-04-22,미국,미국,"유니버셜 픽쳐스,더 자눅 컴퍼니",롯데컬처웍스(주)롯데시네마,15세이상관람가,"어드벤처,공포(호러),스릴러",스티븐 스필버그,"로이 샤이더,로버트 쇼,리차드 드레이퍼스"
악마가 이사왔다,2025-08-13,한국,한국,(주)외유내강,(주)씨제이이엔엠,12세이상관람가,"미스터리,코미디",이상근,"임윤아,안보현,성동일,주현영"
엔하이픈 브이알콘서트 : 이머전,2025-08-08,한국,한국,(주)어메이즈브이알코리아,(주)어메이즈브이알코리아,전체관람가,드라마,김경국,
처음 듣는 광복,,한국,한국,,,전체관람가,다큐멘터리,,
섬뜩함이 피부에 닿는다,,일본,일본,,(주)디오시네마,,드라마,하마구치 류스케,"소메타니 쇼타,이시다 호시"
천국은 아직 멀어,,일본,일본,,(주)디오시네마,,드라마,하마구치 류스케,
자랑과 정열,,미국,미국,,,,"액션,드라마,어드벤처",스탠리 크래이머,"캐리 그랜트,프랭크 시내트라"
혐오스런 마츠코의 일생,2007-04-12,일본,일본,,"(주)디스테이션,스폰지",15세이상관람가,"코미디,드라마,뮤지컬,미스터리",나카시마 테츠야,"나카타니 미키,에이타"
아무렇지 않은 얼굴,,일본,일본,,(주)디오시네마,,드라마,하마구치 류스케,
영원히 그대를 사랑해,,일본,일본,,(주)디오시네마,,드라마,하마구치 류스케,
"나의 아픈, 사랑이야기",2025-08-13,대만,대만,,"(주)픽처하우스,영화로운 형제",12세이상관람가,멜로/로맨스,,
나는 비밀을 알고 있다,,미국,미국,파라마운트 픽쳐스,,,"범죄,미스터리,스릴러",알프레드 히치콕,"제임스 스튜어트,도리스 데이,브렌다 드 밴지"
식스데이즈,2025-08-13,한국,한국,(주)MBC,"씨지브이 아이스콘,씨제이포디플렉스 주식회사",전체관람가,"드라마,다큐멘터리",황재석,
아임 스틸 히어,2025-08-20,브라질,브라질,,(주)영화사 안다미로,15세이상관람가,드라마,월터 살레스,"페르난다 토레스,셀튼 멜로,페르난다 몬테네그로"
가려진 전선,2025-08-07,미국,미국,,(주)누리픽쳐스,15세이상관람가,"전쟁,드라마",,"제이크 아벨,브리아나 힐데브란드,존 쿠삭"
마지막 숙제,2025-09-03,한국,한국,(주)스튜디오킬러웨일,"(주)이놀미디어,(주)스튜디오킬러웨일,(주)에스더블유콘텐츠",12세이상관람가,드라마,이정철,"엄태웅,박상면,이재준,최이나,윤현숙,정선우,이성종,전수경"
펑꾸이에서 온 소년,,대만,대만,,,,드라마,허우 샤오시엔,유승택
제프 맥페트리지: 드로잉 라이프,2025-08-13,미국,미국,,(주)영화사 진진,전체관람가,다큐멘터리,댄 코버트,"제프 맥페트리지,스파이크 존즈,소피아 코폴라"
찰리와 초콜릿 공장,2005-09-16,미국,미국,빌리지 로드쇼 픽쳐스,워너브러더스 코리아(주),전체관람가,"코미디,가족,판타지",팀 버튼,"프레디 하이모어,조니 뎁"
온리 갓 노우즈 에브리띵,2025-08-22,한국,한국,(주)백그림,(주)트리플픽쳐스,15세이상관람가,"미스터리,스릴러",백승환,"강유라,신승호,한지은,박명훈,전소민,이중옥,이지현,유성주,신서우,정은경,이재환,유지혁,김일현,유병훈,이병수,송동환,백주환,이창주,남중규,유재명,양권석,이윤화,주상현,배성민,황원규,강해빈"
산딸기 3,1987-04-18,한국,한국,남아진흥(주),(주)프리즘웍스,"청소년관람불가,미성년자관람불가","드라마,사극",김수형,"김국현,마흥식,한송이,장미영,정주연,선우일란"
815사수작전,2025-08-14,한국,한국,(주)하이씨씨,시네마 뉴원,12세이상관람가,코미디,손병조,"이다슬,김인권,노영학"
살로메,,미국,미국,,,,공연,,
청춘멧돼지 아타라시이 각코! 더 무비,2025-08-06,한국,한국,씨제이포디플렉스 주식회사,씨제이포디플렉스 주식회사,전체관람가,공연,오윤동,
아가타와 끝없는 독서,2008-10-17,프랑스,프랑스,,,,드라마,,
꼭대기 방,,영국,영국,,,,드라마,잭 클레이튼,"로렌스 하비,시몬느 시뇨레"
여로,,미국,미국,,,,"드라마,멜로/로맨스",아나톨 리트박,"데보라 카,율 브린너"
바다를 바라보다 + 대서양의 남자,,기타,기타,,,,기타,,
바다에서,,미국,미국,,,,다큐멘터리,,
클로즈업,,이란,이란,,,,드라마,압바스 키아로스타미,
해변의 사랑,,프랑스,프랑스,,,,드라마,,
올드 랭 사인,,프랑스,프랑스,,,,다큐멘터리,기욤 브락,
길 고양이: 폭주 여보스,,일본,일본,,,,"액션,범죄,드라마,스릴러",하세베 야스하루,
하폰,,멕시코,"멕시코,스페인",,,,드라마,카를로스 레이가다스,"알레한드로 퍼레티스,막달레나 플로리스"
그림자꽃,2021-10-27,한국,한국,블루버드픽처스,(주)엣나인필름,12세이상관람가,다큐멘터리,이승준,김련희
아이 인 더 스카이,2016-07-14,영국,영국,,판씨네마(주),12세이상관람가,"전쟁,스릴러",개빈 후드,"헬렌 미렌,아론 폴,알란 릭맨,제레미 노담,이아인 글렌"
칠드런 오브 맨,2016-09-22,영국,"영국,미국",,"영화사 마농(주),(주)씨네클럽봉봉미엘",15세이상관람가,"SF,액션,스릴러",알폰소 쿠아론,"클라이브 오웬,줄리안 무어"
씨민과 나데르의 별거,2011-10-13,이란,이란,,(주)영화사 진진,12세이상관람가,드라마,아쉬가르 파라디,레일라 하타미
멍뭉이,2023-03-01,한국,한국,"(주)와이웍스엔터테인먼트,(주)돈키호테엔터테인먼트",(주)키다리스튜디오,전체관람가,드라마,김주환,"유연석,차태현"
아이스,,미국,미국,,,,기타,,
주변인,,미국,미국,,,,기타,,
천국의 아이들,2001-03-16,미국,미국,,(주)라이크콘텐츠,전체관람가,"드라마,코미디",마지드 마지디,"레자 나지,미르 파로크 하스미얀,바하레 세디키"
호랑이는 겁이 없지,,멕시코,멕시코,,주식회사 루믹스미디어,15세이상관람가,"판타지,공포(호러)",이사 로페즈,"후안 라몬 로페즈,파올라 라라"
어바웃 엘리,,이란,"이란,프랑스",,,,"드라마,미스터리",아쉬가르 파라디,
칼날의 양면,,프랑스,프랑스,,,,"드라마,멜로/로맨스",클레르 드니,줄리엣 비노쉬
하얀풍선,1999-06-19,이란,이란,페르도스 필름,,전체관람가,"가족,드라마",자파르 파나히,"아이다 모하마드카니,모센 카피리"
달콤 쌉사름한 초콜릿,1993-06-05,멕시코,멕시코,,,연소자관람불가,드라마,알폰소 아라우,"마르코 레오나르디,루미 카바조스"
제94회 작은영화영화제 - 스위트홈: 그곳에 머문 기묘한 이야기,,한국,한국,,,,드라마,,
니키리라고도 알려진,,한국,한국,레슬리터커노우 아트워크 프로젝트(갤러리),(주)엣나인필름,12세이상관람가,다큐멘터리,니키 리,니키 리
애니살롱전 with 인디스페이스 8월: 이름 없는 사이,,한국,한국,,,,애니메이션,,
작은 규모의 실천,,한국,한국,,,,기타,,
8월에는 편지를 써 볼 것 (섹션 1),,한국,한국,,,,기타,,
할머니의 외출,,한국,한국,,,,드라마,"장병기,장병기","박이수,권잎새,윤진"
나 맛있지 2,2025-08-07,한국,한국,(주)까멜리아이엔티,(주)까멜리아이엔티,청소년관람불가,멜로/로맨스,김태수,
니네 엄마 잘하더라 무삭제판,2025-08-05,일본,일본,,(주)플라이어,청소년관람불가,"드라마,성인물(에로)",오자키 히로코우지,
떡 맛,2025-08-07,한국,한국,유한회사 스튜디오루나,유한회사 스튜디오루나,청소년관람불가,"성인물(에로),멜로/로맨스",김태수,
부하직원의 성욕에 몇 번이고 빠져드는 3일,2025-08-08,일본,일본,,(주)나우콘텐츠,청소년관람불가,"드라마,성인물(에로)",아라시야마 미치루,
앞뒤 좋아하는 옆집 섹녀 무삭제판,2025-08-05,일본,일본,,(주)플라이어,청소년관람불가,"드라마,성인물(에로)",모리 시노죠,
여자가 무릎을 벌릴때,2025-08-07,한국,한국,(주)영화사가을,(주)영화사가을,청소년관람불가,멜로/로맨스,,
옆집 아줌마의 신음 소리,2025-08-08,한국,한국,영화사 만월,영화사 만월,청소년관람불가,성인물(에로),,
직장상사의 대물에 빠져버린 여직원 무삭제판,2025-08-08,일본,일본,,(주)플라이어,청소년관람불가,"드라마,성인물(에로)",잠파,
착한 엄마들,2025-08-07,한국,한국,(주)영화사가을,(주)영화사가을,청소년관람불가,멜로/로맨스,,
하숙생：위험한 동거 무삭제판,2025-08-08,한국,한국,(주)영진크리에이티브,(주)영진크리에이티브,청소년관람불가,"성인물(에로),드라마,멜로/로맨스",김환진,
육체의 약속,1975-07-26,한국,한국,(주)동아수출공사,,12세이상관람가,멜로/로맨스,김기영,"이정길,김지미"
처녀들의 저녁식사,1998-10-03,한국,한국,우노필름,,18세 미만인 자는 관람할 수 없는 등급,"드라마,멜로/로맨스",임상수,"강수연,진희경,김여진,조재현,김광수,조상건,이인철,설경구,김응수,주부진"
휴일,,한국,한국,,,,드라마,이만희,"신성일,김성옥,김순철,김경란"
긴키 지방의 어느 장소에 대하여,2025-08-13,일본,일본,,(주)바이포엠스튜디오,15세이상관람가,"미스터리,공포(호러)",시라이시 코지,"칸노 미호,아카소 에이지"
극장판 귀멸의 칼날: 무한성편,2025-08-22,일본,일본,,(주)씨제이이엔엠,15세이상관람가,애니메이션,소토자키 하루오,"하나에 나츠키,키토 아카리,시모노 히로,마츠오카 요시츠구,오카모토 노부히코,사쿠라이 타카히로,코니시 카츠유키,카와니시 켄고,하야미 사오리,하나자와 카나,스즈무라 켄이치,세키 토모카즈,스기타 토모카즈"
독립군: 끝나지 않은 전쟁,2025-08-13,한국,한국,"주식회사 블루필름웍스,제니필름",주식회사 블루필름웍스,전체관람가,다큐멘터리,문승욱,조진웅
프라우드 프린세스: 로열 어드벤처,2025-08-15,체코,체코,,(주)스튜디오디에이치엘,전체관람가,"애니메이션,드라마",,
폭스 헌트,2025-08-13,홍콩,홍콩,,"(주)다자인소프트,(주)제이앤씨미디어그룹",15세이상관람가,"범죄,액션",장립가,양조위
불꽃,1975-12-15,한국,한국,남아진흥,(주)프리즘웍스,12세이상관람가,드라마,유현목,"하명중,김진규"
투게더,2025-09-03,미국,미국,,"그린나래미디어(주),(주)플레이그램",15세이상관람가,"공포(호러),멜로/로맨스",마이클 쉥크스,"데이브 프랭코,알리슨 브리"
검은 령,2025-08-27,한국,한국,(주)날개엔터테인먼트,"(주)제이앤씨미디어그룹,와이드 릴리즈(주)",15세이상관람가,공포(호러),김현준,"아누팜 트리파티,임도화,송승현,김병춘,서동원,김혜나,곽수진,윤준원"
전사의 용기,,미국,미국,,,,전쟁,존 휴스턴,"앤디 데빈,로버트 이스톤"
어글리 시스터,2025-08-20,노르웨이,"노르웨이,덴마크",,"(주)플레이그램,해피송",청소년관람불가,공포(호러),에밀리 블리치펠트,"레아 미렌,테아 소피 로흐 내스"
살인자 리포트,2025-09-05,한국,한국,"주식회사 위드에이스튜디오,(주)엠아이케이스튜디오","소니픽쳐스엔터테인먼트코리아주식회사극장배급지점,주식회사 에이투지엔터테인먼트",청소년관람불가,"드라마,스릴러",조영준,"이주원,조여정,정성일,황지아,변창열,유현주,이정민"
타히티의 고갱. 잃어버린 낙원,2025-08-27,이탈리아,이탈리아,,일미디어,전체관람가,다큐멘터리,,
그대가 조국,2022-05-25,한국,한국,(주)켈빈클레인프로젝트,(주)엣나인필름,12세이상관람가,다큐멘터리,이승준,조국
브루드,,캐나다,캐나다,,,,"공포(호러),SF",데이비드 크로넨버그,
톡식 어벤저,,미국,미국,,,,"액션,코미디,공포(호러),SF","마이클 헤즈,로이드 카프만","안드레 마란데,미치 코헨"
내 말 좀 들어줘,2025-08-20,영국,영국,,(주)티캐스트,12세이상관람가,드라마,마이크 리,마리안 장 밥티스트
식사이론,2025-08-20,한국,한국,"주식회사 알바트로스픽처스,데저트블룸픽처스 주식회사",롯데컬처웍스(주)롯데시네마,12세이상관람가,"코미디,판타지,드라마",,"홍진기,정혁"
서부삼형제,,미국,미국,,,,서부극(웨스턴),,제프리 헌터
라 플로르 1부,,아르헨티나,아르헨티나,,,,"드라마,판타지,뮤지컬",,
라 플로르 2부,,아르헨티나,아르헨티나,,,,"드라마,판타지,뮤지컬",,
라 플로르 3부,,아르헨티나,아르헨티나,,,,"드라마,판타지,뮤지컬",,
이 세상 끝까지 - 디렉터스 컷,,영국,영국,,(주)에무필름즈,,SF,빔 벤더스,"윌리엄 허트,솔베이그 도마르틴,피에트로 팔코네,샘 닐"
교섭,2023-01-18,한국,한국,"(주)영화사수박,원테이크필름",메가박스중앙(주) 플러스엠 엔터테인먼트,12세이상관람가,드라마,임순례,"황정민,도기범,현빈,강기영,조윤상"
제 12회 목포국도1호선독립영화제 단편경쟁 - 장애물넘기2,,한국,한국,,,,기타,,
제 12회 목포국도1호선독립영화제 단편경쟁 - 장애물넘기3,,한국,한국,,,,기타,,
제 12회 목포국도1호선독립영화제 단편경쟁 – 높이뛰기1,,한국,한국,,,,기타,,
제 12회 목포국도1호선독립영화제 단편경쟁 – 높이뛰기3,,한국,한국,,,,기타,,
제 12회 목포국도1호선독립영화제 단편경쟁 – 도움닫기1,,한국,한국,,,,기타,,
제 12회 목포국도1호선독립영화제 단편경쟁 – 멀리뛰기1,,한국,한국,,,,기타,,
제 12회 목포국도1호선독립영화제 단편경쟁 – 멀리뛰기2,,한국,한국,,,,기타,,
제 12회 목포국도1호선독립영화제 단편경쟁 – 멀리뛰기3,,한국,한국,,,,기타,,
제 12회 목포국도1호선독립영화제 단편경쟁 – 장애물넘기1,,한국,한국,,,,기타,,
제 12회 목포국도1호선독립영화제 로드초이스 단편선,,한국,한국,,,,기타,,
제 12회 목포국도1호선독립영화제 단편경쟁 – 도움닫기2,,한국,한국,,,,기타,,
제 12회 목포국도1호선독립영화제 단편경쟁 – 장애물넘기5,,한국,한국,,,,기타,,
제 12회 목포국도1호선독립영화제 단편경쟁 – 장애물넘기6,,한국,한국,,,,기타,,
악마의 등뼈,,멕시코,"멕시코,스페인",,,,"공포(호러),드라마",길예르모 델 토로,"마리사 파레데스,에두아르도 노리에가"
선상의 무도회,,미국,미국,,,,"코미디,뮤지컬,멜로/로맨스",마크 샌드리히,
8월에는 편지를 써 볼 것 (섹션 2),,한국,한국,,,,기타,,
어느 박람회장에서 생긴 일,,미국,미국,,,,멜로/로맨스,월터 랭,지네 크레인
고요,,기타,"기타,이란,프랑스",,,,드라마,모흐센 마흐말바프,
언노운 걸,2017-05-03,벨기에,"벨기에,프랑스",,오드,12세이상관람가,드라마,"뤽 다르덴,장 피에르 다르덴","아델 에넬,올리비에 구르메"
모노노케 히메,2003-04-25,일본,일본,,"(주)넥스트엔터테인먼트월드(NEW),월트디즈니코리아㈜",전체관람가,"애니메이션,드라마,액션,어드벤처",미야자키 하야오,"다나카 유코,마츠다 요지"
크로노스,,멕시코,멕시코,,,중학생이상관람가,공포(호러),길예르모 델 토로,"페데리코 루피,론 펄먼,후안 카를로스 콜롬보"
월간 동물영화 2025 (8월: 단편 섹션),,한국,한국,,,,기타,,
곱게 늙은 아줌마의 야한 섹스,2025-08-15,한국,한국,(주)샤이커뮤니케이션즈,(주)샤이커뮤니케이션즈,청소년관람불가,성인물(에로),,
귀여운 복숭아 엉덩이에 대물 넣기,2025-08-17,한국,한국,(주)샤이커뮤니케이션즈,(주)샤이커뮤니케이션즈,청소년관람불가,성인물(에로),,
글래머의 더러운 섹스 취향,2025-08-17,한국,한국,(주)샤이커뮤니케이션즈,(주)샤이커뮤니케이션즈,청소년관람불가,성인물(에로),,
네 커플의 섹스 다이어리,2025-08-14,한국,한국,(주)영화사가을,(주)영화사가을,청소년관람불가,멜로/로맨스,,
누나와 여친 사이,2025-08-15,한국,한국,(주)영진크리에이티브,(주)영진크리에이티브,청소년관람불가,"성인물(에로),드라마,멜로/로맨스",모니카,
"맛섹스 : 형수, 친구엄마, 며느리",2025-08-14,한국,한국,(주)영화사가을,(주)영화사가을,청소년관람불가,멜로/로맨스,,
스와핑 : MZ커플의 은밀한섹스,2025-08-11,한국,한국,에이원 미디어,에이원 미디어,청소년관람불가,성인물(에로),현승우,
약점 잡혀 벌어진 형수님 다리 무삭제판,2025-08-13,일본,일본,,(주)플라이어,청소년관람불가,"드라마,성인물(에로)",오자키 히로코우지,
어리지만 섹스 좋아해요,2025-08-16,한국,한국,(주)샤이커뮤니케이션즈,(주)샤이커뮤니케이션즈,청소년관람불가,성인물(에로),,
옆집 유부녀의 달콤한 속삭임에 빠진 동정남,2025-08-13,일본,일본,,(주)나우콘텐츠,청소년관람불가,"드라마,성인물(에로)",키무라 히로유키,
욕정 가득 음란한 아줌마,2025-08-16,한국,한국,(주)샤이커뮤니케이션즈,(주)샤이커뮤니케이션즈,청소년관람불가,성인물(에로),,
육덕녀라 더 찰지는 맛,2025-08-15,한국,한국,(주)샤이커뮤니케이션즈,(주)샤이커뮤니케이션즈,청소년관람불가,성인물(에로),,
자유만세,1946-10-21,한국,한국,고려영화(주),,청소년관람불가,드라마,최인규,"유계선,전창근,송억"
해방 뉴-쓰 4편 외,,한국,한국,,,,기타,,
백! 스테이지,,한국,한국,(주)씨제이이엔엠,씨제이 씨지브이(CJ CGV)(주),12세이상관람가,드라마,방성준,"윤호,이채,이찬우,배재영,최문기,이상희"
노바디2,2025-08-27,미국,미국,,유니버설픽쳐스인터내셔널 코리아(유),청소년관람불가,"액션,코미디",티모 타잔토,"봅 오덴커크,샤론 스톤,코니 닐슨,콜린 행크스,크리스토퍼 로이드"
스피릿 핑거스! 1화,2025-08-20,한국,한국,주식회사 넘버쓰리픽쳐스,주식회사 넘버쓰리픽쳐스,12세이상관람가,"드라마,멜로/로맨스",이철하,"박지후,조준영,최보민,박유나"
스피릿 핑거스! 2화,2025-08-20,한국,한국,주식회사 넘버쓰리픽쳐스,주식회사 넘버쓰리픽쳐스,12세이상관람가,"드라마,멜로/로맨스",이철하,"박지후,조준영,최보민,박유나"
안네의 일기,,,,,,,,,
키 라고,,미국,미국,,,,"범죄,스릴러",존 휴스턴,"험프리 보가트,에드워드 G. 로빈슨,로렌 바콜"
프리키 프라이데이 2,2025-08-27,미국,미국,,월트디즈니컴퍼니코리아 유한책임회사,12세이상관람가,"코미디,가족,판타지",니샤 가나트라,"제이미 리 커티스,린제이 로한,줄리아 버터스,채드 마이클 머레이"
그랑 메종 파리,2025-08-27,일본,일본,,"(주)미디어캐슬,롯데컬처웍스(주)롯데시네마",12세이상관람가,드라마,츠카하라 아유코,"기무라 타쿠야,옥택연,스즈키 쿄카"
잠자는 숲속의 미녀,,프랑스,프랑스,,(주)위즈온센,,공연,,
우리는 여기 살아간다,,카자흐스탄,카자흐스탄,,,,다큐멘터리,,
아기돼지 3형제: 도넛별 대모험,2025-09-04,중국,중국,,와이드 릴리즈(주),전체관람가,"애니메이션,어드벤처",유위,"장미,김채하,석승훈"
닥터 지바고,1978-01-01,미국,미국,메트로-골드윈-마이어,워너브러더스 코리아(주),"중학생이상관람가,12세 미만인 자는 관람할 수 없는 등급","드라마,멜로/로맨스",데이빗 린,"오마 샤리프,줄리 크리스티,제랄딘 채플린"
비숍의 집,,미국,"미국,브라질,캐나다",,,,다큐멘터리,,
701호 여죄수 사소리,,일본,일본,,,,"범죄,스릴러,드라마",,
제26회 대구단편영화제 경쟁10,,한국,한국,,,,"드라마,다큐멘터리,애니메이션",,
제26회 대구단편영화제 경쟁2,,한국,한국,,,,드라마,,
제26회 대구단편영화제 경쟁3,,한국,한국,,,,"드라마,애니메이션,다큐멘터리",,
제26회 대구단편영화제 경쟁8,,한국,한국,,,,드라마,,
제26회 대구단편영화제 경쟁1,,한국,한국,,,,"드라마,다큐멘터리",,
제26회 대구단편영화제 경쟁4,,한국,한국,,,,"드라마,다큐멘터리,애니메이션",,
제26회 대구단편영화제 경쟁5,,한국,한국,,,,"드라마,다큐멘터리",,
제26회 대구단편영화제 경쟁9,,한국,한국,,,,드라마,,
제26회 대구단편영화제 로컬존: 광주,,한국,한국,,,,드라마,,
제26회 대구단편영화제 미드나잇 시네마 (광란의 사랑),,한국,한국,,,,드라마,,
나는 강이다,,뉴질랜드,뉴질랜드,,,,다큐멘터리,,
키나와 유크,,프랑스,"프랑스,이탈리아,캐나다",,,,다큐멘터리,,
총,,프랑스,프랑스,,,,기타,,
제26회 대구단편영화제 개막작,,한국,한국,,,,"드라마,다큐멘터리",,
스페이스X의 비극,,캐나다,캐나다,,,,다큐멘터리,,
잃어버린 대지,,덴마크,"덴마크,스페인",,,,다큐멘터리,,
제26회 대구단편영화제 대구단편신작전,,한국,한국,,,,드라마,,
세 아내에게 온 편지,,미국,미국,,,,"드라마,멜로/로맨스",조셉 L. 맨키위즈,"지네 크레인,린다 다넬,앤 소든"
고래와의 삶,,미국,미국,,,,다큐멘터리,,
1919 유관순,2019-03-14,한국,한국,유관순문화산업전문유한회사,"주식회사 마운틴픽쳐스,(주)케이티알파",12세이상관람가,다큐멘터리,신상민,"이새봄,양윤희,김나니,박자희,장세아,하희라,김홍표,이재주,서윤호,인지영,박웅선,배강민,봉은선,주재연,김규리,김려원,안현정,윤영준,정재훈,허윤,장의돈,전성훈,김정호,전소영,김시온,환현주,윤효진,김연희,권영찬,김광식,이동준,김무늬,김성복,김성하,김진구,한영은,류의도,문보람,정우일,서성조,서홍선,성민근,한덕호,황도원,나애진"
로우랜드 키즈,,덴마크,"덴마크,미국",,,,다큐멘터리,,
제4회 하나뿐인 지구영상제 하나뿐인 지구 단편 1,,기타,기타,,,,"애니메이션,다큐멘터리",,
제인 구달 - 희망의 이유,,캐나다,캐나다,,,,다큐멘터리,,
정사,,프랑스,"프랑스,이탈리아",,,,멜로/로맨스,미켈란젤로 안토니오니,"가브리엘 페르제티,모니카 비티,레아 마사리"
그들의 땅,,스페인,스페인,,,,다큐멘터리,,
괴물의 아이,2015-11-25,일본,일본,,"와이드 릴리즈(주),CGV아트하우스,(주)리틀빅픽쳐스",12세이상관람가,"애니메이션,판타지,어드벤처",호소다 마모루,"야쿠쇼 코지,미야자키 아오이,소메타니 쇼타,히로세 스즈"
종의 황혼,,아르헨티나,아르헨티나,,,,다큐멘터리,,
"좋은 마을, 나쁜 자본, 그리고 산",,포르투갈,포르투갈,,,,다큐멘터리,,
울리: 작은 농장 이야기,,노르웨이,노르웨이,,,,다큐멘터리,,
제4회 하나뿐인지구영상제 기후 예술: 저항에서 유토피아로+특별 상영 1: 보헤미안스,,기타,기타,,,,기타,,
집에 살던 새는 모두 어디로 갔을까,,한국,한국,,,,다큐멘터리,,
혁명을 경작하다,,인도,"인도,프랑스,노르웨이",,,,다큐멘터리,,
아이 웨이웨이: 애니멀리티,,독일,독일,,,,다큐멘터리,,
8월 수요단편극장,,한국,한국,,,,기타,,
12명의 성난 사람들,,미국,미국,,,,"범죄,미스터리",시드니 루멧,"헨리 폰다,리 J. 콥,에드 베글리,E.G. 마샬,잭 워든"
인디스데이 8월 단편,,한국,한국,,,,드라마,,
기후 이후의 경제,,스웨덴,스웨덴,,,,다큐멘터리,,
제20회 제주영화제 개막식,,기타,기타,,,,기타,,
최애가 나타났다!,,한국,한국,,,12세이상관람가,드라마,,
전복 따는 시아버지1,2025-08-20,일본,일본,,(주)티씨알씨앤엠,청소년관람불가,"성인물(에로),멜로/로맨스",쇼오텐시로오,아리사카 미유키
20살 여대생-아저씨가 조련해줘,2025-08-22,일본,일본,,(주)영진크리에이티브,청소년관람불가,성인물(에로),,
가사도우미의 빨간 앞치마,2025-08-24,일본,일본,,(주)도키엔터테인먼트,청소년관람불가,성인물(에로),,
가슴이 민감한 새엄마는 노브라를 좋아해,2025-08-24,일본,일본,,(주)도키엔터테인먼트,청소년관람불가,성인물(에로),,
끝내주는 섹파와의 만족스런 하루,2025-08-22,일본,일본,,(주)영진크리에이티브,청소년관람불가,"멜로/로맨스,드라마",,
남편 대신 유부녀 음욕 채워주는 제자,2025-08-22,일본,일본,,(주)티씨알씨앤엠,청소년관람불가,성인물(에로),코야마 마사츠구,
남편이 저지른 죗값 몸으로 갚아줄게요,2025-08-21,일본,일본,,(주)영진크리에이티브,청소년관람불가,"멜로/로맨스,드라마",,
달궈진 그녀들의 빨간 밤,2025-08-18,한국,한국,,(주)스카이라이프티브이,청소년관람불가,"성인물(에로),드라마",,
대담한 유부녀:금단의 AV배우 도전기,2025-08-22,일본,일본,,(주)영진크리에이티브,청소년관람불가,"멜로/로맨스,드라마",,
도예가 시아버지의 뮤즈는 농염한 며느리,2025-08-22,일본,일본,,(주)티씨알씨앤엠,청소년관람불가,성인물(에로),,
딸 친구 길들이기,2025-08-20,일본,일본,,(주)티씨알씨앤엠,청소년관람불가,성인물(에로),,
딸 침대에서 사위 맛 본 장모,2025-08-22,일본,일본,,(주)영진크리에이티브,청소년관람불가,성인물(에로),,
딸이 없을때 너무 가지고 싶은 딸의 남친근육,2025-08-23,일본,일본,,(주)도키엔터테인먼트,청소년관람불가,성인물(에로),,
며느리 몸 색녀 만들기,2025-08-21,일본,일본,,(주)티씨알씨앤엠,청소년관람불가,성인물(에로),,
며느리 몸을 빼앗은 시아버지,2025-08-20,일본,일본,,(주)티씨알씨앤엠,청소년관람불가,성인물(에로),,
버섯 따는 장모님1,2025-08-20,일본,일본,,(주)티씨알씨앤엠,청소년관람불가,성인물(에로),마메자와 마메타로,시라키 유우코
버섯 따는 장모님2,2025-08-20,일본,일본,,(주)티씨알씨앤엠,청소년관람불가,성인물(에로),마메자와 마메타로,
보육원 선생님의 애기말투에 초흥분,2025-08-23,일본,일본,,(주)도키엔터테인먼트,청소년관람불가,성인물(에로),,
새아빠와 엉큼한 동거,2025-08-22,일본,일본,,(주)티씨알씨앤엠,청소년관람불가,성인물(에로),,
새엄마와 한달에 한번 마법같은 하루를 보낸다,2025-08-23,일본,일본,,(주)도키엔터테인먼트,청소년관람불가,성인물(에로),,
"섹스 과외 : 학생엄마, 여학생, 남학생",2025-08-21,한국,한국,(주)영화사가을,(주)영화사가을,청소년관람불가,멜로/로맨스,,
쉿! 소리 내지 마,2025-08-21,일본,일본,,(주)티씨알씨앤엠,청소년관람불가,"성인물(에로),멜로/로맨스",,호시나 아이
시아버지 아랫도리에 범벅된 며느리,2025-08-22,일본,일본,,(주)티씨알씨앤엠,청소년관람불가,성인물(에로),,
시아빠한테 당하는 꿀 바디 며느리,2025-08-20,일본,일본,,(주)티씨알씨앤엠,청소년관람불가,성인물(에로),드래곤 니시카와,
아내친구와 잘맞아서 고민인 남편,2025-08-24,일본,일본,,(주)도키엔터테인먼트,청소년관람불가,성인물(에로),,
영상에 출연한 새엄마를 발견하다,2025-08-24,일본,일본,,(주)도키엔터테인먼트,청소년관람불가,성인물(에로),,
옆집유부녀가 좋아한 알팬티의 근육남,2025-08-24,일본,일본,,(주)도키엔터테인먼트,청소년관람불가,성인물(에로),,
온몸으로 효도하는 며느리,2025-08-21,일본,일본,,(주)티씨알씨앤엠,청소년관람불가,성인물(에로),,
온천수 터진 유부녀 섹스 매칭2,2025-08-22,일본,일본,,(주)영진크리에이티브,청소년관람불가,성인물(에로),,
온천에서 넘쳐흐르는 장모님의 욕정,2025-08-22,일본,일본,,(주)티씨알씨앤엠,청소년관람불가,성인물(에로),,
욕정 폭발한 친구 엄마,2025-08-22,일본,일본,,(주)티씨알씨앤엠,청소년관람불가,성인물(에로),니쿠손,
의붓아들 크게 세워준 새엄마,2025-08-21,일본,일본,,(주)영진크리에이티브,청소년관람불가,"멜로/로맨스,드라마",,
친구 엄마 빤스 벗겨 결혼까지,2025-08-21,일본,일본,,(주)티씨알씨앤엠,청소년관람불가,성인물(에로),,호조 마키
친구 엄마의 욕망,2025-08-21,일본,일본,,(주)티씨알씨앤엠,청소년관람불가,성인물(에로),쇼오텐시로오,호조 마키
친구 여동생의 은밀한 맛,2025-08-22,한국,한국,영화사 만월,영화사 만월,청소년관람불가,성인물(에로),,
친구엄마 2025,2025-08-21,한국,한국,(주)영화사가을,(주)영화사가을,청소년관람불가,멜로/로맨스,,
친구엄마와 극딜한 밀실섹스,2025-08-23,일본,일본,,(주)도키엔터테인먼트,청소년관람불가,성인물(에로),,
타즈메이니아호랑이 테오,,호주,호주,,,,애니메이션,,
한 번 더 요구하는 음탕 며느리,2025-08-22,일본,일본,,(주)티씨알씨앤엠,청소년관람불가,성인물(에로),,
한달에 한번 새엄마와 발기터진 섹스,2025-08-23,일본,일본,,(주)도키엔터테인먼트,청소년관람불가,성인물(에로),,
형 대신 꽂은 형수님,2025-08-21,일본,일본,,(주)티씨알씨앤엠,청소년관람불가,성인물(에로),키토루네 가와구치,유메 카나
형기를 마치고 10년만에 여자를 탐한 날,2025-08-20,일본,일본,,(주)나우콘텐츠,청소년관람불가,"드라마,성인물(에로)",,
혼전순결 그녀와 호텔에서의 첫날밤,2025-08-20,일본,일본,,(주)나우콘텐츠,청소년관람불가,"드라마,성인물(에로)",,
제4회 하나뿐인 지구영상제 하나뿐인 지구 단편 2,,기타,기타,,,,"애니메이션,드라마",,
첫사랑 엔딩,2025-08-27,중국,중국,,(주)바이포엠스튜디오,전체관람가,멜로/로맨스,리우 유린,"송위룡,류호존"
임영웅 [아임 히어로 2] 청음회,2025-08-28,한국,한국,(주)씨제이이엔엠,씨지브이 아이스콘,전체관람가,기타,,임영웅
지리멸렬,,한국,한국,한국영화아카데미,㈜인디스토리,12세이상관람가,코미디,봉준호,"유연수,윤일주,김뢰하,신동환"
홈캠,2025-09-10,한국,한국,(주)엠픽처스,주식회사 로아앤코홀딩스,15세이상관람가,공포(호러),오세호,"윤세아,윤별하,권혁,리마 탄 비_항,김소민,오지혜,정지수,윤관우,민경옥,김종태,주영호,윤설,허동원,김윤진,배지수,전재성,지수한,김한솔,백승철,권혁성,송지호,한기웅,이승진,허지나,정한비치,한찬희,조은래,배지수,황혜린,우연서"
비밀일 수밖에,2025-09-10,한국,한국,"(주)에이디사공육,주식회사 슈아픽처스","주식회사 슈아픽처스,(주)에이디사공육",12세이상관람가,"드라마,코미디",김대환,"장영남,류경수,스테파니 리,옥지영,박지일,박지아"
컨저링: 마지막 의식,2025-09-03,미국,미국,,워너브러더스 코리아(주),15세이상관람가,공포(호러),마이클 차베즈,"베라 파미가,패트릭 윌슨"
귀시,2025-09-17,한국,한국,"(주)제리굿컴퍼니,쟈니브로스(주)","(주)바이포엠스튜디오,(주)제리굿컴퍼니",15세이상관람가,공포(호러),홍원기,"유재명,문채원,서영희,원현준,솔라,차선우,배수민,서지수,손주연,박충선,황연희,송유현,석현준,권희송,안민영,조서영,유이화,조복래,김판겸,이형근,이수진,주선홍"
돌아온 론 레인저,,미국,미국,,,,액션,레슬리 세란더,"클레이튼 무어,제이 실버힐스"
싱크홀,2021-08-11,한국,한국,(주)더타워픽쳐스,(주)쇼박스,12세이상관람가,코미디,김지훈,"차승원,이창윤,김성균,이광수,권소현,김혜준,김재화,박옥출,남다름,정영숙,이학주,한태린,김건우,오자훈,나철,김병철,전승재,김경환,박민준,나현민,윤돈선,정서인,정윤하,이두열,어성욱,김태훈,김준혁,장영,이건구,정용락,유현,안용우,윤기현,조제웅,정용태,이상욱,안성봉,김동현,김왕도,오재세,박민지,황여진,김명희,이순화,이주미,송경아,전은미,권정숙,이경태,최지명,권오철,최민혁,김귀례,정우근,장광,김홍파,고창석"
우리들의 이야기,,싱가포르,싱가포르,,,,"드라마,코미디",,
좋은 친구들,2014-07-10,한국,한국,"오퍼스픽쳐스(유),굿초이스컷픽쳐스(주)",(주)씨제이이엔엠,청소년관람불가,"범죄,드라마",이도윤,"한도진,지성,주지훈,이광수,강봉성,최현희,이승우,이재형,최병모,최진호,남문철,김태준,강덕중,박상현"
히말라야,2015-12-16,한국,한국,(주)제이케이필름,(주)씨제이이엔엠,12세이상관람가,드라마,이석훈,"신아라,황정민,정우,조성하,김인권,라미란,김원해,이해영,전배수,정유미,유선,한명환,김재준,배상민,이춘우,이혜진,최종률,조달환,김태강,권오상,손영순,유정호,이원진,정춘,박민우,이슬이"
제26회 대구단편영화제 경쟁7,,한국,한국,,,,드라마,,
서칭 포 슈가맨,2012-10-11,스웨덴,"스웨덴,영국",,판씨네마(주),전체관람가,다큐멘터리,말릭 벤젠룰,"말릭 벤젠룰,시스토 로드리게즈"
이수,,프랑스,"프랑스,미국",,,,"멜로/로맨스,드라마",아나톨레 리바크,"잉그리드 버그만,이브 몽땅,안소니 퍼킨스"
제26회 대구단편영화제 경쟁6,,한국,한국,,,,"드라마,다큐멘터리",,
그때 그시절,,싱가포르,싱가포르,,,,"드라마,코미디",,
나를 죽여줘,2022-10-19,한국,한국,"(주)영화사이다,환상의빛(주)",(주)트리플픽쳐스,15세이상관람가,드라마,최익환,"임채은,장현성,안승균,이일화,김국희,양희준,전민우,송재룡,김대곤,김선화,김재희,김진수,노경,류지훈,김종태,신준철,장준혁,이형준,서영탁(서동근),강은지,김두현,최유정,이규영,김도원,정주영,김혜연,한동욱,김경희,김준형,김 환,조문주,김용진,이찬수,이충인,김지현,김희수,이유진,김혜정,조수진,윤민희,김민영,조현서"
제42회 부산국제단편영화제 순회상영회 '찾아가는 부산국제단편영화제'해외수상작,,기타,기타,,,,"드라마,애니메이션,다큐멘터리",,
스피릿 핑거스! 3화,2025-08-27,한국,한국,주식회사 넘버쓰리픽쳐스,주식회사 넘버쓰리픽쳐스,12세이상관람가,"드라마,멜로/로맨스",이철하,"박지후,조준영,최보민,박유나"
어쩔수가없다,2025-09-24,한국,한국,"모호필름,씨제이이엔엠 스튜디오스 주식회사",(주)씨제이이엔엠,15세이상관람가,"스릴러,코미디",박찬욱,"안도현,이병헌,손예진,박희순,이성민,염혜란,차승원,유연석,이진결,황규찬"
스피릿 핑거스! 4화,2025-08-27,한국,한국,주식회사 넘버쓰리픽쳐스,주식회사 넘버쓰리픽쳐스,12세이상관람가,"드라마,멜로/로맨스",이철하,"박지후,조준영,최보민,박유나"
흑인 오르페 + 다가올 영화,,기타,기타,,,,기타,,
공원,,대만,대만,,,,다큐멘터리,,
홈커밍,,한국,한국,,,,드라마,,
여름에 부는 시원한 바람처럼,,기타,기타,,,,"멜로/로맨스,드라마",,
카노아: 부끄러운 기억,,멕시코,멕시코,,,,"어드벤처,범죄,드라마,스릴러",,
코피,,기타,기타,,,,드라마,,
에디 앨리스: 테이크,,한국,한국,연분홍치마,(주)시네마달,15세이상관람가,다큐멘터리,김일란,
제42회 부산국제단편영화제 순회상영회 '찾아가는 부산국제단편영화제'국내수상작,,한국,한국,,,,"드라마,애니메이션,다큐멘터리",,
엽기적인 그녀,2001-07-26,한국,한국,(주)신씨네,"이언픽쳐스,(주)시네마서비스","15세관람가,15세이상관람가",코미디,곽재용,"전지현,차태현,한진희,김인문,김일우,양금석,임호,송옥숙,박준영,문자영,서효승,김태현,임동준,박선아,최수영,임윤석,임정수,박승배,정충환,김영민,이은정,김주연,이재호,유순철,장수영,허준영,조경훈,송영근,이은주,현정훈,서동원"
정원사와 독재자,,캐나다,캐나다,,,,다큐멘터리,,
호루몽,,한국,"한국,일본",,,,다큐멘터리,,
수능 창시자; 한국 교육의 프랑켄슈타인,,한국,한국,,,전체관람가,다큐멘터리,,
나그네는 길에서도 쉬지 않는다,1988-06-11,한국,한국,판영화사(주),,미성년자관람불가,멜로/로맨스,이장호,"고설봉,추석양,이보희,김명곤"
제9회 부산 인터시티 영화제 드로잉시티05,,대만,대만,,,,"드라마,다큐멘터리",,
내 시간이 다할 때까지,,스페인,스페인,,,,다큐멘터리,,
베베,,한국,한국,,,,드라마,권용진,
아이웨이웨이의 투란도트,,이탈리아,"이탈리아,미국",,,,다큐멘터리,,
핑크문,,한국,한국,,,,다큐멘터리,윤한석,
흑인 오르페,,브라질,"브라질,프랑스,이탈리아",,,,"코미디,드라마,기타,멜로/로맨스",마르셀 카뮈,"브레노 멜로,마르페사 도운"
노 어더 랜드,2026-03-04,팔레스타인,"팔레스타인,노르웨이",,필름다빈,15세이상관람가,다큐멘터리,,
랜드스케이프 헌터,,대만,대만,,,,다큐멘터리,,
여유와 설빈 - [희극],,한국,한국,,,,다큐멘터리,,
마틴 슐러: 시선 밖으로의 시선,,독일,독일,,,,다큐멘터리,,
청와대 건너 붉은 벽돌집,2025-12-24,한국,한국,,(주)드림팩트엔터테인먼트,12세이상관람가,다큐멘터리,안소연,안소연
기억 샤워 바다,,한국,한국,,,,다큐멘터리,임흥순,
전장에 핀 꽃: 전쟁과 여성,,미국,미국,,,,다큐멘터리,,
내가 그의 딸이다,,일본,일본,,,,다큐멘터리,,
기숙사,,대만,대만,,,,드라마,,
제9회 부산 인터시티 영화제 인터시티01,,기타,기타,,,,"다큐멘터리,드라마,애니메이션",,
제9회 부산 인터시티 영화제 인터시티03,,기타,기타,,,,드라마,,
담쟁이,2020-10-28,한국,한국,"다이노(DIE NO),(주)조이컴퍼니",(주)트리플픽쳐스,15세이상관람가,"가족,드라마",한제이,"우미화,이연,김보민,최정화,안민영,황미영,이다영,윤동하,김지민,최우정,조윤정,조은경,최선영,박정민,박지훈,권수진,신희철,이현미,이윤희,강숙,서유성,박진훈,유안,엄옥란,김아람,이준서,정현,서석규,강학수,정수지,곽수정,하승연,이관헌,문수영,임윤비,전희련,김완수,고관재,김윤미,최우정,정수지,장근영,곽민호,조준형,박지안,곽진,박혜영,이원희,김한솔,김종재"
밤이 되면 늑대가 온다,,호주,"호주,몽고,독일",,,,드라마,,
메모리 오브 버터플라이,,페루,"페루,포르투갈",,,,다큐멘터리,,
제9회 부산 인터시티 영화제 인터시티02,,기타,기타,,,,"드라마,다큐멘터리",,
남쪽 땅 겨울 이야기,,칠레,칠레,,,,다큐멘터리,,
일대무사,2025-08-28,중국,중국,,(주)스튜디오디에이치엘,12세이상관람가,액션,,
제20회 제주영화제 트멍 초청,,한국,한국,,,,"드라마,애니메이션",,
제9회 부산 인터시티 영화제 부산,,한국,한국,,,,"다큐멘터리,드라마",,
슬럼로드 밀리어네어,,미국,미국,,,,다큐멘터리,,
한강전傳 : 그녀의 일곱 인생,,한국,한국,,,,다큐멘터리,,
오두막,,대만,대만,,,,다큐멘터리,,
데비,,기타,"기타,한국,영국",시소픽쳐스,,,"다큐멘터리,전쟁,가족",수비나 슈레스타,
가랑이 채운 밤 무삭제판,2025-08-25,일본,일본,,(주)가온콘텐츠,청소년관람불가,멜로/로맨스,오오사키히로하루,
가슴 큰 장모님,2025-08-28,한국,한국,영화사 만월,영화사 만월,청소년관람불가,성인물(에로),,
계약직 여직원과 대물 작가의 야설 일기,2025-08-28,일본,일본,,주식회사 프로젝트4,청소년관람불가,성인물(에로),아카바네 키쿠지로,
꿀빠는 섹스가 뭔지 보여주는 엄마친구,2025-08-30,일본,일본,,(주)도키엔터테인먼트,청소년관람불가,성인물(에로),,
남자들이 유부녀에게 환장하는 이유,2025-08-29,일본,일본,,(주)두리컴미디어,청소년관람불가,성인물(에로),,
남편 친구가 채운 가랑이 무삭제판,2025-08-25,일본,일본,,주식회사 케이앤아이,청소년관람불가,멜로/로맨스,,
남편보다 남편같은 친구,2025-08-25,일본,일본,,(주)라온컴퍼니플러스,청소년관람불가,"성인물(에로),멜로/로맨스",시즈카만,
내로남불 외로운 친구엄마,2025-08-25,일본,일본,,(주)도키엔터테인먼트,청소년관람불가,성인물(에로),,
내안에 깊숙이 들어온 딸의 남친,2025-08-30,일본,일본,,(주)도키엔터테인먼트,청소년관람불가,성인물(에로),,
너와는 나락에 떨어지고 싶다는 이모,2025-08-30,일본,일본,,(주)도키엔터테인먼트,청소년관람불가,성인물(에로),,
동정 부하직원 성교육 시키는 여상사,2025-08-27,일본,일본,,(주)나우콘텐츠,청소년관람불가,"드라마,성인물(에로)",,
떡정 : 그녀가 자꾸 떠오른다,2025-08-28,한국,한국,(주)영화사가을,(주)영화사가을,청소년관람불가,멜로/로맨스,,
맛 불륜,2025-08-25,일본,일본,,(주)라온컴퍼니플러스,청소년관람불가,"성인물(에로),멜로/로맨스",,
며늘아기 임신 도와주는 시아버지,,일본,일본,,,청소년관람불가,성인물(에로),,
몸으로 갚는 아내 무삭제판,2025-08-25,일본,일본,,(주)가온콘텐츠,청소년관람불가,멜로/로맨스,,
별세개의 숙녀소프의 첫손님,2025-08-30,일본,일본,,(주)도키엔터테인먼트,청소년관람불가,성인물(에로),,
불륜을 들킨 옆집유부녀와 격렬정사,2025-08-25,일본,일본,,(주)도키엔터테인먼트,청소년관람불가,성인물(에로),,
불륜을 들킨 친구남편의 손이 나의 속옷을 벗기다,2025-08-30,일본,일본,,(주)도키엔터테인먼트,청소년관람불가,성인물(에로),,
새엄마 저랑 해요 무삭제판,2025-08-25,일본,일본,,(주)가온콘텐츠,청소년관람불가,멜로/로맨스,오오사키히로하루,
서로 채운 성욕 무삭제판,2025-08-25,일본,일본,,(주)가온콘텐츠,청소년관람불가,멜로/로맨스,사쿠라비토,
성욕 탐한 음란형수 무삭제판,2025-08-25,일본,일본,,(주)가온콘텐츠,청소년관람불가,멜로/로맨스,사쿠라비토,
속옷찢은 여상사와 잔업 오피스,2025-08-31,일본,일본,,(주)도키엔터테인먼트,청소년관람불가,성인물(에로),,
숙녀가 좋은 새아들의 취향을 따라,2025-08-31,일본,일본,,(주)도키엔터테인먼트,청소년관람불가,성인물(에로),,
아들친구와 떡상한 극락정사,2025-08-31,일본,일본,,(주)도키엔터테인먼트,청소년관람불가,성인물(에로),,
아버님 저 임신 시켜주세요,2025-08-28,일본,일본,,(주)두리컴미디어,청소년관람불가,성인물(에로),,
애정이 넘쳐 연속펌프하는 장모님,2025-08-31,일본,일본,,(주)도키엔터테인먼트,청소년관람불가,성인물(에로),,
엄마 친구의 커다란 가슴,2025-08-28,한국,한국,영화사 만월,영화사 만월,청소년관람불가,성인물(에로),,
엔티알 앞집 거유 유부녀의 구멍 엿보기,2025-08-28,일본,일본,,(주)두리컴미디어,청소년관람불가,성인물(에로),,
"여자들 : 노래방, 미용실, 비키니바에서",2025-08-28,한국,한국,(주)영화사가을,(주)영화사가을,청소년관람불가,멜로/로맨스,,
오늘밤 단 한번 받아주는 새엄마,2025-08-25,일본,일본,,(주)도키엔터테인먼트,청소년관람불가,성인물(에로),,
오늘밤 여상사의 잔업스케줄,2025-08-31,일본,일본,,(주)도키엔터테인먼트,청소년관람불가,성인물(에로),,
외로움이 사무친 새엄마 달래주기,2025-08-25,일본,일본,,(주)도키엔터테인먼트,청소년관람불가,성인물(에로),,
욕정 취중 섹녀,2025-08-25,일본,일본,,(주)라온컴퍼니플러스,청소년관람불가,"성인물(에로),멜로/로맨스",사쿠라비토,
욕정의 노브라 무삭제판,2025-08-25,일본,일본,,(주)가온콘텐츠,청소년관람불가,멜로/로맨스,,
육덕 새엄마는 변태여왕벌,2025-08-30,일본,일본,,(주)도키엔터테인먼트,청소년관람불가,성인물(에로),,
음탕 아내의 공유 성생활 무삭제판,2025-08-25,일본,일본,,(주)가온콘텐츠,청소년관람불가,멜로/로맨스,사쿠라비토,
인생 2회차인 새엄마의 농축키스,2025-08-31,일본,일본,,(주)도키엔터테인먼트,청소년관람불가,성인물(에로),,
일본 옆집유부녀의 최신 트렌드,2025-08-31,일본,일본,,(주)도키엔터테인먼트,청소년관람불가,성인물(에로),,
잊지 못한 그녀의 몸 무삭제판,2025-08-25,일본,일본,,(주)가온콘텐츠,청소년관람불가,멜로/로맨스,오오사키히로하루,
장모님을 업고 튀는 사위,2025-08-30,일본,일본,,(주)도키엔터테인먼트,청소년관람불가,성인물(에로),,
절묘한 터치기술로 보내주는 마사지,2025-08-25,일본,일본,,(주)도키엔터테인먼트,청소년관람불가,성인물(에로),,
창바라기 창문에 반한,2025-08-25,일본,일본,,(주)라온컴퍼니플러스,청소년관람불가,"성인물(에로),멜로/로맨스",,
출장 중 전남친에게 연속으로 당한 약혼녀,2025-08-27,일본,일본,,(주)나우콘텐츠,청소년관람불가,"드라마,성인물(에로)",,
침공,,네덜란드,"네덜란드,프랑스,미국",,,,다큐멘터리,,
커지는 걸 좋아하는 형수 무삭제판,2025-08-25,일본,일본,,(주)가온콘텐츠,청소년관람불가,멜로/로맨스,사쿠라비토,
황홀해지는 며느리 무삭제판,2025-08-25,일본,일본,,(주)가온콘텐츠,청소년관람불가,멜로/로맨스,오오사키히로하루,
후배위한 여선배,2025-08-25,일본,일본,,(주)라온컴퍼니플러스,청소년관람불가,"성인물(에로),멜로/로맨스",시즈카만,
2025 로컬-시내(Ciné) : 지역영화 교류전 - 섹션1 YOUTH,,한국,한국,,,,"드라마,가족",,
2025 로컬-시내(Ciné) : 지역영화 교류전 - 섹션2 WOMEN IN FOCUS,,한국,한국,,,,"드라마,가족,코미디",,
2025 로컬-시내(Ciné) : 지역영화 교류전 - 섹션3 DREAMERS,,한국,한국,,,,"가족,드라마,코미디,스릴러",,
2025 로컬-시내(Ciné) : 지역영화 교류전 - 섹션4 REALITY,,한국,한국,,,,"드라마,가족,다큐멘터리",,
부에나 비스타 소셜 클럽 2: 아디오스,2017-10-26,미국,"미국,쿠바",,글뫼 주식회사,12세이상관람가,다큐멘터리,루시 워커,
비우티풀,2011-10-13,스페인,스페인,,필라멘트픽쳐스,청소년관람불가,드라마,알레한드로 곤잘레스 이냐리투,하비에르 바르뎀
이티,1984-06-23,미국,미국,,"유니버설픽쳐스인터내셔널 코리아(유),UIP코리아","연소자관람가,전체관람가","SF,가족,어드벤처,판타지",스티븐 스필버그,"헨리 토마스,드류 베리모어"
전력질주,2025-09-10,한국,한국,주식회사 헤이데이프로덕션,"(주)레드아이스 엔터테인먼트,(주)삼백상회",12세이상관람가,드라마,이승훈,"하석진,이신영,다현,이순원,윤서빈"
신입기자 토롯코,2025-09-03,일본,일본,,TCO(주)더콘텐츠온,전체관람가,"드라마,코미디",코바야시 케이이치,타카이시 아카리
가족의 비밀,2025-09-10,한국,한국,(주)오예스,(주)스튜디오디에이치엘,12세이상관람가,"드라마,코미디",이상훈,"김혜은,김법래,김보윤,김현재,윤기원,박현우,김이온,김형묵,최홍일,안신우,장명갑,김홍표,이윤권,최원준,권훈,김나은,김신영,이서연,박관우,김진혁,최준식,김태엽,오승호,박정현,서민주,오연희,김정인,손상경,한다희,고나영,오채영,류자영,오영준,박선우,이도하,이재민,이재원,양원석,김정훈,이장현,이상민,김은정,권순상,허진석"
킬러들의 비행,2025-09-03,미국,미국,,(주)누리픽쳐스,청소년관람불가,"액션,코미디",,조쉬 하트넷
건국전쟁2,2025-09-10,한국,한국,다큐스토리프로덕션,다큐스토리프로덕션,12세이상관람가,다큐멘터리,김덕영,
대비상망,1975-06-06,한국,한국,남아진흥,(주)프리즘웍스,15세이상관람가,액션,전우열,"한용철,오경아"
"부정선거, 신의 작품인가 감독판",,한국,한국,,루디아코프,12세이상관람가,다큐멘터리,,
잠자는 바보,2025-09-10,일본,일본,,메가박스중앙(주),12세이상관람가,드라마,사카모토 유고,"쿠보 시오리,타이라 유우나,츠나 케이토,히구치 코헤이"
린다 린다 린다,2006-04-13,일본,일본,,"그린나래미디어(주),(주)플레이그램,프리비젼엔터테인먼트","12세이상관람가,12세관람가","코미디,드라마",야마시타 노부히로,"배두나,마에다 아이,카시이 유우"
모래시계 요양원,,폴란드,폴란드,,,,기타,,
세비야의 이발사,,미국,미국,,,,공연,,
시대혁명,2022-10-13,영국,영국,,델로스,15세이상관람가,다큐멘터리,,
런 베이비 런,2025-09-04,스페인,스페인,,주식회사 풍경소리,15세이상관람가,스릴러,,
페도르 오제로프의 마지막 노래,,독일,"독일,기타",,,,드라마,,
콘티넨탈 '25,2025-11-19,루마니아,루마니아,,엠엔엠인터내셔널(주),15세이상관람가,드라마,라두 주데,
송송송 가족여행 : 전기차 지구횡단,2025-09-10,한국,한국,어쩌다 필름,어쩌다 필름,전체관람가,"다큐멘터리,어드벤처,가족",송진욱,"송다니엘,송하진,송주동"
백두산,2019-12-19,한국,한국,"주식회사 덱스터 픽쳐스,(주)퍼펙트스톰필름,(주)씨제이이엔엠","(주)씨제이이엔엠,(주)덱스터스튜디오",12세이상관람가,"어드벤처,드라마","이해준,김병서","이병헌,하정우,마동석,전혜진,배수지,손성찬,서명찬,양지수,박준영,양대혁,김재철,박지훈,변우석,지화섭,김지민,이정민,허승,차시원,김훈만,손영순,박태산,우진혁,신성일,김세윤,김정현,허지나,김지훈,한창민,남상지,김연교,정윤하,김하라,이은희,이상원,옥자연,한수현,강신철,이경영,조한철,최광일,김시아,임형국,박주환,남성준,김민식,박지홍,서현우,김준원,남문철,박성근,전도연,노종면,이광연,이종원,김경수,박윤미,염상훈,차해리,김태은,서석규,서문호,장재희,나경진,김효준,김성혁,권수진,임윤비,장근영,서문호,한동훈,오지영,박정숙,홍지아,임수아,권귀덕,김기태,김찬욱,김양원,김시원,김대경,강규현,박범석,이재한,임무빈,장나라,서영재,김통령,최정현,이한결,안구희,최홍락,정상균,이육헌,권혁일,이두원,이창석,장용희,김동빈,김영경,김진문,민병욱,윤슬기,이형주,정진혁,한동훈,백경윤,고한민,허승,양지수,한동훈,서문호,김연교,정한빈,나경철"
갚아야 할 빚이 너무 많다,,미국,미국,,,,드라마,,
쇼아,,프랑스,프랑스,,,,다큐멘터리,클로드 란즈만,
사라고사의 매뉴스크립트,,폴란드,폴란드,,,,"어드벤처,드라마,판타지",,
마지막 야구 경기,2026-04-22,미국,미국,,필름다빈,15세이상관람가,드라마,카슨 룬드,
아기 천사,,캐나다,캐나다,,,,드라마,,
제17회 대단한 단편영화제 단편경쟁 2,,한국,한국,,,,"드라마,코미디,다큐멘터리",,
올가미,,폴란드,폴란드,,,,기타,,
제17회 대단한 단편영화제 단편경쟁 4,,한국,한국,,,,"드라마,애니메이션",,
제17회 대단한 단편영화제 단편경쟁 5,,한국,한국,,,,"드라마,판타지,애니메이션",,
제17회 대단한 단편영화제 단편경쟁 7,,한국,한국,,,,"드라마,코미디,애니메이션",,
제17회 대단한 단편영화제 단편경쟁 3,,한국,한국,,,,"드라마,애니메이션,스릴러,멜로/로맨스,공포(호러)",,
제17회 대단한 단편영화제 단편스페셜 1,,한국,한국,,,,드라마,,
과거와의 이별,,폴란드,폴란드,,,,기타,,
스피릿 핑거스! 6화,2025-09-03,한국,한국,주식회사 넘버쓰리픽쳐스,주식회사 넘버쓰리픽쳐스,12세이상관람가,"드라마,멜로/로맨스",이철하,"박지후,조준영,최보민,박유나"
스피릿 핑거스! 5화,2025-09-03,한국,한국,주식회사 넘버쓰리픽쳐스,주식회사 넘버쓰리픽쳐스,12세이상관람가,"드라마,멜로/로맨스",이철하,"박지후,조준영,최보민,박유나"
제17회 대단한 단편영화제 단편경쟁 6,,한국,한국,,,,"드라마,애니메이션,미스터리,코미디",,
물꽃의 전설,2023-08-30,한국,한국,,(주)영화사 진진,전체관람가,다큐멘터리,고희영,"현순직,채지애"
죄인의 회고록,,폴란드,폴란드,,,,기타,,
어둔 밤,2018-09-06,한국,한국,풋메이드 픽쳐스,(주)영화사오원,15세이상관람가,"액션,코미디",심찬양,"송의성,이요셉,김상훈,오수경,김기훈,김보경,김상훈,김상훈,김예은,김예지,김은광,김은광,김주영,김진태,김진태,김진태,박성우,성유진,송의영,심정용,엄윤정,윤민석,이보영,장의선,조병훈,조병훈,최민주"
제17회 대단한 단편영화제 단편경쟁 1,,한국,한국,,,,"드라마,미스터리,다큐멘터리",,
애틀랜틱스,,프랑스,"프랑스,기타,벨기에",,,,"드라마,멜로/로맨스,미스터리,판타지",,
겨울의 빛,2026-02-04,한국,한국,한국영화아카데미,㈜인디스토리,15세이상관람가,드라마,조현서,"성유빈,차준희,이승연,임재혁,강민주,차준희,이윤재,임호준,옥영진,박영복,양혜림,권귀빈,조수현,이경아,황진운,이동기,박재석,신수정,양기현,방태원,백승우"
공유실,,폴란드,폴란드,,,,기타,,
금,,폴란드,폴란드,,,,기타,,
시인의 마음,,중국,"중국,미국,프랑스,대만",,,,다큐멘터리,,
작별,,폴란드,폴란드,,,,기타,,
앙투안과 콜레트,,,,,,,,,
전주씨네투어 with 폴링인전주 2025 존 스미스 단편 모음,,영국,영국,,,,다큐멘터리,,
사랑의 도피,,프랑스,프랑스,,,,드라마,프랑수아 트뤼포,"장 피에르 레오,마리 프랑스 피지에"
작가,,폴란드,폴란드,,,,기타,,
낯선 곳을 향해,,영국,"영국,팔레스타인,프랑스,그리스,네덜란드,독일,카타르,기타",,,,드라마,,
암호,,폴란드,폴란드,,,,기타,,
클리어,,한국,한국,,,,드라마,,
전주씨네투어 with 폴링인전주 2025 한국단편경쟁 수상작 모음,,한국,한국,,,,"드라마,다큐멘터리",,
마더테레사 앤드 미,2025-09-04,스위스,"스위스,영국,인도",,(주)빅브라더스,12세이상관람가,"드라마,멜로/로맨스",,
최선의 삶,2021-09-01,한국,한국,"(주)마일스톤컴퍼니,(주)모토",(주)엣나인필름,15세이상관람가,드라마,이우정,"방민아,심달기,한성민,이유경,양흥주,김민재,이민웅,박지성,전필재,김성용,이호원,이보경,장은정,김민재,백재호,홍혜은,황윤희,김하영,정은아,전예지,강솔희,양문정,장만민,이석형,권영찬,조준기,신황철,이미라,길도연,윤걸,이태민,장동규,한세하,김세인,윤진희,고영석,윤혜리,김효신,이진호,김연지,박장순,이홍래,김서현,김소라,이명로,배중재,김영애,정찬길,이승현,이가은,신선우,이희옥,김연준,김희진,심주원,서상우,한세하"
내가 가진 것은 아무것도 없었다,,프랑스,프랑스,,,12세이상관람가,다큐멘터리,,
BIAF2025 기획상영 오늘봄,,한국,한국,,,,기타,,
저항의 기록,,포르투갈,"포르투갈,스페인",,,,다큐멘터리,,
"그래도, 사랑해.",,한국,한국,,필름다빈,전체관람가,드라마,,
제17회 대단한 단편영화제 단편스페셜 2,,한국,한국,,,,드라마,,
변태 여교수의 진짜 성욕,2025-09-05,한국,한국,,(주)씨맥스커뮤니케이션즈,청소년관람불가,성인물(에로),,
같은 속옷을 입는 두 여자,2022-11-10,한국,한국,한국영화아카데미,찬란,15세이상관람가,드라마,김세인,"임지호,양말복,정보람,양흥주,이유경,최경준,이양희,권정은,박희은,안수경,문종훈,이우정,이호원,이지은,김하진,김선율,성미경,박성일,신정은,최선웅,최요운,윤태희,장지용,신치영,임동민,오은지,김미영,이은조"
올드보이,2003-11-21,한국,한국,"(주)에그필름,쇼이스트(주)","쇼이스트(주),(주)씨제이이엔엠",18세관람가,스릴러,박찬욱,"최민식,유지태,강혜정,김병옥,오달수,이승신,윤진서,지대한,오태경,유연석,김원중,박재용,박지훈,한정옥,박근석,곽정애,임설아,박성규,오영주,임승용,최재섭,이대연,오광록,김수현,용이,박명신"
4인용 텐트-유부녀1 남자3 무삭제판,2025-09-03,일본,일본,,(주)영진크리에이티브,청소년관람불가,"성인물(에로),드라마,멜로/로맨스",,
AV배우 출신 여자친구의 오르가즘,2025-09-05,일본,일본,,(주)영진크리에이티브,청소년관람불가,"성인물(에로),드라마,멜로/로맨스",,
간호사가 풀어준 성욕해소,2025-09-01,일본,일본,,(주)도키엔터테인먼트,청소년관람불가,성인물(에로),,
결혼 앞둔 예비신부 전 남친 맛에 떡실신,2025-09-04,일본,일본,,(주)영진크리에이티브,청소년관람불가,"성인물(에로),드라마,멜로/로맨스",,
그날 처제는 맛있었다,2025-09-04,한국,한국,(주)영화사가을,(주)영화사가을,청소년관람불가,멜로/로맨스,,
남자직원의 대물 맛에 길들여진 여직원,2025-09-02,일본,일본,,(주)영화사 사계절,청소년관람불가,멜로/로맨스,,
남편 대신 아들과 물빼는 새엄마,2025-09-04,일본,일본,,(주)영진크리에이티브,청소년관람불가,"성인물(에로),드라마,멜로/로맨스",,
남편을 위해 마네킹으로 출하된 아내,2025-09-01,일본,일본,,(주)도키엔터테인먼트,청소년관람불가,성인물(에로),,
남편의 상사를 사정관리 하는 아내 무삭제판,2025-09-03,일본,일본,,(주)플라이어,청소년관람불가,"드라마,성인물(에로)",잠파,
맛 좋은 과부-상복 입고 AV 체험,2025-09-03,일본,일본,,(주)영진크리에이티브,청소년관람불가,"성인물(에로),드라마,멜로/로맨스",,
"맛있는 엄마들 : 새엄마, 친구엄마, 엄마친구",2025-09-01,한국,한국,(주)영화사가을,(주)영화사가을,청소년관람불가,멜로/로맨스,,
미녀 새엄마를 맛 보는 아들,2025-09-05,일본,일본,,(주)영진크리에이티브,청소년관람불가,"성인물(에로),드라마,멜로/로맨스",,
벗겨진 소꿉친구,2025-09-01,일본,일본,,(주)코빈커뮤니케이션즈,청소년관람불가,성인물(에로),,
부드럽게 넣어도 잘 싸는 아이카,2025-09-03,일본,일본,,(주)영진크리에이티브,청소년관람불가,"성인물(에로),드라마,멜로/로맨스",,
부하직원을 위에서 잡아먹는 여상사,2025-09-03,일본,일본,,(주)나우콘텐츠,청소년관람불가,"드라마,성인물(에로)",,
상복 입은 젊은 미녀 과부들의 하룻밤,2025-09-05,일본,일본,,(주)영진크리에이티브,청소년관람불가,"성인물(에로),드라마,멜로/로맨스",,
새엄마 물 맛-너무 맛있어요 새엄마 무삭제판,2025-09-06,일본,일본,,(주)영진크리에이티브,청소년관람불가,"성인물(에로),드라마,멜로/로맨스",,
새엄마가 자지러진 거품 소프랜드,2025-09-01,일본,일본,,(주)도키엔터테인먼트,청소년관람불가,성인물(에로),,
새엄마의 맛,2025-09-01,한국,한국,유한회사 스튜디오루나,유한회사 스튜디오루나,청소년관람불가,"성인물(에로),멜로/로맨스",김태수,
숙모의 진한 속옷냄새가 나를 자극해,2025-09-01,일본,일본,,(주)도키엔터테인먼트,청소년관람불가,성인물(에로),,
쉬운엄마-양아들 맛에 신들린 골반 무삭제판,2025-09-04,일본,일본,,(주)영진크리에이티브,청소년관람불가,"성인물(에로),드라마,멜로/로맨스",,
압도적인 친구 엄마,2025-09-01,일본,일본,,(주)코빈커뮤니케이션즈,청소년관람불가,성인물(에로),,
업소녀들 : 스페셜 서비스,2025-09-04,한국,한국,(주)영화사가을,(주)영화사가을,청소년관람불가,멜로/로맨스,,
온천에서 외간남자와 물빼는 유부녀,2025-09-04,일본,일본,,(주)영진크리에이티브,청소년관람불가,"성인물(에로),드라마,멜로/로맨스",,
잉글랜드 이즈 마인,2018-07-05,영국,영국,,"(주)싸이더스,무브먼트",12세이상관람가,드라마,마크 길,"잭 로던,제시카 브라운 핀들레이,조디 코머"
처제의 떡정,2025-09-01,한국,한국,(주)까멜리아이엔티,(주)까멜리아이엔티,청소년관람불가,멜로/로맨스,김태수,
폭포수처럼 흐르는 AV스타 레이코의 섹스,2025-09-05,일본,일본,,(주)영진크리에이티브,청소년관람불가,"성인물(에로),드라마,멜로/로맨스",,
혼자 즐기는 장모 안타까워 넣어준 사위,2025-09-03,일본,일본,,(주)영진크리에이티브,청소년관람불가,"성인물(에로),드라마,멜로/로맨스",,
깁,,한국,한국,,,,드라마,권구윤,
지역의 기억 - 단편,,한국,한국,,,,다큐멘터리,,
타미플루,,한국,한국,,,,"드라마,판타지",박래경,"강태제,조민상"
얼굴,2025-09-11,한국,한국,주식회사 와우포인트,메가박스중앙(주) 플러스엠 엔터테인먼트,15세이상관람가,미스터리,연상호,"박정민,권해효,신현빈,한지현,임성재,김재록,차미경,주해은,원미원,박명신,이현균,고서희,고동업,홍석빈,김혜정,이한솔,서석규,하시연,한상철,오창경,전운종,백성철,최환이,안현빈,강전영,진용욱,조승구,임정선,한동원,오치운,함은우,김환영,서문호,김지원"
퍼펙트 블루,2004-05-26,일본,일본,,"(주)디스테이션,(주)튜브엔터테인먼트",18세관람가,"애니메이션,미스터리",곤 사토시,"마츠모토 리카,츠지 신파치,이와오 준코"
빌리와 용감한 타이거 킹,2025-09-11,말레이시아,말레이시아,,(주)박수엔터테인먼트,전체관람가,애니메이션,,
은혼 진선조 동란편 온 씨어터,2025-09-10,일본,일본,,에스엠지홀딩스 주식회사,15세이상관람가,애니메이션,타카마츠 신지,"스기타 토모카즈,사카구치 다이스케"
개비의 매직하우스 극장판,2025-10-03,미국,미국,,유니버설픽쳐스인터내셔널 코리아(유),전체관람가,"어드벤처,가족",라이언 크레고,"크리스틴 위그,이나경,손정아,김도은,남라엘,김세아,황창영,장미,강은애,김도영,정의한,장예나,서반석,송하림,이다은,이도하"
썸머 블루 아워,2025-09-17,대만,대만,,(주)누리픽쳐스,12세이상관람가,"멜로/로맨스,드라마",,"시백우,정여희"
대부,1973-09-01,미국,미국,,(주)팝엔터테인먼트,"연소자관람불가,청소년관람불가","드라마,범죄,스릴러",프란시스 포드 코폴라,"알 파치노,말론 브란도"
대부 2,1978-04-20,미국,미국,,"(주)팝엔터테인먼트,예지림엔터테인먼트",청소년관람불가,"드라마,범죄",프란시스 포드 코폴라,"알 파치노,다이안 키튼,로버트 드 니로,로버트 듀발"
메이크 어 걸,2025-09-10,일본,일본,,(주)바이포엠스튜디오,12세이상관람가,"멜로/로맨스,SF,어드벤처",야스다 겐쇼,"타네자키 아츠미,아마미야 소라"
연의 편지,2025-10-01,한국,한국,"스튜디오리코 주식회사,스튜디오엔(주)",롯데컬처웍스(주)롯데엔터테인먼트,12세이상관람가,애니메이션,김용환,"이수현,김민주,민승우,남도형,김연우,이미나,김채린,김예림,김아롱,이세레나,박기욱,김순미,김현욱,원종준,최현식"
엄마없는 하늘아래,2025-09-11,한국,한국,,시네마 뉴원,12세이상관람가,"가족,드라마",한명구,"오상철,서리나,오대천,김재근"
제인 에어,,미국,미국,,,,드라마,로버트 스티븐슨,"오손 웰즈,조안 폰테인"
브레드이발소: 베이커리타운의 악당들,2025-09-27,한국,한국,주식회사 브레드이발소,씨제이 씨지브이(CJ CGV)(주),전체관람가,애니메이션,정지환,"엄상현,박윤희,강시현,손선영,홍범기,윤아영,김연우,정주원,김채하,김현욱"
해밀턴 부인,,영국,영국,,,,"멜로/로맨스,전쟁",알렉산더 코르다,"비비안 리,로렌스 올리비에,알란 모우브레이"
더 로즈: 완벽한 이혼,2025-09-17,미국,미국,,월트디즈니컴퍼니코리아 유한책임회사,15세이상관람가,"코미디,드라마",제이 로치,"올리비아 콜맨,베네딕트 컴버배치,케이트 맥키넌,앤디 샘버그"
#진상을 말씀드립니다,2025-09-24,일본,일본,,"주식회사 로아앤코홀딩스,(주)영화사 안다미로",15세이상관람가,"미스터리,스릴러,드라마",토요시마 케이스케,
프랑켄슈타인 : 더 뮤지컬 라이브,2025-09-18,한국,한국,(주)위즈온센,"(주)위즈온센,메가박스중앙(주)",15세이상관람가,공연,박재석,"규현,박은태,이지혜,장은아,문성혁,신재희"
고독의 오후,2026-06-03,프랑스,"프랑스,포르투갈,스페인",,필름다빈,청소년관람불가,다큐멘터리,,
바다 탐험대 옥토넛 어보브 앤 비욘드 : 콰지의 깜짝 어드벤처,2025-09-27,영국,영국,,와이드 릴리즈(주),전체관람가,"애니메이션,액션,어드벤처",,"하성용,정재헌,엄상현,윤승희,김율,유동균,한경화,김정은,박성영"
피로 지켜낸 대한민국,2025-10-16,한국,한국,㈜영화사 아리랑,주식회사 킨스튜디오,15세이상관람가,다큐멘터리,"금기백,애진아",최윤슬
제 17회 서울국제건축영화제 묶음 상영 3,,기타,기타,,,,다큐멘터리,,
리 밀러: 카메라를 든 여자,2025-09-24,호주,호주,,"(주)영화사 진진,(주)플레이그램",15세이상관람가,드라마,,"케이트 윈슬렛,알렉산더 스카스가드,마리옹 꼬띠아르,앤디 샘버그,안드레아 라이즈보로,조쉬 오코너"
포풍추영,2025-09-20,홍콩,"홍콩,중국",,(주)디스테이션,15세이상관람가,"액션,범죄",래리 양,"성룡,양가휘"
"레베렌츠, 어둠의 성역",,스웨덴,스웨덴,,,,다큐멘터리,,
어쩌다 책을 쓰고야 말았다,,헝가리,헝가리,,,,드라마,,
"제프리 바와, 장소에 깃든 천재성",,기타,"기타,미국",,,,다큐멘터리,,
스탠 브래키지의 여섯 영화,,한국,한국,,,,"기타,다큐멘터리",,
조선명탐정: 흡혈괴마의 비밀,2018-02-08,한국,한국,청년필름(주),(주)쇼박스,12세이상관람가,"사극,어드벤처,코미디",김석윤,"김명민,정지원,오달수,김지원,김범,이민기,지웅배,이대현,이소희,이재웅,백승진,이정민,김정화,서지은,김탁호,김태윤,김태희,김현주,류현상,민성주,박동석,전건익,전현우,박지선,김태호,박지현,김건,최유진,김미란,김상일,김영우,김영진,한성희,염동헌,송훈,강덕중,조한준,윤상훈,장유화,현우,윤상돈"
나를 구하지 마세요,2020-09-10,한국,한국,(주)아우라픽처스,(주)리틀빅픽쳐스,12세이상관람가,드라마,정연경,"조유하,최로운,양소민,선화,이휘종,이선희,유성민"
화산 아래,,폴란드,폴란드,,,,드라마,,
로리 올린의 응시하는 삶,,미국,미국,,,,다큐멘터리,,
적이 온다,,일본,일본,,,,드라마,,
"제17회 스토리업쇼츠 섹션2. 흐르는 시간, 머무는 마음",,한국,한국,,,,드라마,,
인형,,폴란드,폴란드,,,,기타,,
제17회 스토리업쇼츠 섹션1. 무중력 청춘,,한국,한국,,,,드라마,,
밤의 여로,,미국,미국,,,,다큐멘터리,트린 민하,
제13회 서울국제어린이영화제 지·평·선 단편,,기타,기타,,,,"애니메이션,다큐멘터리",,
비조이 자인: 조율의 감각,,프랑스,"프랑스,인도",,,,다큐멘터리,,
제 17회 서울국제건축영화제 묶음 상영 1,,기타,기타,,,,다큐멘터리,,
물 위의 누각 - 일본 전통 미학을 따라서,,이탈리아,"이탈리아,네덜란드,영국",,,,다큐멘터리,,
그라운드 제로로부터,,프랑스,"프랑스,기타,카타르,팔레스타인,아랍에미리트연합국정부",,,,"애니메이션,다큐멘터리",,
계절 산문: 조현철 배우전,,한국,한국,,,,"드라마,코미디,멜로/로맨스",,
제13회 서울국제어린이영화제 국제애니메이션경쟁2,,기타,기타,,,,애니메이션,,
"LOT-EK, 변용의 미학",,미국,미국,,,,다큐멘터리,,
제 17회 서울국제건축영화제 묶음 상영 6,,한국,한국,,,,"드라마,애니메이션",,
발타자르 코버의 특별한 여정,,폴란드,폴란드,,,,기타,,
제 17회 서울국제건축영화제 묶음 상영 7,,기타,기타,,,,다큐멘터리,,
올림픽 하프타임,,체코,"체코,슬로바키아",,,,다큐멘터리,,
움직이는 회관,,한국,한국,,,,다큐멘터리,,
제 17회 서울국제건축영화제 묶음 상영 4,,기타,기타,,,,다큐멘터리,,
텔마의 완벽한 생일,,기타,기타,,,,애니메이션,,
제13회 서울국제어린이영화제 국제단편경쟁4,,기타,기타,,,,"드라마,다큐멘터리",,
사랑받는 방법,,폴란드,폴란드,,,,기타,,
"아다 - 내 어머니의 건축, 그리고 인생",,미국,"미국,이스라엘",,,,다큐멘터리,,
평범한 이야기,,폴란드,폴란드,,,,기타,,
데칼로그 1,,폴란드,폴란드,,,,기타,크지슈토프 키에슬로프스키,
데칼로그 2,,폴란드,폴란드,,,,기타,크지슈토프 키에슬로프스키,
제13회 서울국제어린이영화제 국제단편경쟁5,,기타,기타,,,,드라마,,
밤섬해적단 서울불바다,2017-08-24,한국,한국,오피오티픽쳐스,찬란,15세이상관람가,다큐멘터리,정윤석,"권용만,장성건,박정근,단편선,이민석"
제13회 서울국제어린이영화제 국제애니메이션경쟁1,,기타,기타,,,,애니메이션,,
가끔은 여정이 아름답기도 하다,,한국,한국,,,,다큐멘터리,,
내일을 향한 첫걸음: 우크라이나 재건설,,영국,영국,,,,다큐멘터리,,
제 17회 서울국제건축영화제 묶음 상영 2,,기타,기타,,,,"애니메이션,드라마",,
제17회 대단한 단편영화제 전년도 수상작,,한국,한국,,,,"드라마,애니메이션,코미디",,
푸틴에 반대하는 모든 사람,,덴마크,"덴마크,체코",,,,다큐멘터리,,
제13회 서울국제어린이영화제 국제단편경쟁3,,기타,기타,,,,드라마,,
제13회 서울국제어린이영화제 국제어린이감독경쟁,,기타,기타,,,,"드라마,애니메이션",,
캐리어를 끄는 소녀,,한국,한국,(주)어바웃필름,,,드라마,윤심경,"최명빈,문승아,김태훈,유다인"
제13회 서울국제어린이영화제 국제단편경쟁1,,기타,기타,,,,드라마,,
화성은 빨간색이 아니야,,독일,독일,,,,드라마,,
디어 투모로우,,덴마크,"덴마크,스웨덴,일본",,,,다큐멘터리,,
제13회 서울국제어린이영화제 국제단편경쟁2,,기타,기타,,,,드라마,,
누볼라,,이탈리아,이탈리아,,,,다큐멘터리,,
데칼로그 3,,폴란드,폴란드,,,,기타,크지슈토프 키에슬로프스키,
여우와 토끼: 숲을 구하라,,네덜란드,"네덜란드,벨기에,룩셈부르크",,,,"어드벤처,애니메이션",,
밤비: 숲 속 생명의 이야기,,프랑스,프랑스,,,,다큐멘터리,,
차이나타운 투쟁기,,캐나다,캐나다,,,,다큐멘터리,,
모든 것을 담은 책,,네덜란드,네덜란드,,,,드라마,,
내일은 용기를 낼 거야,,독일,독일,,,,드라마,,
우리는 프리스비 시민,,미국,미국,,,,다큐멘터리,,
제 17회 서울국제건축영화제 묶음 상영 5,,기타,기타,,,,애니메이션,,
바위를 부수고,,미국,"미국,이란,독일,네덜란드,카타르,칠레,캐나다",,,,다큐멘터리,,
제13회 서울국제어린이영화제 국제단편경쟁6,,기타,기타,,,,드라마,,
중국몽,,미국,미국,,,,다큐멘터리,,
더 트랙: 사라예보의 루지 선수들,,캐나다,"캐나다,보스니아",,,,다큐멘터리,,
메이드 인 에티오피아,,미국,"미국,기타,덴마크,한국",,,,다큐멘터리,,
사진의 얼굴,,한국,한국,,,12세이상관람가,다큐멘터리,고희영,
상처받은 땅에 관한 이야기들,,기타,기타,,,,다큐멘터리,,
에티앤의 정원,,한국,한국,무브먼트당당,,,다큐멘터리,김민정,
엠마의 꿈,,아르헨티나,아르헨티나,,,,드라마,,
초콜릿,2025-11-19,한국,한국,"양지은 Film,도야 영화",명필름랩,15세이상관람가,드라마,양지은,"임채영,이원서,김선혁,정소영"
방방과 플라나리아,,한국,한국,아나레스,(주)시네마달,,다큐멘터리,박희진,
"분리, 찢겨진 가족",,미국,미국,,,,다큐멘터리,,
아이돌 승하의 수치심 연구,2025-09-12,한국,한국,(주)파랑새미디어,(주)영진크리에이티브,청소년관람불가,"성인물(에로),드라마,멜로/로맨스",이타치,
스피크.,,미국,미국,,,,다큐멘터리,,
육각의 동굴과 미궁 속의 생쥐,,영국,영국,,,,다큐멘터리,,
견디는 삶,,기타,"기타,중국",,,,다큐멘터리,,
계약후 들이대라는 보험설계사,2025-09-08,일본,일본,,(주)도키엔터테인먼트,청소년관람불가,성인물(에로),,
깊은 삽입에 녹는 엉덩이,2025-09-12,일본,일본,,(주)씨맥스커뮤니케이션즈,청소년관람불가,성인물(에로),,
꿈에 그리던 여사원의 음탕한 향기,2025-09-12,일본,일본,,(주)두리컴미디어,청소년관람불가,성인물(에로),,
나이 많은 유부녀들의 영계 시식,2025-09-10,한국,한국,(주)샤이커뮤니케이션즈,(주)샤이커뮤니케이션즈,청소년관람불가,성인물(에로),,
매춘 2025,2025-09-11,한국,한국,(주)영화사가을,(주)영화사가을,청소년관람불가,멜로/로맨스,,
뭐든지 다 해준다는 여 후배,2025-09-11,한국,한국,(주)샤이커뮤니케이션즈,(주)샤이커뮤니케이션즈,청소년관람불가,성인물(에로),,
밀회 : 볼륨있고 매력적인 유부녀,2025-09-11,일본,일본,,(주)영화사 사계절,청소년관람불가,멜로/로맨스,,
새엄마는 음란치녀 유우리짱 38세,2025-09-08,일본,일본,,(주)도키엔터테인먼트,청소년관람불가,성인물(에로),,
새엄마에게 배운 첫키스와 섹스,2025-09-13,일본,일본,,(주)도키엔터테인먼트,청소년관람불가,성인물(에로),,
섹스하고 싶어 미칠 것 같아요,2025-09-12,한국,한국,(주)샤이커뮤니케이션즈,(주)샤이커뮤니케이션즈,청소년관람불가,성인물(에로),,
순박한 시골 처녀 마을 아저씨들 밤시중,2025-09-12,일본,일본,,(주)두리컴미디어,청소년관람불가,성인물(에로),,
애인대행으로 만난 유부녀와 첫경험 무삭제판,2025-09-10,일본,일본,,(주)플라이어,청소년관람불가,"드라마,성인물(에로)",오자키 히로코우지,
엄마친구가 나와 하고싶어서 한 행동,2025-09-13,일본,일본,,(주)도키엔터테인먼트,청소년관람불가,성인물(에로),,
여사친의 천박한 욕정,2025-09-11,한국,한국,(주)샤이커뮤니케이션즈,(주)샤이커뮤니케이션즈,청소년관람불가,성인물(에로),,
여상사를 만족시킬 때까지 봉사하는 부하직원,2025-09-10,일본,일본,,(주)나우콘텐츠,청소년관람불가,"드라마,성인물(에로)",,
예쁜 여상사 치마 속 길들이기,2025-09-12,일본,일본,,(주)씨맥스커뮤니케이션즈,청소년관람불가,성인물(에로),,
음탕한 육덕 여동생,2025-09-10,한국,한국,(주)샤이커뮤니케이션즈,(주)샤이커뮤니케이션즈,청소년관람불가,성인물(에로),,
"이러면 안돼요 : 처제, 형수, 큰엄마 그리고",2025-09-11,한국,한국,(주)영화사가을,(주)영화사가을,청소년관람불가,멜로/로맨스,,
재벌집 여비서-고자아들을 부탁해 무삭제판,2025-09-12,한국,한국,(주)파랑새미디어,(주)영진크리에이티브,청소년관람불가,"성인물(에로),드라마,멜로/로맨스",,
클럽에서 꼬신 동네 아줌마,2025-09-12,한국,한국,(주)샤이커뮤니케이션즈,(주)샤이커뮤니케이션즈,청소년관람불가,성인물(에로),,
명탐정 코난: 17년 전의 진상,2025-09-19,일본,일본,,(주)씨제이이엔엠,12세이상관람가,애니메이션,야마모토 야스이치로,"타카야마 미나미,키시노 유키마사,치바 시게루,야스모토 히로키"
빌리브,,한국,한국,빅웨이브엔터테인먼트 주식회사,씨제이 씨지브이(CJ CGV)(주),12세이상관람가,"스릴러,드라마,코미디","이종석,라희찬,박범수",이유한
초속5센티미터 X 특별영상 '어느 봄의 기억',2025-09-17,일본,일본,,(주)미디어캐슬,전체관람가,애니메이션,신카이 마코토,미즈하시 켄지
100 미터.,2025-10-08,일본,일본,,"롯데컬처웍스(주)롯데시네마,(주)미디어캐슬",전체관람가,애니메이션,이와이사와 켄지,"마츠자카 토리,소메타니 쇼타,타카하시 리에,타나카 유키,타네자키 아츠미,유키 아오이,츠다 켄지로"
초원의 빛,1972-03-18,미국,미국,워너 브러더스 픽쳐스,,,"멜로/로맨스,드라마",엘리아 카잔,"워렌 비티,나탈리 우드"
지옥: 두개의 삶,,한국,한국,,㈜인디스토리,"18세관람가,청소년관람불가","애니메이션,판타지,공포(호러)",연상호,
베르메르: 위대한 전시회,2025-09-17,영국,영국,,영화사빅,전체관람가,다큐멘터리,데이비드 비커스태프,
배달의 영웅 : 캐리와 슈퍼콜라2,2025-10-03,한국,한국,주식회사 캐리티비,롯데컬처웍스(주)롯데엔터테인먼트,전체관람가,"애니메이션,SF",권원숙,"최정윤,안소이,이다은,원옥화"
마다가스카르 뮤직,2025-09-25,한국,한국,신희재 프로덕션,시네마 뉴원,전체관람가,다큐멘터리,정초신,신미식
파르테노페,2025-09-24,이탈리아,이탈리아,,주식회사 오디언스,청소년관람불가,"드라마,멜로/로맨스",파올로 소렌티노,"셀레스트 달라 포르타,게리 올드만"
9월이 오면,,미국,미국,,,,"코미디,멜로/로맨스",로버트 멀리건,"록 허드슨,지나 롤로브리지다"
나비부인 : 파리 오페라&발레,,프랑스,프랑스,,(주)위즈온센,,공연,,
제21회 서울인디애니페스트2025 독립보행1,,한국,한국,,,,애니메이션,,
댄싱퀸,2012-01-18,한국,한국,"(주)제이케이필름,(주)씨제이이엔엠",(주)씨제이이엔엠,12세이상관람가,"코미디,드라마",이석훈,"황정민,안주미,엄정화,정성화,오나라,박정민,박사랑,임호걸,정원영,이정건,안은정,라미란,송원석,이대연,이한위,최우리,천보근,권병길,조달환,서동원,정아미,어성욱"
제21회 서울인디애니페스트2025 새벽비행2,,한국,한국,,,,애니메이션,,
제21회 서울인디애니페스트2025 독립보행2,,한국,한국,,,,애니메이션,,
제21회 서울인디애니페스트2025 독립보행3,,한국,한국,,,,애니메이션,,
제21회 서울인디애니페스트2025 한국 파노라마2 : 흔들리며 나아가기,,한국,한국,,,,애니메이션,,
제21회 서울인디애니페스트2025 새벽비행1,,한국,한국,,,,애니메이션,,
제21회 서울인디애니페스트2025 아시아로3,,기타,기타,,,,애니메이션,,
보드랍게,2022-02-23,한국,한국,(사)정신대할머니와함께하는시민모임,(주)인디플러그,전체관람가,다큐멘터리,박문칠,"김순악,안이정선,송현주,이인순"
태어나길 잘했어,2022-04-14,한국,한국,대장정,그린나래미디어(주),12세이상관람가,드라마,최진영,강진아
제21회 서울인디애니페스트2025 아시아로4,,기타,기타,,,,애니메이션,,
레즈우주공주,,호주,호주,,,,애니메이션,,
제21회 서울인디애니페스트2025 한국 파노라마1 : 사소한 틈새의 마법,,한국,한국,,,,애니메이션,,
제21회 서울인디애니페스트2025 아시아로1,,기타,기타,,,,애니메이션,,
서부리 사나이,,한국,한국,(주)단아코퍼레이션,유한회사 스튜디오 획,15세이상관람가,"코미디,스릴러",하원준,"김정팔,엄옥란,조정근,이승윤,권형준,최원,최영도,윤주호,노승훈,장햇님,신민기,손기성,김승곤,임재혁"
제21회 서울인디애니페스트2025 랜선비행,,한국,한국,,,,애니메이션,,
제21회 서울인디애니페스트2025 아시아 파노라마 : 잊혀진 자아의 신화,,기타,기타,,,,애니메이션,,
고다르 감독에게 묻다,,한국,"한국,프랑스",,,,기타,,
광장,2026-01-15,한국,한국,한국영화아카데미,(주)스튜디오디에이치엘,12세이상관람가,애니메이션,김보솔,"전운종,이찬용,이가영,이유준,서원석,남기애,송철호,김평조,이보희"
제21회 서울인디애니페스트2025 아시아로2,,기타,기타,,,,애니메이션,,
저는 행복한데요?,,한국,한국,,,,드라마,,
동그라미,2025-10-01,일본,일본,,(주)디스테이션,12세이상관람가,"드라마,코미디",오기가미 나오코,"도모토 츠요시,아야노 고,요시오카 리호"
제21회 서울인디애니페스트2025 숨겨진 보석의 향기 : 코믹스웨이브필름,,일본,일본,,,,애니메이션,,
문지: 홈커밍,,기타,"기타,러시아",,,,애니메이션,,
제13회 서울국제어린이영화제 어른들을 부탁해 단편,,기타,기타,,,,"드라마,애니메이션",,
이란희 감독 단편선,,한국,한국,,,,드라마,이란희,
제20회 제주영화제 폐막식,,기타,기타,,,,기타,,
숨비소리,,한국,한국,원더필름,,,드라마,이은정,"이선빈,서영희,김자영"
아방,,한국,한국,DGC,,,드라마,김태윤,"김태윤,정충구,현대철,이예린,백선아,이원주,김기풍,이규섭,이재리,차시윤"
데드 포 어 달러,2025-09-18,미국,미국,,(주)빅브라더스,15세이상관람가,"서부극(웨스턴),스릴러",월터 힐,"크리스토프 왈츠,윌렘 데포,레이첼 브로스나한"
마라쿠다의 전설,,기타,기타,,,,애니메이션,,
가질수 없다면 어쩌겠어 몰래 해야지라는 친구엄마,2025-09-16,일본,일본,,(주)도키엔터테인먼트,청소년관람불가,성인물(에로),,
꽉 물고 안놔주는 유부녀 마사지사,2025-09-18,일본,일본,,(주)영진크리에이티브,청소년관람불가,"멜로/로맨스,드라마",,
나에게 성욕해소방법이 서툴다는 새엄마,2025-09-21,일본,일본,,(주)도키엔터테인먼트,청소년관람불가,성인물(에로),,
나의 아내의 치명적인 분수쇼,2025-09-19,일본,일본,,주식회사 프로젝트4,청소년관람불가,성인물(에로),,
남눈치가 뭐가 중요하냐며 사귄 연상유부녀,2025-09-16,일본,일본,,(주)도키엔터테인먼트,청소년관람불가,성인물(에로),,
남편을 위해 이뻐지려고 마사지 갔다가 천국여행,2025-09-16,일본,일본,,(주)도키엔터테인먼트,청소년관람불가,성인물(에로),,
노래방 : K여대생의 화끈한 서비스,2025-09-19,한국,한국,에이원 미디어,에이원 미디어,청소년관람불가,성인물(에로),천성준,
노브라의 촉감을 즐기는 새엄마,2025-09-20,일본,일본,,(주)도키엔터테인먼트,청소년관람불가,성인물(에로),,
독신남 달래주는 친구의 아내,2025-09-19,일본,일본,,(주)씨맥스커뮤니케이션즈,청소년관람불가,성인물(에로),,
돌이켜보니 소중한 기억의 친구엄마,2025-09-20,일본,일본,,(주)도키엔터테인먼트,청소년관람불가,성인물(에로),,
들어오자마자 너무 좋아,2025-09-19,일본,일본,,(주)씨맥스커뮤니케이션즈,청소년관람불가,성인물(에로),,
딸남친을 너무 가지고 싶어서 미치겠어,2025-09-16,일본,일본,,(주)도키엔터테인먼트,청소년관람불가,성인물(에로),,
발정난 미망인의 금단의 섹스,2025-09-19,일본,일본,,(주)영진크리에이티브,청소년관람불가,"멜로/로맨스,드라마",,
부부관계에서 제일 중요한 떡정,2025-09-18,한국,한국,(주)영화사가을,(주)영화사가을,청소년관람불가,멜로/로맨스,,
사위 떡맛에 몸 보신하는 장모님,2025-09-18,일본,일본,,(주)영진크리에이티브,청소년관람불가,"멜로/로맨스,드라마",,
새엄마의 땀냄새와 체취가 너무좋아,2025-09-21,일본,일본,,(주)도키엔터테인먼트,청소년관람불가,성인물(에로),,
성질머리 대박인 처형과 하룻밤,2025-09-16,일본,일본,,(주)도키엔터테인먼트,청소년관람불가,성인물(에로),,
"섹스머신 : 학생엄마, 친구엄마, 여직원",2025-09-18,한국,한국,(주)영화사가을,(주)영화사가을,청소년관람불가,멜로/로맨스,,
수줍은 여대생의 출장안마 첫 체험,2025-09-19,일본,일본,,(주)영진크리에이티브,청소년관람불가,"멜로/로맨스,드라마",,
숙모 팬티로 놀던 걸 들키자 치욕스럽지만 섹스,2025-09-20,일본,일본,,(주)도키엔터테인먼트,청소년관람불가,성인물(에로),,
시아버지에게 중독된 엉덩이 무삭제,2025-09-15,일본,일본,,(주)코빈커뮤니케이션즈,청소년관람불가,성인물(에로),,
실은 초고수 섹스여왕이 새엄마,2025-09-21,일본,일본,,(주)도키엔터테인먼트,청소년관람불가,성인물(에로),,
아들친구에게 들킨 내 팬티,2025-09-20,일본,일본,,(주)도키엔터테인먼트,청소년관람불가,성인물(에로),,
아들친구에게 보여진 내 팬티속옷,2025-09-21,일본,일본,,(주)도키엔터테인먼트,청소년관람불가,성인물(에로),,
아말 선생님,,벨기에,벨기에,,,,드라마,,
알바에서 돌아온 새엄마의 체취가 좋아서,2025-09-20,일본,일본,,(주)도키엔터테인먼트,청소년관람불가,성인물(에로),,
야한 신호를 보내는 새엄마,2025-09-21,일본,일본,,(주)도키엔터테인먼트,청소년관람불가,성인물(에로),,
어떻게해서든 사위를 갖고 싶은 장모님,2025-09-20,일본,일본,,(주)도키엔터테인먼트,청소년관람불가,성인물(에로),,
엄마친구와 섹스가 맛있어지는 마법,2025-09-16,일본,일본,,(주)도키엔터테인먼트,청소년관람불가,성인물(에로),,
여상사를 울려버린 동정남,2025-09-15,일본,일본,,(주)코빈커뮤니케이션즈,청소년관람불가,성인물(에로),,
오피스걸 촉촉한 조개의 맛,2025-09-18,한국,한국,스마일컨텐츠,스마일컨텐츠,청소년관람불가,성인물(에로),이희성,
음탕하게 젖은 알바생의 엉덩이,2025-09-17,일본,일본,,(주)코빈커뮤니케이션즈,청소년관람불가,성인물(에로),,
의붓 여동생과의 음란한 추억,2025-09-17,일본,일본,,(주)코빈커뮤니케이션즈,청소년관람불가,성인물(에로),,
이제 너를 지우고 싶다는 엄마친구,2025-09-20,일본,일본,,(주)도키엔터테인먼트,청소년관람불가,성인물(에로),,
인생망해도 좋다는 새엄마,2025-09-21,일본,일본,,(주)도키엔터테인먼트,청소년관람불가,성인물(에로),,
자다가 본 엉덩이가 장모님이라니,2025-09-20,일본,일본,,(주)도키엔터테인먼트,청소년관람불가,성인물(에로),,
재수생인 내가 새엄마와 바람난 이유,2025-09-16,일본,일본,,(주)도키엔터테인먼트,청소년관람불가,성인물(에로),,
전남친에게 속아 밤새 조교 당한 여자,2025-09-17,일본,일본,,(주)나우콘텐츠,청소년관람불가,"드라마,성인물(에로)",키토루네 가와구치,
절묘한 터치로 오르가즘을 보여준 마사지,2025-09-21,일본,일본,,(주)도키엔터테인먼트,청소년관람불가,성인물(에로),,
첫경험은 새엄마 시노짱,2025-09-16,일본,일본,,(주)도키엔터테인먼트,청소년관람불가,성인물(에로),,
친구엄마와 밀당 끝 올인섹스,2025-09-21,일본,일본,,(주)도키엔터테인먼트,청소년관람불가,성인물(에로),,
혼자 떠나는 치녀의 동정 사냥 무삭제판,2025-09-17,일본,일본,,(주)플라이어,청소년관람불가,"드라마,성인물(에로)",카토 스케로쿠,
극장판 체인소 맨: 레제편,2025-09-24,일본,일본,,소니픽쳐스엔터테인먼트코리아주식회사극장배급지점,15세이상관람가,"애니메이션,액션,어드벤처",,
결혼 피로연,2025-09-24,미국,미국,,유니버설픽쳐스인터내셔널 코리아(유),15세이상관람가,"코미디,멜로/로맨스",앤드류 안,"윤여정,한기찬,보웬 양,릴리 글래드스톤,켈리 마리 트란,조안 첸"
2017 방탄소년단 라이브 트릴로지 에피소드 3 윙스 투어 더 파이널 리마스터링,2025-09-23,한국,한국,,메가박스중앙(주),전체관람가,공연,,"김남준,김석진,민윤기,정호석,박지민,김태형,전정국"
2016 방탄소년단 라이브 화양연화 온 스테이지 : 에필로그 리마스터링,2025-09-23,한국,한국,,메가박스중앙(주),12세이상관람가,공연,,"김남준,김석진,민윤기,정호석,박지민,김태형,전정국"
보스,2025-10-03,한국,한국,(주)하이브미디어코프,"(주)하이브미디어코프,(주)마인드마크",15세이상관람가,"코미디,액션",라희찬,"조우진,정경호,박지환,이규형,오달수,황우슬혜,정유진,고창석,길해연,정규수,주진모,이한위,정상훈,조시연,임병석,이성민,황보정일,박태산,김형명,강신철,조용준,이재용,이상훈,신수오,손윤한,장지훈,김민준,강영준,김우현,이봉균,한국인,김미지,송동환,정예훈,배성일,오정민,류경환,박찬별,이중현,박종희,박예린,오정환,남경민,양해준,이재성,허정은"
미러 넘버 3,2025-10-01,독일,독일,,"엠엔엠인터내셔널(주),(주)레드아이스 엔터테인먼트",15세이상관람가,"드라마,미스터리,스릴러",크리스티안 페촐트,"폴라 비어,바바라 오어,엔노 트렙스,매티아스 브랜트"
브라운아이드소울 '소울 트라이시클',,한국,한국,,씨제이 씨지브이(CJ CGV)(주),전체관람가,기타,,
원 배틀 애프터 어나더,2025-10-01,미국,미국,,워너브러더스 코리아(주),15세이상관람가,"범죄,액션",폴 토마스 앤더슨,"레오나르도 디카프리오,숀 펜,베니시오 델 토로,레지나 홀,테야나 테일러,체이스 인피니티"
사람과 고기,2025-10-07,한국,한국,영화사 도로시(주),(주)트리플픽쳐스,12세이상관람가,드라마,양종현,"박근형,장용,예수정,정찬영,김성오,류성현,오태경,우미화,윤정,이승준,이은정,홍지석,남경민,김홍국,하나리,정준구,임투철,최필상,윤동하,한서이,이윤수,주하린,최한별"
성공의 달콤한 향기,,미국,미국,,,,드라마,알렉산더 맥켄드릭,"버트 랭커스터,토니 커티스,마틴 밀너"
그저 사고였을 뿐,2025-10-01,이란,이란,,"그린나래미디어(주),(주)레드아이스 엔터테인먼트",15세이상관람가,"액션,범죄,드라마",자파르 파나히,
햄릿,,영국,영국,,,,드라마,로렌스 올리비에,"로렌스 올리비에,장 시몬즈"
차은우 : 메모리즈 인 시네마,2025-09-24,한국,한국,"(주)어메이즈브이알코리아,씨제이포디플렉스 주식회사",씨제이포디플렉스 주식회사,전체관람가,공연,김지애,차은우
기사도,,프랑스,프랑스,,,,"멜로/로맨스,전쟁",안드레 헌벨,"장 마레,부르빌"
만남의 집,2025-10-15,한국,한국,(주)고집스튜디오,(주)마노엔터테인먼트,12세이상관람가,드라마,차정윤,"송지효,도영서,옥지영,김미숙,윤혜리,박현영,박승태,윤혜진,민소연,이진,지성은,정효정,박지원,고태경,박주은,이윤희,이유주,심소연,오민정,최원,김하연,김다빈,문경희,이지혜,고유준,안명주,이하랑,박선주,안복자,박재휘,박순찬"
웨폰,2025-10-15,미국,미국,,워너브러더스 코리아(주),청소년관람불가,"공포(호러),미스터리",잭 크레거,"조슈 브롤린,줄리아 가너,올든 에런라이크,오스틴 에이브람스,크리스토퍼 캐리,베네딕트 웡,에이미 메디건"
카이고: 백 앳 더 볼,2025-09-26,미국,미국,,씨제이포디플렉스 주식회사,전체관람가,공연,,
폭력 교실,,미국,미국,,,,드라마,리차드 브룩스,"글렌 포드,앤 프란시스"
록허드슨의 벵갈연대,,미국,미국,,,,"어드벤처,전쟁",라슬로 베네덱,록 허드슨
간다천 음란전쟁,,일본,일본,,,,기타,구로사와 기요시,아소 우사기
2019 방탄소년단 월드 투어 '러브 유어셀프 : 스피크 유어셀프' 런던 리마스터링,2025-09-23,한국,한국,,메가박스중앙(주),전체관람가,공연,,"김남준,김석진,민윤기,정호석,박지민,김태형,전정국"
2021 방탄소년단 머스터 소우주 리마스터링,2025-09-23,한국,한국,,메가박스중앙(주),전체관람가,공연,,"김남준,김석진,민윤기,정호석,박지민,김태형,전정국"
인간합격,,일본,일본,,,,드라마,구로사와 기요시,
애프터매스: 브릿지,2025-09-25,미국,미국,,와이드 릴리즈(주),15세이상관람가,"액션,스릴러",패트릭 루지어,
제8회 전주국제단편영화제 개막작,,기타,기타,,,,드라마,,
거대한 환영,,일본,일본,,,,드라마,구로사와 기요시,"타케다 신지,타다노 미아코"
도레미파 소녀의 피가 끓는다,,일본,일본,,,,기타,구로사와 기요시,
"힘을 내요, 미스터 리",2019-09-11,한국,한국,"(주)용필름,(주)덱스터스튜디오",(주)넥스트엔터테인먼트월드(NEW),12세이상관람가,"코미디,드라마",이계벽,"차승원,신정윤,엄채영,박해준,김혜옥,안길강,전혜빈,류한비,조한철,성지루,김법래,정원중,신현빈,정준원,정희태,안민영,지이수,윤병희,이승원,오태경,황성준,한동원,송재룡,신기원,이미정,길정우,안성원,구준우,권순준,배경을,이한생,오소현,김기정,배정웅,최소현,권오상,김도연,조정원,서동오,남태부,백은경,임지영,온세미,신정윤,류인영,원유현,김민아,신진희,김지연,지한아,소아린,김빛나라,이가영,강경우,김준오,전누림,서율,정승현,신지언,정의진,김수정,황재필,오영은,박소현,정현우,박성용,박찬유,정영섭,유화,김광태,김미서,경인선,이우신,이금주,선우,서인혁,이승엽,강민재,임석진,김정복"
카르멘 : 파리 오페라&발레,,프랑스,프랑스,,(주)위즈온센,,공연,,
복수: 지워지지 않는 상흔,,일본,일본,,,,액션,구로사와 기요시,
제8회 전주국제단편영화제 국내경쟁3,,한국,한국,,,,드라마,,
복수 : 운명의 방문자,,일본,일본,,,,액션,구로사와 기요시,"아이카와 쇼,무사카 나오마사,오스기 렌"
제8회 전주국제단편영화제 감독전,,한국,한국,,,,드라마,,
제8회 전주국제단편영화제 로컬시네마 & 개막작 (전주영상위원회 지원작),,한국,한국,,,,드라마,,
지평선들,,미국,미국,,,,기타,,
낮술,2009-02-05,한국,한국,스톤워크,(주)영화사 진진,15세이상관람가,"코미디,드라마",노영석,"송재하,육상엽,탁성준,노영석,이란희,최경미,윤수안,이도희,김영수,양미숙,윤경호"
제8회 전주국제단편영화제 국내경쟁2,,한국,한국,,,,"드라마,코미디,SF",,
제8회 전주국제단편영화제 전북경쟁1,,한국,한국,,,,"드라마,SF",,
제8회 전주국제단편영화제 국내경쟁1,,한국,한국,,,,"드라마,SF",,
클림트와 쉴레. 에로스와 프시케,2025-09-30,이탈리아,이탈리아,,일미디어,15세이상관람가,다큐멘터리,,
제8회 전주국제단편영화제 국제경쟁2,,기타,기타,,,,드라마,,
제8회 전주국제단편영화제 국제경쟁3,,기타,기타,,,,드라마,,
제8회 전주국제단편영화제 사계절섹션,,한국,한국,,,,드라마,,
제8회 전주국제단편영화제 전북경쟁2,,한국,한국,,,,"코미디,드라마,애니메이션",,
제8회 전주국제단편영화제 국제경쟁1,,기타,기타,,,,드라마,,
미니언즈2,2022-07-20,미국,미국,,유니버설픽쳐스인터내셔널 코리아(유),전체관람가,"애니메이션,어드벤처,코미디",카일 발다,"피에르 꼬팽,스티브 카렐,타라지 P. 헨슨"
실라오스 + 광채,,기타,기타,,,,기타,,
데칼로그 4,,폴란드,폴란드,,,,기타,크지슈토프 키에슬로프스키,
데칼로그 6,,폴란드,폴란드,,,,기타,크지슈토프 키에슬로프스키,
데칼로그 5,,폴란드,폴란드,,,,기타,크지슈토프 키에슬로프스키,
내일,2018-04-05,프랑스,프랑스,,플랫폼C,전체관람가,다큐멘터리,"시릴 디옹,멜라니 로랑",
1분만에 바로 직결되는 윗집 유부녀,2025-09-24,일본,일본,,(주)나우콘텐츠,청소년관람불가,"드라마,성인물(에로)",,
3미녀 가랑이에 3번 발사 가능한 음식점에 방문했다,2025-09-25,일본,일본,,(주)두리컴미디어,청소년관람불가,성인물(에로),,
3일간 아내 몰래 처제와 꿀맛 같은 섹스,2025-09-25,일본,일본,,(주)영화사 사계절,청소년관람불가,멜로/로맨스,,
9월 수요단편극장,,한국,한국,,,,기타,,
S급 형수님 몸매 후리기,2025-09-23,일본,일본,,(주)씨맥스커뮤니케이션즈,청소년관람불가,성인물(에로),,
나를 노골적으로 자극하는 여상사의 플러팅,2025-09-23,일본,일본,,(주)도키엔터테인먼트,청소년관람불가,성인물(에로),,
나의 테크닉에 벌어진 알바녀,2025-09-24,일본,일본,,(주)씨맥스커뮤니케이션즈,청소년관람불가,성인물(에로),,
남의 아내가 더 좋은 이유 7가지,2025-09-28,일본,일본,,(주)티씨알씨앤엠,청소년관람불가,성인물(에로),나가에 타카미,
넣기만 해도 싸버리는 여직원,2025-09-24,일본,일본,,(주)씨맥스커뮤니케이션즈,청소년관람불가,성인물(에로),,
돌아온 여상사의 음란 출장,2025-09-28,일본,일본,,(주)티씨알씨앤엠,청소년관람불가,성인물(에로),,
딸의 남친의 옷을 벗긴 건 그녀의 엄마였다,2025-09-22,일본,일본,,(주)도키엔터테인먼트,청소년관람불가,성인물(에로),,
마를 날 없는 새댁 가랑이 파훼,2025-09-26,일본,일본,,(주)영진크리에이티브,청소년관람불가,성인물(에로),,
묵은 욕정 다 빼주는 섹스 파트너,2025-09-23,일본,일본,,(주)씨맥스커뮤니케이션즈,청소년관람불가,성인물(에로),,
부장님 아내가 현자타임에서 다시 유혹하는 기술,2025-09-22,일본,일본,,(주)도키엔터테인먼트,청소년관람불가,성인물(에로),,
브이아이피 클럽 지명 1위 노조미 음탕한 욕망,2025-09-24,일본,일본,,(주)두리컴미디어,청소년관람불가,성인물(에로),,
선택적 성욕조절장애의 엄마친구,2025-09-22,일본,일본,,(주)도키엔터테인먼트,청소년관람불가,성인물(에로),,
섹스리스에 자존감버린 새엄마가 대쉬하다,2025-09-22,일본,일본,,(주)도키엔터테인먼트,청소년관람불가,성인물(에로),,
섹스에 중독된 소녀 그리고 유부녀2,2025-09-27,한국,한국,스마일컨텐츠,스마일컨텐츠,청소년관람불가,성인물(에로),성기만,
스와핑 자매,2025-09-26,한국,한국,유한회사 스튜디오루나,유한회사 스튜디오루나,청소년관람불가,"성인물(에로),멜로/로맨스",김태수,
시아버지의 7일간 연속 정사 무삭제,2025-09-22,일본,일본,,(주)코빈커뮤니케이션즈,청소년관람불가,성인물(에로),,
씨물 맛에 빠진 간호사 처제의 유혹,2025-09-26,일본,일본,,(주)영진크리에이티브,청소년관람불가,성인물(에로),,
아내 몰래 옆집 여자와 임신연습,2025-09-24,일본,일본,,(주)두리컴미디어,청소년관람불가,성인물(에로),,
아버님의 거근 삼킨 가랑이 무삭제판,2025-09-25,일본,일본,,주식회사 케이앤아이,청소년관람불가,멜로/로맨스,,
아빠의 재혼상대가 나에게 얘기한 섹스조건,2025-09-23,일본,일본,,(주)도키엔터테인먼트,청소년관람불가,성인물(에로),,
아저씨 품에 안겨 젖어버린 어린 여대생,2025-09-23,일본,일본,,(주)두리컴미디어,청소년관람불가,성인물(에로),,
안해본 섹스가 없다는 친구엄마,2025-09-23,일본,일본,,(주)도키엔터테인먼트,청소년관람불가,성인물(에로),,
알고 보니 구멍 동서,2025-09-22,일본,일본,,(주)씨맥스커뮤니케이션즈,청소년관람불가,성인물(에로),,
엄마 친구들 6,2025-09-25,한국,한국,(주)영화사가을,(주)영화사가을,청소년관람불가,멜로/로맨스,,
엄마친구가 기분좋을때 하는 행동,2025-09-22,일본,일본,,(주)도키엔터테인먼트,청소년관람불가,성인물(에로),,
여자가 스스로 무릎을 벌릴때,2025-09-25,한국,한국,(주)영화사가을,(주)영화사가을,청소년관람불가,멜로/로맨스,,
연신 벌려 받아주는 직장여성,2025-09-22,일본,일본,,(주)씨맥스커뮤니케이션즈,청소년관람불가,성인물(에로),,
유부녀의 맛 2,2025-09-26,한국,한국,(주)까멜리아이엔티,(주)까멜리아이엔티,청소년관람불가,멜로/로맨스,김태수,
이대남과 젊은 주부 쾌락의 합체시간,2025-09-25,일본,일본,,(주)두리컴미디어,청소년관람불가,성인물(에로),,
이번 한 번 뿐이라면 해도 좋다는 새엄마,2025-09-22,일본,일본,,(주)도키엔터테인먼트,청소년관람불가,성인물(에로),,
처제의 첫경험,2025-09-26,한국,한국,유한회사 스튜디오루나,유한회사 스튜디오루나,청소년관람불가,"성인물(에로),멜로/로맨스",김태수,
초흥분 MZ녀:질질 싸는건 처음,2025-09-26,일본,일본,,(주)영진크리에이티브,청소년관람불가,성인물(에로),,
치마 반쯤 내리고 주는 결혼한 여직원,2025-09-23,일본,일본,,(주)두리컴미디어,청소년관람불가,성인물(에로),,
치한전철 그녀의 마음을 따버린 손놀림,2025-09-22,일본,일본,,(주)도키엔터테인먼트,청소년관람불가,성인물(에로),,
하고 싶은... 나의 선생님,2025-09-22,일본,일본,,(주)코빈커뮤니케이션즈,청소년관람불가,성인물(에로),,
한번이라면 오늘만이라면 받아준 새엄마,2025-09-22,일본,일본,,(주)도키엔터테인먼트,청소년관람불가,성인물(에로),,
회사에는 비밀로 할 테니 넣어주세요 무삭제판,2025-09-24,일본,일본,,(주)플라이어,청소년관람불가,"드라마,성인물(에로)",,
김종관 단편선 1,,한국,한국,,,,드라마,김종관,
김종관 단편선 2,,한국,한국,,,,드라마,김종관,
김종관 단편선 3,,한국,한국,,,,드라마,김종관,
아무도 없는 곳,2021-03-31,한국,한국,볼미디어(주),(주)엣나인필름,15세이상관람가,드라마,김종관,"연우진,김상호,아이유,문숙,이주영,윤혜리,김금순,임선우,백창수,양성훈,김수복,이영근,조희영,강현숙,전혜진,장해민,송해나,김현주,이나영,장세환,양택호,임선우,김영희,고재운,모정민,이가영,윤지원,오상호,오운백,윤양자,우성민"
조제,2020-12-10,한국,한국,볼미디어(주),워너브러더스 코리아(주),15세이상관람가,"멜로/로맨스,드라마",김종관,"한지민,남주혁,허진,박예진,조복래,이소희,이성욱,김금순,장세원,윤혜리,유영현,정이서,김승비,설창희,이주영,김현숙,심완준,오소현,장세환,양택호,김하언,김수복,김성하,김동인,황도윤,박은지,진시원,이진수,이종운,박상운,김강희,임호상,김경재,송명석,박서경"
아바타: 물의 길,2022-12-14,미국,미국,,월트디즈니컴퍼니코리아 유한책임회사,12세이상관람가,"액션,어드벤처,SF,스릴러",제임스 카메론,"조 샐다나,샘 워싱턴,시고니 위버,스티븐 랭,케이트 윈슬렛"
워킹맨,2025-10-01,미국,"미국,영국",,"메가박스중앙(주),(주)스튜디오디에이치엘",청소년관람불가,"액션,스릴러,범죄",데이비드 에이어,"제이슨 스타뎀,제이슨 플레밍,마이클 페나,데이빗 하버"
극장판 주술회전: 회옥·옥절,2025-10-16,일본,일본,,메가박스중앙(주),15세이상관람가,애니메이션,고쇼조노 쇼타,
귀목: 피의 혼례,2025-10-01,베트남,베트남,,롯데컬처웍스(주)롯데시네마,청소년관람불가,"공포(호러),미스터리",르 반 키엣,
나쁜계집애: 달려라 하니,2025-10-07,한국,한국,"(주)플레이칸,(주)스튜디오고인돌,(주)레드독컬처하우스",(주)넥스트엔터테인먼트월드(NEW),전체관람가,애니메이션,허정수,"강시현,홍범기,정혜원,이상호,이새벽,김현욱,곽규미"
트론: 아레스,2025-10-08,미국,미국,,월트디즈니컴퍼니코리아 유한책임회사,12세이상관람가,"SF,액션",요아킴 뢰닝,"자레드 레토,그레타 리,에반 피터스,질리언 앤더슨,제프 브리지스"
매매꾼,1989-08-26,한국,한국,남아진흥(주),(주)프리즘웍스,"연소자관람불가,청소년관람불가",멜로/로맨스,방순덕,"이동준,김문희"
보디가드: 여전사,2025-10-01,중국,중국,,주식회사 풍경소리,15세이상관람가,"액션,범죄",,
경성유랑극단,2025-10-24,한국,한국,경남청년문화창업협동조합,주식회사 씨엠닉스,12세이상관람가,"드라마,뮤지컬,전쟁",박진용,"진형길,박도욱,서소현,조상웅,김연준,오치운,강원재,지혜영,최형서,하효정,박혜원,고석진,나율"
나의 S 파트너,2025-10-02,스페인,스페인,,TCO(주)더콘텐츠온,청소년관람불가,"멜로/로맨스,드라마",,
중간계,2025-10-15,한국,한국,(주)포엔터테인먼트,씨제이 씨지브이(CJ CGV)(주),15세이상관람가,액션,강윤성,"변요한,김강우,방효린,임형준,양세종,이무생,강명환"
마작,2025-10-15,대만,대만,,(주)디스테이션,15세이상관람가,드라마,에드워드 양,"가우륜,비르지니 르도엥,장첸"
스타 이즈 본,2018-10-09,미국,미국,,워너브러더스 코리아(주),15세이상관람가,"드라마,멜로/로맨스",브래들리 쿠퍼,"브래들리 쿠퍼,레이디 가가,샘 엘리엇,그렉 그룬버그"
리얼 완전한 수장룡의 날,,일본,일본,,,,"미스터리,드라마",구로사와 기요시,
난징사진관,2025-11-05,중국,중국,,"주식회사 콘텐츠존,(주)다자인소프트",15세이상관람가,드라마,신오,류호연
페티시의 하늘 아래 + 변어로(퀴어 피쉬 레인),,기타,기타,,,,기타,,
너를 보내는 숲,2008-04-24,일본,일본,,(주)영화사 진진,전체관람가,드라마,가와세 나오미,사이토 요이치로
탐욕,,미국,미국,,,,드라마,에리히 폰 슈트로하임,"깁슨 가울랜드,자수 피츠,진 허쇼트"
마지막 4중주,2013-07-25,미국,미국,,(주)티캐스트,15세이상관람가,드라마,야론 질버만,"필립 세이모어 호프만,크리스토퍼 월켄,캐서린 키너,마크 이바니르"
파이브 데이즈,2025-09-30,중국,중국,,(주)스튜디오디에이치엘,15세이상관람가,"드라마,범죄",,"리홍치,혜영홍"
제95회 작은영화영화제 - 감독이 부캐?!: 다양한 영화직업 사람들의 이야기,,한국,한국,,,,드라마,,
빅 퍼레이드,,미국,미국,,,,"전쟁,멜로/로맨스",킹 비더,"존 길버트,르네 아도르"
쇼아 1부,,프랑스,프랑스,,,,다큐멘터리,클로드 란즈만,
근본주의자,2025-10-01,한국,한국,고브로 필름,주식회사 씨엠닉스,15세이상관람가,"코미디,드라마,가족,액션",고봉수,"백승환,이진주,고주환,신민재"
쇼아 2부,,프랑스,프랑스,,,,다큐멘터리,클로드 란즈만,
상간시대 무삭제판,2025-10-03,한국,한국,(주)파랑새미디어,(주)영진크리에이티브,청소년관람불가,"성인물(에로),드라마,멜로/로맨스",이타치,
출장 오피걸의 두 가지 맛,2025-10-03,한국,한국,(주)파랑새미디어,(주)파랑새미디어,청소년관람불가,"성인물(에로),드라마,멜로/로맨스",이타치,
10년만에 만난 선생님에게 조련 당한 여자,2025-10-01,일본,일본,,(주)나우콘텐츠,청소년관람불가,"드라마,성인물(에로)",키토루네 가와구치,
그녀가 나를 희롱한 침대,2025-09-30,일본,일본,,(주)도키엔터테인먼트,청소년관람불가,성인물(에로),,
"깊고, 좁고, 촉촉한 처형의 유혹 무삭제",2025-09-29,일본,일본,,(주)코빈커뮤니케이션즈,청소년관람불가,성인물(에로),,
남자를 빨아먹는 유부녀들,2025-09-30,일본,일본,,(주)도키엔터테인먼트,청소년관람불가,성인물(에로),,
남편을 위해 상사에게 당하다 느끼는 아내,2025-10-01,일본,일본,,(주)나우콘텐츠,청소년관람불가,"드라마,성인물(에로)",오자키 히로코우지,
남편을 위해 참아낸 치욕절정,2025-10-05,일본,일본,,(주)도키엔터테인먼트,청소년관람불가,성인물(에로),,
농염한 장모님의 흠뻑 젖은 그곳,2025-10-04,일본,일본,,(주)티씨알씨앤엠,청소년관람불가,성인물(에로),,
다다미방과 빨간 소파의 유부녀들,2025-09-30,일본,일본,,(주)도키엔터테인먼트,청소년관람불가,성인물(에로),,
뒷계정으로 만난 여친 여동생과의 비밀연애,2025-10-01,일본,일본,,(주)나우콘텐츠,청소년관람불가,"드라마,성인물(에로)",미시마 로쿠사부로,
며느리 욕정에 사로잡힌 시아버지,2025-10-05,일본,일본,,(주)티씨알씨앤엠,청소년관람불가,성인물(에로),나베,
몸으로 열어준 투자설명회,2025-09-29,일본,일본,,(주)티씨알씨앤엠,청소년관람불가,성인물(에로),사다오카 사다오,키자키 제시카
발정 난 사위 담당은 농염한 장모,2025-10-04,일본,일본,,(주)티씨알씨앤엠,청소년관람불가,성인물(에로),,
발정나 벌어진 장모 허벅지,2025-10-03,한국,한국,,(주)씨맥스커뮤니케이션즈,청소년관람불가,성인물(에로),,
부적절한 관계 : 아버지의 여자,2025-10-01,일본,일본,,(주)티씨알씨앤엠,청소년관람불가,성인물(에로),사다오카 사다오,카와카미 나나미
불륜 : 먼저 먹는 놈이 임자,2025-09-30,한국,한국,(주)영화사가을,(주)영화사가을,청소년관람불가,멜로/로맨스,,
새엄마가 스타킹을 벗기라고 했다,2025-09-30,일본,일본,,(주)도키엔터테인먼트,청소년관람불가,성인물(에로),,
새엄마의 성교육,2025-09-29,일본,일본,,(주)티씨알씨앤엠,청소년관람불가,"성인물(에로),멜로/로맨스",칸바라 나오토,키자키 제시카
새엄마의 입기술에 녹아내린 육체,2025-09-30,일본,일본,,(주)도키엔터테인먼트,청소년관람불가,성인물(에로),,
색녀 상사와 황홀해서 아침까지,2025-10-02,일본,일본,,(주)티씨알씨앤엠,청소년관람불가,성인물(에로),스이세이 아카이,
속궁합 100% 여자들,2025-09-30,한국,한국,(주)영화사가을,(주)영화사가을,청소년관람불가,멜로/로맨스,,
시아버지 쾌락의 포로가 된 며느리,2025-10-03,일본,일본,,(주)티씨알씨앤엠,청소년관람불가,성인물(에로),토미죠 타로,
시아버지에게 중독된 며느리,2025-10-05,일본,일본,,(주)티씨알씨앤엠,청소년관람불가,성인물(에로),쇼오텐시로오,
신입직원만 골라 잡아먹는 미녀 여상사,2025-10-01,일본,일본,,(주)나우콘텐츠,청소년관람불가,"드라마,성인물(에로)",,
싫어하는 선배에게 잔뜩 안겨버린 여대생,2025-10-01,일본,일본,,(주)나우콘텐츠,청소년관람불가,"드라마,성인물(에로)",트렌디 야마구치,
아요이 미즈키의 섹스 일기,2025-09-29,일본,일본,,(주)코빈커뮤니케이션즈,청소년관람불가,성인물(에로),,
아침발기에 흥분한 새엄마의 손이 나를 잡고,2025-10-05,일본,일본,,(주)도키엔터테인먼트,청소년관람불가,성인물(에로),,
안쪽까지 새겨진 선생님의 야한 물건,2025-09-29,일본,일본,,(주)코빈커뮤니케이션즈,청소년관람불가,성인물(에로),,
애인이 돼버린 미녀 마사지사,2025-09-30,일본,일본,,(주)티씨알씨앤엠,청소년관람불가,성인물(에로),,
엄마의 욕정은 딜레마,2025-09-30,일본,일본,,(주)티씨알씨앤엠,청소년관람불가,성인물(에로),,
엄마친구 유카짱과 이성붕괴,2025-10-05,일본,일본,,(주)도키엔터테인먼트,청소년관람불가,성인물(에로),,
여상사의 무한성욕에 말라가는 부하직원,2025-10-01,일본,일본,,(주)나우콘텐츠,청소년관람불가,"드라마,성인물(에로)",니쿠손,
여친 엄마와 음란한 삼각관계,2025-10-01,일본,일본,,(주)티씨알씨앤엠,청소년관람불가,성인물(에로),키토루네 가와구치,
욕구 불만 사위와 온몸으로 말하는 장모,2025-10-03,일본,일본,,(주)티씨알씨앤엠,청소년관람불가,성인물(에로),,
욕탕의 새엄마가 들어오란다,2025-09-30,일본,일본,,(주)도키엔터테인먼트,청소년관람불가,성인물(에로),,
유부녀들이 노린 아랫도리,2025-09-30,일본,일본,,(주)도키엔터테인먼트,청소년관람불가,성인물(에로),,
음기 충만 핵바디 며느리,2025-10-02,일본,일본,,(주)티씨알씨앤엠,청소년관람불가,성인물(에로),,
음란한 신입사원 무삭제,2025-09-29,일본,일본,,(주)코빈커뮤니케이션즈,청소년관람불가,성인물(에로),,
절대만족 폭유엉덩이의 소프랜드,2025-10-05,일본,일본,,(주)도키엔터테인먼트,청소년관람불가,성인물(에로),,
쪼이는 화난 엉덩이의 여성 코치 무삭제판,2025-10-01,일본,일본,,(주)플라이어,청소년관람불가,"드라마,성인물(에로)",,
출장지에서 상사에게 몇번이나 가버린 여직원,2025-10-01,일본,일본,,(주)나우콘텐츠,청소년관람불가,"드라마,성인물(에로)",,
친구엄마와 역대급으로 하면 안되는 행동,2025-09-30,일본,일본,,(주)도키엔터테인먼트,청소년관람불가,성인물(에로),,
큰 엉덩이로 유혹하는 옆집 슬렌더 누나,2025-10-01,일본,일본,,(주)나우콘텐츠,청소년관람불가,"드라마,성인물(에로)",,
흑인 물건 맛에 빠져버린 인기 블로거,2025-10-01,일본,일본,,(주)나우콘텐츠,청소년관람불가,"드라마,성인물(에로)",,
퐁당퐁당 러브: 더 무비,2025-10-09,한국,한국,,롯데컬처웍스(주)롯시플,12세이상관람가,멜로/로맨스,김지현,"윤두준,김슬기"
투모로우바이투게더 브이알 콘서트 : 하트 어택,2025-10-10,한국,한국,(주)어메이즈브이알코리아,(주)어메이즈브이알코리아,전체관람가,공연,김지애,"수빈,연준,범규,태현,휴닝카이"
도쿄 리벤저스2: 결전,2025-10-10,일본,일본,,(주)플레이그램,15세이상관람가,"액션,드라마",하나부사 츠토무,"키타무라 타쿠미,요시자와 료"
포제션,2025-10-08,프랑스,프랑스,,찬란,청소년관람불가,"드라마,공포(호러)",안드레이 줄랍스키,"이자벨 아자니,샘 닐"
하우스 오브 다이너마이트,2025-10-08,미국,미국,,씨제이 씨지브이(CJ CGV)(주),12세이상관람가,스릴러,캐서린 비글로우,"이드리스 엘바,레베카 퍼거슨,가브리엘 바쏘,안소니 라모스,자레드 해리스,그레타 리"
코렐라인,2009-05-21,미국,미국,,(주)로커스,"12세이상관람가,전체관람가","애니메이션,가족,판타지,어드벤처,드라마",헨리 셀릭,"다코타 패닝,테리 해처,키스 데이빗"
세븐,1995-11-11,미국,미국,뉴라인 시네마,"워너브러더스 코리아(주),(주)드림팩트엔터테인먼트","연소자관람불가,청소년관람불가","범죄,스릴러",데이빗 핀처,"브래드 피트,모건 프리먼,기네스 팰트로우"
티티컷 풍자극,,미국,미국,,,,다큐멘터리,프레데릭 와이즈만,
디바 야누스,2025-10-22,한국,한국,로그필름,(주)디스테이션,전체관람가,다큐멘터리,조은성,박성연
청소년 법원,,미국,미국,,,,다큐멘터리,프레데릭 와이즈만,
우리집,2019-08-22,한국,한국,(주)아토,롯데컬처웍스(주)롯데엔터테인먼트,전체관람가,"드라마,가족",윤가은,"김나연,김시아,주예림,안지호,손석배,강민준,김한나,최정인,민수빈,김경환,설시연,설혜인,박창현,신동석,김미영,신하영,김민수,김민식,우승민,김범준,김서율,김세호,김수연,김현정,김인이,김인이,이주원,최서연,김재경,임지형,이서연,장승민,최예린,제정주,장혜진,최유정,최유진,조성규,김정자,김종숙,이진희,강경원,이가은,김준범,최지훈,김준희,최현정,최현진,김민옥,김민후,김소은,김아인,정수영,이우성,정수지,김철인,조해민,조현아,명문식,남지해,유나로,정우영,정규진,유인선,유초신,김태영,김태엽,정수일,민현우,정유리,승주영,정윤희,정은경,천현우,정진현,이귀연,최민재,최선정,이태용,안규화,최수안,최수인,안채린,이재호,박윤전,최유란,임가은,이완태,양수현,백가름,장필상,전석찬,정가온,정건우,오승화,설의석,장민준,오혁진,설혜원,송지해,한건우,한별희,황시연,황은후,한준모,함지성,현도윤,박수진,백경원"
고스트 댄스,,영국,"영국,서독",,,,드라마,,
"[낫띵벗필름x인디스페이스 10월] 이영아: 햇빛 가득한 숲속, 흙길 한편에 남은 너의 발자국.",,한국,한국,,,,드라마,,
이집트,,미국,미국,,,,드라마,마이클 커티즈,"장 시몬즈,빅토르 머쳐"
알파치노의 허수아비,,미국,미국,,,,드라마,제리 슈바츠버그,"진 해크만,알 파치노"
영장류,,미국,미국,,,,다큐멘터리,프레데릭 와이즈만,
이장,2020-03-25,한국,한국,㈜인디스토리,㈜인디스토리,12세이상관람가,"드라마,가족,코미디,판타지",정승오,"장리우,곽민규,공민정,윤금선아,이선희,강민준,송희준,유순웅,강선숙,윤부진,엄태화,임호준,이영석,송유현"
대구도시영화제 - 단편섹션,,한국,한국,,,,"드라마,다큐멘터리",,
에세네 파,,미국,미국,,,,다큐멘터리,프레데릭 와이즈만,
버팔로 `66,2000-09-23,미국,미국,라이온스 게이트 필름즈,,18세관람가,"코미디,드라마",빈센트 갈로,"빈센트 갈로,크리스티나 리치,로잔나 아퀘트"
병원,,미국,미국,,,,다큐멘터리,프레데릭 와이즈만,
노틀담의 꼽추,1971-07-31,프랑스,프랑스,,,중학생이상관람가,"드라마,멜로/로맨스",장 들라누와,"안소니 퀸,지나 롤로브리지다"
법과 질서,,미국,미국,,,,다큐멘터리,프레데릭 와이즈만,
운하 지구,,미국,미국,,,,다큐멘터리,프레데릭 와이즈만,
브라운 버니,,미국,"미국,일본,프랑스",,,,드라마,빈센트 갈로,"빈센트 갈로,클로에 세비니"
기초 군사 훈련,,미국,미국,,,,다큐멘터리,프레데릭 와이즈만,
데칼로그 7,,폴란드,폴란드,,,,기타,크지슈토프 키에슬로프스키,
데칼로그 8,,폴란드,폴란드,,,,기타,크지슈토프 키에슬로프스키,
늙은 철도원의 조용한삶,,이란,이란,,,,드라마,,
침묵,,스웨덴,스웨덴,,,,드라마,잉마르 베리만,"잉그리드 서린,군넬 린드블롬,비어게르 말름스텐"
AV배우 유이나의 화끈한 팬서비스,2025-10-10,일본,일본,,(주)영진크리에이티브,청소년관람불가,"성인물(에로),드라마,멜로/로맨스",,
거유 숙모의 수치플레이,2025-10-06,일본,일본,,(주)도키엔터테인먼트,청소년관람불가,성인물(에로),,
관음증:시각 장애인 서비스,2025-10-10,일본,일본,,(주)파랑새미디어,청소년관람불가,"성인물(에로),드라마,멜로/로맨스",,
권태기의 형수는 내몸이 더좋다는데,2025-10-06,일본,일본,,(주)도키엔터테인먼트,청소년관람불가,성인물(에로),,
근육남에게 눈 돌아간 노처녀,2025-10-09,한국,한국,(주)샤이커뮤니케이션즈,(주)샤이커뮤니케이션즈,청소년관람불가,성인물(에로),,
끝내주는 가슴의 육덕 새엄마,2025-10-11,일본,일본,,(주)영진크리에이티브,청소년관람불가,"성인물(에로),드라마,멜로/로맨스",,
남편 사채 빚을 갚으려다 각성한 아내,2025-10-07,일본,일본,,(주)도키엔터테인먼트,청소년관람불가,성인물(에로),,
남편 친구에게 바쳐진 아내,2025-10-07,일본,일본,,(주)도키엔터테인먼트,청소년관람불가,성인물(에로),,
남편몰래 대물남과 떡치는 유부녀,2025-10-11,일본,일본,,(주)영진크리에이티브,청소년관람불가,"성인물(에로),드라마,멜로/로맨스",,
데이트앱에서 만난 나쁜남자,2025-10-07,일본,일본,,(주)도키엔터테인먼트,청소년관람불가,성인물(에로),,
맛 좋은 신도시 아줌마,2025-10-10,한국,한국,(주)샤이커뮤니케이션즈,(주)샤이커뮤니케이션즈,청소년관람불가,성인물(에로),,
며느리 욕정에 사로잡힌 시아버지 2,2025-10-06,일본,일본,,(주)티씨알씨앤엠,청소년관람불가,성인물(에로),아사기리 키요시,
묵직한 대물에 빠져버린 여 과장,2025-10-08,한국,한국,(주)샤이커뮤니케이션즈,(주)샤이커뮤니케이션즈,청소년관람불가,성인물(에로),,
문란한 자매와 착한 형부,2025-10-08,한국,한국,(주)샤이커뮤니케이션즈,(주)샤이커뮤니케이션즈,청소년관람불가,성인물(에로),,
물 잘 빼주는 여 선배,2025-10-10,한국,한국,(주)샤이커뮤니케이션즈,(주)샤이커뮤니케이션즈,청소년관람불가,성인물(에로),,
미녀 와이프의 비밀:그룹 섹스,2025-10-10,일본,일본,,(주)영진크리에이티브,청소년관람불가,"성인물(에로),드라마,멜로/로맨스",,
바디체인지 무삭제판,2025-10-11,일본,일본,,(주)영진크리에이티브,청소년관람불가,"성인물(에로),드라마,멜로/로맨스",,
바람핀 남편 설교하러 왔다가 속궁합맞은 친구,2025-10-06,일본,일본,,(주)도키엔터테인먼트,청소년관람불가,성인물(에로),,
배달 청년을 속이려다 당한 꽃뱀녀,2025-10-07,일본,일본,,(주)도키엔터테인먼트,청소년관람불가,성인물(에로),,
벌써 흥건한 거유 숙모와의 추억,2025-10-06,일본,일본,,(주)도키엔터테인먼트,청소년관람불가,성인물(에로),,
"비밀이야 : 새엄마, 친구엄마, 장모님",2025-10-10,한국,한국,(주)영화사가을,(주)영화사가을,청소년관람불가,멜로/로맨스,,
새엄마가 곧추세운 날 무삭제판,2025-10-10,일본,일본,,(주)영진크리에이티브,청소년관람불가,"성인물(에로),드라마,멜로/로맨스",,
속옷 벗은 유부녀의 다리 사이,2025-10-06,일본,일본,,(주)도키엔터테인먼트,청소년관람불가,성인물(에로),,
시아버지를 보내버린 간호사 며느리,2025-10-07,일본,일본,,(주)도키엔터테인먼트,청소년관람불가,성인물(에로),,
시아버지에게 중독된 며느리 2,2025-10-07,일본,일본,,(주)티씨알씨앤엠,청소년관람불가,성인물(에로),,
시아버지와의 속궁합에 정말로 맞은 며느리,2025-10-06,일본,일본,,(주)도키엔터테인먼트,청소년관람불가,성인물(에로),,
알바가 끝난 새엄마의 땀냄새에 발기,2025-10-06,일본,일본,,(주)도키엔터테인먼트,청소년관람불가,성인물(에로),,
어린 남자는 참기 힘든 육덕녀,2025-10-09,한국,한국,(주)샤이커뮤니케이션즈,(주)샤이커뮤니케이션즈,청소년관람불가,성인물(에로),,
어차피 후회할거라면 지금 즐기자는 옆집유부녀,2025-10-07,일본,일본,,(주)도키엔터테인먼트,청소년관람불가,성인물(에로),,
여상사의 유혹 : 저를 맛보세요!! 무삭제,2025-10-06,일본,일본,,(주)코빈커뮤니케이션즈,청소년관람불가,성인물(에로),,
외간 남자 마사지 손길에 흥분한 유부녀,2025-10-07,일본,일본,,(주)티씨알씨앤엠,청소년관람불가,성인물(에로),니쿠손,
유부녀의 침대가 흠뻑 젖은 이유,2025-10-06,일본,일본,,(주)도키엔터테인먼트,청소년관람불가,성인물(에로),,
이혼한 남편의 친구가 실은 나의 전남친,2025-10-07,일본,일본,,(주)도키엔터테인먼트,청소년관람불가,성인물(에로),,
즉시 발사 주의보,2025-10-10,일본,일본,,주식회사 프로젝트4,청소년관람불가,성인물(에로),,
집주인에게 월세를 못내 몸을 바치다,2025-10-07,일본,일본,,(주)도키엔터테인먼트,청소년관람불가,성인물(에로),,
쫄깃한 리사-안까지 허락한 팬서비스,2025-10-11,일본,일본,,(주)영진크리에이티브,청소년관람불가,"성인물(에로),드라마,멜로/로맨스",,
친구 엄마의 위험한 욕정,2025-10-06,일본,일본,,(주)티씨알씨앤엠,청소년관람불가,성인물(에로),니쿠손,미즈노 아사히
카노의 음탕한 섹스온천,2025-10-06,일본,일본,,(주)코빈커뮤니케이션즈,청소년관람불가,성인물(에로),,
활짝 열린 핑크색 꽃잎들,2025-10-10,한국,한국,(주)영화사가을,(주)영화사가을,청소년관람불가,멜로/로맨스,,
검은 머리,,한국,한국,,,,액션,이만희,"문정숙,장동휘,이대엽"
돌아오지 않는 해병,,한국,한국,,,,"전쟁,드라마,액션",이만희,"구봉서,최성,최무룡,이대엽"
마의 계단,,한국,한국,,,,"드라마,스릴러,미스터리",이만희,"김진규,문정숙"
브리티시 사운드,,영국,영국,,,,다큐멘터리,장 뤽 고다르,
빌리 엘리어트,2001-02-16,영국,"영국,프랑스",,"(주)팝엔터테인먼트,유아이피-씨아이씨영화및비디오배급(유)","12세이상관람가,12세관람가","가족,드라마",스티븐 달드리,"제이미 벨,줄리 월터스"
영향1: 고다르와 오톨리스 그룹,,기타,기타,,,,기타,,
영향2: 고다르와 파로키,,기타,기타,,,,기타,,
즐거운 지식,,프랑스,"프랑스,서독",,,,드라마,장 뤽 고다르,
이찬원 정규 2집 ‘찬란’ 청음회,,한국,한국,(주)영화사 그램,"롯데컬처웍스(주)롯시플,(주)영화사 그램",전체관람가,기타,나상인,이찬원
퍼스트 라이드,2025-10-29,한국,한국,"주식회사 브레인샤워,주식회사 티에이치스토리(TH STORY)",(주)쇼박스,12세이상관람가,"코미디,드라마",남대중,"강하늘,김영광,차은우,강영석,한선화,김희성,배우진,김도경,이대겸,김수영,이도윤"
세계의 주인,2025-10-22,한국,한국,"(주)세모시,볼미디어(주)",(주)바른손이앤에이,12세이상관람가,드라마,윤가은,"서수빈,장혜진,김정식,강채윤,이재희,박지윤,김예창,고민시,백현주,변중희,문혜인,김민지,오정원,김윤정,이상희,이대연,김석훈,최강현,최가인,손승범,이서이,김지민,정은경,김준범,김그림,김도형,이승은"
베팅 위드 고스트: 보석 사냥꾼,2025-10-17,베트남,베트남,,"(주)디스테이션,주식회사 케이무비엔터테인먼트",15세이상관람가,"드라마,코미디",,
8번 출구,2025-10-22,일본,일본,,(주)넥스트엔터테인먼트월드(NEW),12세이상관람가,"스릴러,공포(호러)",카와무라 겐키,"니노미야 카즈나리,고마츠 나나"
부산포니아,2025-10-22,한국,한국,프로덕션 리버럴그로브,(주)삼백상회,12세이상관람가,드라마,이서호,
MSFF2025 인정사정 볼 것 없다 2,,한국,한국,,,,드라마,,
MSFF2025 품행제로 2,,한국,한국,,,,드라마,,
MSFF2025 기담 2,,한국,한국,,,,"드라마,애니메이션",,
MSFF2025 품행제로 3,,한국,한국,,,,"드라마,애니메이션",,
MSFF2025 질투는 나의 힘 1,,한국,한국,,,,드라마,,
MSFF2025 고양이를 부탁해 3,,한국,한국,,,,드라마,,
MSFF2025 고양이를 부탁해 1,,한국,한국,,,,드라마,,
MSFF2025 고양이를 부탁해 2,,한국,한국,,,,드라마,,
MSFF2025 질투는 나의 힘 3,,한국,한국,,,,드라마,,
MSFF2025 품행제로 1,,한국,한국,,,,드라마,,
MSFF2025 기담 3,,한국,한국,,,,"드라마,애니메이션",,
도쿄 카우보이,,미국,미국,,,,드라마,,
MSFF2025 기담 1,,한국,한국,,,,"드라마,애니메이션",,
MSFF2025 질투는 나의 힘 2,,한국,한국,,,,드라마,,
MSFF2025 인정사정 볼 것 없다 1,,한국,한국,,,,드라마,,
MSFF2025 인정사정 볼 것 없다 3,,한국,한국,,,,드라마,,
MSFF2025 고양이를 부탁해 5,,한국,한국,,,,드라마,,
MSFF2025 고양이를 부탁해 4,,한국,한국,,,,"드라마,애니메이션",,
라리랑,2025-10-29,한국,한국,641필름,(주)누리픽쳐스,12세이상관람가,"가족,코미디,드라마",나선희,"김종구,정애화,이주우,윤원준,손문영,변중희"
안동,2025-10-16,한국,한국,"마루아트센터(주),채널맥","마루아트센터(주),(주)드림팩트엔터테인먼트",12세이상관람가,"드라마,판타지",김홍익,"박수빈,허진우,이찬우,노현희,홍석연,여우린,서지안,류필기"
가나안 김용기-조국이여 안심하라,2025-10-22,한국,한국,파이오니아21,(주)드림팩트엔터테인먼트,12세이상관람가,다큐멘터리,김상철,
극장의 시간들,2026-03-18,한국,한국,(주)티캐스트,(주)티캐스트,전체관람가,드라마,"이종필,윤가은,장건재","김대명,이수경,홍사빈,고아성,양말복,장혜진,김연교,권해효,문상훈,민다은,용다연,유현지,이지영,주선홍,홍도성"
보이 킬스 월드,2025-10-16,미국,"미국,독일",,"(주)더쿱디스트리뷰션,(주)드림팩트엔터테인먼트",청소년관람불가,액션,모리츠 모어,"빌 스카스가드,제시카 로테,팜케 얀센"
화이트 아웃,2025-10-16,미국,미국,,(주)스튜디오디에이치엘,청소년관람불가,"액션,스릴러",,
이방인의 집,,미국,미국,,,,기타,조셉 L. 맨키위즈,"에드워드 G. 로빈슨,수잔 헤이워드"
가족이 되는 완벽한 방법,,뉴질랜드,"뉴질랜드,미국",,(주)플레이그램,12세이상관람가,"어드벤처,드라마,코미디",앤트 팀슨,일라이저 우드
레이오버 호텔: 기타큐슈,,한국,한국,유엠아이웍스 주식회사,,,드라마,,
미스 리틀 선샤인,2006-12-21,미국,미국,빅비치필름즈,이십세기폭스코리아(주),15세이상관람가,"코미디,드라마","조나단 데이턴,발레리 페리스","그렉 키니어,토니 콜레뜨"
보는 것을 사랑한다,2021-10-28,한국,한국,고양이구름 필름,(주)드림팩트엔터테인먼트,전체관람가,다큐멘터리,윤기형,"최불암,전무송"
세기의 끝,,아르헨티나,아르헨티나,,,,드라마,,
아이들은 즐겁다,2021-05-05,한국,한국,(주)영화사울림,"메가박스중앙(주) 플러스엠 엔터테인먼트,(주)영화사울림",전체관람가,드라마,이지원,"이경훈,박여경,박예찬,홍정민,박시완,옥예린,이상희,윤경호,공민정,허지나,변중희,조형래,장의돈,신지이,윤부진,김영선,박신운,이도경,임용순,김나인,박소윤,황선영,강진아,김태완"
월터의 상상은 현실이 된다,2013-12-31,미국,미국,,"글뫼 주식회사,이십세기폭스코리아(주)",12세이상관람가,"어드벤처,코미디,드라마",벤 스틸러,"벤 스틸러,크리스틴 위그,숀 펜,셜리 맥클레인"
인천 영화 주간 2025 씨네틴즈 人천 상영회,,한국,한국,,,,드라마,,
인투 더 와일드,,미국,미국,,,,"어드벤처,드라마",숀 펜,"에밀 허쉬,빈스 본,캐서린 키너"
해피 플라이트,2009-07-16,일본,일본,알타미라픽쳐스,프리비젼엔터테인먼트,전체관람가,"코미디,드라마",야구치 시노부,"아야세 하루카,타나베 세이이치"
그린 맨션,,미국,미국,,,,멜로/로맨스,멜 페레,"오드리 헵번,안소니 퍼킨스"
육사오(6/45),2022-08-24,한국,한국,"(주)티피에스컴퍼니,(주)싸이더스","스튜디오 초이스 주식회사,(주)싸이더스",12세이상관람가,코미디,박규태,"이학주,고경표,이이경,음문석,박세완,이순원,곽동연,김민호,류승수,윤병희,이준혁,신원호,남도윤,서정우,최민혁,배한솔,정상철,강길준,김건우,김슬민,오병곤,윤지용,박치우,이학주,김관모,홍민기,김민규,김백겸,문경민,박혁진,유병수,이태경,윤지홍,손경표,강운,최현태,서한돌,이동환,구본혁,김진형,송호제,신문선,이건록,이동기,이수,이시안,이지운,정시훈,채원우,최기표,황민혁,황태훈,최원,서지원,오혜금,편한마음,김재민,이종훈,조미초,이예진,정인기,박희진,이현걸,오현수,정용식"
복지,,미국,미국,,,,다큐멘터리,프레데릭 와이즈만,
첫잔처럼,2019-10-11,한국,한국,(주)백그림,"(주)트리플픽쳐스,(주)백그림",15세이상관람가,드라마,백승환,"조달환,우혜림,정영주,김찬이,이지현,손지윤,이지혁,황원규,송동환,정형석,신구,홍윤희,유병훈,지일주,김민규,배제기,최민철,신종훈,이규봉,문종원,정탁,백수민,이은주,염지영,장원,이종화,이윤수,서광재,김시영,민성욱,백주환,정환욱,이병수,홍의준,이정헌,김지영,이재환,서하엘,이창윤,김누리,박수빈,이준성,김금순,김일현,허남준,부진서,정유호,박지아,전석찬,김종구,윤영걸,한지원,배성민,서동복,여동윤,강영준,주상현,문유성,임상형,김연지,이채은,권라희,원지우,기환,황명환,김시운,장선율,문기민,이명재,차주혜,이하음,이현지"
라스트 송 포 유,,홍콩,홍콩,,,,"판타지,멜로/로맨스",,정이건
오후의 그물망 + 욕망의 모호한 대상,,기타,기타,,,,기타,,
고등학교,,미국,미국,,,,다큐멘터리,프레데릭 와이즈만,
리버티 밸런스를 쏜 사나이,,미국,미국,,,,서부극(웨스턴),존 포드,존 웨인
파파,,홍콩,홍콩,,,,"범죄,가족,드라마",옹자광,"유청운,곡조림"
천장지구,1990-10-13,홍콩,홍콩,,,고등학생이상관람가,액션,진목승,"유덕화,오천련,황광량"
독수리는 다시난다,,미국,미국,,,,,헨리 킹,"타이론 파워,베티 그레블"
라스트 댄스: 안식의 의식,,홍콩,홍콩,,,,"가족,드라마",,"황자화,허관문"
운명,,홍콩,홍콩,,,,"미스터리,스릴러",정 바오루이,임가동
도쿄 리벤저스2: 운명,2025-10-15,일본,일본,,(주)플레이그램,15세이상관람가,"드라마,액션",하나부사 츠토무,"키타무라 타쿠미,요시자와 료"
네 번째 손가락,,홍콩,홍콩,,,,"가족,드라마",,곽부성
[인디스페이스X스페이스 셀] 리처드 투오이 & 다이애나 배리 전작전 프로그램 2,,한국,한국,,,,기타,,
고기,,미국,미국,,,,다큐멘터리,프레데릭 와이즈만,
[인디스페이스X스페이스 셀] 리처드 투오이 & 다이애나 배리 전작전 프로그램 1,,한국,한국,,,,기타,,
리차드-다이애나 필름 퍼포먼스 2부,,호주,호주,,,,기타,,
리차드-다이애나 필름 퍼포먼스 1부,,호주,호주,,,,기타,,
포 트레일: 60 시간 마라톤,,홍콩,홍콩,,,,다큐멘터리,,
스폰지밥 무비: 네모바지를 찾아서,2026-01-01,미국,미국,,롯데컬처웍스(주)롯데엔터테인먼트,전체관람가,애니메이션,데릭 드라이먼,"톰 케니,마크 해밀"
뉴욕 라이브러리에서,2018-10-11,미국,미국,,(주)영화사 진진,전체관람가,다큐멘터리,프레데릭 와이즈만,"리처드 도킨스,엘비스 코스텔로,패티 스미스"
코메디-프랑세즈,,미국,"미국,프랑스",,,,다큐멘터리,프레데릭 와이즈만,
몬순,,한국,한국,,,,기타,권희수,
시나이 현장 임무,,미국,미국,,,,다큐멘터리,프레데릭 와이즈만,
소매치기,,프랑스,프랑스,,,,"드라마,범죄",로베르 브레송,"마리카 그린,마르탱 라샬"
철의 나라,,미국,미국,,,,다큐멘터리,,
"미스터김, 영화관에 가다",2026-02-19,한국,한국,"(주)타이거스튜디오,(주)사나이픽처스",메가박스중앙(주) 플러스엠 엔터테인먼트,전체관람가,다큐멘터리,김동호,"김동호,봉준호,박찬욱,이창동,고레에다 히로카즈,탕웨이,뤽 베송,장 피에르 다르덴,뤽 다르덴,차이 밍 량"
베를린: 대도시 교향곡,,독일,독일,,,,다큐멘터리,,
라 당스,2013-08-22,프랑스,"프랑스,미국",,(주)영화사 진진,전체관람가,다큐멘터리,프레데릭 와이즈만,"에밀리 코제트,오렐리 뒤퐁"
버클리에서,,미국,미국,,(주)영화사 진진,,다큐멘터리,프레데릭 와이즈만,
데칼로그 10,,폴란드,폴란드,,,,기타,크지슈토프 키에슬로프스키,
데칼로그 9,,폴란드,폴란드,,,,기타,크지슈토프 키에슬로프스키,
전화의 저편,,이탈리아,이탈리아,,,,"드라마,전쟁",로베르토 로셀리니,
반짝다큐X신영극장 섹션1,,한국,한국,,,,다큐멘터리,,
애스펀,,미국,미국,,,,다큐멘터리,프레데릭 와이즈만,
2025 DRaFF-새로운 노선 I,,한국,한국,,,,"드라마,다큐멘터리",,
붉은 살의,,일본,일본,,,,드라마,이마무라 쇼헤이,
욕망의 모호한 대상,1999-03-27,프랑스,"프랑스,스페인","그리니치 필름 프로덕션,인시네컴페니인더스트리얼",,18세 미만인 자는 관람할 수 없는 등급,드라마,루이스 브뉘엘,"페르난도 레이,캐롤 부케"
랑주씨의 범죄,,,,,,,,,
감독의 하루: 황슬기 단편선,,한국,한국,,,,기타,,
2025 DRaFF-새로운 노선 II,,한국,한국,,,,드라마,,
반짝다큐X신영극장 섹션2,,한국,한국,,,,다큐멘터리,,
인디스데이 10월 단편,,한국,한국,,,,드라마,,
MZ 스폰녀 아재 맛에 젖다,2025-10-16,일본,일본,,(주)영진크리에이티브,청소년관람불가,성인물(에로),,
결혼상담사의 햐얀팬티가 젖어있다,2025-10-19,일본,일본,,(주)도키엔터테인먼트,청소년관람불가,성인물(에로),,
나를 간호해준 친구엄마 교카짱 36세,2025-10-19,일본,일본,,(주)도키엔터테인먼트,청소년관람불가,성인물(에로),,
나를 미치게 하는 섹스파트너,2025-10-15,한국,한국,(주)영화사가을,(주)영화사가을,청소년관람불가,멜로/로맨스,,
나의 몸과 마음을 뺏은 새엄마,2025-10-19,일본,일본,,(주)도키엔터테인먼트,청소년관람불가,성인물(에로),,
남편 지인에게 감금당한 아내,2025-10-13,일본,일본,,(주)도키엔터테인먼트,청소년관람불가,성인물(에로),,
남편 직장 상사에게 빌린 사채빚,2025-10-13,일본,일본,,(주)도키엔터테인먼트,청소년관람불가,성인물(에로),,
남편 직장 후배의 근력체험,2025-10-13,일본,일본,,(주)도키엔터테인먼트,청소년관람불가,성인물(에로),,
남편옆에 자는데 유혹하는 새엄마치한,2025-10-18,일본,일본,,(주)도키엔터테인먼트,청소년관람불가,성인물(에로),,
남편은 모르는 불륜의 맛,2025-10-17,일본,일본,,(주)씨맥스커뮤니케이션즈,청소년관람불가,성인물(에로),,
대물주사 맞고 바로 싸는 유부녀,2025-10-13,일본,일본,,(주)영진크리에이티브,청소년관람불가,"성인물(에로),드라마,멜로/로맨스",,
동정남 성교육-시원하게 싸고 가자 무삭제판,2025-10-13,일본,일본,,(주)영진크리에이티브,청소년관람불가,"성인물(에로),드라마,멜로/로맨스",,
막차가 끊기고 이성도 끊긴 밤,2025-10-17,일본,일본,,(주)씨맥스커뮤니케이션즈,청소년관람불가,성인물(에로),,
밤새 삼키는 여상사 끝없는 꿀물,2025-10-17,일본,일본,,(주)씨맥스커뮤니케이션즈,청소년관람불가,성인물(에로),,
새엄마가 땀으로 범벅된 오후,2025-10-18,일본,일본,,(주)도키엔터테인먼트,청소년관람불가,성인물(에로),,
섹스 중독의 아내,2025-10-13,일본,일본,,(주)도키엔터테인먼트,청소년관람불가,성인물(에로),,
섹스 판타지 월드 무삭제,2025-10-15,한국,한국,,(주)두리컴미디어,청소년관람불가,성인물(에로),,
시실리 2km,2004-08-13,한국,한국,한맥영화(주),(주)쇼박스,15세관람가,코미디,신정원,"권오중,김윤석,임은경,임창정,주진모,최원석,정소연,이재민,변희봉,우현,신이,박명신,최원영"
시아버지의 떡진 욕구는 며느리를 노리고 있다,2025-10-18,일본,일본,,(주)도키엔터테인먼트,청소년관람불가,성인물(에로),,
시아버지의 섹스 참교육,2025-10-13,일본,일본,,(주)코빈커뮤니케이션즈,청소년관람불가,성인물(에로),,
신혼인 아내가 남편 승진을 위해 이런 짓도,2025-10-13,일본,일본,,(주)도키엔터테인먼트,청소년관람불가,성인물(에로),,
아내가 탈옥범들의 단백질로 채워졌다,2025-10-13,일본,일본,,(주)영진크리에이티브,청소년관람불가,"성인물(에로),드라마,멜로/로맨스",,
아내를 상사에게 바친 남편,2025-10-13,일본,일본,,(주)도키엔터테인먼트,청소년관람불가,성인물(에로),,
아내의 여상사가 섹스조교를 해주다,2025-10-18,일본,일본,,(주)도키엔터테인먼트,청소년관람불가,성인물(에로),,
아내친구가 바람난 남편에게 다시 바람나는 이야기,2025-10-19,일본,일본,,(주)도키엔터테인먼트,청소년관람불가,성인물(에로),,
아들에게 들킨 새엄마의 미친 성욕,2025-10-16,일본,일본,,(주)영진크리에이티브,청소년관람불가,성인물(에로),,
아침부터 날 가지고 노는 새엄마,2025-10-18,일본,일본,,(주)도키엔터테인먼트,청소년관람불가,성인물(에로),,
여대생 섹스 파트너 끝없는 사정 기록,2025-10-16,일본,일본,,(주)영진크리에이티브,청소년관람불가,성인물(에로),,
유부녀 섹파 - 다시 벌려준 허벅지,2025-10-13,일본,일본,,(주)코빈커뮤니케이션즈,청소년관람불가,성인물(에로),,
음란한 옆집 미시 - 가랑이에서 들려온 야한 신음,2025-10-13,일본,일본,,(주)코빈커뮤니케이션즈,청소년관람불가,성인물(에로),,
질 좋은 MZ녀-콜하면 벌려요,2025-10-13,일본,일본,,(주)영진크리에이티브,청소년관람불가,"성인물(에로),드라마,멜로/로맨스",,
처녀보다 맛있는 이모 무삭제,2025-10-13,일본,일본,,(주)코빈커뮤니케이션즈,청소년관람불가,성인물(에로),,
침으로 위아래 흠뻑 적신 여선배,2025-10-17,일본,일본,,(주)씨맥스커뮤니케이션즈,청소년관람불가,성인물(에로),,
팬티로 유혹한 섹스,2025-10-13,일본,일본,,(주)도키엔터테인먼트,청소년관람불가,성인물(에로),,
풍속점 알바를 들킨 장모님 레이짱,2025-10-18,일본,일본,,(주)도키엔터테인먼트,청소년관람불가,성인물(에로),,
현자타임이후 다시 흥분시키는 그녀의 기술,2025-10-13,일본,일본,,(주)도키엔터테인먼트,청소년관람불가,성인물(에로),,
아 프리오리,,필리핀,필리핀,,,,드라마,라브 디아즈,
"월든 (일기, 노트, 스케치)",,미국,미국,,,,다큐멘터리,요나스 메카스,
프랑켄슈타인,2025-10-22,멕시코,"멕시코,미국",,씨제이 씨지브이(CJ CGV)(주),청소년관람불가,"SF,공포(호러)",기예르모 델 토로,"오스카 아이삭,제이콥 엘로디,크리스토프 왈츠,미아 고스"
원 인 어 밀리언,2025-10-20,한국,한국,(주)미스틱스토리,"씨제이 씨지브이(CJ CGV)(주),씨제이포디플렉스 주식회사",전체관람가,"다큐멘터리,공연",,
후지모토 타츠키 17-26 파트 1,2025-10-24,일본,일본,,메가박스중앙(주),15세이상관람가,애니메이션,,
후지모토 타츠키 17-26 파트 2,2025-10-24,일본,일본,,메가박스중앙(주),15세이상관람가,애니메이션,,
빅 볼드 뷰티풀,2025-10-22,미국,미국,,소니픽쳐스엔터테인먼트코리아주식회사극장배급지점,12세이상관람가,"드라마,판타지,멜로/로맨스",코고나다,"마고 로비,콜린 파렐"
굿 보이,2025-10-22,미국,미국,,"찬란,주식회사 로아앤코홀딩스",12세이상관람가,"스릴러,공포(호러)",벤 레온버그,래리 페센덴
은혼 가부키쵸 사천왕편 온 씨어터,2025-10-24,일본,일본,,에스엠지홀딩스 주식회사,15세이상관람가,애니메이션,후지타 요이치,"스기타 토모카즈,사카구치 다이스케"
에이티즈 에이 투 지 온 스크린,2025-10-23,한국,한국,,씨지브이 아이스콘,전체관람가,공연,,
리플레이,2025-11-06,한국,한국,(주)컨택트미디어,주식회사 제이씨엔터웍스,15세이상관람가,"멜로/로맨스,코미디,드라마",황경성,"조수민,김동한,손태양,김강현,서호철,손화령,조강혁,정보빈,손승택"
꽃놀이 간다,,한국,한국,,필름다빈,15세이상관람가,드라마,이정현,"이정현,김봉희,김중희,맹주원,이세호,조은지,윤현길,이주미,장재원,이용녀"
사랑가 사랑을 더하다,2025-10-23,한국,한국,,(주)피터팬픽쳐스,15세이상관람가,드라마,이한열,"차유연,서범식,손지나"
구원자,2025-11-05,한국,한국,"주식회사 메이데이홀딩컴퍼니,주식회사 스튜디오플럼",(주)마인드마크,15세이상관람가,미스터리,신준,"김병철,송지효,김히어라"
미라클 클럽,,아일랜드,"아일랜드,영국",,,,드라마,,
첫사랑을 찾아,,아이슬란드,"아이슬란드,영국",,,,드라마,,
리처드 버튼,,영국,"영국,캐나다,아일랜드",,,,드라마,,
말할 수 없는 비밀: 마지막 챕터,2025-10-30,일본,일본,,(주)호라이즌웍스,전체관람가,멜로/로맨스,카와이 하야토,"쿄모토 타이가,후루카와 코토네,미나가와 사루토키,니시다 나오미"
CaFF2025 단편경쟁 1,,한국,한국,,,,"드라마,애니메이션",,
CaFF2025 단편경쟁 3,,한국,한국,,,,"드라마,다큐멘터리",,
CaFF2025 애니메이션 단편 2,,기타,기타,,,,애니메이션,,
CaFF2025 초이스 단편,,기타,기타,,,,드라마,,
당신의 모든 것,,한국,한국,한국예술종합학교,,,드라마,조창근,
선녀단식원,,한국,한국,영화사 지금,,,"멜로/로맨스,코미디,드라마",조창근,"조민규,조혜정"
펭귄 레슨,,스페인,"스페인,영국",,,,드라마,,
아티의 마지막 여정,,영국,"영국,아일랜드",,,,드라마,,
스퍼마게돈: 사정의 날,2025-10-23,노르웨이,노르웨이,,주식회사 원더스튜디오,청소년관람불가,"애니메이션,뮤지컬","토미 위르콜라,라스무스 A. 실버르센",
보통의 아이,,일본,일본,,(주)블루라벨픽쳐스,전체관람가,"가족,코미디",,
프란체스코,1989-09-30,이탈리아,"이탈리아,독일",,,연소자관람가,드라마,,미키 루크
이반리 장만옥,2026-06-10,한국,한국,,㈜인디스토리,12세이상관람가,"코미디,드라마",이유진,"양말복,성재윤,박완규,김정영,색자,박승태,김현,신지이,황순미,유병선,정종훈,장영주,민경옥,송성애,전영,김효진,정순범,정우진,최하늘,이승은,라소영,이주미,이한희,임승수,한종엽,최현비,심보람,김다혜"
"감상과 이해, 청산별곡",,한국,한국,,㈜인디스토리,12세이상관람가,"스릴러,액션",이상근,"홍석연,윤영목"
베일리와 버드,2025-10-29,영국,영국,,"찬란,(주)하이스트레인저",15세이상관람가,드라마,안드레아 아놀드,
겨울날들,,한국,한국,,,,드라마,최승우,
남도영화제 시즌2 광양 남도단편경쟁 1,,한국,한국,,,,"드라마,애니메이션",,
남도영화제 시즌2 광양 남도단편경쟁 2,,한국,한국,,,,"드라마,다큐멘터리",,
남도영화제 시즌2 광양 남도단편경쟁 3,,한국,한국,,,,"드라마,애니메이션",,
남도영화제 시즌2 광양 남도단편경쟁 4,,한국,한국,,,,"드라마,다큐멘터리",,
남도영화제 시즌2 광양 남도단편경쟁 5,,한국,한국,,,,드라마,,
다른 이름으로,,한국,한국,,,,드라마,,
멕시코 소년 올모,,미국,"미국,멕시코",,,,드라마,,
미명,2026-07-08,한국,한국,화목한영화사,시네마토그래프,15세이상관람가,드라마,이원영,
삼희 : The Adventure of 3 Joys,,한국,한국,(주)21스튜디오,,,"드라마,멜로/로맨스,판타지",문혜인,"문혜인,변중희"
퍼플 스왈로우,,한국,한국,,,12세이상관람가,"드라마,판타지",조영근,
제12회 가톨릭영화제 폐막식,,한국,한국,,,,기타,,
CaFF2025 애니메이션 단편 1,,기타,기타,,,,애니메이션,,
"오늘 하늘이 가장 좋아,라고 아직 말할 수 없는 나는",2025-11-26,일본,일본,,(주)디스테이션,12세이상관람가,드라마,오오쿠 아키코,"하기와라 리쿠,카와이 유미,이토 아오이"
제17회 서울국제초단편영화제 익스트림 330,,한국,한국,,,,"드라마,애니메이션,다큐멘터리",,
꿈을 노래하다,,미국,미국,,,,드라마,,
소피의 하루,,덴마크,덴마크,,,,드라마,,
CaFF2025 단편경쟁 2,,한국,한국,,,,"드라마,애니메이션",,
로메로,1989-08-12,미국,미국,,(주)하명중 영화제작소,고등학생이상관람가,드라마,,라울 줄리아
소년 붕,,인도,인도,,,,드라마,,
톰과 제리: 황금나침반 대소동,2026-01-01,미국,미국,,TCO(주)더콘텐츠온,전체관람가,애니메이션,,
베이비걸,2025-10-29,미국,미국,,"메가박스중앙(주),주식회사 올랄라스토리",청소년관람불가,"스릴러,멜로/로맨스,드라마",할리나 레인,"니콜 키드먼,해리스 디킨슨,안토니오 반데라스"
우리는 섬으로 갔다,,한국,한국,,,,다큐멘터리,,
다섯 손가락,,미국,미국,,,,기타,조셉 L. 맨키위즈,"제임스 메이슨,다니엘 다리우"
검은뱀,2025-10-29,한국,한국,케이스타,(주)이놀미디어,청소년관람불가,"액션,범죄",박도환,"부정우,김화인,문영동,정기선,김민기,기주봉,박종범,임대창,이승경,전우성,김귀중,장현록,정명원,김지애,이해성,정민선,이성교,전성호,조승훈,장민준,연제혁,조강위"
블랙폰 2,2025-10-29,미국,미국,,유니버설픽쳐스인터내셔널 코리아(유),15세이상관람가,공포(호러),스콧 데릭슨,"에단 호크,메이슨 테임즈,매들린 맥그로,제레미 데이비스"
남도영화제 시즌2 광양 남도 로컬 프로그래머 2기 특별 섹션 '철을 위한 시간',,한국,한국,,,,드라마,,
CaFF2025 메이드인가톨릭,,기타,기타,,,,"드라마,애니메이션,다큐멘터리",,
그들은 돌아오지 않았다,,한국,한국,,,,다큐멘터리,,
남도영화제 시즌2 광양 남도 틴즈 (Teenz),,한국,한국,,,,드라마,,
남도영화제 시즌2 광양 얼마나 멋진 세상인가! 아이·동물·작은 생명과 가족을 그린 단편 애니메이션,,기타,기타,,,,애니메이션,,
미쓰 와이프,2015-08-13,한국,한국,"(주)영화사아이비젼,메가박스중앙(주) 플러스엠 엔터테인먼트",메가박스중앙(주) 플러스엠 엔터테인먼트,15세이상관람가,코미디,강효진,"엄정화,송승헌,김상호,라미란,서신애,임보경,강현구,백승호,정지안,조훈휘,최윤철,유영채,홍석현,이승호,이연주,고수희,안소연,양도연,황석하,정지훈,조덕제,김병춘,최종률,정유석,이용녀,최일화,곽지유,김영용,서승원,조경현,엄채영,염동헌,윤부진,윤주,양말복"
비트리발,,벨기에,벨기에,,,,드라마,,
빛이 말하는 시간,,한국,한국,,,,드라마,,
철들 무렵,,한국,한국,"주마등필름,㈜인디스토리",㈜인디스토리,,"드라마,가족",정승오,"기주봉,하윤경,양말복,원미원"
슬픔은 그대 가슴에,1999-05-08,미국,미국,유니버셜 픽쳐스,,12세관람가,"드라마,가족",더글라스 서크,라나 터너
제17회 서울국제초단편영화제 초·단편 경쟁 2,,기타,기타,,,,"드라마,애니메이션",,
제12회 가톨릭영화제 개막식,,기타,기타,,,,기타,,
제17회 서울국제초단편영화제 넥스트 웨이브 1,,기타,기타,,,,"드라마,다큐멘터리",,
제17회 서울국제초단편영화제 넥스트 웨이브 2,,한국,한국,,,,"드라마,애니메이션,다큐멘터리",,
내쉬빌,,미국,미국,,,,,로버트 알트만,"키스 캐러딘,카렌 블랙,데이비드 아킨"
제17회 서울국제초단편영화제 초·단편 경쟁 1,,기타,기타,,,,"드라마,애니메이션",,
제17회 서울국제초단편영화제 뉴 제너레이션 경쟁 x 비전 인 모션 1,,기타,기타,,,,"드라마,다큐멘터리",,
제17회 서울국제초단편영화제 AI 경쟁,,기타,기타,,,,"드라마,애니메이션",,
제17회 서울국제초단편영화제 뉴 제너레이션 경쟁 x 비전 인 모션 2,,기타,기타,,,,드라마,,
내 마음 속의 그대,,홍콩,홍콩,,,,"스릴러,공포(호러)",장가휘,장가휘
맥케이브와 밀러 부인,,미국,미국,,,,"드라마,서부극(웨스턴)",로버트 알트만,"워렌 비티,줄리 크리스티,윌리엄 드베인"
상하이블루스,,홍콩,홍콩,,,,"코미디,멜로/로맨스",서극,종진도
제17회 서울국제초단편영화제 초·단편 경쟁 4,,기타,기타,,,,"드라마,애니메이션",,
팬텀 러브,,미국,미국,,,,기타,,
제17회 서울국제초단편영화제 초·단편 경쟁 3,,기타,기타,,,,"드라마,애니메이션",,
제17회 서울국제초단편영화제 줌인: 강애심,,한국,한국,,,,드라마,,
길의 노래,,인도,인도,,,,드라마,사티야지트 레이,
제17회 서울국제초단편영화제 초·단편 경쟁 6,,기타,기타,,,,드라마,,
콘스탄티노플에서 온 여인,,헝가리,헝가리,,,,드라마,,
제17회 서울국제초단편영화제 초·단편 경쟁 7,,기타,기타,,,,"드라마,애니메이션,다큐멘터리",,
헝가리의 한 마을,,헝가리,헝가리,,,,다큐멘터리,,
인간은 얼마나 오래 사는가?,,헝가리,헝가리,,,,다큐멘터리,,
플레이어,1993-02-06,미국,미국,"에비뉴 픽처 프로덕션,아디스-웨체슬러 프로덕션",,고등학생이상관람가,스릴러,로버트 알트만,팀 로빈스
긴 이별,,미국,미국,,,,"범죄,드라마,스릴러,미스터리",로버트 알트만,"엘리어트 굴드,니나 반 팰랜드"
이주영 배우전,,한국,한국,,,,드라마,,
운명의 맥클라우드,,미국,미국,,,,"코미디,범죄,판타지",로버트 알트만,버드 코트
독일 영년,,이탈리아,이탈리아,,,,드라마,로베르토 로셀리니,에드문트 모에츠케
"파이브 앤 다임 상점으로 돌아와, 지미 딘",,미국,미국,,,,"코미디,드라마",로버트 알트만,"셰어,카렌 블랙"
각성,,헝가리,헝가리,,,,드라마,,
세 여인,,미국,미국,,,,드라마,로버트 알트만,"셸리 듀발,씨씨 스페이식,제니스 룰"
강의 기억,,헝가리,헝가리,,,,드라마,,
룸 666,,프랑스,"프랑스,서독",,(주)에무필름즈,,다큐멘터리,빔 벤더스,"빔 벤더스,장 뤽 고다르,베르너 헤어조크,스티븐 스필버그,미켈란젤로 안토니오니,몬테 헬만"
만남 + 성의 주민들,,헝가리,헝가리,,,,다큐멘터리,,
머슴바울,2022-11-24,한국,한국,"권필름,스토리윤","(주)드림팩트엔터테인먼트,기독교대한감리회",전체관람가,"사극,뮤지컬",권혁만,김영훈
마리아의 날,,헝가리,헝가리,,,,드라마,,
아마도 내일,,헝가리,헝가리,,,,드라마,,
윤혜리 배우전,,한국,한국,,,,드라마,,
흔들리는 대지,,이탈리아,이탈리아,,,,드라마,루치노 비스콘티,
이미지들,,영국,영국,,,,"드라마,공포(호러),스릴러",로버트 알트만,수잔나 요크
"요리사, 도둑, 그의 아내 그리고 그녀의 정부",,영국,"영국,프랑스,네덜란드",,,,기타,피터 그리너웨이,
16회 부산평화영화제 경쟁 3,,한국,한국,,,,드라마,,
"97 혜자, 표류기",,한국,한국,후앤유아츠(주),,15세이상관람가,드라마,정기혁,"이혜,우주영"
무색무취,,한국,한국,,,,다큐멘터리,,
도라지 불고기,,한국,한국,,,,다큐멘터리,양지훈,
종이 울리는 순간,2025-11-12,한국,한국,유랑필름,(주)시네마달,전체관람가,다큐멘터리,"김주영,코메일 소헤일리","솔비,윤여창,남준기"
16회 부산평화영화제 경쟁 2,,한국,한국,,,,"드라마,애니메이션,다큐멘터리",,
오성호 감독전,,한국,한국,,,,드라마,,
16회 부산평화영화제 경쟁 6,,한국,한국,,,,"드라마,다큐멘터리",배진아,
겨울 별장이야기,2025-10-20,일본,일본,,(주)도키엔터테인먼트,청소년관람불가,멜로/로맨스,,
동거 생활,2025-10-20,일본,일본,,(주)도키엔터테인먼트,청소년관람불가,멜로/로맨스,,
몸으로 말하는 농염한 여상사,2025-10-20,일본,일본,,(주)코빈커뮤니케이션즈,청소년관람불가,성인물(에로),,
바닷가의 결심,2025-10-21,일본,일본,,(주)도키엔터테인먼트,청소년관람불가,멜로/로맨스,,
벙어리 창녀,2025-10-20,일본,일본,,(주)도키엔터테인먼트,청소년관람불가,멜로/로맨스,,
부부섹스 컬렉션,2025-10-22,한국,한국,(주)영화사가을,(주)영화사가을,청소년관람불가,멜로/로맨스,,
살색의 밤 : 거유 친구 여친의 유혹 무삭제,2025-10-20,일본,일본,,(주)코빈커뮤니케이션즈,청소년관람불가,성인물(에로),,
새내기 여대생들의 섹스 버라이어티 비디오,2025-10-24,일본,일본,,(주)영진크리에이티브,청소년관람불가,"멜로/로맨스,드라마",,
서투른 짝사랑들,2025-10-21,일본,일본,,(주)도키엔터테인먼트,청소년관람불가,멜로/로맨스,,
소설가와 자전거 타는 여자,2025-10-20,일본,일본,,(주)도키엔터테인먼트,청소년관람불가,멜로/로맨스,,
숲속의 아이돌,2025-10-20,일본,일본,,(주)도키엔터테인먼트,청소년관람불가,멜로/로맨스,,
아주버님 앞에서 흥건하게 젖어버린 제수씨,2025-10-24,일본,일본,,(주)영진크리에이티브,청소년관람불가,"멜로/로맨스,드라마",,
여름축제,2025-10-20,일본,일본,,(주)도키엔터테인먼트,청소년관람불가,"멜로/로맨스,드라마",,
여배우의 비밀,2025-10-21,일본,일본,,(주)도키엔터테인먼트,청소년관람불가,멜로/로맨스,,
영화학개론,2025-10-21,일본,일본,,(주)도키엔터테인먼트,청소년관람불가,멜로/로맨스,,
왕방울로 몰아친 땀범벅 여사원,2025-10-24,일본,일본,,(주)씨맥스커뮤니케이션즈,청소년관람불가,성인물(에로),,
요구하면 다 주는 유부녀 여상사,2025-10-24,일본,일본,,(주)씨맥스커뮤니케이션즈,청소년관람불가,성인물(에로),,
유부녀 : 그녀의 핑크색 꽃잎이 열리는 날,2025-10-22,일본,일본,,(주)영화사 사계절,청소년관람불가,멜로/로맨스,,
작가의 아내,2025-10-21,일본,일본,,(주)도키엔터테인먼트,청소년관람불가,멜로/로맨스,,
재회의 온천,2025-10-20,일본,일본,,(주)도키엔터테인먼트,청소년관람불가,멜로/로맨스,,
점점 음탕해져 넣자마자 바로 사정,2025-10-24,일본,일본,,(주)씨맥스커뮤니케이션즈,청소년관람불가,성인물(에로),,
철퍽 철퍽 살 부딪히는 소리,2025-10-22,한국,한국,(주)영화사가을,(주)영화사가을,청소년관람불가,멜로/로맨스,,
총각 사냥 전문 미녀 여상사,2025-10-24,일본,일본,,(주)씨맥스커뮤니케이션즈,청소년관람불가,성인물(에로),,
해변의 민박집,2025-10-21,일본,일본,,(주)도키엔터테인먼트,청소년관람불가,멜로/로맨스,,
16회 부산평화영화제 폐막식,,기타,기타,,,,기타,,
공원에서의 추운 하루,,캐나다,"캐나다,미국",,,,"드라마,스릴러",로버트 알트만,
케이팝 데몬 헌터스,2025-10-31,캐나다,캐나다,,씨제이 씨지브이(CJ CGV)(주),12세이상관람가,애니메이션,매기 강,
지드래곤 인 시네마 [위버맨쉬],2025-10-29,한국,한국,"(주)씨제이이엔엠,씨제이포디플렉스 주식회사,스크린엑스 스튜디오","(주)씨제이이엔엠,씨제이포디플렉스 주식회사",12세이상관람가,공연,변진호,권지용
하얀 차를 탄 여자,2025-10-29,한국,한국,"에스엘엘,(주)비에이엔터테인먼트",(주)바이포엠스튜디오,15세이상관람가,스릴러,고혜진,"정려원,이정은"
신세기 에반게리온 극장판 사도신생,2025-10-31,일본,일본,,(주)삼백상회,15세이상관람가,애니메이션,안노 히데아키,"오가타 메구미,하야시바라 메구미"
부고니아,2025-11-05,미국,미국,,(주)씨제이이엔엠,청소년관람불가,"스릴러,코미디",요르고스 란티모스,"엠마 스톤,제시 플레먼스,알리시아 실버스톤"
아이돌리쉬 세븐 퍼스트 비트! 극장총집편 전편,2025-10-31,일본,일본,,메가박스중앙(주),전체관람가,애니메이션,벳쇼 마코토,"시라이 유스케,요나가 츠바사,아베 아츠시,에구치 타쿠야,오노 켄쇼"
프레데터: 죽음의 땅,2025-11-05,미국,미국,,월트디즈니컴퍼니코리아 유한책임회사,15세이상관람가,"SF,액션",댄 트라첸버그,엘 패닝
생명의 은인,2025-11-05,한국,한국,한국예술종합학교,(주)영화특별시에스엠씨,12세이상관람가,"드라마,코미디,미스터리",방미리,"김푸름,박은주,송선미,허정도"
엄마를 버리러 갑니다,2025-11-05,한국,"한국,베트남",모티브픽쳐스(주),(주)싸이더스,12세이상관람가,드라마,모홍진,"배연우,강동하,현영균"
국유장기,,캐나다,캐나다,,,12세이상관람가,다큐멘터리,,
노바와 앨리스,,스웨덴,스웨덴,,,,드라마,,
극장판 똘똘이: 아기공룡의 비밀,2025-11-07,한국,한국,(주)크레이지버드스튜디오,(주)크레이지버드스튜디오,전체관람가,애니메이션,최영진,"방연지,사문영,이명희,전숙경,김정훈,김가령,안경진"
타타르인의 사막,2025-10-29,이탈리아,이탈리아,,일미디어,12세이상관람가,드라마,발레리오 주를리니,"자끄 페렝,막스 폰 시도우,헬무트 그림,줄리아노 젬마,비토리오 가스만,장-루이 트린티냥,필립 느와레"
힐마,,스웨덴,스웨덴,,,,드라마,라세 할스트롬,
이름에게,2025-10-30,한국,한국,(주)스튜디오메타케이,(주)스튜디오메타케이,전체관람가,"드라마,가족",윤권수,"박현우,남상미,정수현,박성일"
인생의 종착역,,미국,미국,이십세기폭스필름코퍼레이션,,,"코미디,드라마","헨리 해서웨이,하워드 혹스,헨리 킹,헨리 코스터,진 네글레스코","프레드 알렌,앤 박스터,지네 크레인,팔리 그레인저,찰스 로튼,오스카 레번,마릴린 몬로,프레드 알렌"
페이스리스,,스웨덴,스웨덴,,,,드라마,토마스 알프레드슨,
노팅 힐,1999-07-03,미국,"미국,영국","폴리그램 필름드 엔터테인먼트,워킹 타이틀 필름",유니버설픽쳐스인터내셔널 코리아(유),12세관람가,"멜로/로맨스,코미디",로저 미첼,"줄리아 로버츠,휴 그랜트"
투 헤븐,2025-11-05,한국,한국,파이오니아21,파이오니아21,전체관람가,다큐멘터리,김상철,
스웨덴 토피도,,스웨덴,스웨덴,,,,"드라마,멜로/로맨스",,
연인아 돌아오라,,미국,미국,,,,"코미디,멜로/로맨스",델버트 만,
우리의 마지막 여행,,스웨덴,스웨덴,,,,다큐멘터리,"필립 함마르,프레드릭 위킹슨","필립 함마르,라스 함마르,프레드릭 위킹슨,티나 함마르"
왼손잡이 소녀,2025-11-12,미국,미국,,"(주)레드아이스 엔터테인먼트,(주)더쿱디스트리뷰션",15세이상관람가,"드라마,가족",쩌우스칭,
트로로사,,스웨덴,스웨덴,,,,멜로/로맨스,리브 울만,"레나 엔드레,얼랜드 요셉슨,크리스터 헨릭슨"
함마르셸드 평화를 위한 여정,,스웨덴,"스웨덴,노르웨이,남아프리카공화국",,,,"드라마,스릴러,전쟁,사극",,
한란,2025-11-26,한국,한국,웬에버스튜디오,(주)트리플픽쳐스,12세이상관람가,드라마,하명미,"김향기,김민채"
검은 사제들,2015-11-05,한국,한국,영화사 집,(주)씨제이이엔엠,15세이상관람가,"미스터리,드라마",장재현,"김윤석,강동원,박소담,김병옥,김의성,이호재,남일우,김동현,김미영,김혜민,박지수,송선찬,이상민,이승훈,이현우,손종학,조수향,남문철,김수진,민진웅"
사랑이 지나간 자리,,아이슬란드,"아이슬란드,덴마크,스웨덴,프랑스",,,,드라마,,
당나귀 발타자르,,프랑스,"프랑스,스웨덴",,,,드라마,로베르 브레송,안느 비아젬스키
그것만이 내 세상,2018-01-17,한국,한국,"(주)제이케이필름,(주)씨제이이엔엠",(주)씨제이이엔엠,12세이상관람가,"코미디,드라마",최성현,"이병헌,윤여정,박정민,김성령,최리,백현진,김서원,한지민,이주영,이가경,이상준,박현주,이소정,이정호,이종승,이주영,이준석,안성봉,박상훈,박성훈,박소은,장혜리,정승환,박지연,박지훈,박지훈,조윤주,김동규,김민주,김유진,박지연,정윤하,오혜원,류제승,권귀빈,유정호,김병춘,김현정,김상욱,서정우"
호스 머니,,포르투갈,포르투갈,,,,기타,페드로 코스타,
10월의 마드리드,,프랑스,프랑스,,,,기타,마르셀 아눙,
"청춘, 레디 액션",,한국,한국,,(주)드림팩트엔터테인먼트,12세이상관람가,드라마,박찰리,"박찰리,김민동,윤태용,이단,이현진,이수빈,허유석,유하리,윤서린,임민혁,조영화"
"단지, 우리가 잠시 머무는 곳",,한국,한국,케플러49,(주)시네마달,,다큐멘터리,왕민철,
제17회 서울국제초단편영화제 뉴 제너레이션 경쟁 x 비전 인 모션 3,,기타,기타,,,,"드라마,다큐멘터리",,
애프터 미드나잇 리마스터링,2007-08-23,이탈리아,이탈리아,,㈜인디스토리,15세이상관람가,"멜로/로맨스,코미디",다비드 페라리오,"파비오 트로이아나,조르지오 파소티"
제17회 서울국제초단편영화제 E-CUT,,한국,한국,,,,드라마,,
제17회 서울국제초단편영화제 초·단편 경쟁 5,,기타,기타,,,,"드라마,애니메이션",,우서연
록키 호러 픽쳐 쇼,1998-06-20,미국,"미국,영국",이십세기폭스필름코퍼레이션,"(주)팝엔터테인먼트,(주)피터팬픽쳐스",18세 미만인 자는 관람할 수 없는 등급,"공포(호러),뮤지컬,코미디",짐 셔먼,"팀 커리,수잔 서랜든"
좀비는 좀비끼리 우리는 우리끼리,2022-08-04,한국,한국,,필름다빈,12세이상관람가,드라마,오세섭,한관봉
홀리보이,,이탈리아,"이탈리아,기타",,,,"미스터리,스릴러",,
더 문,2023-08-02,한국,한국,"씨제이이엔엠 스튜디오스 주식회사,블라드스튜디오",(주)씨제이이엔엠,12세이상관람가,"SF,액션,드라마",김용화,"설경구,도경수,박병은,조한철,최병모,홍승희,최정우,백승철,한수현,전신환,이상원,염지영,정윤하,심영은,박충환,백승현,조승연,이윤재,최대성,김희애,이성민,김래원,이이경,최형욱,강내균,강민재,강준석,김기태,김도형,김시국,김예은,김진태,김희성,박인국,여이레,이나현,임소현,장은서,차영주,채하니,최필상,허중회,순정,황재운,황재훈,김혜원,김상호,김난영,김준범,한승엽,정지우,최혜진,신서우,이지유,김상욱,백수진,장은서,전성아,홍성오,황인성,박현준"
싫은 건 아니지만,2022-02-19,한국,한국,,필름다빈,12세이상관람가,멜로/로맨스,오세섭,
우리 우린,,한국,한국,,,전체관람가,드라마,한서한,
미친듯이,,이탈리아,이탈리아,,,,"멜로/로맨스,코미디",파올로 제노베스,
가능주의자,2026-07-15,한국,한국,블루닷 필름,(주)이놀미디어,12세이상관람가,다큐멘터리,박이윤정,
제17회 서울국제초단편영화제 초·단편 경쟁 8,,기타,기타,,,,"드라마,애니메이션,다큐멘터리",,
행성들,,프랑스,"프랑스,벨기에",,,,애니메이션,,
작은 발자국: 카라 생추어리 다큐멘터리,,한국,한국,,,,다큐멘터리,,
자전거 도둑,2023-04-26,이탈리아,이탈리아,,일미디어,12세이상관람가,드라마,비토리오 데 시카,리아넬라 카렐
언애니멀,,스웨덴,"스웨덴,프랑스",,,,다큐멘터리,,
움베르토 D,,이탈리아,이탈리아,,,,드라마,비토리오 데 시카,"카를로 바티스티,마리아-피아 카실리오"
"사랑, 우유, 그리고 치즈",2026-03-25,프랑스,프랑스,,필름다빈,청소년관람불가,"코미디,드라마",,
핑크퐁 원더스타 특별편 : 호기와 도둑자동차,,한국,한국,,,,애니메이션,,
럭키 데이 인 파리,2025-11-12,미국,미국,,해피송,12세이상관람가,"멜로/로맨스,스릴러",우디 앨런,"루 드 라쥬,멜빌 푸포,니엘스 슈나이더,발레리 르메시에"
아파라지토,,인도,인도,,,,드라마,사티야지트 레이,"카루나 배너지,카누 배너지"
이별의 아침에 약속의 꽃을 장식하자,2018-07-19,일본,일본,,(주)미디어캐슬,12세이상관람가,"애니메이션,판타지,드라마",오카다 마리,"이와미 마나카,이리노 미유"
10월 수요단편극장,,한국,한국,,,,기타,,
BWFF 공모 단편선 2,,한국,한국,,,,"드라마,다큐멘터리",,안다혜
타오르는 몸의 기억들,,스페인,"스페인,기타",,,,드라마,,
BWFF 공모 단편선 3,,한국,한국,,,,"다큐멘터리,애니메이션,드라마",,
공무도하(公無渡河),,한국,한국,,,,드라마,한정국,배가현
아워 바디,2019-09-26,한국,한국,한국영화아카데미,(주)영화사 진진,15세이상관람가,드라마,한가람,"최희서,안지혜,김정영,이재인,노수산나,오동민,최준영,김사권,금새록,장준휘,임지형,김민엽,신미영,전두현,이나윤,김대중,하승연,이규현,김다희,박스테파니,유수민,나경진,차승한,심윤려,윤혜리,고원필,장미지,이승민,임찬상,진은영,강효원,안근호,양다희,박진수,박인선,박종현,전두현,이용규,김소희,김지은,안은표,장연주,정상헌,정인성,정인영,황다희,전민율,전지율,정상비,정재민,김대종,김성휘,김수지,김연진,노민철,배태준,신진아,안연제,이윤희,전경찬,최지선,하정은,홍이나,김진영,김하은,김지영,주동일,최다빈,고성광,김광직,노혜진,양상훈,이상덕,이진주,임정화,조은정,박수현,박지수,박호경,강호석,도지현,우수민,정혜선,이현수,정상헌,정지현,이규진,차승한,공시연,권오현,김주일,김진영,손지은,이현경,장미지,조은비,최우식,김동성,김진형,장미지,박선우,김영록,윤혜인,윤혜인,윤혜인,최이다,최우식,김연교,임재민"
BWFF 공모 단편선 1,,한국,한국,,,,드라마,,
모든 걸 허락한 넘버 원 유부녀,2025-10-31,일본,일본,,(주)도키엔터테인먼트,청소년관람불가,성인물(에로),,
밀애 : 새엄마와 의붓아들 그리고,2025-10-29,한국,한국,(주)영화사가을,(주)영화사가을,청소년관람불가,멜로/로맨스,,
심판 누나의 뒷골문,2025-10-31,한국,한국,유한회사 스튜디오 획,유한회사 스튜디오 획,청소년관람불가,성인물(에로),,
여자들 : 핑크색 속살이 열리는 날,2025-10-29,한국,한국,(주)영화사가을,(주)영화사가을,청소년관람불가,멜로/로맨스,,
우묵배미의 사랑,1990-03-31,한국,한국,(주)모가드코리아,"(주)프리즘웍스,(주)드림팩트엔터테인먼트","연소자관람불가,청소년관람불가",멜로/로맨스,장선우,"박중훈,최명길,유혜리,이대근,최주봉,김영옥,신충식,정상철,서갑숙,양택조,김지영,김은숙,전소현,권태원,김종구"
유부녀 : 활짝 열린 꽃잎들,2025-10-29,한국,한국,(주)영화사가을,(주)영화사가을,청소년관람불가,멜로/로맨스,,
유부녀가 혼자 위로하다 불붙은 정사,2025-10-31,일본,일본,,(주)도키엔터테인먼트,청소년관람불가,성인물(에로),,
음탕한 처형의 완벽한 서비스 무삭제,2025-10-27,일본,일본,,(주)코빈커뮤니케이션즈,청소년관람불가,성인물(에로),,
전국 성인 체전,2025-10-31,한국,한국,유한회사 스튜디오 획,유한회사 스튜디오 획,청소년관람불가,성인물(에로),,
젖은 변태녀 - 야근마다 벌어지는 가랑이,2025-10-27,일본,일본,,(주)코빈커뮤니케이션즈,청소년관람불가,성인물(에로),,
지옥으로 꺼져도 사랑한다,2025-10-31,일본,일본,,(주)도키엔터테인먼트,청소년관람불가,성인물(에로),,
첫 경험! 야한 새엄마,2025-10-27,일본,일본,,(주)코빈커뮤니케이션즈,청소년관람불가,성인물(에로),,
형수와 욕탕에서 잔잔한 물놀이,2025-10-31,일본,일본,,(주)도키엔터테인먼트,청소년관람불가,성인물(에로),,
여연 X BWFF 단편선,,한국,한국,,,,"애니메이션,드라마",,
반지의 제왕 : 반지원정대,2001-12-31,미국,미국,,"워너브러더스 코리아(주),(주)시네마서비스",12세관람가,드라마,피터 잭슨,"일라이저 우드,이안 맥켈런,비고 모텐슨,숀 애스틴,리브 타일러,올랜도 블룸,숀 빈,빌리 보이드,케이트 블란쳇,휴고 위빙"
로보카폴리 사막 구조대 이야기,,한국,한국,(주)로이비쥬얼,,,애니메이션,엄준영,"엄상현,박선영"
"지금, 만나러 갑니다",2005-03-25,일본,일본,도호쿠신샤,"(주)디스테이션,(주)엔케이컨텐츠,롯데쇼핑㈜롯데엔터테인먼트","12세이상관람가,12세관람가","드라마,멜로/로맨스,판타지",도이 노부히로,"다케우치 유코,나카무라 시도"
지구의 주인은 고양이다,,한국,한국,(주)쏘울 크리에이티브,,,애니메이션,,
샤샤 & 마일로,,한국,한국,,,,애니메이션,,
반짝반짝 달님이,,한국,한국,,,,애니메이션,,
국보,2025-11-19,일본,일본,,(주)넥스트엔터테인먼트월드(NEW),15세이상관람가,드라마,이상일,"요시자와 료,요코하마 류세이,타카하타 미츠키,테라지마 시노부,모리 나나,쿠로카와 소야,와타나베 켄"
제이홉 투어 ‘홉 온 더 스테이지’ 더 무비,2025-11-12,한국,한국,(주)하이브,씨지브이 아이스콘,전체관람가,공연,박준수,정호석
"도토리 문화센터: Part1 고두리, 취미 지옥에 빠지다",,한국,한국,한국교육방송공사 EBS,,,애니메이션,,
꼬마돼지 베이브와 타피티,2025-11-13,독일,독일,,(주)박수엔터테인먼트,전체관람가,애니메이션,니나 웰스,
바톤 핑크,1992-10-31,미국,미국,,,고등학생이상관람가,"드라마,코미디","조엘 코엔,에단 코엔","존 터투로,존 굿맨"
리그레팅 유,2025-11-05,미국,미국,파라마운트 픽쳐스,롯데컬처웍스(주)롯데엔터테인먼트,15세이상관람가,"드라마,멜로/로맨스",조쉬 분,"앨리슨 윌리암스,맥케나 그레이스,데이브 프랭코,메이슨 테임즈,스콧 이스트우드,클랜시 브라운"
뱀파이어 헌터 D,2025-11-12,일본,일본,,(주)플레이그램,15세이상관람가,애니메이션,카와지리 요시아키,"타나카 히데유키,야마데라 코이치"
맨홀,2025-11-19,한국,한국,(주)영화사레드피터,(주)마노엔터테인먼트,15세이상관람가,드라마,한지수,"김준호,권소현,민서,박미현,이재흥,주성혁,강혁일,김영범,이유경,박정현,이유준,박소을,김서하,권소현,김경남,송재룡,양종욱,정세현,신효재,서용우,권구윤,장혁준,곽산,이교엽,정호진,임정운,오대성,정민기,배진완,김윤진,유주하"
뒷자리에 태워줘,2026-05-27,영국,영국,,주식회사 올랄라스토리,청소년관람불가,드라마,,알렉산더 스카스가드
직지루트; 테라 인코그니타,2025-11-12,한국,한국,"(주)아우라픽처스,영화사 샘(주)",와이드 릴리즈(주),전체관람가,다큐멘터리,우광훈,"아히안,안병우,김민웅"
마사이 크로스,2025-11-20,한국,한국,파이오니아21,(주)드림팩트엔터테인먼트,12세이상관람가,드라마,이성관,"권오중,임성언,유예일,손건우,황영하,유은조,김하율"
황홀,,스페인,스페인,,,,"드라마,판타지",,
누가 아이를 죽일 수 있을까?,,스페인,스페인,,,,"공포(호러),미스터리,스릴러",,
나혼자 프린스,2025-11-19,한국,한국,"(주)제리굿컴퍼니,(주)영화사 이창,(주)웨스트월드","씨제이 씨지브이(CJ CGV)(주),(주)제리굿컴퍼니",12세이상관람가,"코미디,멜로/로맨스",김성훈,"이광수,황하,음문석,듀이 칸,꾸 티 짜,조우진,유재명,강하늘,유선,김종수,김준한,배진완"
[인디스페이스X어둠단] 좋아하는데 이유가 있나요?,,한국,한국,,,,"드라마,다큐멘터리",,
곰돌이 푸: 피와 꿀 2,2025-11-05,미국,미국,,TCO(주)더콘텐츠온,청소년관람불가,"공포(호러),스릴러",,
피나,2012-08-30,독일,"독일,프랑스,영국",,"(주)에무필름즈,㈜영화사 백두대간",전체관람가,다큐멘터리,빔 벤더스,피나 바우쉬
통제불가,2025-11-06,중국,중국,,(주)빅웨이브시네마,12세이상관람가,"액션,코미디",,"마동석,크리스 필립스"
피 묻은 신부,,스페인,스페인,,,,"공포(호러),미스터리",비센테 아란다,
강화도령,,한국,한국,,,,"사극,멜로/로맨스",신상옥,"최은희,도금봉"
당신이 떠난 후,,미국,미국,,,,"드라마,전쟁",존 크롬웰,"클로데트 콜베트,제니퍼 존스"
푸들,,스페인,스페인,,,,드라마,비가스 루나,
기적 + 마리아에게 경배를,,기타,기타,,,,기타,,
16회 광주여성영화제 [메이드 인 광주-배리어프리],,한국,한국,,,,드라마,,
농담,,한국,한국,,,,드라마,,
사랑하니까 가족이지,,대만,대만,,,,다큐멘터리,,
이방인의 텃밭,,한국,한국,,,,다큐멘터리,,
지구를 지켜라,2003-04-04,한국,한국,(주)싸이더스,(주)씨제이이엔엠,18세관람가,코미디,장준환,"신하균,백윤식,황정민,이재용,이주현,기주봉,김동현,이현아,김중규,김뢰하,김영찬,이무현,예수정,김기천"
야노,,브라질,브라질,,,,"드라마,스릴러",,
판의 미로 - 오필리아와 세 개의 열쇠,2006-11-30,스페인,"스페인,멕시코",,"(주)디스테이션,(주)프라임엔터테인먼트",15세이상관람가,"드라마,판타지,전쟁",길예르모 델 토로,"이바나 바쿠에로,더그 존스,세르지 로페즈"
SIPFF2025 국내단편 경쟁 4,,한국,한국,,,,"드라마,스릴러,멜로/로맨스,코미디",,
사복경찰,,미국,미국,,,,"드라마,스릴러",,
"스윗, 스윗하트",,이탈리아,이탈리아,,,,드라마,,
인 애쉬즈,,덴마크,덴마크,,,,드라마,,
퀴어파노라마,,홍콩,"홍콩,미국",,,,드라마,,
포 마더스,,아일랜드,아일랜드,,,,"드라마,코미디",,
여름의 랑데뷰,,프랑스,프랑스,,,,"드라마,코미디",,
SIPFF2025 국내단편 경쟁 3,,한국,한국,,,,"드라마,멜로/로맨스,판타지,스릴러,애니메이션",,
스테이트 오브 퍼스트,,미국,미국,,,,다큐멘터리,,
16회 광주여성영화제 [발리국제단편영화제 교류전],,인도네시아,인도네시아,,,,"드라마,다큐멘터리",,
16회 광주여성영화제 [지역여성영화 교류전],,한국,한국,,,,"드라마,다큐멘터리",,
16회 광주여성영화제[선을넘는 단편초청],,한국,한국,,,,"드라마,애니메이션",,
날 선 평화의 경계,,아프카니스탄,"아프카니스탄,카타르",,,,다큐멘터리,,
살인자 말리나의 4막극,,인도네시아,"인도네시아,프랑스,말레이시아",,,,"드라마,스릴러",,
SIPFF2025 국내단편 비경쟁 1,,한국,한국,,,,"드라마,판타지,멜로/로맨스",,
러브 레터,,프랑스,프랑스,,,,드라마,,
SIPFF2025 국내단편 경쟁 2,,한국,한국,,,,"드라마,코미디,애니메이션",,
SIPFF2025 키스키스X스,,한국,한국,,,,"드라마,멜로/로맨스",,
사우나,,덴마크,덴마크,,,,드라마,,
마음을 입에 넣고 미소 짓는 것이 두렵다면,,오스트리아,오스트리아,,,,드라마,,
SIPFF2025 국내단편 경쟁 1,,한국,한국,,,,"드라마,코미디,공포(호러),다큐멘터리",,
SIPFF2025 국내단편 비경쟁 3,,한국,한국,,,,"드라마,멜로/로맨스,코미디,판타지,애니메이션,다큐멘터리",,
꿈을 꾸었다 말해요,,한국,한국,베어스필름,,청소년관람불가,드라마,김조광수,
SIPFF2025 아시아 단편 컬렉션 3,,기타,기타,,,,"드라마,다큐멘터리",,
SIPFF2025 국내단편 비경쟁 2,,한국,한국,,,,"드라마,코미디,멜로/로맨스,판타지,애니메이션",,
짐파,,호주,"호주,네덜란드,핀란드",,,,드라마,,
SIPFF2025 아시아 단편 컬렉션 4,,기타,기타,,,,"드라마,멜로/로맨스,다큐멘터리",,
뜨거운 오후,,미국,미국,,,,"드라마,스릴러,범죄",시드니 루멧,"알 파치노,존 카잘"
실버 스타,,미국,미국,,,,드라마,,
실명,,대만,대만,,,,"드라마,멜로/로맨스",,
플란다스의 개,2000-02-19,한국,한국,우노필름,(주)시네마서비스,12세관람가,"드라마,코미디",봉준호,"배두나,고수희,이성재,변희봉,김호정,김뢰하"
스윗하트서비스: 더 무비,,한국,한국,매치박스 유한책임회사,,15세이상관람가,"드라마,멜로/로맨스",배윤서,"김현서,이재협,정명철,윤현권,이수연"
SIPFF2025 아시아 단편 컬렉션 1,,기타,기타,,,,"드라마,멜로/로맨스,다큐멘터리,애니메이션",,
더 보이 위드 핑크 팬츠,,이탈리아,이탈리아,,,,드라마,,
루,,캐나다,캐나다,,,,드라마,,
패밀리,,이탈리아,이탈리아,,,,"가족,범죄",,
할아버지+태양아 이제 안녕+물을 건너서,,프랑스,프랑스,,,,드라마,,
뉴본,,멕시코,멕시코,,,,드라마,,
드리머즈,,영국,영국,,,,드라마,,
SIPFF2025 월드 단편 컬렉션 1,,기타,기타,,,,"드라마,멜로/로맨스,코미디,다큐멘터리",,
SIPFF2025 월드 단편 컬렉션 2,,기타,기타,,,,"드라마,멜로/로맨스,코미디,애니메이션",,
아푸의 세계,,인도,인도,,,,드라마,사티야지트 레이,
엔조,2026-05-27,프랑스,프랑스,,"(주)스튜디오디에이치엘,주식회사 로아앤코홀딩스",15세이상관람가,드라마,로빈 캄필로,"엘로이 포후,막심 슬리빈스키,피에르프란체스코 파비노,엘로디 부셰"
마루는 강쥐,,한국,한국,,,,애니메이션,,
샌드백 댐,,크로아티아,"크로아티아,기타",,,,"드라마,멜로/로맨스",,
SIPFF2025 국내단편 비경쟁 4,,한국,한국,,,,"드라마,코미디,공포(호러),판타지,애니메이션",,
SIPFF2025 아시아 단편 컬렉션 2,,기타,기타,,,,"드라마,멜로/로맨스,다큐멘터리,코미디",,
SIPFF2025 파이브 필름 포 프리덤,,기타,기타,,,,"드라마,멜로/로맨스,애니메이션,다큐멘터리",,
독재 소공화국,1991-04-05,한국,한국,,,고등학생이상관람가,드라마,진유영,"김서라,이진수,최재성,박준규"
샤이니 슈림프,,프랑스,프랑스,,,15세이상관람가,드라마,막심 고바레,니콜라스 곱
하우스 위드 투 도그즈,,아르헨티나,아르헨티나,,,,드라마,,
바람의 아이,,한국,한국,,,15세이상관람가,뮤지컬,김동명,"염문경,김유정"
거친 떡질-점장님 거친맛에 떡실신 무삭제판,2025-11-06,일본,일본,,(주)영진크리에이티브,청소년관람불가,"성인물(에로),드라마,멜로/로맨스",,
관음증-두 아들의 떡맛을 느낀 새엄마 무삭제판,2025-11-04,일본,일본,,(주)영진크리에이티브,청소년관람불가,"성인물(에로),드라마,멜로/로맨스",,
관종녀들-구멍 열어줄게 봐주세요,2025-11-04,일본,일본,,(주)영진크리에이티브,청소년관람불가,"성인물(에로),드라마,멜로/로맨스",,
금지된 그녀와의 로맨스 무삭제판,2025-11-05,일본,일본,,(주)가온콘텐츠,청소년관람불가,멜로/로맨스,사루,
나는 야한 여자다,2025-11-05,한국,한국,,(주)제이앤씨미디어그룹,청소년관람불가,드라마,,
나이 많은 남자가 좋은 20살,2025-11-06,한국,한국,(주)샤이커뮤니케이션즈,(주)샤이커뮤니케이션즈,청소년관람불가,성인물(에로),,
내 여자친구는 예쁜 아줌마,2025-11-06,한국,한국,(주)샤이커뮤니케이션즈,(주)샤이커뮤니케이션즈,청소년관람불가,성인물(에로),,
내손으로 길들이는 그녀,2025-11-05,일본,일본,,(주)가온콘텐츠,청소년관람불가,멜로/로맨스,,
누나의 젖은 가슴,2025-11-03,일본,일본,,(주)코빈커뮤니케이션즈,청소년관람불가,성인물(에로),,
달콤한 사육,2025-11-05,일본,일본,,(주)가온콘텐츠,청소년관람불가,멜로/로맨스,카니에,모리 나나코
떡정 : 남녀사이 가장 중요한 것,2025-11-05,한국,한국,(주)영화사가을,(주)영화사가을,청소년관람불가,멜로/로맨스,,
마르지 않는 새엄마의 가랑이 무삭제판,2025-11-05,일본,일본,,(주)가온콘텐츠,청소년관람불가,멜로/로맨스,사루,모리사와 카나
민감한 젖꼭지로 무너져버린 가정,2025-11-06,일본,일본,,(주)두리컴미디어,청소년관람불가,성인물(에로),,
박을거야 : 그녀의 엉덩이 무삭제판,2025-11-05,일본,일본,,(주)가온콘텐츠,청소년관람불가,멜로/로맨스,키타노 마지메,
번식경쟁-남편의 정력과시,2025-11-03,일본,일본,,(주)영진크리에이티브,청소년관람불가,"성인물(에로),드라마,멜로/로맨스",,
볼빨간 유부녀 폭싹 젖었수다,2025-11-07,일본,일본,,주식회사 프로젝트4,청소년관람불가,성인물(에로),나카노 야요이,미즈타니 코코네
부하 아내의 맛 보는 상사,2025-11-06,일본,일본,,(주)영진크리에이티브,청소년관람불가,"성인물(에로),드라마,멜로/로맨스",,
새엄마의 삽입사건 무삭제판,2025-11-05,일본,일본,,(주)가온콘텐츠,청소년관람불가,멜로/로맨스,,오토나시 카오리
성실한 불륜녀 무삭제판,2025-11-05,일본,일본,,(주)가온콘텐츠,청소년관람불가,멜로/로맨스,,카와카미 유우
성처리 도구가 되고 싶은 여동생,2025-11-05,한국,한국,(주)샤이커뮤니케이션즈,(주)샤이커뮤니케이션즈,청소년관람불가,성인물(에로),,
섹스에 중독된 소녀 그리고 유부녀3,2025-11-07,한국,한국,스마일컨텐츠,스마일컨텐츠,청소년관람불가,성인물(에로),성기만,
쉬운 여자 - 먼저 벌린 여친의 친구,2025-11-03,일본,일본,,(주)코빈커뮤니케이션즈,청소년관람불가,성인물(에로),,
스스로 열어준 그녀의 구멍,2025-11-05,일본,일본,,(주)가온콘텐츠,청소년관람불가,멜로/로맨스,카니에,
시아버지가 넣어준 가문의 씨앗 무삭제판,2025-11-03,일본,일본,,(주)영진크리에이티브,청소년관람불가,"성인물(에로),드라마,멜로/로맨스",,
아내의 남자들-남편이 허락한 스와핑,2025-11-06,일본,일본,,(주)영진크리에이티브,청소년관람불가,"성인물(에로),드라마,멜로/로맨스",,
아마추어-지리는 AV 첫촬영,2025-11-04,일본,일본,,(주)영진크리에이티브,청소년관람불가,"성인물(에로),드라마,멜로/로맨스",,
"어떤 키스, 어떤 삽입",2025-11-05,일본,일본,,(주)가온콘텐츠,청소년관람불가,멜로/로맨스,사루,
어린 여자의 탐스러운 가랑이,2025-11-07,한국,한국,(주)샤이커뮤니케이션즈,(주)샤이커뮤니케이션즈,청소년관람불가,성인물(에로),,
엉덩이로 유혹하는 예비 처제 무삭제,2025-11-03,일본,일본,,(주)코빈커뮤니케이션즈,청소년관람불가,성인물(에로),,
옆집 누나의 성교육,2025-11-03,일본,일본,,(주)코빈커뮤니케이션즈,청소년관람불가,성인물(에로),,
왕가슴 미녀와 야외온천 쾌락섹스,2025-11-06,일본,일본,,(주)영진크리에이티브,청소년관람불가,"성인물(에로),드라마,멜로/로맨스",,
"음란한 벽장 속 우렁각시, 나의 욕정을 탐한다",2025-11-06,일본,일본,,(주)두리컴미디어,청소년관람불가,성인물(에로),,
음욕의 타락수업 무삭제판,2025-11-05,일본,일본,,(주)가온콘텐츠,청소년관람불가,멜로/로맨스,사루,스노하라 미키
이모의 맛,2025-11-05,한국,한국,유한회사 스튜디오루나,유한회사 스튜디오루나,청소년관람불가,"성인물(에로),멜로/로맨스",김태수,
입으로 하는 모닝콜 무삭제판,2025-11-05,일본,일본,,(주)가온콘텐츠,청소년관람불가,멜로/로맨스,키타노 마지메,나카오카 타마키
잘 올라타는 섹시 관광가이드,2025-11-03,일본,일본,,(주)영진크리에이티브,청소년관람불가,"성인물(에로),드라마,멜로/로맨스",,
젊은 부부 취향껏 바꿔넣기,2025-11-07,한국,한국,(주)씨맥스커뮤니케이션즈,(주)씨맥스커뮤니케이션즈,청소년관람불가,성인물(에로),,
쫄깃한 맛보고 가라는 육덕녀,2025-11-07,한국,한국,(주)샤이커뮤니케이션즈,(주)샤이커뮤니케이션즈,청소년관람불가,성인물(에로),,
친구엄마 길들이기,2025-11-05,한국,한국,(주)영화사가을,(주)영화사가을,청소년관람불가,멜로/로맨스,,
친구와 여자친구 교환 스와핑,2025-11-05,한국,한국,(주)샤이커뮤니케이션즈,(주)샤이커뮤니케이션즈,청소년관람불가,성인물(에로),,
친구의 아내는 음란교사 무삭제판,2025-11-05,일본,일본,,(주)가온콘텐츠,청소년관람불가,멜로/로맨스,사루,모리사와 카나
침대 위의 젖은 여인 무삭제판,2025-11-05,일본,일본,,(주)가온콘텐츠,청소년관람불가,멜로/로맨스,,야나기다 야요이
탐욕의 절정섹스 무삭제판,2025-11-05,일본,일본,,(주)가온콘텐츠,청소년관람불가,멜로/로맨스,,스노하라 미키
헬스녀들-아랫 입 단련 하는 날,2025-11-04,일본,일본,,(주)영진크리에이티브,청소년관람불가,"성인물(에로),드라마,멜로/로맨스",,
형수의 맛,2025-11-05,한국,한국,유한회사 스튜디오루나,유한회사 스튜디오루나,청소년관람불가,"성인물(에로),멜로/로맨스",김태수,
혼숙여관-아내1 남자6 체크인,2025-11-03,일본,일본,,(주)영진크리에이티브,청소년관람불가,"성인물(에로),드라마,멜로/로맨스",,
SBFF2025,,한국,한국,,,,드라마,,
SBFF2025 개막식,,한국,한국,,,,기타,,
SBFF2025 단편경쟁 1,,한국,한국,,,,드라마,,
SBFF2025 단편경쟁 2,,한국,한국,,,,"드라마,다큐멘터리",,
SBFF2025 단편경쟁 3,,한국,한국,,,,"드라마,다큐멘터리",,
SBFF2025 단편경쟁 4,,한국,한국,,,,"드라마,애니메이션",,
SBFF2025 단편경쟁 5,,한국,한국,,,,드라마,,
SBFF2025 단편경쟁 6,,한국,한국,,,,"드라마,애니메이션",,
SBFF2025 단편경쟁 7,,한국,한국,,,,드라마,,
SBFF2025 단편경쟁 8,,한국,한국,,,,다큐멘터리,,
SBFF2025 단편경쟁 9,,한국,한국,,,,드라마,,
SBFF2025 단편영화 제작지원 특별프로젝트,,한국,한국,,,,드라마,,
SBFF2025 성북시퀀스 1,,한국,한국,,,,드라마,,
SBFF2025 성북시퀀스 옴니버스,,한국,한국,,,,드라마,,
SBFF2025 한국 영화 저널리즘비평 30년,,한국,한국,,,,"드라마,애니메이션",,
나우 유 씨 미 3,2025-11-12,미국,미국,,"롯데컬처웍스(주)롯데엔터테인먼트,(주)바이포엠스튜디오",12세이상관람가,"범죄,액션",루벤 플레셔,"제시 아이젠버그,우디 해럴슨,데이브 프랭코,아일라 피셔,저스티스 스미스,도미닉 세사,아리나 그린블랫,로자먼드 파이크,모건 프리먼"
용한 소녀,,한국,한국,,,,애니메이션,,
마스크,1994-08-20,미국,미국,,워너브러더스 코리아(주),고등학생이상관람가,"범죄,액션,코미디,판타지",척 러셀,"짐 캐리,카메론 디아즈"
극장판 노래하는☆왕자님♪ 타부 나이트 XXXX,2025-11-12,일본,일본,,(주)애니플러스,전체관람가,애니메이션,,
콩나물,,한국,한국,한국예술종합학교 미디어콘텐츠센터,(주)아토,,드라마,윤가은,"김수안,오동주,손석배"
위키드: 포 굿,2025-11-19,미국,미국,,유니버설픽쳐스인터내셔널 코리아(유),전체관람가,"판타지,뮤지컬,어드벤처",존 추,"신시아 에리보,아리아나 그란데,조나단 베일리,에단 슬레이터,보웬 양,마리사 보데,양자경,제프 골드블럼"
산티아고,,미국,미국,,,,기타,고든 더글라스,"앨런 래드,로잔나 포에스타"
러비타 퍼스트 팬 콘서트,2025-11-15,한국,한국,,씨제이포디플렉스 주식회사,전체관람가,공연,,
CJ도너스캠프 문화동아리 SHOWCASE (영상미디어 부문 - Advance Pro),,한국,한국,,,,"드라마,애니메이션",,
CJ도너스캠프 문화동아리 SHOWCASE (영상미디어 부문 - Advance),,한국,한국,,,,드라마,,
아브라함 계곡,,포르투갈,"포르투갈,프랑스,스위스",,,,기타,마누엘 데 올리베이라,
조상님이 보고계셔,2025-11-27,베트남,베트남,,"(주)제이앤씨미디어그룹,와이드 릴리즈(주)",15세이상관람가,코미디,,
아니키 보보,,포르투갈,포르투갈,,,,기타,마누엘 데 올리베이라,
제21회 프라이드스크린 폐막,,한국,한국,,,,"드라마,애니메이션,다큐멘터리",,
통잠,2025-11-19,한국,한국,(주)타이거시네마,필름다빈,15세이상관람가,"가족,드라마","김솔해,이도진","김시은,이도진,양석희"
제이 켈리,2025-11-19,미국,미국,,씨제이 씨지브이(CJ CGV)(주),15세이상관람가,드라마,노아 바움백,"조지 클루니,아담 샌들러"
달에서 본 지구 + 체리 향기,,기타,기타,,,,기타,,
바람의 불,,포르투갈,"포르투갈,스위스,프랑스",,,,드라마,,
16회 광주여성영화제 [날선낯선 단편초청],,한국,한국,,,,"드라마,다큐멘터리",,
흔들리는 사람에게,,한국,한국,,,,다큐멘터리,,
페드로 코스타 단편,,포르투갈,"포르투갈,한국",,,,기타,,
인 더 로스트 랜드,2025-11-26,독일,독일,,(주)누리픽쳐스,15세이상관람가,"액션,판타지,SF",폴 W.S. 앤더슨,"밀라 요보비치,데이브 바티스타"
마더,2009-05-28,한국,한국,(주)바른손이앤에이,(주)씨제이이엔엠,청소년관람불가,드라마,봉준호,"김혜자,문강주,원빈,정영기,진구,윤제문,최재원,전미선,송새벽,천우희,이미도,유인수,박태준,오원식,이옥주,김홍집,윤혜진,임성미,임근아,김태환,한지희,고규필,황영희,남성호,권병길,박명신,염동헌,김규남,임형국,권범택"
신의악단,2025-12-31,한국,한국,스튜디오타겟(주),씨제이 씨지브이(CJ CGV)(주),15세이상관람가,드라마,김형협,"박시후,정진운,태항호,장지건,한정완,고혜진,문경민,최선자,남태훈,신한결,서동원,강승완,이한서,윤제문,기주봉,하민,이정훈"
라이트,,독일,독일,,,,드라마,,
제21회 프라이드스크린 섹션1. 새벽바람,,한국,한국,,,,"드라마,다큐멘터리,애니메이션",,
제21회 프라이드스크린 섹션2. 실바람,,한국,한국,,,,"드라마,다큐멘터리,애니메이션",,
제21회 프라이드스크린 섹션3. 산들바람,,한국,한국,,,,"드라마,다큐멘터리,애니메이션",,
제21회 프라이드스크린 섹션4. 명지바람,,한국,한국,,,,"드라마,애니메이션,다큐멘터리",,
제21회 프라이드스크린 섹션5. 하늬바람,,한국,한국,,,,"드라마,애니메이션,다큐멘터리",,
제21회 프라이드스크린 섹션6. 맞바람,,한국,한국,,,,"드라마,다큐멘터리",,
제21회 프라이드스크린 섹션7. 노을바람,,한국,한국,,,,"드라마,애니메이션,다큐멘터리",,
제21회 프라이드스크린 섹션8. 밤바람,,한국,한국,,,,"드라마,애니메이션,다큐멘터리",,
제21회 프라이드스크린 섹션9. 색바람,,한국,한국,,,,"드라마,다큐멘터리,애니메이션",,
서부 개척사,,미국,미국,,,,"서부극(웨스턴),어드벤처,드라마","존 포드,헨리 해서웨이,조지 마샬","캐롤 베이커,리 J. 콥"
호수길,,한국,한국,,시네마달,12세이상관람가,다큐멘터리,정재훈,
김군,2019-05-23,한국,한국,"1011 필름,영화사 풀",영화사 풀,12세이상관람가,다큐멘터리,강상우,"김군,주옥,양동남,지만원,이창성,차종수,오기철,이강갑,최영철,최진수,안지환,서정열,안종철,이종명,곽희성,김양래,강보원,주대체,고광덕,구성주,김경림,김공휴,김규재,김영택,김태찬,김용균,김정기,김준봉,김준선,김진순,김춘군,나일성,마이남,문관,지대지,문병림,지유진,문장우,송희성,윤영규,박봉진,이재춘,이근례,박선재,정호용,이흥철,최진동,최창기,양홍범,염경태,송경상,서한성,오인수,오종렬,홍순진,홍흥준,박인수,허상희,이은정"
오션스 일레븐,,미국,미국,,,,"범죄,코미디",루이스 마일스톤,"프랭크 시내트라,딘 마틴,새미 데이비스 주니어,피터 로포드,앤지 디킨슨"
2025 힌츠페터 국제보도상 수상작 상영회 경쟁부문,,기타,기타,,,,다큐멘터리,,
더 러닝 맨,2025-12-10,영국,영국,,롯데컬처웍스(주)롯데엔터테인먼트,15세이상관람가,액션,에드가 라이트,"글렌 파월,윌리엄 H. 메이시,리 페이스,콜먼 도밍고,조슈 브롤린"
난교:떡치는 사람들,2025-11-14,한국,한국,(주)파랑새미디어,(주)영진크리에이티브,청소년관람불가,"성인물(에로),드라마,멜로/로맨스",이타치,
환호성,,한국,한국,,,,드라마,정재훈,이명재
인디스데이 11월 단편,,한국,한국,,,,"드라마,기타",,
경매의 신 ep5 낙찰의 꽃,2025-11-14,한국,한국,(주)룬컴퍼니,(주)룬컴퍼니,청소년관람불가,"성인물(에로),범죄,드라마",,김경만
권태기 극복을 위한 부부의 속궁합 맞추기,2025-11-13,일본,일본,,(주)나우콘텐츠,청소년관람불가,"드라마,성인물(에로)",,
귀여운 섹파 유노와의 짜릿한 하룻밤,2025-11-14,일본,일본,,(주)영진크리에이티브,청소년관람불가,"멜로/로맨스,드라마",,
귓가에 속삭임으로 보내는 섹스,2025-11-15,일본,일본,,(주)도키엔터테인먼트,청소년관람불가,성인물(에로),,
나 아줌마인데 괜찮아,2025-11-11,일본,일본,,(주)도키엔터테인먼트,청소년관람불가,성인물(에로),,
남편 대신 사축이 된 아내,2025-11-10,일본,일본,,(주)도키엔터테인먼트,청소년관람불가,성인물(에로),,
남편 몰래 고객 짜내는 거유 미용사,2025-11-13,일본,일본,,(주)나우콘텐츠,청소년관람불가,"드라마,성인물(에로)",,
남편을 위해 사장에게 봉사하는 아내,2025-11-13,일본,일본,,(주)나우콘텐츠,청소년관람불가,"드라마,성인물(에로)",키토루네 가와구치,
낭만 넘치는 알바 유부녀와 섹스,2025-11-15,일본,일본,,(주)도키엔터테인먼트,청소년관람불가,성인물(에로),,
낮엔 풀장여신 밤엔 섹스여왕,2025-11-11,일본,일본,,(주)영진크리에이티브,청소년관람불가,성인물(에로),,
당신에게 소개받은 섹파,2025-11-15,일본,일본,,(주)도키엔터테인먼트,청소년관람불가,성인물(에로),,
동정인 남편 친구를 졸업시키다,2025-11-10,일본,일본,,(주)도키엔터테인먼트,청소년관람불가,성인물(에로),,
막차를 놓친 직장 여후배의 달콤한 유혹,2025-11-13,일본,일본,,(주)나우콘텐츠,청소년관람불가,"드라마,성인물(에로)",,
맛있는 불륜 오피스 레이디,2025-11-14,한국,한국,(주)룬컴퍼니,(주)룬컴퍼니,청소년관람불가,"성인물(에로),드라마,멜로/로맨스",선우용,
몇 번을 채워도 모자란 깊은구멍 무삭제판,2025-11-14,한국,한국,(주)파랑새미디어,(주)영진크리에이티브,청소년관람불가,"성인물(에로),드라마,멜로/로맨스",이타치,
모두의 아내:입주민 전용 구멍,2025-11-11,일본,일본,,(주)영진크리에이티브,청소년관람불가,성인물(에로),,
미숙녀의 승천정사,2025-11-11,일본,일본,,(주)도키엔터테인먼트,청소년관람불가,성인물(에로),,
변태 교수의 큰 물건에 중독된 거유 여대생,2025-11-13,일본,일본,,(주)나우콘텐츠,청소년관람불가,"드라마,성인물(에로)",아사기리 키요시,
빨아주는 누나 무삭제,2025-11-10,일본,일본,,(주)코빈커뮤니케이션즈,청소년관람불가,성인물(에로),,
상스러운 유부녀가 털린 날,2025-11-10,일본,일본,,(주)도키엔터테인먼트,청소년관람불가,성인물(에로),,
"섹스과외 : 처제, 새엄마, 친구엄마",2025-11-12,한국,한국,(주)영화사가을,(주)영화사가을,청소년관람불가,멜로/로맨스,,
섹스미션:유부녀를 벌려라,2025-11-11,일본,일본,,(주)영진크리에이티브,청소년관람불가,성인물(에로),,
시아버지에게 들켜버린 은밀한 취미,2025-11-14,일본,일본,,(주)영진크리에이티브,청소년관람불가,"멜로/로맨스,드라마",,
시아버지에게 배운 섹스술,2025-11-10,일본,일본,,(주)도키엔터테인먼트,청소년관람불가,성인물(에로),,
신주쿠 신인 유부녀 데뷔,2025-11-11,일본,일본,,(주)도키엔터테인먼트,청소년관람불가,성인물(에로),,
신주쿠 유부녀 낚시게임,2025-11-11,일본,일본,,(주)도키엔터테인먼트,청소년관람불가,성인물(에로),,
신주쿠에서 바로 호텔 정사,2025-11-11,일본,일본,,(주)도키엔터테인먼트,청소년관람불가,성인물(에로),,
신주쿠의 셀럽 유부녀,2025-11-11,일본,일본,,(주)도키엔터테인먼트,청소년관람불가,성인물(에로),,
아름다운 부인과 외도 교제,2025-11-10,일본,일본,,(주)도키엔터테인먼트,청소년관람불가,성인물(에로),,
야한 친구를 소개해줘,2025-11-15,일본,일본,,(주)도키엔터테인먼트,청소년관람불가,성인물(에로),,
여상사에 기어오르는 동정 부하직원,2025-11-13,일본,일본,,(주)나우콘텐츠,청소년관람불가,"드라마,성인물(에로)",이나바루,
여친 친구의 엉덩이에 푹 빠진 남자친구,2025-11-13,일본,일본,,(주)나우콘텐츠,청소년관람불가,"드라마,성인물(에로)",오자키 히로코우지,
오랜만에 느낀다는 미숙녀,2025-11-15,일본,일본,,(주)도키엔터테인먼트,청소년관람불가,성인물(에로),,
의사의 아내 신체 검사,2025-11-10,일본,일본,,(주)도키엔터테인먼트,청소년관람불가,성인물(에로),,
일류 셀럽 유부녀의 첫 도전,2025-11-11,일본,일본,,(주)도키엔터테인먼트,청소년관람불가,성인물(에로),,
자기야 빨리 넣어줘,2025-11-12,한국,한국,(주)영화사가을,(주)영화사가을,청소년관람불가,멜로/로맨스,,
자동차도 여자도 모두 타는 것,2025-11-15,일본,일본,,(주)도키엔터테인먼트,청소년관람불가,성인물(에로),,
자주색 꽃무늬 속옷의 유부녀,2025-11-10,일본,일본,,(주)도키엔터테인먼트,청소년관람불가,성인물(에로),,
중년 아저씨에 빠져 매일 즐기는 처자,2025-11-13,일본,일본,,(주)나우콘텐츠,청소년관람불가,"드라마,성인물(에로)",,
직원에게 욕구 해소하는 여부장,2025-11-10,일본,일본,,(주)도키엔터테인먼트,청소년관람불가,성인물(에로),,
친구 소개 급정사,2025-11-15,일본,일본,,(주)도키엔터테인먼트,청소년관람불가,성인물(에로),,
키스만으로 무저항 섹스,2025-11-11,일본,일본,,(주)도키엔터테인먼트,청소년관람불가,성인물(에로),,
파견직 거근에 넘어간 건방진 여상사,2025-11-13,일본,일본,,(주)나우콘텐츠,청소년관람불가,"드라마,성인물(에로)",키토루네 가와구치,
"형수님의 흔들리는 가슴, 벌려진 가랑이",2025-11-10,일본,일본,,(주)코빈커뮤니케이션즈,청소년관람불가,성인물(에로),,
홈스테이로 만난 흑인 대물에 빠진 여자,2025-11-13,일본,일본,,(주)나우콘텐츠,청소년관람불가,"드라마,성인물(에로)",미시마 로쿠사부로,
SBFF2025 성북시퀀스 2,,한국,한국,,,,드라마,,
SBFF2025 폐막식,,한국,한국,,,,기타,,
나르키소스와 프시케,,헝가리,헝가리,,,,드라마,가보르 보디,
족보,1979-09-14,한국,한국,(주)화천공사,,국민학생관람불가,"드라마,멜로/로맨스",임권택,"주선태,하명중,한혜숙,독고성,최남현,최재호"
가타카,1998-05-02,미국,미국,콜럼비아 픽쳐스 코포레이션,,15세 미만인 자는 관람할 수 없는 등급,"SF,드라마,미스터리,스릴러",앤드류 니콜,"에단 호크,주드 로,우마 서먼"
포레스텔라 : 더 웨이브 인 시네마,2025-11-19,한국,한국,,"(주)엘지유플러스,(주)씨네필운",전체관람가,공연,김한솔,
비정성시,1990-01-26,대만,대만,,"(주)디스테이션,(주)에이썸엔터테인먼트","15세이상관람가,중학생이상관람가",드라마,허우 샤오시엔,"양조위,진송용"
주토피아 2,2025-11-26,미국,미국,,월트디즈니컴퍼니코리아 유한책임회사,전체관람가,애니메이션,"재러드 부시,바이론 하워드","지니퍼 굿윈,제이슨 베이트먼,키 호이 콴"
힘,2025-11-27,한국,한국,액츠픽처스,시네마 뉴원,15세이상관람가,"액션,드라마",최지온,"최지온,하성원,송주영,손주열,송예찬,황아리,이희엘,박하언,하보라,이강훈,최주안"
열정의 랩소디,,미국,미국,,,12세관람가,드라마,"빈센트 미넬리,조지 쿠커","커크 더글라스,앤소니 퀸"
정보원,2025-12-03,한국,한국,팝콘필름㈜,(주)영화특별시에스엠씨,15세이상관람가,"코미디,범죄",김석,"정진원,허성태,조복래,서민주,차순배,장혁진,최희도,박현정"
넌센스,2025-11-26,한국,한국,한국영화아카데미,주식회사 로아앤코홀딩스,15세이상관람가,"스릴러,드라마",이제희,"오아연,박용우,오민애,이주미,백승우"
마스터 마인드,,미국,"미국,영국",,,,드라마,,
리코더 시험,,한국,한국,,㈜인디스토리,전체관람가,"드라마,가족",김보라,"정인기,박명신"
절멸의 천사,,멕시코,멕시코,,,,"드라마,공포(호러),전쟁,미스터리",루이스 브뉘엘,"실비아 피날,재클린 안데어,호세 바비에라,오귀스토 베네디코,안토니오 브라보,클라오디오 브룩"
나의 작은 연인들,,프랑스,프랑스,,,,기타,,
두 검사,2026-04-01,프랑스,"프랑스,독일,네덜란드",,"엠엔엠인터내셔널(주),(주)레드아이스 엔터테인먼트",15세이상관람가,기타,세르게이 로즈니차,
속초에서의 겨울,2025-11-26,프랑스,프랑스,,(주)누리픽쳐스,12세이상관람가,드라마,코야 카무라,"벨라 킴,박미현,류태호,로쉬디 젬,공도유,정경순"
우리의 이름,2025-11-26,한국,한국,"감성스토리,록스튜디오",(주)에무필름즈,15세이상관람가,드라마,이상록,"정순범,민우석,이상하,김태현,민다은"
퐁네프의 연인들,1992-04-18,프랑스,프랑스,,"엠엔엠인터내셔널(주),오드","고등학생이상관람가,청소년관람불가",멜로/로맨스,레오스 카락스,"줄리엣 비노쉬,드니 라방,클라우스 마이클 그루버"
비리디아나,,스페인,스페인,,,,드라마,루이스 브뉘엘,실비아 피날
동에 번쩍 서에 번쩍,2025-11-26,한국,한국,영화사 벽돌,그린나래미디어(주),12세이상관람가,드라마,이광국,"여설희,우화정,서지안"
멀고도 가까운,2025-12-03,한국,한국,"더파인트,제이원이엔엠",주식회사 씨엠닉스,15세이상관람가,"멜로/로맨스,판타지",최인규,"박호산,송재림,고은민"
엄마와 창녀,,프랑스,프랑스,(주)우진필림,,,드라마,,베르나데트 라퐁
지하 아이돌,,한국,한국,㈜리필름,시네마 뉴원,15세이상관람가,코미디,이수성,"염승이,강병수,김영희"
허들,2025-12-03,한국,한국,(주)네모콘텐츠,주식회사 로아앤코홀딩스,15세이상관람가,드라마,한상욱,"최예빈,김영재,권희송,이중옥,박충선,양흥주,오태경,변진수,고경표,배유람,박수현"
흐르는 강물처럼,1993-04-24,미국,미국,얼라이드필름메이커스,,중학생이상관람가,드라마,로버트 레드포드,브래드 피트
피렌체,2026-01-07,한국,한국,(주)영화사 순수,영화로운 형제,12세이상관람가,드라마,이창열,"김민종,예지원,해리 벤자민,유정하,김다현,김주원,장태훈,민경진"
내일을 향해 쏴라,,미국,미국,,,,"서부극(웨스턴),범죄,드라마",조지 로이 힐,"폴 뉴먼,로버트 레드포드,캐서린 로스"
항거:유관순 이야기,2019-02-27,한국,한국,(주)디씨지플러스,롯데컬처웍스(주)롯데엔터테인먼트,12세이상관람가,드라마,조민호,"고아성,김새벽,김예은,정하담,류경수,최무성,하성광,류성민,권현진,김경록,김남진,박지원,박찬우,배향,김명,신영주,신하준,신현진,오상무,임한빈,김은희,최미라,장민영,최성윤,김현호,정효정,이성원,김정원,조아라,이수연,김신영,율찬,강시후,김연정,강왕수,고병택,김지성,공정현,권다솜,김영은,이영석,김아송,정소영,나누리,노승범,정교,진호은,윤상돈,채송화,윤예솔,정하담,심태영,이형원,이효린,최일순,임영혜,임유정,임윤진,박한마,임자혜,송용기,하진,오지영"
백탑지광,,중국,중국,,,,기타,장률,
파더 마더 시스터 브라더,2025-12-31,프랑스,프랑스,,"주식회사 로아앤코홀딩스,(주)영화사 안다미로",12세이상관람가,드라마,짐 자무쉬,"케이트 블란쳇,비키 크립스,아담 드라이버,톰 웨이츠"
사막의 시몬,,멕시코,멕시코,,,,기타,루이스 브뉘엘,
제18회 스토리업쇼츠 섹션1. 남겨진 이들의 계절,,한국,한국,,,,드라마,,
워렌 손버트 네 편의 영화,,미국,미국,,,,기타,,
제27회 부산독립영화제 메이드 인 부산 4,,한국,한국,,,,"드라마,다큐멘터리",,
무슨 상관,,미국,미국,,,,기타,,
다시 쓰는 희노애락,,한국,한국,,,,기타,,
시저와 클레오파트라,,영국,"영국,미국",,,,드라마,가브리엘 파스칼,
롤링스톤,,한국,한국,톡미디어,톡미디어,15세이상관람가,드라마,신톡,
아토맨: 뉴 히어로,2025-11-20,벨기에,"벨기에,모로코",,주식회사 풍경소리,15세이상관람가,"액션,어드벤처",,
WDN 섹션 1: 경험의 가장자리,,한국,한국,,,,기타,,
제18회 스토리업쇼츠 섹션2. 불협화음의 시대,,한국,한국,,,,드라마,,
파과: 인터내셔널 컷,2025-12-10,한국,한국,(주)수필름,(주)넥스트엔터테인먼트월드(NEW),청소년관람불가,"액션,드라마,미스터리",민규동,"이혜영,김성철,연우진"
WDN 섹션 2: 기억과 장소의 가장자리,,한국,한국,,,,기타,,
시네마 테러리스트,,한국,한국,,,,"드라마,스릴러",기모태,
부력,,한국,한국,,,,다큐멘터리,,
재민이,,한국,한국,,,,애니메이션,,
한 번만 더,,한국,한국,,,,드라마,,박지영
제27회 부산독립영화제 메이드 인 부산 1,,한국,한국,,,,"드라마,다큐멘터리",,
제27회 부산독립영화제 메이드 인 부산 2,,한국,한국,,,,"드라마,애니메이션",,
제27회 부산독립영화제 스펙트럼 부산-나우 2,,한국,한국,,,,드라마,,
10월의 어느 멋진 날에,,한국,한국,,,,드라마,,
제27회 부산독립영화제 메이드 인 부산 3,,한국,한국,,,,"드라마,다큐멘터리",,
용과 주근깨 공주,2021-09-29,일본,일본,,와이드 릴리즈(주),전체관람가,"애니메이션,어드벤처,드라마",호소다 마모루,"나카무라 카호,사토 타케루,나리타 료,소메타니 쇼타,타마시로 티나,이쿠타 리라"
이로 인해 그대는 죽지 않을 것이다,,한국,한국,,,,다큐멘터리,안건형,
손님,,한국,한국,한국예술종합학교 미디어콘텐츠센터,(주)아토,,"드라마,가족",윤가은,정연주
동굴 밖으로,,한국,한국,미디어숲 프로덕션,,,다큐멘터리,안건형,안건형
제27회 부산독립영화제 스펙트럼 부산-나우 3,,한국,한국,,,,"드라마,다큐멘터리",,
고양이가 있었다,,한국,한국,,,12세이상관람가,드라마,안건형,장명갑
도돌이 언덕에 난기류,,한국,한국,,,,다큐멘터리,정재훈,
뼈,,한국,한국,,,,다큐멘터리,신나리,
시련과 입문,,한국,한국,,,,기타,,
제27회 부산독립영화제 스펙트럼 부산-리와인드,,한국,한국,,,,"드라마,다큐멘터리",,
옹기와 장인,,한국,한국,,,,다큐멘터리,,
일단발광,,한국,한국,,,,다큐멘터리,,
트랜스-컨티넨탈-레일웨이,,한국,한국,워킹아하,,,기타,정재훈,
제27회 부산독립영화제 특별상영 1,,한국,한국,,,,다큐멘터리,,
제27회 부산독립영화제 포럼 인디크라시,,기타,기타,,,,다큐멘터리,,
망양 중복,,한국,한국,,,,다큐멘터리,,
제27회 부산독립영화제 로컬투로컬 2,,한국,한국,,,,드라마,,
각성한 실신 오일마사지,2025-11-22,일본,일본,,(주)도키엔터테인먼트,청소년관람불가,성인물(에로),,
거유 유부녀의 절규 성교,2025-11-21,일본,일본,,(주)도키엔터테인먼트,청소년관람불가,성인물(에로),,
남편부하를 섹파로 만든 아내,2025-11-17,일본,일본,,(주)도키엔터테인먼트,청소년관람불가,성인물(에로),,
내가 사랑한 새엄마와 욕실청소하다 젖어버린 마음,2025-11-17,일본,일본,,(주)도키엔터테인먼트,청소년관람불가,성인물(에로),,
대물에 침 고인 옆집 유부녀,2025-11-21,일본,일본,,(주)씨맥스커뮤니케이션즈,청소년관람불가,성인물(에로),,
두껍고 딱딱한게 좋다는 성욕몬스터,2025-11-17,일본,일본,,(주)도키엔터테인먼트,청소년관람불가,성인물(에로),,
란제리 팬티속에서 터진 성욕,2025-11-18,일본,일본,,(주)도키엔터테인먼트,청소년관람불가,성인물(에로),,
바람핀 친구남편에게 훈계하다 바람난 카나짱,2025-11-18,일본,일본,,(주)도키엔터테인먼트,청소년관람불가,성인물(에로),,
발레리나 어쌔신,2025-11-17,미국,미국,,(주)제이앤씨미디어그룹,15세이상관람가,액션,,
벌리고 기다리는 알바녀,2025-11-17,일본,일본,,(주)코빈커뮤니케이션즈,청소년관람불가,성인물(에로),,
불명한 풍경,,독일,"독일,중국",,,,기타,,
사내에서 묻지도 따지지도않는 여직원,2025-11-18,일본,일본,,(주)도키엔터테인먼트,청소년관람불가,성인물(에로),,
새엄마는 마지막에 청소해줍니다,2025-11-18,일본,일본,,(주)도키엔터테인먼트,청소년관람불가,성인물(에로),,
새엄마를 금욕시킨 정조대를 풀어주며,2025-11-17,일본,일본,,(주)도키엔터테인먼트,청소년관람불가,성인물(에로),,
새엄마를 내것으로 만들었습니다,2025-11-22,일본,일본,,(주)도키엔터테인먼트,청소년관람불가,성인물(에로),,
새엄마의 농후한 감도,2025-11-22,일본,일본,,(주)도키엔터테인먼트,청소년관람불가,성인물(에로),,
섹스 잘하는 커플들,2025-11-19,한국,한국,(주)영화사가을,(주)영화사가을,청소년관람불가,멜로/로맨스,,
손대면 벌어지는 음탕한 마사지,2025-11-17,일본,일본,,(주)코빈커뮤니케이션즈,청소년관람불가,성인물(에로),,
스커트가 터질듯한 엉덩이,2025-11-21,일본,일본,,(주)도키엔터테인먼트,청소년관람불가,성인물(에로),,
시아버지가 노린 순간 젖은 며느리,2025-11-18,일본,일본,,(주)도키엔터테인먼트,청소년관람불가,성인물(에로),,
시카리오 히트맨,2025-11-17,미국,미국,,(주)제이앤씨미디어그룹,15세이상관람가,액션,,
싱글맘의 구애성교,2025-11-22,일본,일본,,(주)도키엔터테인먼트,청소년관람불가,성인물(에로),,
아내 절친에게 기둥자랑,2025-11-22,일본,일본,,(주)도키엔터테인먼트,청소년관람불가,성인물(에로),,
아내는 누드모델 - 부장에게 벗겨진 아내의 팬티,2025-11-17,일본,일본,,(주)코빈커뮤니케이션즈,청소년관람불가,성인물(에로),,
아버님의 젖가슴 상담,2025-11-17,일본,일본,,주식회사 케이앤아이,청소년관람불가,멜로/로맨스,,
안경쓴 장모님의 발정을 받아줘야하나,2025-11-18,일본,일본,,(주)도키엔터테인먼트,청소년관람불가,성인물(에로),,
안싸곤 못배기는 맛손 마사지,2025-11-21,일본,일본,,(주)영진크리에이티브,청소년관람불가,성인물(에로),,
어서와 유도장에서 밀회는 처음이지,2025-11-20,일본,일본,,(주)영진크리에이티브,청소년관람불가,"멜로/로맨스,드라마",,
여대생의 정기 : 오빠 건강하시네요,2025-11-20,일본,일본,,(주)영진크리에이티브,청소년관람불가,"멜로/로맨스,드라마",,
여사친의 맛:삽입까지 가능해,2025-11-21,일본,일본,,(주)영진크리에이티브,청소년관람불가,성인물(에로),,
여상사는 그곳을 전부 보여줘,2025-11-21,일본,일본,,(주)도키엔터테인먼트,청소년관람불가,성인물(에로),,
여자교도관의 비밀 접견,2025-11-17,한국,한국,유한회사 스튜디오 획,유한회사 스튜디오 획,청소년관람불가,성인물(에로),,
여직원의 출장 접대 섹스,2025-11-21,일본,일본,,(주)씨맥스커뮤니케이션즈,청소년관람불가,성인물(에로),,
오픈카섹스 드라이브,2025-11-21,일본,일본,,(주)도키엔터테인먼트,청소년관람불가,성인물(에로),,
유부녀의 절정은 진짜다,2025-11-21,일본,일본,,(주)도키엔터테인먼트,청소년관람불가,성인물(에로),,
음란한 작은엄마! 동정을 드릴께요 무삭제,2025-11-17,일본,일본,,(주)코빈커뮤니케이션즈,청소년관람불가,성인물(에로),,
잠자던 장모님과 정사,2025-11-22,일본,일본,,(주)도키엔터테인먼트,청소년관람불가,성인물(에로),,
정당화된 부도덕한 정사,2025-11-21,일본,일본,,(주)도키엔터테인먼트,청소년관람불가,성인물(에로),,
제27회 부산독립영화제 로컬투로컬 1,,한국,한국,,,,"드라마,다큐멘터리",,
죄책감 없는 사무실 불륜 섹스,2025-11-21,일본,일본,,(주)씨맥스커뮤니케이션즈,청소년관람불가,성인물(에로),,
지리는 여대생:가슴이 성감대,2025-11-21,일본,일본,,(주)영진크리에이티브,청소년관람불가,성인물(에로),,
처형이 이상한 기분에 흠뻑 젖은팬티 벗기기,2025-11-17,일본,일본,,(주)도키엔터테인먼트,청소년관람불가,성인물(에로),,
친구도 탐낸 아내의 가랑이,2025-11-21,일본,일본,,(주)씨맥스커뮤니케이션즈,청소년관람불가,성인물(에로),,
탈옥녀의 용서없는 인질정사,2025-11-18,일본,일본,,(주)도키엔터테인먼트,청소년관람불가,성인물(에로),,
풍만가슴 장모님의 란제리에 발기,2025-11-17,일본,일본,,(주)도키엔터테인먼트,청소년관람불가,성인물(에로),,
현란한 기술에 벌어진 여교사,2025-11-21,일본,일본,,(주)씨맥스커뮤니케이션즈,청소년관람불가,성인물(에로),,
윗집 사람들,2025-12-03,한국,한국,"(주)싸이더스,워크하우스컴퍼니(주)",(주)바이포엠스튜디오,청소년관람불가,"드라마,코미디",하정우,"하정우,공효진,김동욱,이하늬"
극장판 주술회전: 시부야사변 X 사멸회유,2025-12-03,일본,일본,,메가박스중앙(주),15세이상관람가,애니메이션,고쇼조노 쇼타,
죄의 목소리,2025-11-28,일본,일본,,(주)플레이그램,15세이상관람가,드라마,도이 노부히로,"오구리 슌,호시노 겐,마츠시게 유타카,이치카와 미카코"
극장판 나와 로보코,2025-11-26,일본,일본,,에스엠지홀딩스 주식회사,12세이상관람가,애니메이션,다이치 아키타로,
비상계엄,2025-12-03,한국,한국,,주식회사 블루필름웍스,12세이상관람가,다큐멘터리,,안내상
콘크리트 마켓,2025-12-03,한국,한국,"클라이맥스 스튜디오(주),(주)앤드마크",롯데컬처웍스(주)롯데엔터테인먼트,15세이상관람가,드라마,홍기원,"이재인,백유성,홍경,정만식,유수빈,김국희,최정운"
고당도,2025-12-10,한국,한국,"잉크,(주)21스튜디오",(주)트리플픽쳐스,15세이상관람가,"드라마,범죄",권용재,"강말금,봉태규,장리우,정순범,양말복"
뽀로로 극장판 스위트캐슬 대모험,2025-12-11,한국,한국,(주)오콘,"롯데컬처웍스(주)롯데엔터테인먼트,롯데컬처웍스(주)롯데시네마",전체관람가,애니메이션,천유림,"이선,이미자,김현지,홍소영,정미숙,김서영,김환진,한신,엄상현,윤용식,김다올,유 영,미나리"
컴 앤 씨,,러시아,러시아,,,,기타,,
홍어의 역습,2025-12-10,한국,한국,㈜리필름,시네마 뉴원,12세이상관람가,코미디,이수성,"오승희,이선정,김수미"
바늘을 든 소녀,2025-12-10,덴마크,덴마크,,"그린나래미디어(주),(주)레드아이스 엔터테인먼트",15세이상관람가,드라마,매그너스 본 혼,"빅 카르멘 손네,트린 디어홈"
시라트,2026-01-21,스페인,스페인,,(주)레드아이스 엔터테인먼트,15세이상관람가,드라마,올리베르 라셰,세르지 로페즈
이반의 어린 시절,,러시아,러시아,,,,"드라마,전쟁",안드레이 타르코프스키,"니콜라이 부릴야예프,발렌틴 주브코프,예브게니 자리코프"
"거짓말, 뱀파이어가 어디 있어?",,한국,한국,,,,드라마,,
터미널 포인트,2025-11-27,미국,미국,,(주)스튜디오디에이치엘,15세이상관람가,"액션,스릴러",브랜던 슬래글,
누벨바그,2025-12-31,프랑스,프랑스,,메가박스중앙(주),12세이상관람가,드라마,리차드 링클레이터,
프레디의 피자가게 2,2025-12-03,미국,미국,유니버설픽쳐스인터내셔널 코리아(유),유니버설픽쳐스인터내셔널 코리아(유),12세이상관람가,"공포(호러),스릴러",엠마 타미,"조쉬 허처슨,엘리자베스 라일,파이퍼 루비오"
고양,,러시아,러시아,,,,드라마,,
5.18 힌츠페터 스토리,2018-05-17,한국,한국,KBS,(주)드림팩트엔터테인먼트,12세이상관람가,다큐멘터리,장영주,"위르겐 힌츠페터,조성하,김승필,장영주"
코리아,2012-05-03,한국,한국,"(주)더타워픽쳐스,(주)씨제이이엔엠,(주)웰메이드스타엠",(주)씨제이이엔엠,12세이상관람가,드라마,문현성,"하지원,배두나,한예리,최윤영,박철민,김응수,오정세,이종석,박영서,박정학,허승,홍혜림,박지연,유영기,천우희,주영호,김재화,김원해,이한위,김인우,장리우,이주실,권태원,박지연,권은수,차청화,한사명,이정민,이언수,척재희"
힌드의 목소리,2026-04-15,프랑스,프랑스,,TCO(주)더콘텐츠온,15세이상관람가,드라마,,
"귀향, 끝나지 않은 이야기",2017-09-14,한국,한국,주식회사 제이오엔터테인먼트코리아,커넥트픽쳐스(주),15세이상관람가,"드라마,다큐멘터리",조정래,"박지희,김원주,강하나,서미지,홍세나,김시은,남상지,최리,정무성,류신,임성철,이승현,오지혜,정인기,김민수,박주현,박진경,안재성,장현익,정부경,정세연,정승현,윤혜영,이경훈,이수현,이승현,이여원,이옥선,이용수,이유진,함현상,이재혁,이지은,이지은,이채현,김은나,김은나,이지수"
슈퍼 해피 포에버,2025-12-24,일본,일본,,"찬란,(주)하이스트레인저",12세이상관람가,드라마,이가라시 코헤이,"사노 히로키,미야타 요시노리,야마모토 나이루"
[인디스페이스X원모어핑크] The Love Screening 더럽 섹션 3,,기타,기타,,,,다큐멘터리,,
문맨,2023-01-11,중국,중국,,(주)스튜디오디에이치엘,12세이상관람가,"드라마,코미디,판타지",장츠위,"선텅,마리"
증기기관차와 바이올린,,러시아,러시아,,,,드라마,안드레이 타르코프스키,
비밀의 정원,2021-04-08,한국,한국,몬순픽쳐스,필름다빈,12세이상관람가,드라마,박선주,"한우연,전석호,정다은,오민애,유재명,염혜란,김재록,장준휘,이호연,남상지,홍다연,박지훈,엄준기,박시완,최지영,윤성원,김동화,김민수,안민영,민경진,윤정인,박서영,김민주,송예진,최민지,김오지숙,김현준"
[인디스페이스X원모어핑크] The Love Screening 더럽 섹션 2,,기타,기타,,,,"애니메이션,다큐멘터리",,
폭염,,러시아,러시아,,,,기타,,
별과 모래,,한국,한국,,,,드라마,,
퍼펙트맨,2019-10-02,한국,한국,"(주)맨필름,(주)쇼박스",(주)쇼박스,15세이상관람가,"코미디,드라마",용수,"설경구,조진웅,허준호,진선규,김사랑,지승현,윤진영,권혁범,박보경,이호철,윤상화,김준희,소희정,이주원,박인수,김기무,박찬효,문호진,정찬훈,원인재,박건락,이태검,강성철,윤성원,홍석빈,이윤재,정형석,석보배,유인혜,김여진,김호준,이전익,하성훈,한동원,전정관,최지안,서정희,박재철,한태진,김두열,안상은,심완준,박소라,정태인,옥예린,진혁,장세원,허동수,신성일,정성훈,이지완,김동규,전세나,육은향,심혜연,오운환,선율우,최성,김대근,김선우,강윤혜,이정철,최기상,신범식,박진우,이유준,김민석,김선경"
나쁜 영화 감독판,,한국,한국,,,,드라마,장선우,
러브 인 베트남,2026-01-21,인도,인도,,(주)드림팩트엔터테인먼트,12세이상관람가,"멜로/로맨스,뮤지컬",,
마이 미씽 발렌타인,2021-01-14,기타,기타,,(주)트리플픽쳐스,12세이상관람가,"멜로/로맨스,코미디",진옥훈,"유관정,이패유"
지우러 가는 길,,한국,한국,한국영화아카데미,,,드라마,유재인,"장소원,이지원,장선,심수빈"
[인디스페이스X원모어핑크] The Love Screening 더럽 섹션 1,,기타,기타,,,,드라마,,
누군가의 꿈,2025-11-27,한국,한국,허슬킹픽쳐스,(주)스튜디오디에이치엘,12세이상관람가,다큐멘터리,이로운,윤덕노
파리의 사생활,2026-07-15,영국,영국,,(주)티캐스트,15세이상관람가,드라마,레베카 즐로토브스키,"조디 포스터,비르지니 에피라,마티유 아말릭,다니엘 오떼유"
사운드 오브 폴링,2025-12-17,독일,독일,,"(주)스튜디오디에이치엘,(주)플레이그램",15세이상관람가,드라마,마샤 실린스키,
SIFF2025-어느 뻣뻣한 하루+리틀아멜리,,기타,기타,,,,"애니메이션,드라마",,
내일의 민재,,한국,한국,(주)지이프로덕션,,,드라마,박용재,"이레,금해나,노재원,김세원"
날개는 베개 밑에 숨겨두었어,,한국,한국,,,,"드라마,다큐멘터리",,
고갈 감독판,,한국,한국,,,,드라마,김곡,
충충충,2026-06-17,한국,한국,한국예술종합학교,(주)엣나인필름,15세이상관람가,범죄,한창록,"주민형,백지혜,정수현,신준항,양승욱,강지원,오지훈,김연교,황정인,김정훈,신문성"
내부자들: 디 오리지널,2015-12-31,한국,한국,(유)내부자들 문화전문회사,(주)쇼박스,청소년관람불가,"범죄,드라마",우민호,"신지수,이병헌,조승우,백윤식,이경영,김홍파,배성우,조재윤,김대명,조우진,이엘,정만식,김병옥,박진우,남일우,김의성,손종학,조덕제,유재명,권태원,강신철,정민성,박성근,이문석,이동진"
SIFF2025-페스티벌초이스 단편3,,한국,한국,,,,"드라마,애니메이션",,
"파리, 밤의 여행자들",2025-12-17,프랑스,프랑스,,"(주)영화사 진진,(주)하이스트레인저",15세이상관람가,드라마,미카엘 허스,"샤를로뜨 갱스부르,키토 라용 리슈테르,노에이 아비타,메간 노섬"
SIFF2025-단편경쟁1,,한국,한국,,,,"드라마,다큐멘터리,애니메이션",,
SIFF2025-페스티벌초이스 단편2,,한국,한국,,,,드라마,,
오늘의 카레,,한국,한국,,,,드라마,조미혜,신기성
SIFF2025-단편경쟁7,,한국,한국,,,,"드라마,애니메이션",,
누룩,2026-04-15,한국,한국,(주)1031스튜디오,(주)로드쇼플러스,15세이상관람가,"가족,미스터리,드라마",장동윤,"김승윤,송지혁,박명훈,이형주,박지연,황재열,김대한,이범규,조현우,서벽준"
SIFF2025-단편경쟁6,,한국,한국,,,,"드라마,애니메이션",,
SIFF2025-페스티벌초이스 단편4,,한국,한국,,,,"드라마,애니메이션,다큐멘터리",,
드림스,2026-03-18,미국,미국,,(주)디스테이션,청소년관람불가,"드라마,멜로/로맨스",미셸 프랑코,"제시카 차스테인,루퍼트 프렌드,마샬 벨"
루오무의 황혼,,중국,중국,,,,드라마,,
"인터섹션 에코즈- 신체, 섹슈얼리티, 이미지",,스페인,스페인,,,,기타,,
SIFF2025-단편경쟁8,,한국,한국,,,,드라마,,
아르코,2026-03-11,프랑스,프랑스,,판씨네마(주),전체관람가,애니메이션,우고 비엔베누,"나탈리 포트만,마크 러팔로,윌 페렐,앤디 샘버그,아메리카 페레라"
지느러미,2026-07-22,한국,한국,시소픽쳐스,(주)에무필름즈,15세이상관람가,"SF,스릴러",박세영,"연예지,김푸름,고우,장요훈,맹주원,권세윤,유이든,홍승기,김오키,한태희,송세진,강준,김현아,이주미,우서연,이가희,박보은,조경현,박선애"
SIFF2025-페스티벌초이스 단편8,,한국,한국,,,,"드라마,애니메이션",,
"스탠바이, 액션!",,한국,한국,다큐인,미디어나무(주),12세이상관람가,다큐멘터리,,
배드 럭 뱅잉,2022-07-28,루마니아,"루마니아,체코,룩셈부르크",,알토미디어(주),청소년관람불가,"드라마,코미디",라두 주데,"카티아 파스칼리우,클라우디아 이레미아,올림피아 말라이,니코딤 웅그레아누"
기이한 생각의 바다에서,,한국,한국,(주)영화사시월,판씨네마(주),전체관람가,다큐멘터리,,
전진하는 노동전사,,한국,한국,,,,다큐멘터리,,
SIFF2025-단편경쟁3,,한국,한국,,,,"드라마,다큐멘터리",,
SIFF2025-페스티벌초이스 단편1,,한국,한국,,,,"드라마,애니메이션",,
흐르는 여정,,한국,한국,파도,(주)영화사 진진,,드라마,김진유,"김혜옥,저스틴 H. 민,공민정"
SIFF2025-페스티벌초이스 단편9,,한국,한국,,,,"드라마,다큐멘터리",,
서울아트시네마 가는 길,,한국,한국,,,,다큐멘터리,,
오늘의 뒷;풀이,,한국,한국,,,,드라마,,
집으로,,대만,대만,,,,다큐멘터리,,
SIFF2025-단편경쟁2,,한국,한국,,,,"드라마,다큐멘터리,애니메이션",,
굿럭,,일본,일본,,,,드라마,,
네 멋대로 해라,2026-01-14,프랑스,프랑스,,주식회사 오디언스,12세이상관람가,"드라마,범죄",장 뤽 고다르,"장 폴 벨몽도,진 세버그"
제주의 시간,,한국,한국,,,,다큐멘터리,,
SIFF2025-단편경쟁4,,한국,한국,,,,"드라마,애니메이션,다큐멘터리",,
SIFF2025-단편경쟁5,,한국,한국,,,,"드라마,애니메이션",,
SIFF2025-심야상영 밤새 GO,,기타,기타,,,,기타,,
SIFF2025-아카이브3,,한국,한국,,,,드라마,,
부활하는 산하,,한국,한국,,,,다큐멘터리,,
이슬이 온다,,한국,한국,상구네,(주)시네마달,12세이상관람가,다큐멘터리,"주로미,김태일",
마당이 두 개인 집,,한국,한국,,,,다큐멘터리,,
아코디언 도어,,한국,한국,,,,드라마,,"박화영,김지원"
12년 결혼생활 하룻밤의 위험한 불륜,2025-11-28,일본,일본,,(주)두리컴미디어,청소년관람불가,성인물(에로),,
2025 대한민국 AI 콘텐츠 어워즈 단편 PART 1,,기타,기타,,,,"드라마,다큐멘터리",,
2025년 11월 수요단편극장,,한국,한국,,,,드라마,,
M컵 초거유 와이프의 공유일기,2025-11-28,일본,일본,,주식회사 프로젝트4,청소년관람불가,성인물(에로),,
교생실습,2026-05-13,한국,한국,"(주)26컴퍼니,(주)콘텐츠지",주식회사 로아앤코홀딩스,12세이상관람가,"코미디,공포(호러)",김민하,"한선화,신혜주,홍예지,여름,이화원,유선호,피지융,김현,박철민,정만식,리우진,제프리,홍성호,이창식,길창규,한가람,성아인,이원욱,김수정,황재필,정우영,이윤슬,이지나"
더러운 욕정 다 받아준 귀요미,2025-11-24,일본,일본,,(주)씨맥스커뮤니케이션즈,청소년관람불가,성인물(에로),,
맛있는 사장님 딸,2025-11-24,일본,일본,,(주)코빈커뮤니케이션즈,청소년관람불가,성인물(에로),,
몬스터급 막대가 꽉 차게 들어왔다,2025-11-24,일본,일본,,(주)씨맥스커뮤니케이션즈,청소년관람불가,성인물(에로),,
무관한 당신들에게,,한국,한국,,,,드라마,,
벗겨진 친구 아내,2025-11-24,일본,일본,,(주)코빈커뮤니케이션즈,청소년관람불가,성인물(에로),,
아내 몰래 아내 친구 예전부터 먹고 싶었어,2025-11-27,일본,일본,,(주)두리컴미디어,청소년관람불가,성인물(에로),,
아빠; 딸같은 여비서만 뽑는 이유,2025-11-27,일본,일본,,(주)두리컴미디어,청소년관람불가,성인물(에로),,
젖은 여코치와 어린 제자의 밀회,2025-11-28,일본,일본,,(주)두리컴미디어,청소년관람불가,성인물(에로),,
핑크조개 : 오늘은 반드시 먹고 만다,2025-11-26,한국,한국,(주)영화사가을,(주)영화사가을,청소년관람불가,멜로/로맨스,,
하숙집 딸은 맛있다-상상하면 벗는다 무삭제판,2025-11-28,한국,한국,(주)파랑새미디어,(주)영진크리에이티브,청소년관람불가,"성인물(에로),드라마,멜로/로맨스",이타치,
12학년 낙제생,,인도,인도,,,,드라마,,
굿모닝 맨하탄,2014-02-06,인도,인도,,(주)인벤트스톤,전체관람가,"코미디,드라마",가우리 신드,"스리데비,아딜 후세인"
만주멜 보이즈,,인도,인도,,,,스릴러,,
비크람,,인도,인도,,,,액션,,
시조우,,인도,인도,,,,드라마,,
이희준 특별전,,한국,한국,,,,드라마,,
제 5회 2030 청년영화제 개막식,,한국,한국,,,,드라마,,
제 5회 2030 청년영화제 경쟁작 2,,한국,한국,,,,드라마,,
제 5회 2030 청년영화제 섹션1 A. I. 특별전,,한국,한국,,,,"드라마,다큐멘터리",,
제 5회 2030 청년영화제 섹션2 한일교류 특별전,,기타,기타,,,,드라마,,
제 5회 2030 청년영화제 시나리오 멘토링 선정작 리딩,,한국,한국,,,,기타,,
제 5회 2030 청년영화제 제 5회 사전제작지원1,,한국,한국,,,,드라마,,
제 5회 2030 청년영화제 제 5회 사전제작지원2,,한국,한국,,,,드라마,,
제 5회 2030 청년영화제 초청작 1,,한국,한국,,,,"드라마,애니메이션",,
제 5회 2030 청년영화제 초청작 2,,한국,한국,,,,"드라마,애니메이션,다큐멘터리",,
제 5회 2030 청년영화제 초청작 3,,한국,한국,,,,"드라마,다큐멘터리",,
제5회 2030청년영화제 경쟁작 1,,한국,한국,,,,드라마,,
제5회 2030청년영화제 제 4회 사전제작지원작,,한국,한국,,,,"드라마,가족,미스터리,다큐멘터리",,
한 번 뿐인 내 인생,,인도,인도,,,,드라마,조야 악타르,리틱 로산
헬라로,,인도,인도,,,,드라마,,
환상속의 그대,2013-05-16,한국,한국,크라켄,KT&G 상상마당 영화사업팀 컴퍼니에스에스(주),청소년관람불가,"멜로/로맨스,드라마,판타지",강진아,"이희준,이영진,한예리,전수연,최창엽,최효신,황지수,김용삼,기주봉,배제기,박미현,오대환,박명신"
Vacation,,한국,한국,,,,다큐멘터리,강예은,
레이의 겨울방학,2026-02-25,한국,한국,영화사 삼순,영화사 삼순,전체관람가,드라마,박석영,"구로사키 키리카,정주은,쓰루타 고조,오다 신이치로,정윤재,정대희"
산양들,2026-07-29,한국,한국,(주)시네마달,(주)시네마달,12세이상관람가,드라마,유재욱,"박혜진,이승연,박효은,최수인,이효제,김시은,강지원,신문성,민병욱,니샤 사즈다룬,송경아,정용준,김담로,김지나,신은혜,노윤우,김강일,비스,이충훈,박지후"
SIFF2025-페스티벌초이스 단편6,,한국,한국,,,,"드라마,다큐멘터리",,
발쩌,,한국,한국,,,,드라마,득양,
사랑의 탄생,,한국,한국,(주)준필름,(주)트리플픽쳐스,,드라마,신수원,"한현민,이주영"
관찰자의 일지,,한국,한국,,,,드라마,,
SIFF2025-페스티벌초이스 단편7,,한국,한국,,,,"드라마,애니메이션",,
SIFF2025-페스티벌초이스 단편5,,한국,한국,,,,"드라마,애니메이션",,
전망세대,,일본,일본,,,,드라마,,
마젤란,,포르투갈,"포르투갈,스페인,프랑스,필리핀,대만",,,,드라마,,
몬스타엑스 : 커넥트 엑스 인 시네마,2025-12-03,한국,한국,"씨제이포디플렉스 주식회사,스크린엑스 스튜디오",씨제이포디플렉스 주식회사,전체관람가,공연,"이예지,오윤동",
에이티즈 브이알 콘서트 : 라이트 더 웨이,2025-12-05,한국,한국,(주)어메이즈브이알코리아,(주)어메이즈브이알코리아,전체관람가,공연,김지애,
여행과 나날,2025-12-10,일본,일본,,(주)엣나인필름,12세이상관람가,드라마,미야케 쇼,"심은경,츠츠미 신이치,카와이 유미"
칼리굴라: 얼티메이트 컷 무삭제판,,미국,미국,,(주)영화사 진진,,드라마,틴토 브라스,"말콤 맥도웰,헬렌 미렌,피터 오툴,존 길거드"
영화 러브 라이브! 니지가사키 학원 스쿨 아이돌 동호회 완결편 제2장,2026-02-18,일본,일본,,(주)애니플러스,전체관람가,애니메이션,,
대한민국은 국민이 합니다,2026-01-22,한국,한국,,와이드 릴리즈(주),12세이상관람가,다큐멘터리,조은성,
극장판 총집편 걸즈 밴드 크라이 청춘광주곡,2026-01-28,일본,일본,,(주)애니플러스,12세이상관람가,애니메이션,사카이 카즈오,
아바타: 불과 재,2025-12-17,미국,미국,,월트디즈니컴퍼니코리아 유한책임회사,12세이상관람가,"SF,액션,어드벤처",제임스 카메론,"샘 워싱턴,조 샐다나,시고니 위버,스티븐 랭,케이트 윈슬렛,클리프 커티스,조엘 무어,지오바니 리비시"
나비잠,2018-09-06,한국,"한국,일본",(주)영화사조아,(주)트리플픽쳐스,15세이상관람가,멜로/로맨스,정재은,"나카야마 미호,김재욱,마시마 히데카즈"
담뽀뽀,2025-12-17,일본,일본,,(주)디스테이션,청소년관람불가,코미디,이타미 주조,"야마자키 츠토무,미야모토 노부코,야쿠쇼 코지,와타나베 켄"
공작,2018-08-08,한국,한국,"(주)영화사 월광,(주)사나이픽처스",(주)씨제이이엔엠,12세이상관람가,드라마,윤종빈,"황정민,이성민,조진웅,주지훈,김대현,이경호,이기용,이동희,이상원,이상현,박현민,김재희,이승찬,이승환,이승훈,이은영,김정현,이재우,이재혁,김정호,김종수,김지나,서주연,손승훈,이창석,이창훈,이희경,김지혜,김지홍,김진영,김현중,김형기,김형우,정재헌,박진영,강주석,정혜경,조현수,강민지,김다솜,김대현,김미혜,최운진,최지현,최희열,김소진,김수연,김은아,김승희,김영진,김영훈,김용석,김우영,김우현,주해은,한창현,양현민,정기섭,민무제,한성천,금새록,김응수,최병모,손성찬,홍기준,정소리,김규백,김규남,최정인,박경찬,곽자형,강덕중,류성현,감승민,김현,윤재인,권범택,설창희,김인우,양지수,곽진석,박혁민,염석무,엄지만,정종우,김도율,권유진,김종태,박진수,박혜영,곽산,임정민"
척의 일생,2025-12-24,미국,미국,,워터홀컴퍼니(주),15세이상관람가,"드라마,판타지",마이크 플래너건,"톰 히들스턴,카렌 길런,치웨텔 에지오포,제이콥 트렘블레이,칼 럼블리,마크 해밀,미아 사라"
클라우드,,일본,일본,,(주)미디어캐슬,,기타,구로사와 기요시,
블랙 탱크,2025-12-04,미국,미국,,주식회사 풍경소리,15세이상관람가,액션,,
지옥의 경비원,,일본,일본,,,,기타,구로사와 기요시,
국가초기화,2026-06-26,한국,한국,주식회사 킨스튜디오,주식회사 킨스튜디오,12세이상관람가,다큐멘터리,,
용서를 위한 여행,,한국,한국,(주)피쉬트리,(주)피쉬트리,전체관람가,다큐멘터리,이성수,조혜련
2025 한양대학교 졸업영화제 - 섹션4,,한국,한국,,,,기타,,
2025 한양대학교 졸업영화제 - 섹션2,,한국,한국,,,,기타,,
2025 한양대학교 졸업영화제 - 섹션3,,한국,한국,,,,기타,,
뱀의 길,,프랑스,"프랑스,일본,벨기에",,,,"범죄,스릴러",구로사와 기요시,
타종,,일본,일본,,,,기타,구로사와 기요시,
6년간의 의혹,,미국,미국,,,,"미스터리,스릴러",마이클 앤더슨,"게리 쿠퍼,데보라 카"
도어 3,,일본,일본,,,,기타,구로사와 기요시,
2025 한양대학교 졸업영화제 - 섹션1,,한국,한국,,,,기타,,
썬더버드,2022-09-21,한국,한국,한국영화아카데미,(주)트리플픽쳐스,15세이상관람가,드라마,이재원,"서현우,이명로,이설,박승태,김규백,최은아,안일권,윤성원,박찬규,정세환,이정철,이미은,전성아,최경준,황보정일,김선동,주혁,손화영,정종열,박상규,장준휘"
완다,,미국,미국,,,,드라마,,
리틀 아멜리,2026-01-14,프랑스,프랑스,,"(주)영화사 진진,(주)레드아이스 엔터테인먼트",전체관람가,애니메이션,"메일리스 발라데,리안 조 한",
두 피아노를 위한 콘체르토,2026-01-28,프랑스,프랑스,,"그린나래미디어(주),(주)빅브라더스",12세이상관람가,드라마,,"카미유 라자,멜라니 로베르"
호텔 몬테레이,,벨기에,"벨기에,미국",,,,다큐멘터리,,
히치 하이커,,미국,미국,,,,"범죄,드라마,스릴러",아이다 루피노,프랭크 러브조이
SIFF2025-로컬시네마2,,한국,한국,,,,"드라마,다큐멘터리,애니메이션",,
방황하는 왕비,,일본,일본,,,,"드라마,멜로/로맨스,전쟁",다나카 키누요,"쿄 마키코,후나코시 에이지"
사이먼과 로라,,영국,영국,,,,코미디,,
은판 위의 여인,2017-11-30,프랑스,프랑스,,(주)영화사 안다미로,15세이상관람가,"미스터리,멜로/로맨스,공포(호러)",구로사와 기요시,"마티유 아말릭,타하르 라힘,올리비에 구르메"
크리피: 일가족 연쇄 실종 사건,2016-08-18,일본,일본,,(주)영화사 진진,청소년관람불가,"공포(호러),스릴러",구로사와 기요시,"니시지마 히데토시,다케우치 유코,카가와 테루유키,카와구치 하루나,히가시데 마사히로,후지노 료코,토다 마사히로,후지노 료코"
"안녕, 쿠바인들 + 블랙펜서",,기타,기타,,,,"다큐멘터리,애니메이션",아녜스 바르다,
SIFF2025-로컬시네마1,,한국,한국,,,,"드라마,다큐멘터리,애니메이션",,
가슴이여 영원히,,일본,일본,,,,"드라마,멜로/로맨스",다나카 키누요,"츠키오카 유메지,하야마 료지"
오긴,,일본,일본,,,,"드라마,멜로/로맨스",다나카 키누요,"아리마 이네코,나카다이 타츠야,나카무라 간지로"
SIFF2025-KAFA 기획전 4,,한국,한국,,,,기타,,
달이 떠오른다,,일본,일본,,,,"코미디,드라마,멜로/로맨스",다나카 키누요,사노 슈지
레벤느망,2022-03-10,프랑스,프랑스,,"(주)영화특별시에스엠씨,주식회사 왓챠",15세이상관람가,드라마,오드리 디완,아나마리아 바토로메이
SIFF2025-KAFA 기획전 2,,한국,한국,,,,애니메이션,,
누치가후 - 옥쇄장으로부터의 증언,,일본,일본,,,,다큐멘터리,박수남,
김현목단편전1,,한국,한국,,,,드라마,,
오점,,미국,미국,,,,"드라마,멜로/로맨스",,
제97회 작은영화영화제 - 떠나도 함께,,한국,한국,,,,기타,,
창백한 얼굴들,2015-09-10,한국,한국,한국영화아카데미,CGV아트하우스,청소년관람불가,애니메이션,허범욱,"윤금선아,전국향,조민수,진성민,허범욱,허범욱,김민지,김민지,김민지,김민지,이성일,이성일,이성일,이성일,이성일,이성일,이성일,이규창,이규창,이규창,이규창,이규창,이규창,이규창,이규창,이규창,이규창"
크리스토퍼 스트롱,,미국,미국,,,,"액션,멜로/로맨스,드라마,어드벤처",도로시 아즈너,"캐서린 헵번,콜린 클라이브,빌리 버크"
김현목단편전5,,한국,한국,,,,드라마,,
SIFF2025-KAFA 기획전 1,,한국,한국,,,,애니메이션,,
김현목단편전4,,한국,한국,,,,드라마,,
파도를 걷는 소년,2020-05-14,한국,한국,(주)컬쳐플랫폼,유엠아이웍스 주식회사,15세이상관람가,드라마,최창환,"곽민규,김현목,민동호,김해나,강길우,고성범,공민정,김민승,김예은,김재형,김준희,김해나,노강현,성명훈,손예원,송승현,오동민,한영자,장병진,장준휘,전강현,정하늘,정다혜,김예은"
김현목단편전2,,한국,한국,,,,드라마,,
김현목단편전3,,한국,한국,,,,드라마,,
10일간 음란 섹스레슨,2025-12-01,일본,일본,,(주)코빈커뮤니케이션즈,청소년관람불가,성인물(에로),,
구멍일기,2025-12-01,한국,한국,유한회사 스튜디오루나,유한회사 스튜디오루나,청소년관람불가,"성인물(에로),멜로/로맨스",김태수,
내 애인이 된 상사의 아내,2025-12-05,한국,한국,(주)샤이커뮤니케이션즈,(주)샤이커뮤니케이션즈,청소년관람불가,성인물(에로),,
다른 여자에게 흥분한 내 남친,2025-12-04,한국,한국,(주)샤이커뮤니케이션즈,(주)샤이커뮤니케이션즈,청소년관람불가,성인물(에로),,
대물로 폭격하는 트레이너 전 남친,2025-12-05,일본,일본,,(주)씨맥스커뮤니케이션즈,청소년관람불가,성인물(에로),,
동생 옆에서 신음하는 어린 제수씨,2025-12-03,일본,일본,,주식회사 바나나픽쳐스,청소년관람불가,"성인물(에로),드라마",,
몸이 뜨거운 여동생의 유혹,2025-12-05,한국,한국,(주)샤이커뮤니케이션즈,(주)샤이커뮤니케이션즈,청소년관람불가,성인물(에로),,
백색 요리사 물들이는 흑색 대물,2025-12-05,일본,일본,,(주)씨맥스커뮤니케이션즈,청소년관람불가,성인물(에로),,
"비밀이야 : 새엄마, 처제, 형수 그리고 며느리",,한국,한국,(주)영화사가을,(주)영화사가을,청소년관람불가,멜로/로맨스,,
쇼미더고스트,2021-09-09,한국,한국,㈜인디스토리,㈜인디스토리,12세이상관람가,"코미디,공포(호러)",김은경,"한승연,김현목,홍승범,임채영,이주협,한상철,설재영,서현재,최상현,김은모,백진욱,문현정,고경천,정예원,김정문,임재민,김판겸,정한설,송선효,조준희,진영훈,손정희,김관장,정다겸,김상동,양의경"
쉽게 봇물 터지는 육덕 여동생,2025-12-06,한국,한국,(주)샤이커뮤니케이션즈,(주)샤이커뮤니케이션즈,청소년관람불가,성인물(에로),,
스와핑 - 첫경험,2025-12-01,한국,한국,유한회사 스튜디오루나,유한회사 스튜디오루나,청소년관람불가,"성인물(에로),멜로/로맨스",김태수,
야한 새엄마는 첫사랑 선생님,2025-12-01,일본,일본,,(주)코빈커뮤니케이션즈,청소년관람불가,성인물(에로),,
음란한 신입 사원 2 - 다 벗고 기다린 그녀의 젖은 허벅지,2025-12-01,일본,일본,,(주)코빈커뮤니케이션즈,청소년관람불가,성인물(에로),,
음란한 접대에 빠진 미스 최,2025-12-04,한국,한국,(주)샤이커뮤니케이션즈,(주)샤이커뮤니케이션즈,청소년관람불가,성인물(에로),,
장거리 연애 농도 짙은 체내 사정,2025-12-05,일본,일본,,(주)씨맥스커뮤니케이션즈,청소년관람불가,성인물(에로),,
젖은 새엄마 - 매일 밤 터지는 신음소리,2025-12-01,일본,일본,,(주)코빈커뮤니케이션즈,청소년관람불가,성인물(에로),,
좁고 따뜻한 아마추어,2025-12-06,한국,한국,(주)샤이커뮤니케이션즈,(주)샤이커뮤니케이션즈,청소년관람불가,성인물(에로),,
처제의 맛 2,2025-12-01,한국,한국,유한회사 스튜디오루나,유한회사 스튜디오루나,청소년관람불가,"성인물(에로),멜로/로맨스",김태수,
친구 앞에서 맛 보는 친구 누나,2025-12-03,일본,일본,,주식회사 바나나픽쳐스,청소년관람불가,"성인물(에로),드라마",,
2025 제2회 부산국제AI영화제 섹션1,,한국,한국,,,,"드라마,SF",원성원,
2025 제2회 부산국제AI영화제 섹션2,,한국,한국,,,,"드라마,미스터리,전쟁,사극,애니메이션,판타지",,
2025 제2회 부산국제AI영화제 섹션3,,한국,한국,,,,"드라마,코미디,판타지",,
2025 제2회 부산국제AI영화제 섹션4,,기타,기타,,,,"드라마,다큐멘터리,판타지",,
2025 제2회 부산국제AI영화제 초청작,,기타,기타,,,,"SF,드라마,액션,판타지,사극",,
꼬방동네 사람들,1982-07-17,한국,한국,,,청소년관람불가,드라마,배창호,"김보연,김희라,안성기,홍성민,김지영"
난장이가 쏘아올린 작은 공,1981-10-17,한국,한국,한진흥업주식회사,,연소자관람불가,"가족,드라마",이원세,"금보라,김지영,전양자,안성기,이효정,김추련"
내안의 그놈,2019-01-09,한국,한국,"(주)에코필름,(주)전망좋은 영화사","(주)메리크리스마스,TCO(주)더콘텐츠온",15세이상관람가,"판타지,코미디",강효진,"박성웅,진영,라미란,이수민,이준혁,김광규,민지아,윤경호,김현목,권혁범,오윤수,이호수,김상겸,조성희,박경혜,장진희,차영주,박지훈,정윤하,정원창,박신아,윤부진,류현,민지민,박용균,김건,김경록,서동석,서승원,김근형,서진원,박주현,김남규,박지아,박지연,김대원,김대한,박진수,박진아,김도현,배경민,백기원,백수현,신유진,신재민,신진호,안효진,유영채,오세은,남태우,오지영,윤송아,이정민,강민재,김은화,임효우,고경호,정지연,김현진,임지형,허유리,김재원,정혜원,권혁석,최우석,홍수현,조경섭,전두식,김재명,김홍파,이소라,이소현,김희선,조영지,김승필,황인준,강동길,조현영,이건구,강승호,이경진,이경호,김준형,이광호,지찬,곽지유,김영,권민서,권혁범,김가애,이동영,김영주,김명아,김명인,김범진,김부선,최이서,김예인,김석주,김태진,김태준,조경현,김우래,이우성,김재만,이범찬,김지예,김진걸,조시현,김현기,김찬오,이보라,김용훈,주우진,문강혁,남진복,유승운,진석진,진수선,이은영,김태성,정윤정,정윤철,안스완,이자은,신유선,최대열,박선근,신형근,박성주,최병국,이창식,이미노,이풍운,이하미,박영웅,안애린,이시율,최우주,이연하,손기성,배수진,배윤민,임승준,백민,임종화,염동철,전애진,염채은,예정민,손주형,추석영,전혜영,설지윤,송영우,하은유,하혜주,손광업,박소영,한선구,황순원,한지웅,한창현,서다해,함정인,허나경,허윤진,현익창,김용호,정택호,이동민,조준형,이상철,이상진,권혁석,윤단비,임세인,박준성"
라파엘,,한국,한국,,,,"SF,액션,드라마",,
작은 날개,,한국,한국,,,,"SF,드라마,판타지",,
쓸모 있는 귀신,,태국,"태국,프랑스,싱가포르,독일",,,,드라마,,
오후의 가정음악,,한국,한국,,,,드라마,,
SIFF2025-로컬시네마3,,한국,한국,,,,"드라마,애니메이션",,
청춘강탈 : 아무 것도 우리를 멈출 수 없다2,,일본,일본,,,,드라마,,
리버 리턴즈,,일본,일본,,,,드라마,,
사무라이 타임슬리퍼,2026-06-24,일본,일본,,(주)트리플픽쳐스,12세이상관람가,드라마,,
블루 아카이브 : 디 오케스트라 인 시네마,2025-12-12,한국,한국,(주)영화사 그램,"롯데컬처웍스(주)롯시플,(주)영화사 그램",15세이상관람가,공연,조윤수,
까이마 : 저주의 무덤,2025-12-11,베트남,베트남,,(주)메이킹에이프린트,15세이상관람가,"공포(호러),미스터리",,
만약에 우리,2025-12-31,한국,한국,커버넌트픽처스(주),(주)쇼박스,15세이상관람가,멜로/로맨스,김도영,"구교환,문가영,신정근,이상엽,임재혁,김소율,김서원,최규선,서수찬,백승우"
이머시브 시네마: 뽀로로 극장판 스위트캐슬 대모험,2025-12-13,한국,한국,(주)오콘,롯데컬처웍스(주)롯데엔터테인먼트,전체관람가,애니메이션,천유림,"이선,김서영"
망내인: 얼굴 없는 살인자들,2025-12-17,한국,한국,(주)스튜디오조이플,주식회사 제이씨엔터웍스,15세이상관람가,스릴러,신재호,"김민규,이다슬,라경덕,천명재"
아이돌리쉬 세븐 퍼스트 비트! 극장총집편 후편,2025-12-12,일본,일본,,"메가박스중앙(주),㈜T-JOY",전체관람가,애니메이션,벳쇼 마코토,"시라이 유스케,요나가 츠바사,켄,아베 아츠시,에구치 타쿠야,오노 켄쇼"
화양연화 특별판,2025-12-31,홍콩,홍콩,,(주)디스테이션,15세이상관람가,드라마,왕가위,"장만옥,양조위"
차임,2026-03-04,일본,일본,,(주)디오시네마,15세이상관람가,"스릴러,공포(호러)",구로사와 기요시,요시오카 무츠오
마더스 베이비,2025-12-11,오스트리아,"오스트리아 ,독일,스위스",,(주)플레이그램,15세이상관람가,"스릴러,미스터리",요한나 모더,"클라에스 방,줄리아 프란츠 리히터"
어 퍼펙트 데이,2017-09-21,스페인,스페인,,(주)마노엔터테인먼트,15세이상관람가,드라마,페르난도 레온 데 아라노아,"베니치오 델 토로,팀 로빈스,올가 쿠릴렌코,멜라니 티에리"
12 솔져스,2018-01-31,미국,미국,,(주)제이앤씨미디어그룹,15세이상관람가,"액션,드라마,전쟁",니콜라이 퓰시,"크리스 헴스워스,마이클 섀넌,마이클 페나,트레반트 로즈"
"72시간 소개팅 훗카이도, 그리고 그 후",,한국,한국,,,,멜로/로맨스,,
미로,,한국,한국,주식회사 필르머,,,드라마,신선,"고경표,위지원,류경수"
FFF2025 필름게이트 단편선3,,한국,한국,,,,드라마,,
FFF2025 필름게이트 단편선1,,한국,한국,,,,드라마,,
FFF2025 필름게이트 단편선4,,한국,한국,,,,드라마,,
거미의 눈동자,,일본,일본,,,,"범죄,스릴러",구로사와 기요시,"아이카와 쇼,오스기 렌"
FFF2025 필름게이트 단편선2,,한국,한국,,,,드라마,,
FFF2025 여성 영화전,,한국,한국,,,,드라마,,
FFF2025 문병곤 특별전,,한국,한국,,,,드라마,,
FFF2025 배우전,,한국,한국,,,,드라마,,
오직 사랑하는 이들만이 살아남는다,2014-01-09,영국,"영국,독일,미국,프랑스",,찬란,15세이상관람가,"드라마,멜로/로맨스",짐 자무시,"톰 히들스턴,틸다 스윈튼,미아 와시코브스카,존 허트,안톤 옐친"
일곱 번째 코드,,일본,일본,,,,기타,구로사와 기요시,
빨간마스크 KF94 + 아메바 소녀들과 학교괴담,,한국,한국,,,,드라마,,
고백을 못하고,2025-12-10,한국,한국,페이지원필름(주),페이지원필름(주),12세이상관람가,드라마,임현희,"득양,남시안,정여준,안세민,정유현,노경,명승훈,채하니,이유경,경찬,박수현,박상현"
산책하는 침략자,2018-08-16,일본,일본,,와이드 릴리즈(주),15세이상관람가,"드라마,SF",구로사와 기요시,"나가사와 마사미,마츠다 류헤이"
극장전,2005-05-26,한국,한국,(주)영화제작전원사,영화사청어람(주),18세관람가,드라마,홍상수,"김상경,이기우,엄지원,이승아,강다혜,김명수,손숙,추은경,장주영,이승헌,최명수,최정인"
스칼렛 드롭,,미국,미국,,,,드라마,존 포드,
떠나는 사람은 꽃을 산다,,한국,한국,,필름다빈,15세이상관람가,드라마,,
제21회 미쟝센단편영화제 수상작 특별전 섹션2,,한국,한국,,,,드라마,,
스트레이트 슈팅,,미국,미국,,,,서부극(웨스턴),존 포드,
헬 벤트,,미국,미국,,,,서부극(웨스턴),존 포드,
도그 레이디,,아르헨티나,아르헨티나,,,,드라마,,
메리 크리스마스 미스터 모,2017-12-14,한국,한국,영화사 달리기,㈜인디스토리,12세이상관람가,코미디,임대형,"기주봉,오정환,고원희,전여빈,유재명,전순옥,전재민,전해성,정연진,이다솔,이우정,이진희,김민수,김정영,김학선,윤태희,이병관,신정섭"
제21회 미쟝센단편영화제 수상작 특별전 섹션3,,한국,한국,,,,드라마,,
이 영화의 끝에서,,한국,한국,궁금단영화,,,드라마,안선경,"박종환,장선,박지아"
캐논볼,2021-08-25,한국,한국,디포커스필름,(주)이놀미디어,12세이상관람가,"드라마,가족",정승민,"김현목,김해나,강봉성,손용범,정재용,변준우,전운종,고다연,정미경,장위지,김미승"
남편 부하직원에 점령당한 육체,2025-12-13,일본,일본,,(주)도키엔터테인먼트,청소년관람불가,성인물(에로),,
같이 알바하는 유부녀와 인생최고의 섹스를 하다,2025-12-14,일본,일본,,(주)도키엔터테인먼트,청소년관람불가,성인물(에로),,
거래처 사장 앞에서 다리 벌리는 여직원,2025-12-11,일본,일본,,(주)나우콘텐츠,청소년관람불가,"드라마,성인물(에로)",히무 롯쿠,
거울 너머로 남편 몰래 상사와 즐기는 아내,2025-12-11,일본,일본,,(주)나우콘텐츠,청소년관람불가,"드라마,성인물(에로)",키토루네 가와구치,
거유음란처 더블F컵 유즈키,2025-12-08,일본,일본,,(주)도키엔터테인먼트,청소년관람불가,성인물(에로),가토 마사키,유즈키 마리나
교환섹스 : 발정난 사장아내,2025-12-11,한국,한국,에이원 미디어,에이원 미디어,청소년관람불가,성인물(에로),천성준,
길거리 여대생 성감대 탐구,2025-12-13,일본,일본,,(주)영진크리에이티브,청소년관람불가,"성인물(에로),드라마,멜로/로맨스",,
나의 그곳 냄새가 좋다는 탈옥녀,2025-12-09,일본,일본,,(주)도키엔터테인먼트,청소년관람불가,성인물(에로),,
남자를 너무 좋아한 친구엄마 유키짱,2025-12-13,일본,일본,,(주)도키엔터테인먼트,청소년관람불가,성인물(에로),,
남편 대신 부하직원에게 안긴 유부녀,2025-12-11,일본,일본,,(주)나우콘텐츠,청소년관람불가,"드라마,성인물(에로)",나기라 겐조,
남편보다 굵은 시아버지,2025-12-12,일본,일본,,(주)영진크리에이티브,청소년관람불가,"성인물(에로),드라마,멜로/로맨스",,
남편의 사채빚을 몸으로 갚는 아내,2025-12-11,일본,일본,,(주)나우콘텐츠,청소년관람불가,"드라마,성인물(에로)",마메자와 마메타로,
남편이 출장중에 새아들과 바람난 호나미짱,2025-12-13,일본,일본,,(주)도키엔터테인먼트,청소년관람불가,성인물(에로),,
내가 사랑한 장모님과 욕실청소하다 젖어버린 마음,2025-12-08,일본,일본,,(주)도키엔터테인먼트,청소년관람불가,성인물(에로),,
너무 놀란 풍속점의 새엄마,2025-12-08,일본,일본,,(주)도키엔터테인먼트,청소년관람불가,성인물(에로),와타나베 준이치,
노노의 새엄마 유혹 - 샤워후에,2025-12-08,일본,일본,,(주)도키엔터테인먼트,청소년관람불가,성인물(에로),와타나베 준이치,미즈사와 노노
뒤로 벌려준 아내,,일본,일본,,,청소년관람불가,성인물(에로),,
딸의 남친에게 환장해 뺏어버린 이치카짱,2025-12-13,일본,일본,,(주)도키엔터테인먼트,청소년관람불가,성인물(에로),,
란제리 부인의 카터벨트,2025-12-08,일본,일본,,(주)도키엔터테인먼트,청소년관람불가,성인물(에로),가토 마사키,오토와 아야코
매칭앱으로 만난 유부녀와 뒤끝 없는 만남,2025-12-11,일본,일본,,(주)나우콘텐츠,청소년관람불가,"드라마,성인물(에로)",,
며느리의 팬티냄새가 좋아서 만져보니 젖은 그녀,2025-12-09,일본,일본,,(주)도키엔터테인먼트,청소년관람불가,성인물(에로),,
미녀 여제자의 엉덩이 유혹,2025-12-13,일본,일본,,(주)영진크리에이티브,청소년관람불가,"성인물(에로),드라마,멜로/로맨스",,
미녀 점장의 유혹에 밤새 짜내는 알바생,2025-12-11,일본,일본,,(주)나우콘텐츠,청소년관람불가,"드라마,성인물(에로)",,
부자지간 구멍동서 만든 유부녀,2025-12-12,일본,일본,,(주)영진크리에이티브,청소년관람불가,"성인물(에로),드라마,멜로/로맨스",,
사장님 성욕관리 전담비서 아내,2025-12-11,일본,일본,,(주)나우콘텐츠,청소년관람불가,"드라마,성인물(에로)",,
새아들의 성처리욕구를 발산계획,2025-12-09,일본,일본,,(주)도키엔터테인먼트,청소년관람불가,성인물(에로),,
새엄마 히지리와 애욕발기,2025-12-14,일본,일본,,(주)도키엔터테인먼트,청소년관람불가,성인물(에로),,
새엄마와 돌파한 절정 50회 섹스,2025-12-14,일본,일본,,(주)도키엔터테인먼트,청소년관람불가,성인물(에로),,
소프천국의 텐프로 치토세짱,2025-12-13,일본,일본,,(주)도키엔터테인먼트,청소년관람불가,성인물(에로),,
속삭이듯 유혹하는 새엄마 나가이짱,2025-12-14,일본,일본,,(주)도키엔터테인먼트,청소년관람불가,성인물(에로),,
숨도 못쉬게 깊게 들어온 성욕몬스터,2025-12-09,일본,일본,,(주)도키엔터테인먼트,청소년관람불가,성인물(에로),,
아내친구가 벗긴 내 팬티에는 흔적이 있었다,2025-12-13,일본,일본,,(주)도키엔터테인먼트,청소년관람불가,성인물(에로),,
아버님이 맛보는 가랑이 교육,2025-12-12,일본,일본,,주식회사 케이앤아이,청소년관람불가,멜로/로맨스,,사토 아이리
아주버님에게 첫 절정을 느낀 거유 아내,2025-12-11,일본,일본,,(주)나우콘텐츠,청소년관람불가,"드라마,성인물(에로)",니쿠손,
언니의 남친을 유혹하는 거유 여동생,2025-12-11,일본,일본,,(주)나우콘텐츠,청소년관람불가,"드라마,성인물(에로)",,
여자가 섹스의 맛을 느낄때,2025-12-10,한국,한국,(주)영화사가을,(주)영화사가을,청소년관람불가,멜로/로맨스,,
여자를 모르는 너에게 나를 바친다,2025-12-13,일본,일본,,(주)도키엔터테인먼트,청소년관람불가,성인물(에로),,
여친에게 차인 나를 위로해준 형수 메이짱,2025-12-14,일본,일본,,(주)도키엔터테인먼트,청소년관람불가,성인물(에로),,
"오늘 밤, 너 혼쭐내줄게",2025-12-10,한국,한국,(주)영화사가을,(주)영화사가을,청소년관람불가,멜로/로맨스,,
오늘밤은 여자로 봐달라는 장모님,2025-12-14,일본,일본,,(주)도키엔터테인먼트,청소년관람불가,성인물(에로),,
오늘은 남편이 없다고 나를 부른 엄마친구,2025-12-09,일본,일본,,(주)도키엔터테인먼트,청소년관람불가,성인물(에로),,
올라탄 F컵 새엄마 시오리,2025-12-08,일본,일본,,(주)도키엔터테인먼트,청소년관람불가,성인물(에로),고바야시 이치로,츠카다 시오리
육체 가정부-잘 닦고 잘 빤다 무삭제판,2025-12-13,일본,일본,,(주)영진크리에이티브,청소년관람불가,"성인물(에로),드라마,멜로/로맨스",,
이게 마지막이라던 새엄마,2025-12-08,일본,일본,,(주)도키엔터테인먼트,청소년관람불가,성인물(에로),코지마 유키오,
이제 10분만 더 참으라는 새엄마의 조교,2025-12-09,일본,일본,,(주)도키엔터테인먼트,청소년관람불가,성인물(에로),,
자매의 신메뉴-자매덮밥,2025-12-12,일본,일본,,(주)영진크리에이티브,청소년관람불가,"성인물(에로),드라마,멜로/로맨스",,
젊은 양기를 듬뿍 받은 아유미,2025-12-12,일본,일본,,(주)도키엔터테인먼트,청소년관람불가,성인물(에로),와타나베 준이치,
젖 잘 주는 며느리,2025-12-13,일본,일본,,(주)영진크리에이티브,청소년관람불가,"성인물(에로),드라마,멜로/로맨스",,
젖 큰 여배우 오일 발라 길들이기,2025-12-13,일본,일본,,(주)영진크리에이티브,청소년관람불가,"성인물(에로),드라마,멜로/로맨스",,
죽여주는 불륜현장:질 좋은 여자들,2025-12-12,한국,한국,(주)파랑새미디어,(주)영진크리에이티브,청소년관람불가,"성인물(에로),드라마,멜로/로맨스",이타치,
처음 벗긴 처형의 팬티스타킹,2025-12-14,일본,일본,,(주)도키엔터테인먼트,청소년관람불가,성인물(에로),,
처제의 은밀한 위로,,일본,일본,,,청소년관람불가,성인물(에로),,
처형의 가슴골에 발정난 제부,2025-12-09,일본,일본,,(주)도키엔터테인먼트,청소년관람불가,성인물(에로),,
출장지에서 변태 상사에게 느껴버린 여직원,2025-12-11,일본,일본,,(주)나우콘텐츠,청소년관람불가,"드라마,성인물(에로)",니쿠손,
코코넛오일의 새엄마와 수영복정사,2025-12-09,일본,일본,,(주)도키엔터테인먼트,청소년관람불가,성인물(에로),,
쾌락전철 - 치한사냥 노조미,2025-12-08,일본,일본,,(주)도키엔터테인먼트,청소년관람불가,성인물(에로),코지마 유키오,
풍속점에 갔더니 친구엄마가 있었다,2025-12-13,일본,일본,,(주)도키엔터테인먼트,청소년관람불가,성인물(에로),,
하다가 쉬면 안된다는 새엄마와 연속절정,2025-12-14,일본,일본,,(주)도키엔터테인먼트,청소년관람불가,성인물(에로),,
북극의 눈물,2009-10-15,한국,한국,(주)엠비씨씨앤아이,실버스푼,전체관람가,다큐멘터리,"허태정,조준묵",안성기
빙하를 따라서,,미국,미국,,,,다큐멘터리,제프 올롭스키,
얼음왕국 : 북극의 여름이야기(다큐),2006-07-13,프랑스,"프랑스,캐나다",,(주)프라임엔터테인먼트,전체관람가,다큐멘터리,"티에리 피안타니다,티에리 라고베르트",장 루이스 에티엔
인디스데이 12월 단편,,한국,한국,,,,드라마,,
한국감독 기획전,,한국,한국,,,,기타,,
극장판 짱구는 못말려: 초화려! 작열하는 떡잎마을 댄서즈,2025-12-24,일본,일본,,(주)씨제이이엔엠,전체관람가,애니메이션,하시모토 마사카즈,"박영남,김환진"
부흥,2026-01-01,한국,한국,주식회사 해밀리미디어더하세,"주식회사 해밀리미디어더하세,주식회사 블루필름웍스",전체관람가,다큐멘터리,윤학렬,
아이들,,한국,한국,,㈜인디스토리,15세이상관람가,드라마,윤성현,"이민웅,구교환,김시권"
코드: G 주목의 시작,2025-12-27,한국,한국,엠씨에이,"주식회사 케이티스튜디오지니,(주)영화특별시에스엠씨",15세이상관람가,"SF,드라마","홍기선,김주신,김영기",
프리즘 오브 그레이 락,2025-12-17,한국,한국,도아 스튜디오,영화로운 형제,15세이상관람가,"가족,드라마",곽민영,"권아름,안민영,이채경,김서안"
마이 선샤인,2026-01-07,일본,일본,,(주)넥스트엔터테인먼트월드(NEW),전체관람가,드라마,오쿠야마 히로시,"코시야마 케이타츠,나카니시 키아라,이케마츠 소스케"
미지의 여인에게서 온 편지,,독일,독일,,,,드라마,맥스 오퓌스,"조안 폰테인,루이스 주르당"
2025년 12월 수요단편극장,,한국,한국,,,,기타,,
홀리데이 인,,,,,,,,,
우아한 거짓말,2014-03-13,한국,한국,"(주)유비유필름,(주)무비락",CGV아트하우스,12세이상관람가,드라마,이한,"김희애,고아성,김유정,김향기,유아인,강다영,강다정,박지영,박진수,선현철,장세영,오유진,정난희,조민영,조수정,이경원,이경원,이나현,이수경,한재훈,이승준,이은진,이재구,이재은,황은정,김민아,김민정,김영재,김지훈,김해일,김화목,박송해,송지인,김정영,박수영,천우희,한이진,정예녹,신정섭,오유진"
프라이메이트,2026-01-28,미국,미국,,롯데컬처웍스(주)롯데엔터테인먼트,청소년관람불가,"공포(호러),스릴러",요하네스 로버츠,"조니 세쿼야,제시카 알렉산더,트로이 코처"
굿 포츈,2026-01-07,미국,미국,,(주)누리픽쳐스,15세이상관람가,"코미디,판타지",아지즈 안사리,"키아누 리브스,아지즈 안사리,세스 로건,산드라 오,키키 팰머"
천공의 성 라퓨타,2004-04-30,일본,일본,지브리 스튜디오,"(주)넥스트엔터테인먼트월드(NEW),대원미디어(주)",전체관람가,애니메이션,미야자키 하야오,"안나 파킨,타나카 마유미,제임스 반 데 빅,하야시바라 메구미,이토 히로시"
스노우폴,2025-12-18,스페인,스페인,,(주)태양미디어그룹,12세이상관람가,"스릴러,액션,범죄",다니엘 칼파소로,안토니오 레시네스
심판자,2025-12-17,미국,미국,,(주)블루라벨픽쳐스,청소년관람불가,"액션,범죄",,"켈란 루츠,제프 파헤이"
카산드로 엑소티코!,,프랑스,프랑스,,,,기타,,
그들이 죽었다,2015-12-10,한국,한국,사십이,㈜인디스토리,15세이상관람가,"판타지,드라마",백재호,"김상석,이화,백재호,권성모,김태희,조수향,차영남"
베를린 - 새벽에서 황혼까지 + 셀719,,기타,기타,,,,다큐멘터리,,
북방의 모자,,독일,독일,,,,다큐멘터리,,
자오선 또는 비오기 전의 극장,,독일,독일,,,,기타,,
도나우강을 따라서 + 장 브리카르의 여정,,기타,기타,,,,다큐멘터리,,
바다를 향하여,,벨기에,벨기에,,,,다큐멘터리,,
그리스로부터 + 집시로 산다는 것,,기타,기타,,,,다큐멘터리,,
사랑하는 당신에게,2023-05-31,벨기에,"벨기에,스위스",,(주)티캐스트,12세이상관람가,드라마,델핀 르에리세,프랑수아 베를레앙
지구 최후의 밤,2019-07-25,중국,중국,,찬란,12세이상관람가,"드라마,미스터리",비간,"탕웨이,황각"
트루먼의 사랑,2026-08-26,한국,한국,"(주)고집스튜디오,풀잎필름","이화배컴퍼니(주),주식회사 뜨로리",12세이상관람가,"SF,멜로/로맨스",김덕중,"배유람,이주우,김신비,강진아,태이서"
우리의 21세기 Floating Island 1,,대만,대만,,,,다큐멘터리,,
우리의 21세기 Floating Island 2,,대만,대만,,,,다큐멘터리,,
자바섬으로의 순례,,인도네시아,인도네시아,,,,드라마,,
운타마기루,,일본,일본,,,,드라마,,
이곳은 달이 아닌 지구,,포르투갈,포르투갈,,,,다큐멘터리,,
피플 파워 폭탄선언: 베트남 장미의 일기,,필리핀,필리핀,,,,다큐멘터리,,
해녀 양씨,,일본,일본,,,,다큐멘터리,,
간통 유부녀-씨 굵은 아주버님,2025-12-15,일본,일본,,(주)영진크리에이티브,청소년관람불가,"성인물(에로),드라마,멜로/로맨스",,
경매의신 ep6 케렌시아,2025-12-19,한국,한국,(주)룬컴퍼니,(주)룬컴퍼니,청소년관람불가,"성인물(에로),드라마",,김경만
고객불만 처리담당 여상사,2025-12-16,일본,일본,,(주)도키엔터테인먼트,청소년관람불가,성인물(에로),,
구멍동서-친구의 섹파,2025-12-15,일본,일본,,(주)영진크리에이티브,청소년관람불가,"성인물(에로),드라마,멜로/로맨스",,
꿈꾸던 선배아내와 섹스,2025-12-19,일본,일본,,(주)도키엔터테인먼트,청소년관람불가,성인물(에로),,
남자 마녀라는 완숙녀,2025-12-16,일본,일본,,(주)도키엔터테인먼트,청소년관람불가,성인물(에로),,
남편 상사와 위험한 불륜,2025-12-18,일본,일본,,(주)제이앤씨미디어그룹,청소년관람불가,드라마,,
남편 앞에서 부장님 물 빠는 아내,2025-12-15,일본,일본,,(주)영진크리에이티브,청소년관람불가,"성인물(에로),드라마,멜로/로맨스",,
남편 없는 침대의 시아버지,2025-12-19,일본,일본,,(주)도키엔터테인먼트,청소년관람불가,성인물(에로),,
네가 시집가기 3일 전,2025-12-19,일본,일본,,(주)씨맥스커뮤니케이션즈,청소년관람불가,성인물(에로),,
매력적인 형수와의 은밀한 하룻밤,2025-12-17,일본,일본,,(주)영진크리에이티브,청소년관람불가,"멜로/로맨스,드라마",,
면접관의 전신노출 요구,,일본,일본,,(주)제이앤씨미디어그룹,청소년관람불가,드라마,,
목욕 중 마음대로 들어온 장모님,2025-12-16,일본,일본,,(주)도키엔터테인먼트,청소년관람불가,성인물(에로),,
몸매 꽉찬 신상 유부녀,2025-12-15,일본,일본,,(주)도키엔터테인먼트,청소년관람불가,성인물(에로),,
보육원 선생님의 바람기,2025-12-16,일본,일본,,(주)도키엔터테인먼트,청소년관람불가,성인물(에로),,
보통으론 못 만나는 유부녀들,2025-12-19,일본,일본,,(주)도키엔터테인먼트,청소년관람불가,성인물(에로),,
사랑비가 내려온 아들 친구,,일본,일본,,(주)도키엔터테인먼트,청소년관람불가,성인물(에로),,
상남자인 시아버지가 너무 건강해,2025-12-15,일본,일본,,(주)도키엔터테인먼트,청소년관람불가,성인물(에로),,
새엄마가 된 친구엄마,2025-12-17,한국,한국,(주)영화사가을,(주)영화사가을,청소년관람불가,멜로/로맨스,,
새엄마를 여자로 느낀 날 무삭제판,2025-12-15,일본,일본,,(주)영진크리에이티브,청소년관람불가,"성인물(에로),드라마,멜로/로맨스",,
새엄마의 비밀영상,2025-12-20,일본,일본,,(주)도키엔터테인먼트,청소년관람불가,성인물(에로),,
새엄마의 타짜급 손목기술,2025-12-15,일본,일본,,(주)도키엔터테인먼트,청소년관람불가,성인물(에로),,
선배 아내의 맑은 신음소리,2025-12-16,일본,일본,,(주)도키엔터테인먼트,청소년관람불가,성인물(에로),,
선배의 아내와 둘만의 밤,,일본,일본,,(주)도키엔터테인먼트,청소년관람불가,성인물(에로),,
섹스는 기술인 완숙녀,,일본,일본,,(주)도키엔터테인먼트,청소년관람불가,성인물(에로),,
섹시 마사지 클럽:주체할 수 없는 욕망,2025-12-17,일본,일본,,(주)영진크리에이티브,청소년관람불가,"멜로/로맨스,드라마",,
숙모의 미소는 달콤했다,2025-12-20,일본,일본,,(주)도키엔터테인먼트,청소년관람불가,성인물(에로),,
시아버지가 만족한 며느리의 속옷,2025-12-15,일본,일본,,(주)도키엔터테인먼트,청소년관람불가,성인물(에로),,
아랫집 유부녀의 음탕한 초대,2025-12-15,일본,일본,,(주)코빈커뮤니케이션즈,청소년관람불가,성인물(에로),,
어쩔수가 없던 친구엄마,2025-12-20,일본,일본,,(주)도키엔터테인먼트,청소년관람불가,성인물(에로),,
얼굴이 젊은 완숙녀,2025-12-15,일본,일본,,(주)도키엔터테인먼트,청소년관람불가,성인물(에로),,
엄마 친구의 아침 인사는 입술,2025-12-19,일본,일본,,(주)도키엔터테인먼트,청소년관람불가,성인물(에로),,
엄마들 : 그녀들의 터질듯한 몸매,2025-12-17,한국,한국,(주)영화사가을,(주)영화사가을,청소년관람불가,멜로/로맨스,,
오르가즘 느끼는 육덕진 새엄마,2025-12-18,한국,한국,스마일컨텐츠,스마일컨텐츠,청소년관람불가,성인물(에로),성기만,
오일 마사지사의 손가락,2025-12-15,일본,일본,,(주)도키엔터테인먼트,청소년관람불가,성인물(에로),,
오프 더 리포터,2025-12-19,한국,한국,(주)룬컴퍼니,(주)룬컴퍼니,청소년관람불가,"성인물(에로),드라마",선우용,
음탕하게 젖은 엉덩이 : 쿠로카와 스미레,2025-12-15,일본,일본,,(주)코빈커뮤니케이션즈,청소년관람불가,성인물(에로),,
이뻐지려고 시작한 오일마사지,2025-12-15,일본,일본,,(주)도키엔터테인먼트,청소년관람불가,성인물(에로),,
젖큰 유부녀 온천섹스,2025-12-15,일본,일본,,(주)영진크리에이티브,청소년관람불가,"성인물(에로),드라마,멜로/로맨스",,
직장에서 노브라로 흥분,2025-12-20,일본,일본,,(주)도키엔터테인먼트,청소년관람불가,성인물(에로),,
책상 속으로 벌려준 가랑이,2025-12-19,일본,일본,,(주)씨맥스커뮤니케이션즈,청소년관람불가,성인물(에로),,
처음처럼 넣어줘,2025-12-19,일본,일본,,(주)씨맥스커뮤니케이션즈,청소년관람불가,성인물(에로),,
첫 데뷔 애인정사,2025-12-19,일본,일본,,(주)도키엔터테인먼트,청소년관람불가,성인물(에로),,
친구 엄마를 맛보고 개발하는 중,2025-12-16,일본,일본,,(주)도키엔터테인먼트,청소년관람불가,성인물(에로),,
친구엄마가 달래준 육체,2025-12-20,일본,일본,,(주)도키엔터테인먼트,청소년관람불가,성인물(에로),,
친구엄마를 위해 바치는 노래,2025-12-20,일본,일본,,(주)도키엔터테인먼트,청소년관람불가,성인물(에로),,
쾌락에 빠진 여상사 : 토모다 마키의 벌어진 꽃,2025-12-15,일본,일본,,(주)코빈커뮤니케이션즈,청소년관람불가,성인물(에로),,
티팬티가 핑크인 엄마친구,,일본,일본,,(주)도키엔터테인먼트,청소년관람불가,성인물(에로),,
핵진상처리 담당 여상사,2025-12-19,일본,일본,,(주)도키엔터테인먼트,청소년관람불가,성인물(에로),,
형부 싹 빨아준 처제의 혓바닥,2025-12-19,일본,일본,,(주)씨맥스커뮤니케이션즈,청소년관람불가,성인물(에로),,
형수와 피임 없는 격정사,2025-12-16,일본,일본,,(주)도키엔터테인먼트,청소년관람불가,성인물(에로),,
호텔리어의 접객서비스,2025-12-20,일본,일본,,(주)도키엔터테인먼트,청소년관람불가,성인물(에로),,
다큐멘터리제작워크숍 2025,,한국,한국,,,,다큐멘터리,,
영화제작워크숍 라이트 4기,,한국,한국,,,,드라마,,
"우리동네영화만들기, 장애인영화만들기",,한국,한국,,,,드라마,,
위험사회,2025-12-24,한국,한국,할머니가 들려주는 이야기,할머니가 들려주는 이야기,15세이상관람가,"드라마,멜로/로맨스,범죄",김병준,"장준휘,황상경,안석환,하이안"
"신비아파트 10주년 극장판: 한 번 더, 소환",2026-01-14,한국,한국,(주)씨제이이엔엠,(주)씨제이이엔엠,전체관람가,애니메이션,최우석,"김영은,조현정,신용우"
라스베가스를 떠나며,1996-03-01,미국,"미국,영국,프랑스",루미에르 프로덕션즈,(주)팝엔터테인먼트,"연소자관람불가,청소년관람불가","멜로/로맨스,드라마",마이크 피기스,"니콜라스 케이지,엘리자베스 슈,리차드 루이스"
고고다이노 극장판: 곤충세계 대모험,2026-01-14,한국,한국,(주)모꼬지,"(주)모꼬지,롯데컬처웍스(주)롯데시네마",전체관람가,애니메이션,이선명,"이상준,정유정,김아롱,전태열,엄상현,김명준,김채하,홍범기,신용우"
이사벨라 두크로트 언리미티드,2025-12-24,이탈리아,이탈리아,,일미디어,12세이상관람가,다큐멘터리,,
철도원,2000-02-04,일본,일본,,와이드 릴리즈(주),전체관람가,"가족,드라마",후루하타 야스오,"다카쿠라 켄,히로스에 료코"
"다카라, 내가 수영을 한 밤",,일본,일본,,,,드라마,이가라시 코헤이,
2025 CUFF 섹션 넷,,한국,한국,,,,"드라마,코미디,미스터리,멜로/로맨스,다큐멘터리",,
2025 CUFF 섹션 둘,,한국,한국,,,,"드라마,코미디,판타지,다큐멘터리",,
2025 CUFF 섹션 하나,,한국,한국,,,,"드라마,코미디",,
2025 CUFF 섹션 셋,,한국,한국,,,,드라마,,
센스 앤 센서빌리티,1996-03-16,미국,"미국,영국",콜럼비아 픽쳐스 코포레이션,,고등학생이상관람가,드라마,이안,"엠마 톰슨,휴 그랜트,케이트 윈슬렛,제임스 플릿"
"초혼, 우리들의 노래",,한국,한국,주식회사 제이오엔터테인먼트코리아,커넥트픽쳐스(주),15세이상관람가,드라마,조정래,"김정연,윤동원,박철민,김동완"
2025 CUFF 섹션 다섯,,한국,한국,,,,"드라마,코미디,공포(호러),다큐멘터리",,
소유와 무소유,,미국,미국,워너브러더스사㈜,,,"드라마,멜로/로맨스,스릴러",하워드 혹스,"험프리 보가트,월터 브레넌"
맨스필드 파크,,영국,영국,,,,"드라마,코미디",패트리샤 로제마,"프란시스 오코너,소피아 마일즈"
대구독립영화연말정산 2025 - 단편 섹션 4,,한국,한국,,,,"드라마,다큐멘터리",,
대구독립영화연말정산 2025 - 단편 섹션 3,,한국,한국,,,,드라마,,
우드스탁: 사랑과 평화의 3일,,미국,미국,,,,기타,마이클 와들리프,
우리는 광장에서,,한국,한국,,,,다큐멘터리,,
메이드 인 홍콩,1998-05-02,홍콩,홍콩,,,18세 미만인 자는 관람할 수 없는 등급,"드라마,멜로/로맨스,범죄",프루트 챈,"이찬삼,엄상자"
영생인,2025-12-24,한국,한국,라이픽쳐스,(주)픽처하우스,15세이상관람가,"미스터리,스릴러",김상훈,
사탄의 부름,2025-12-24,캐나다,캐나다,,오드,15세이상관람가,"다큐멘터리,미스터리",,
악령,,프랑스,프랑스,,,,드라마,안제이 바이다,
죄와 벌,,미국,미국,,,,"범죄,드라마",조세프 본 스텐버그,"피터 로레,에드워드 아놀드"
아리조나 드림,,프랑스,프랑스,,,15세이상관람가,코미디,에밀 쿠스트리차,"조니 뎁,빈센트 갈로"
대구독립영화연말정산 2025 - 단편 섹션 1,,한국,한국,,,,드라마,,
엠마,1998-05-02,미국,"미국,영국",미라맥스 필름즈,,고등학생이상관람가,"멜로/로맨스,드라마",더글라스 맥그래스,"기네스 팰트로우,이완 맥그리거"
"(로컬 픽, 시간과 빛) 롤러코스터 좋아하세요?",,한국,한국,,,,드라마,,
대구독립영화연말정산 2025 - 단편 섹션 2,,한국,한국,,,,"드라마,다큐멘터리",,
거절 못하게 큰 친절의 함정,2025-12-26,일본,일본,,(주)씨맥스커뮤니케이션즈,청소년관람불가,성인물(에로),,
"금단의 사랑 : 형수, 처제, 제수씨",2025-12-23,한국,한국,(주)영화사가을,(주)영화사가을,청소년관람불가,멜로/로맨스,,
남편을 위해 벌린 내 아내,2025-12-26,일본,일본,,(주)씨맥스커뮤니케이션즈,청소년관람불가,성인물(에로),,
내 아내가 누드모델이 된 이유 : 여보 도와줘,2025-12-23,일본,일본,,(주)영진크리에이티브,청소년관람불가,"멜로/로맨스,드라마",,
단 하룻밤 상사에게 몸과 마음 물든 내 여자,2025-12-26,일본,일본,,(주)씨맥스커뮤니케이션즈,청소년관람불가,성인물(에로),,
부장에게 먹혀 쾌락 도파민 폭발한 여직원,2025-12-26,일본,일본,,(주)씨맥스커뮤니케이션즈,청소년관람불가,성인물(에로),,
섹스를 가져다준 사람 홀리는 고양이,2025-12-26,일본,일본,,(주)씨맥스커뮤니케이션즈,청소년관람불가,성인물(에로),,
아내 몰래 씨받아준 마사지사,2025-12-23,일본,일본,,(주)영진크리에이티브,청소년관람불가,"멜로/로맨스,드라마",,
엄마보다 제가 잘해요!!,2025-12-22,일본,일본,,(주)코빈커뮤니케이션즈,청소년관람불가,성인물(에로),,
오늘밤 며느리의 구멍에 넣자! : 유키 리노,2025-12-22,일본,일본,,(주)코빈커뮤니케이션즈,청소년관람불가,성인물(에로),,
차가운 여상사와 섹스 심야 잔업,2025-12-26,일본,일본,,(주)씨맥스커뮤니케이션즈,청소년관람불가,성인물(에로),,
하타노 유이의 뒷바라지 유부녀,2025-12-26,일본,일본,,주식회사 프로젝트4,청소년관람불가,성인물(에로),,하타노 유이
환승연애-너 말고 니 친구 무삭제판,2025-12-26,한국,한국,(주)파랑새미디어,(주)영진크리에이티브,청소년관람불가,"성인물(에로),드라마,멜로/로맨스",이타치,
"베초, 혹은 쿰파르시타의 놀라운 출현",,아르헨티나,아르헨티나,,,,애니메이션,,
#런석진_에피소드. 투어 더 무비,2025-12-31,한국,한국,(주)하이브,씨제이포디플렉스 주식회사,전체관람가,공연,박준수,김석진
어리석은 자는 누구인가,2026-01-07,일본,일본,,(주)플레이그램,15세이상관람가,"스릴러,드라마",나가타 고토,"키타무라 타쿠미,하야시 유타,아야노 고"
레미제라블 디 오리지널,,독일,독일,,,,드라마,쟝폴세노아즈,"장 가뱅,베르나드 블리에"
호두까기인형,,프랑스,프랑스,,(주)위즈온센,,공연,,
레드 소냐,2025-12-31,미국,미국,,TCO(주)더콘텐츠온,15세이상관람가,"액션,판타지",M.J. 버세트,마틸다 안나 잉그리드 루츠
주희에게,2026-04-15,한국,한국,미디어나무(주),미디어나무(주),12세이상관람가,다큐멘터리,,
백화점,,미국,미국,,,,기타,프레데릭 와이즈만,
시각 장애인,,미국,미국,,,,기타,프레데릭 와이즈만,
신들의 분노,2022-01-20,폴란드,폴란드,,(주)스튜디오디에이치엘,15세이상관람가,액션,레흐 마예브스키,"조쉬 하트넷,존 말코비치"
복합 장애,,미국,미국,,,,기타,프레데릭 와이즈만,
적응과 일,,미국,미국,,,,기타,프레데릭 와이즈만,
경주로,,미국,미국,,,,기타,프레데릭 와이즈만,
청각 장애인,,미국,미국,,,,기타,프레데릭 와이즈만,
작전 훈련,,미국,미국,,,,기타,프레데릭 와이즈만,
모델,,미국,미국,,,,기타,프레데릭 와이즈만,
첫눈이 사라졌다,2021-10-20,폴란드,폴란드,,(주)다자인소프트,15세이상관람가,판타지,"마우고시카 슈모프스카,마셀 엔그레르트","알렉 엇가프,마야 오스타쉐브스카,아가타 쿠레샤"
수궁,2026-01-01,한국,한국,더 액티비스트,(주)드림팩트엔터테인먼트,12세이상관람가,다큐멘터리,유수연,
궁금해? 팬티 벗은 작은엄마,2025-12-29,일본,일본,,(주)코빈커뮤니케이션즈,청소년관람불가,성인물(에로),,
"나쁜여자, 아랫도리 길들이기 : 아카리 츠무기",2025-12-29,일본,일본,,(주)코빈커뮤니케이션즈,청소년관람불가,성인물(에로),,
낮져밤이 : 여자들이 좋아하는 남자,2025-12-29,한국,한국,(주)영화사가을,(주)영화사가을,청소년관람불가,멜로/로맨스,,
내게 절대복종하는 여 후배,2025-12-31,한국,한국,(주)샤이커뮤니케이션즈,(주)샤이커뮤니케이션즈,청소년관람불가,성인물(에로),,
대물에 복종하는 색정녀,2026-01-02,한국,한국,(주)샤이커뮤니케이션즈,(주)샤이커뮤니케이션즈,청소년관람불가,성인물(에로),,
떡감 미치는 글래머,2026-01-01,한국,한국,(주)샤이커뮤니케이션즈,(주)샤이커뮤니케이션즈,청소년관람불가,성인물(에로),,
속살이 이쁜 알바녀,2025-12-29,일본,일본,,(주)코빈커뮤니케이션즈,청소년관람불가,성인물(에로),,
쉽게 벌려주는 노래방 아줌마,2026-01-01,한국,한국,(주)샤이커뮤니케이션즈,(주)샤이커뮤니케이션즈,청소년관람불가,성인물(에로),,
시원하게 물 빼주는 옆집 아줌마,2026-01-02,한국,한국,(주)샤이커뮤니케이션즈,(주)샤이커뮤니케이션즈,청소년관람불가,성인물(에로),,
아요이 미즈키의 섹스 일기 2,2025-12-29,일본,일본,,(주)코빈커뮤니케이션즈,청소년관람불가,성인물(에로),,
외로운 미시의 고액 알바,2025-12-31,한국,한국,(주)샤이커뮤니케이션즈,(주)샤이커뮤니케이션즈,청소년관람불가,성인물(에로),,
활짝 열린 무릎과 속살,2025-12-29,한국,한국,(주)영화사가을,(주)영화사가을,청소년관람불가,멜로/로맨스,,
공개상영회,,한국,한국,,,,"드라마,다큐멘터리",,
송 썽 블루,2026-01-14,미국,미국,,유니버설픽쳐스인터내셔널 코리아(유),12세이상관람가,드라마,크레이그 브로워,"휴 잭맨,케이트 허드슨,마이클 임페리올리,피셔 스티븐스,짐 벨루시"
스노우 폭스 : 마법의 돌을 찾아서,2026-01-10,미국,미국,,와이드 릴리즈(주),전체관람가,애니메이션,,
하트맨,2026-01-14,한국,한국,"(주)무비락,(주)라이크엠컴퍼니",롯데컬처웍스(주)롯데엔터테인먼트,12세이상관람가,코미디,최원섭,"권상우,문채원,박지환,표지훈,안석현,노은비,손승택"
강다니엘: 홀드 유어 브레스,2026-01-07,한국,한국,(주)위즈온센,"씨지브이 아이스콘,(주)위즈온센",전체관람가,공연,박재석,강다니엘
프로젝트 Y,2026-01-21,한국,한국,"클라이맥스 스튜디오(주),주식회사 와우포인트",메가박스중앙(주) 플러스엠 엔터테인먼트,15세이상관람가,"범죄,드라마",이환,"한소희,전종서,김신록,정영주,이재균,유아,김성철,이홍내,정찬호,최덕문,백현진,박보인,서우준,김송일,김인우,박환희,한성민,방은정,박서윤,박승연,손예지,양지원,송이현,이하은,임다희,성세진,한이수,유수연,김선아,조수빈,최소윤,오정택,천예주,고경희,조용준,김준민,조준혁,유신,이세온,백승환,정시헌,윤준원,윤상혁,박만준,강연성,김재선,이세옥,염승이,이수현,조혜인,서지원,조남희,김예림,한단아,정이안,김다영,이시은,남인빈,윤지원,김나현,전은빈,노진욱,배진완,홍인국,정민석,전성민,홍여준,박수진,김다혜,김로아,김재아,강효준,명승훈,서한결,용석주,이희석,구철호,정용현,김범우,이도영,고수윤,김혜아,전지희,조이원,김지윤,구민정,이다민,이엘리,김미주,박세현,박정원,박지민,이현진,오가연,이지수,장동훈,설준수,강필선,박재완,송원수,이난,김대국,성엽,서태이,오근욱,담우,장준혁,이주형,신아휘,윤덕용,최준석,이현수,임태훈,이광호,유정하,서광숙"
극장판 뿌이뿌이 모루카 MOLMAX (모루맥스),2026-01-07,일본,일본,,에스엠지홀딩스 주식회사,전체관람가,애니메이션,만큐,아이바 마사키
보이,2026-01-14,한국,한국,,(주)영화특별시에스엠씨,15세이상관람가,"범죄,멜로/로맨스",이상덕,"조병규,유인수,서인국,허지원,문기민,정규영,강나현"
판결,2026-02-25,한국,한국,"주식회사 잉크픽처스,주식회사 표범영화사,무비파킹 주식회사,(주)조이엔시네마","(주)제이앤씨미디어그룹,영화사빅",15세이상관람가,"드라마,스릴러",이창희,
튜즈데이,2026-01-14,미국,미국,(주)싸이더스,"(주)팝엔터테인먼트,(주)싸이더스",12세이상관람가,"드라마,판타지",,줄리아 루이스 드레퓌스
우타다 히카루 사이언스 픽션 투어 2024,2026-01-07,일본,일본,,씨제이 씨지브이(CJ CGV)(주),전체관람가,공연,,
시수: 복수의 길,2026-01-07,미국,미국,,소니픽쳐스엔터테인먼트코리아주식회사극장배급지점,청소년관람불가,"액션,전쟁",얄마리 헬렌더,스티븐 랭
한스 짐머 시네마 콘서트,,독일,독일,,,,공연,,
굿 포 낫씽,2026-01-14,일본,일본,,(주)디오시네마,15세이상관람가,드라마,미야케 쇼,산단 토모아키
셀린느와 줄리 배 타러 가다,,프랑스,프랑스,,,,"드라마,판타지",자크 리베트,"줄리엣 베르토,뷜 오지에,마리 프랑스 피지에,바벳 슈로더"
나이트 플라워,2026-01-08,일본,일본,,메가박스중앙(주) 플러스엠 엔터테인먼트,15세이상관람가,드라마,우치다 에이지,키타가와 케이코
극장판 엄마 까투리: 도시로 간 까투리 가족,2022-09-08,한국,한국,(주)퍼니플럭스,(주)넥스트엔터테인먼트월드(NEW),전체관람가,애니메이션,정길훈,"김서영,이윤희,김은아,전해리,이지현,양정화,홍범기,엄상현,이현,이명호"
롤라,2019-08-22,프랑스,"프랑스,이탈리아",,(주)에스와이코마드,12세이상관람가,"멜로/로맨스,뮤지컬",자끄 드미,"아누크 에메,마르크 미셸,엘리나 라보드떼,코린느 마르샹,도로시 블랑크"
염소자리,,영국,영국,,,,"드라마,범죄",알프레드 히치콕,"조셉 코튼,잉그리드 버그만,마이클 윌딩"
임사,,미국,미국,,,,기타,프레데릭 와이즈만,
미사일,,미국,미국,,,,기타,프레데릭 와이즈만,
고다르,,한국,한국,,,,다큐멘터리,김응수,
그들의 이런 만남,,한국,한국,,,,다큐멘터리,김응수,
가출한 형수님,2026-01-08,한국,한국,폭풍의 눈,주식회사 원스크린,청소년관람불가,"드라마,성인물(에로)",이상우,
거유 엄마,2026-01-06,일본,일본,,(주)코빈커뮤니케이션즈,청소년관람불가,성인물(에로),,
거유 장모님의 가슴을 타고 입욕섹스,2026-01-11,일본,일본,,(주)도키엔터테인먼트,청소년관람불가,성인물(에로),,
계모와 아들-삽입할 자격,2026-01-09,일본,일본,,(주)영진크리에이티브,청소년관람불가,성인물(에로),,
끝나고 청소후 다시 세워 죽이는 새엄마,2026-01-09,일본,일본,,(주)도키엔터테인먼트,청소년관람불가,성인물(에로),,
나나미의 삽입결단,2026-01-05,일본,일본,,(주)가온콘텐츠,청소년관람불가,멜로/로맨스,,
나랑 하고 싶냐고 묻는 엄마친구가 귀여워,2026-01-09,일본,일본,,(주)도키엔터테인먼트,청소년관람불가,성인물(에로),,
나를 욕실에서 녹여버린 장모님 리카짱,,일본,일본,,,청소년관람불가,성인물(에로),,
남편의 새아들과 3일 밤낮,2026-01-11,일본,일본,,(주)도키엔터테인먼트,청소년관람불가,성인물(에로),,
내 아내의 비밀친구,2026-01-05,일본,일본,,(주)가온콘텐츠,청소년관람불가,멜로/로맨스,세타가야 히로시,
내손으로 길들이는 그녀 무삭제판,2026-01-05,일본,일본,,(주)가온콘텐츠,청소년관람불가,멜로/로맨스,,
너무 궁금한 그녀의 치마속,2026-01-05,일본,일본,,(주)가온콘텐츠,청소년관람불가,멜로/로맨스,,
노브라로 안겨오는 새엄마 호노카짱,2026-01-10,일본,일본,,(주)도키엔터테인먼트,청소년관람불가,성인물(에로),,
달콤한 사육 무삭제판,2026-01-05,일본,일본,,(주)가온콘텐츠,청소년관람불가,멜로/로맨스,카니에,모리 나나코
동정에게 속옷 벗겨달라는 옆집유부녀,,일본,일본,,,청소년관람불가,성인물(에로),,
두근두근 그녀의 섹스,2026-01-05,일본,일본,,(주)가온콘텐츠,청소년관람불가,멜로/로맨스,,
마사지에 무너지는 유부녀,2026-01-05,일본,일본,,(주)가온콘텐츠,청소년관람불가,멜로/로맨스,후카가와 지로,쿠로키 아오이
"불법 서비스 : 노래방, 미용실에서",2026-01-07,한국,한국,(주)영화사가을,(주)영화사가을,청소년관람불가,멜로/로맨스,,
삽입 후 최고의 순간,2026-01-05,일본,일본,,(주)가온콘텐츠,청소년관람불가,멜로/로맨스,후카가와 지로,
새엄마 안에 탕탕 후룹찹찹 무삭제판,2026-01-09,일본,일본,,(주)영진크리에이티브,청소년관람불가,성인물(에로),,
새엄마와 한달에 한번 원거리연애로 몸풀기,2026-01-10,일본,일본,,(주)도키엔터테인먼트,청소년관람불가,성인물(에로),,
새엄마의 엉덩이에 비벼서 가버려,2026-01-10,일본,일본,,(주)도키엔터테인먼트,청소년관람불가,성인물(에로),,
섹스에 이유가 필요한가,2026-01-11,일본,일본,,(주)도키엔터테인먼트,청소년관람불가,성인물(에로),,
술취한 여상사와 자취방으로 직행한 회식,2026-01-09,일본,일본,,(주)도키엔터테인먼트,청소년관람불가,성인물(에로),,
스스로 열어준 그녀의 구멍 무삭제판,2026-01-05,일본,일본,,(주)가온콘텐츠,청소년관람불가,멜로/로맨스,카니에,
스와핑의 맛,2026-01-08,한국,한국,유한회사 스튜디오루나,유한회사 스튜디오루나,청소년관람불가,"성인물(에로),멜로/로맨스",김태수,
아내친구가 확인한 혼모노 남편의 대물,2026-01-09,일본,일본,,(주)도키엔터테인먼트,청소년관람불가,성인물(에로),,
알몸보다 꽉꽉들어찬 레나짱의 진공섹스,2026-01-10,일본,일본,,(주)도키엔터테인먼트,청소년관람불가,성인물(에로),,
"어떤 키스, 어떤 삽입 무삭제판",2026-01-05,일본,일본,,(주)가온콘텐츠,청소년관람불가,멜로/로맨스,사루,
옆집 유부녀 마오짱의 팬티냄새가 기억난다,2026-01-11,일본,일본,,(주)도키엔터테인먼트,청소년관람불가,성인물(에로),,
완숙녀의 자택방문 -의외로 놀란 미모3,2026-01-09,일본,일본,,(주)도키엔터테인먼트,청소년관람불가,성인물(에로),,
유부녀 5명의 전동마사지,2026-01-11,일본,일본,,(주)도키엔터테인먼트,청소년관람불가,성인물(에로),,
육덕 장모 외로운 구멍 달래기,2026-01-09,일본,일본,,(주)영진크리에이티브,청소년관람불가,성인물(에로),,
음란한 영업,2026-01-05,일본,일본,,(주)가온콘텐츠,청소년관람불가,멜로/로맨스,,
음란한 코스프레 무삭제판,2026-01-05,일본,일본,,(주)가온콘텐츠,청소년관람불가,멜로/로맨스,키타노 마지메,야베 히사에
이제는 좋을대로 하라는 초거유형수,2026-01-10,일본,일본,,(주)도키엔터테인먼트,청소년관람불가,성인물(에로),,
인터넷 동영상업체에게 보내진 아내,2026-01-09,일본,일본,,(주)도키엔터테인먼트,청소년관람불가,성인물(에로),,
일본 러브호텔의 리얼정사 3,2026-01-09,일본,일본,,(주)도키엔터테인먼트,청소년관람불가,성인물(에로),,
장모님 장모님 장모님!,2026-01-11,일본,일본,,(주)도키엔터테인먼트,청소년관람불가,성인물(에로),,
장모님 저한테 실수하신거예요,2026-01-10,일본,일본,,(주)도키엔터테인먼트,청소년관람불가,성인물(에로),,
지금 바로 해달라는 새엄마 메이짱,2026-01-10,일본,일본,,(주)도키엔터테인먼트,청소년관람불가,성인물(에로),,
참을 수 없는 이모의 야한 속옷,2026-01-05,일본,일본,,(주)가온콘텐츠,청소년관람불가,멜로/로맨스,,
처녀의 맛,2026-01-08,한국,한국,유한회사 스튜디오루나,유한회사 스튜디오루나,청소년관람불가,"성인물(에로),멜로/로맨스",김태수,
처형 보내드리기,2026-01-08,한국,한국,폭풍의 눈,주식회사 원스크린,청소년관람불가,"드라마,성인물(에로)",김정식,
치마속 젖은 손길,2026-01-05,일본,일본,,(주)가온콘텐츠,청소년관람불가,멜로/로맨스,,
친형에게 반해버린 내 젊은아내,2026-01-07,일본,일본,,(주)제이앤씨미디어그룹,청소년관람불가,드라마,,
퍼스트 클라스 절품녀 -보랏빛향기3,2026-01-09,일본,일본,,(주)도키엔터테인먼트,청소년관람불가,성인물(에로),,
풍속점의 새엄마와 엉망진창 놀이,2026-01-11,일본,일본,,(주)도키엔터테인먼트,청소년관람불가,성인물(에로),코지마 유키오,
형수에게 따먹힌 동정,2026-01-06,일본,일본,,(주)코빈커뮤니케이션즈,청소년관람불가,성인물(에로),,
흥분한 왕가슴 며느리의 둔덕질,2026-01-09,일본,일본,,(주)영진크리에이티브,청소년관람불가,성인물(에로),,
왕십리,1976-01-31,한국,한국,우성사,,12세이상관람가,"드라마,멜로/로맨스",임권택,"신성일,김영애"
황진이,1986-09-18,한국,한국,(주)동아수출공사,,국민학생관람불가,사극,배창호,"장미희,안성기,전무송,김윤경,김지영,신일룡,조주미,홍윤정"
끝이 없는 스칼렛,2026-01-14,일본,일본,,소니픽쳐스엔터테인먼트코리아주식회사극장배급지점,12세이상관람가,애니메이션,호소다 마모루,"아시다 마나,오카다 마사키,야쿠쇼 코지"
시스터,2026-01-28,한국,한국,(주)와인드업필름,"주식회사 로아앤코홀딩스,씨지브이 픽처스",15세이상관람가,스릴러,진성문,"정지소,이수혁,차주영,정지우"
당신이 영화를 그만두면 안 되는 30가지 이유: 1막 Warm Up 예열,,한국,한국,"한국예술종합학교,(주)아토",(주)씨제이이엔엠,15세이상관람가,드라마,,
연인들,,프랑스,프랑스,,,,드라마,루이 말,잔느 모로
인랜드 엠파이어,2007-07-26,폴란드,폴란드,르 스튜디오 카날+,(주)유레카픽쳐스,15세이상관람가,"미스터리,스릴러",데이빗 린치,"제레미 아이언스,로라 던"
휴민트,2026-02-11,한국,한국,(주)외유내강,(주)넥스트엔터테인먼트월드(NEW),15세이상관람가,"액션,드라마",류승완,"조인성,박정민,박해준,신세경,정유진,박명신,이신기,하경,김의성,장현성,주보비,윤경호,김종수,김새윤,우정원,피어스 콘란,김은우,조은형,손영주,박한솔,오은재,김송은,조광유,이은석,양라희,오시내,조성윤,임채은,김다빈,김정연,이자연,박지연,김영비,재니스,김성준,조성재,이원희,김진태"
하우스메이드,2026-01-28,미국,미국,,(주)누리픽쳐스,청소년관람불가,"스릴러,미스터리",폴 페이그,"시드니 스위니,아만다 사이프리드,브랜든 스클레너"
슈가,2026-01-21,한국,한국,"호랑이기운,(주)메시지필름","스튜디오타겟(주),(주)삼백상회",전체관람가,"드라마,가족",최신춘,"최지우,박송후,민진웅,고동하,김영성,김선영,최민,변한움"
얼음 여왕,2026-01-28,노르웨이,노르웨이,,(주)디스테이션,전체관람가,애니메이션,,
당신이 영화를 그만두면 안 되는 30가지 이유: 2막 Deep Field 심연,,한국,한국,"한국예술종합학교,(주)아토",(주)씨제이이엔엠,15세이상관람가,드라마,,
당신이 영화를 그만두면 안 되는 30가지 이유: 3막 Impact Zone 폭발,2026-01-28,한국,한국,"한국예술종합학교,(주)아토",(주)씨제이이엔엠,15세이상관람가,드라마,,
라임라이트,1989-08-26,미국,미국,유나이티드 아티스트,"(주)엣나인필름,유나이티드 아티스트",연소자관람가,"드라마,코미디",찰리 채플린,"찰리 채플린,클레어 블룸"
누른국시,,한국,한국,,,전체관람가,드라마,,
직장상사 길들이기,2026-01-28,미국,미국,,월트디즈니컴퍼니코리아 유한책임회사,15세이상관람가,스릴러,샘 레이미,"레이첼 맥아담스,딜런 오브라이언"
나는 갱년기다,2026-01-21,한국,한국,스튜디오 션샤인,(주)이놀미디어,12세이상관람가,드라마,조연진,"김영선,전현숙,유담연,박건락,안재원,이민아,이주은"
노 머시: 90분,2026-02-04,미국,미국,,소니픽쳐스엔터테인먼트코리아주식회사극장배급지점,15세이상관람가,스릴러,티무르 베크맘베토브,"크리스 프랫,레베카 퍼거슨,애나벨 월리스,크리스 설리반,카일리 로저스"
백치,,일본,일본,,,,드라마,구로사와 아키라,"하라 세츠코,모리 마사유키"
비기너스,2011-11-10,미국,미국,,유니버설픽쳐스인터내셔널 코리아(유),15세이상관람가,"드라마,멜로/로맨스",마이크 밀스,"크리스토퍼 플러머,이완 맥그리거"
드림 홈,2026-02-04,홍콩,홍콩,,(주)오싹엔터테인먼트,청소년관람불가,"공포(호러),스릴러",팡호청,"하초의,진혁신"
극장판 슈퍼윙스: 맥시멈 스피드,2023-07-20,한국,한국,(주)퍼니플럭스,(주)넥스트엔터테인먼트월드(NEW),전체관람가,애니메이션,정길훈,"문남숙,장은숙,최보배,전태열,이재범,엄상현"
고종황제와 의사 안중근,,한국,한국,,,,사극,전창근,"김승호,전창근,최남현"
텐,,프랑스,"프랑스,이란,미국",,,,드라마,압바스 키아로스타미,마니아 악바리
데이비드와 린치,,한국,한국,,,,,김응수,
사랑을 카피하다,2011-05-05,프랑스,프랑스,,주식회사 마운틴픽쳐스,15세이상관람가,드라마,압바스 키아로스타미,"윌리엄 쉬멜,줄리엣 비노쉬"
네 멋대로 해라: 장 뤽 고다르,2020-03-19,프랑스,프랑스,,(주)이수C&E,15세이상관람가,"코미디,드라마",미셀 하자나비시우스,스테이시 마틴
사라지는 것들을 기억하는 법(인디스데이),,한국,한국,,,,드라마,,
19금 마사지클럽:규칙위반 스릴만점섹스,2026-01-26,일본,일본,,(주)영진크리에이티브,청소년관람불가,"멜로/로맨스,드라마",,
가사도우미-내 남편과 자도 좋아 무삭제판,2026-01-16,한국,한국,(주)파랑새미디어,(주)영진크리에이티브,청소년관람불가,"성인물(에로),드라마,멜로/로맨스",이타치,
공유마누라:삽입할 생각에 초흥분,2026-01-13,일본,일본,,(주)영진크리에이티브,청소년관람불가,"성인물(에로),드라마,멜로/로맨스",,
귀시: 확장판,,한국,한국,,,15세이상관람가,공포(호러),홍원기,"유재명,문채원,서영희,원현준,솔라,차선우,배수민,서지수,손주연"
남편 상사와 누드촬영중 삽입 허락,2026-01-13,일본,일본,,(주)영진크리에이티브,청소년관람불가,성인물(에로),,
남편몰래 빨아준 결혼한 전 여친,2026-01-12,일본,일본,,(주)파랑새미디어,청소년관람불가,"성인물(에로),드라마,멜로/로맨스",,
내 속옷을 가져온 남자,2026-01-12,일본,일본,,(주)도키엔터테인먼트,청소년관람불가,성인물(에로),,
노팬티 여상사에게 신고식,2026-01-18,일본,일본,,(주)도키엔터테인먼트,청소년관람불가,성인물(에로),,
당하는게 좋은 유부녀,2026-01-18,일본,일본,,(주)도키엔터테인먼트,청소년관람불가,성인물(에로),,
매력적인 엄마들,2026-01-14,한국,한국,(주)영화사가을,(주)영화사가을,청소년관람불가,멜로/로맨스,,
몸으로 응원하는 상냥한 숙모,2026-01-12,일본,일본,,(주)코빈커뮤니케이션즈,청소년관람불가,성인물(에로),,
배란일에 씨받는 여대생 메이드,2026-01-14,일본,일본,,(주)영진크리에이티브,청소년관람불가,성인물(에로),,
배신불륜녀가 엄마라니 - 사쿠라,2026-01-12,일본,일본,,(주)도키엔터테인먼트,청소년관람불가,성인물(에로),코지마 유키오,
봄바람 속에 핀 형수 속옷,2026-01-18,일본,일본,,(주)도키엔터테인먼트,청소년관람불가,성인물(에로),,
비서 아내: 음흉한 사장,2026-01-14,일본,일본,,(주)영진크리에이티브,청소년관람불가,성인물(에로),,
뽕브라속 거유 유부녀,2026-01-13,일본,일본,,(주)도키엔터테인먼트,청소년관람불가,성인물(에로),,
사연있는 초보 유부녀,2026-01-13,일본,일본,,(주)도키엔터테인먼트,청소년관람불가,성인물(에로),,
새엄마 마오가 3초만 기다리는 이유,2026-01-12,일본,일본,,(주)도키엔터테인먼트,청소년관람불가,성인물(에로),코지마 유키오,
새엄마와 밀착섹스,2026-01-12,일본,일본,,(주)도키엔터테인먼트,청소년관람불가,성인물(에로),,
새엄마의 애정이 흘러넘친 침대,2026-01-13,일본,일본,,(주)도키엔터테인먼트,청소년관람불가,성인물(에로),,
새엄마의 외로운 구멍 채우기,2026-01-13,일본,일본,,(주)영진크리에이티브,청소년관람불가,성인물(에로),,
색다른 체위에 무너진 여대생,2026-01-12,일본,일본,,(주)영진크리에이티브,청소년관람불가,성인물(에로),,
생의 쾌락을 좋아한 여자,2026-01-17,일본,일본,,(주)도키엔터테인먼트,청소년관람불가,성인물(에로),,
셀럽 유부녀의 외도 유출,2026-01-17,일본,일본,,(주)도키엔터테인먼트,청소년관람불가,성인물(에로),,
소악마 중년의 이야기,2026-01-17,일본,일본,,(주)도키엔터테인먼트,청소년관람불가,성인물(에로),,
쉐어하우스 경매단 경매의 신 ep7,2026-01-12,한국,한국,(주)룬컴퍼니,(주)룬컴퍼니,청소년관람불가,"코미디,성인물(에로)",,김경만
스치기만 해도 흥분하는 날,2026-01-13,일본,일본,,(주)도키엔터테인먼트,청소년관람불가,성인물(에로),,
시아버지와 동침한 거유며느리,2026-01-12,일본,일본,,(주)영진크리에이티브,청소년관람불가,성인물(에로),,
시아버지의 몸종이 된 아내의 엉덩이,2026-01-13,일본,일본,,(주)도키엔터테인먼트,청소년관람불가,성인물(에로),,
신도시 불륜 스캔들,2026-01-12,한국,한국,(주)룬컴퍼니,(주)룬컴퍼니,청소년관람불가,"성인물(에로),드라마",선우용,
안기는 맛이 좋은 남자,2026-01-17,일본,일본,,(주)도키엔터테인먼트,청소년관람불가,성인물(에로),,
애교소리가 좋은 유부녀,2026-01-18,일본,일본,,(주)도키엔터테인먼트,청소년관람불가,성인물(에로),,
여대생의 몸정 교환 조건,2026-01-17,일본,일본,,(주)도키엔터테인먼트,청소년관람불가,성인물(에로),,
여대생의 졸업 조건 정사,2026-01-17,일본,일본,,(주)도키엔터테인먼트,청소년관람불가,성인물(에로),,
위기의 유부녀:남편 상사에게 몸 바친 아내,2026-01-16,일본,일본,,(주)영진크리에이티브,청소년관람불가,"멜로/로맨스,드라마",,
유부녀 마사지:무조건 허락받는 스킬,2026-01-14,일본,일본,,(주)영진크리에이티브,청소년관람불가,성인물(에로),,
이것이 유부녀 궁극의 사죄이다,2026-01-13,일본,일본,,(주)도키엔터테인먼트,청소년관람불가,성인물(에로),,
입술이 예쁜 미숙녀와 육체관계,2026-01-13,일본,일본,,(주)도키엔터테인먼트,청소년관람불가,성인물(에로),,
자궁 특별진료 무삭제판,2026-01-12,일본,일본,,(주)영진크리에이티브,청소년관람불가,성인물(에로),,
잘 흥분하는 극강 미숙녀,2026-01-13,일본,일본,,(주)도키엔터테인먼트,청소년관람불가,성인물(에로),,
젊은 미망인 뜨거운 육체 무삭제판,2026-01-13,일본,일본,,(주)영진크리에이티브,청소년관람불가,"성인물(에로),드라마,멜로/로맨스",,
졸업을 앞둔 여대생의 거래,2026-01-17,일본,일본,,(주)도키엔터테인먼트,청소년관람불가,성인물(에로),,
지적인 미녀상의 유부녀,2026-01-17,일본,일본,,(주)도키엔터테인먼트,청소년관람불가,성인물(에로),,
친구엄마 최종보스,2026-01-12,일본,일본,,(주)도키엔터테인먼트,청소년관람불가,성인물(에로),,
쾌락에 빠진 여상사 2 : 토모다 마키의 음탕한 향기,2026-01-12,일본,일본,,(주)코빈커뮤니케이션즈,청소년관람불가,성인물(에로),,
팬티를 주워준 연하남,2026-01-12,일본,일본,,(주)도키엔터테인먼트,청소년관람불가,성인물(에로),,
혓바닥이 긴 시아버지,2026-01-12,일본,일본,,(주)도키엔터테인먼트,청소년관람불가,성인물(에로),코지마 유키오,
호텔진상 육체봉사,2026-01-12,일본,일본,,(주)도키엔터테인먼트,청소년관람불가,성인물(에로),,
731,2026-01-21,중국,중국,,"주식회사 콘텐츠존,(주)다자인소프트",15세이상관람가,드라마,조림산,"강무,왕지문,오건"
반지의 제왕 : 왕의 귀환,2003-12-17,미국,미국,,"워너브러더스 코리아(주),씨제이엔터테인먼트",12세관람가,"판타지,어드벤처",피터 잭슨,"비고 모텐슨,일라이저 우드,이안 맥켈런,숀 애스틴,리브 타일러,올랜도 블룸,숀 빈,빌리 보이드,케이트 블란쳇,휴고 위빙"
왕과 사는 남자,2026-02-04,한국,한국,"(주)온다웍스,(주)비에이엔터테인먼트",(주)쇼박스,12세이상관람가,"사극,드라마",장항준,"유해진,박지훈,유지태,전미도,김민,이준혁,김수진,오달수,박순정,강준,박지윤,백도겸,정진운,박지환,이준혁,안재홍,장현성,이시형,홍성표,김필,최용,김용석,노경,양승리,한종훈,임승대,배성일,정봉연,박광설,이형길,오현수,박완규,송창규,우정국,권재환,이윤혁,김서현,유인혁,이정길,박경관,이태영,최원석,고경애,김경미,엄춘미,정재훈,박지민,이은숙,문하랑,최이준,현태이,이인규,조영애,박상묵,권영옥,윤선희,정한솔,조준기,정창석,김해용,최민숙,문의영,김회진,계율이,정모아,김민수,한대훈,이진한,박한샘,이원행,한재욱,정찬호,송지환,김성민,오단비,박현경,김유태,김한준,윤호중,조승연"
나만의 비밀,2026-01-21,일본,일본,,(주)누리픽쳐스,전체관람가,드라마,나카가와 슌,"오쿠다이라 다이켄,하야세 이코이"
물의 연대기,2026-01-28,미국,미국,,판씨네마(주),청소년관람불가,드라마,크리스틴 스튜어트,"이모겐 푸츠,짐 벨루시"
"직사각형, 삼각형",2026-01-21,한국,한국,(주)비에이치 엔터테인먼트,필름다빈,15세이상관람가,드라마,이희준,"진선규,이하랑,오의식,오용,권소현,정종준"
데몬 프린스,2026-01-21,베트남,베트남,,"(주)디스테이션,주식회사 케이무비엔터테인먼트",15세이상관람가,공포(호러),쯔언 흐우 떤,"아잉 뚜 에이투스,르엉 테 타잉"
나무의 노래,,한국,한국,,,전체관람가,다큐멘터리,진재운,
그녀의 연기,,한국,한국,,㈜인디스토리,15세이상관람가,드라마,김태용,"공효진,박희순"
넘버원,2026-02-11,한국,한국,"주식회사 세미콜론스튜디오,스튜디오더블엠 주식회사",(주)바이포엠스튜디오,12세이상관람가,드라마,김태용,"최우식,장혜진,공승연"
잊혀진 대통령: 김영삼의 개혁시대,2026-01-28,한국,한국,(주)다자인소프트,(주)다자인소프트,12세이상관람가,다큐멘터리,이재진,
퍼시픽션,2026-07-01,프랑스,프랑스,,필름다빈,15세이상관람가,드라마,알베르 세라,브누와 마지멜
매드 댄스 오피스,2026-03-04,한국,한국,(주)컨텐츠 크리에이티브 그룹 문,(주)디스테이션,전체관람가,"드라마,코미디",조현진,"염혜란,최성은,우미화,박호산,백현진,권태원,아린,안동구,양조아,윤상현,허정도,이규회"
클라이밍: 더 사운드,2026-01-22,미국,미국,,주식회사 풍경소리,15세이상관람가,"스릴러,공포(호러)",,
박서방,1960-10-05,한국,한국,,,12세이상관람가,"가족,드라마",강대진,"김진규,김혜정,황정순,엄앵란,윤정란"
나의 친애하는 후세인,,독일,"독일,스웨덴,팔레스타인,사우디아라비아",,,,드라마,,
기억의 소리,2016-12-15,한국,한국,이공희 필름,이공희 필름,15세이상관람가,"드라마,미스터리,판타지",이공희,"정충구,여민주,김보령,김병국"
보통사람들,,프랑스,프랑스,,,,드라마,앙리 베르누이,장 가뱅
6번 칸,2023-03-08,독일,"독일,핀란드,러시아,에스토니아",,"(주)싸이더스,스튜디오 에이드",15세이상관람가,"드라마,멜로/로맨스",유호 쿠오스마넨,"세이디 하를라,유리 보리소프"
하늘과 바람과 별과 섬,,한국,"한국,일본",,,,다큐멘터리,,
백악관 최후의 날: 프레지던트 다운,2026-01-22,미국,미국,,(주)제이앤씨미디어그룹,15세이상관람가,"스릴러,액션",,
"금지된 사랑 : 새아빠, 시아버지 그리고",2026-01-21,한국,한국,(주)영화사가을,(주)영화사가을,청소년관람불가,멜로/로맨스,,
남편 친구에게 박힌 아내,2026-01-19,일본,일본,,(주)코빈커뮤니케이션즈,청소년관람불가,성인물(에로),,
떡에 환장하는 여대생과의 속궁합,2026-01-22,일본,일본,,(주)영진크리에이티브,청소년관람불가,"멜로/로맨스,드라마",,
발정난 며느리:시아버지에게 들키다,2026-01-22,일본,일본,,(주)영진크리에이티브,청소년관람불가,"멜로/로맨스,드라마",,
"밤, 그리고 피렌체 경매의 신 ep8",2026-01-23,한국,한국,(주)룬컴퍼니,(주)룬컴퍼니,청소년관람불가,"성인물(에로),드라마",,김경만
사정관리 여선배 오늘은 내가 쳐줄게,2026-01-19,일본,일본,,(주)코빈커뮤니케이션즈,청소년관람불가,성인물(에로),,
상사 아내의 길들여진 성욕,2026-01-19,일본,일본,,(주)코빈커뮤니케이션즈,청소년관람불가,성인물(에로),,
실리콘 링에 젖어버린 유부녀,2026-01-23,일본,일본,,주식회사 프로젝트4,청소년관람불가,성인물(에로),,
엘리트 여직원 : 중년 청소부와 섹스에 빠지다,2026-01-21,일본,일본,,(주)영화사 사계절,청소년관람불가,멜로/로맨스,,
여린 간병인,2026-01-23,한국,한국,(주)룬컴퍼니,(주)룬컴퍼니,청소년관람불가,"성인물(에로),드라마,멜로/로맨스",안해영,
위험한 제수씨:아주버님의 야릇한 눈빛,2026-01-22,일본,일본,,(주)영진크리에이티브,청소년관람불가,"멜로/로맨스,드라마",,
"촉촉한, 질 좋은 옆집 여자",2026-01-19,일본,일본,,(주)코빈커뮤니케이션즈,청소년관람불가,성인물(에로),,
정글비트 2,2026-01-29,영국,영국,,(주)박수엔터테인먼트,전체관람가,애니메이션,샘 윌슨,
타년타일,2026-01-28,홍콩,홍콩,,주식회사 오디언스,12세이상관람가,"멜로/로맨스,판타지",,"허광한,원예림"
멜라니아,2026-01-30,미국,미국,,(주)누리픽쳐스,12세이상관람가,다큐멘터리,브렛 래트너,
"2024.12.03 그날 조작된 내란, 감춰진 진실",2026-02-04,한국,한국,,루디아코프,12세이상관람가,다큐멘터리,,
대디오,2026-01-28,미국,미국,,(주)바이포엠스튜디오,15세이상관람가,드라마,크리스티 홀,"다코타 존슨,숀 펜"
영원,2026-02-04,미국,미국,,워터홀컴퍼니(주),12세이상관람가,"멜로/로맨스,코미디,판타지",데이빗 프레인,"엘리자베스 올슨,마일즈 텔러,칼럼 터너"
극장판 엉덩이 탐정: 스타 앤드 문,2026-02-07,일본,일본,,씨제이 씨지브이(CJ CGV)(주),전체관람가,애니메이션,,"김은아,소연,김사라,남도형"
동창 : 최후의 만찬,2026-02-04,한국,한국,에이치 크리에이티브 그룹,(주)이놀미디어,15세이상관람가,"드라마,코미디",배세웅,"장희진,정수환,이정현,장용원,조수연,이가경,김솔민,이도군,산이,홍석천,백성현,이상희,구자은,길효정,문혜정,김지은,김건,이주현,이진성,강도한,권도윤,박석원,이윤화,이재환,이진주,박보배,이서한,김무섭,한형규,김대윤,지원근,김성재,윤여림,이동화,이영교"
해상화,2026-02-04,일본,일본,,"(주)영화사 진진,(주)하이스트레인저",15세이상관람가,드라마,허우 샤오시엔,"양조위,하다 미치코,이가흔,유가령"
언더그라운드,,일본,일본,,시네마토그래프,,다큐멘터리,오다 카오리,
바다 탐험대 옥토넛 어보브 앤 비욘드 : 육지생물 구조작전,2026-02-12,영국,영국,,와이드 릴리즈(주),전체관람가,"애니메이션,액션,어드벤처",,"하성용,정재헌,엄상현,윤승희,김율,유동균,한경화,김정은,박성영"
분노의 총잡이,2026-01-29,미국,미국,,(주)누리픽쳐스,15세이상관람가,액션,,"니콜라스 케이지,스티븐 도프,헤더 그레이엄"
모험의 세계 원더월드 대탐험,2026-01-29,한국,한국,콘텐츠비,콘텐츠비,전체관람가,"애니메이션,어드벤처",토마스 프레데릭센,
벨라 타르와의 후쿠시마,,일본,일본,,,,다큐멘터리,오다 카오리,벨라 타르
2026 제4회 문화영상제,,한국,한국,,,,"드라마,멜로/로맨스,코미디,액션,판타지",,
부러진 화살,2012-01-18,한국,한국,(주)아우라픽처스,(주)넥스트엔터테인먼트월드(NEW),15세이상관람가,드라마,정지영,"안성기,박원상,나영희,김지호,이승훈,이춘연,이홍표,임태연,장길수,장현남,전윤희,조세래,조완기,조유미,최린,최필선,한현근,허웅,이미화,김지연,이익태,이제희,이지석,배연태,백성기,신종훈,오대환,정원중,조동인,김준배,조덕제,박길수,한기중,이제희,김응수,한사명,이정민"
화장,2015-04-09,한국,한국,(주)명필름,(주)리틀빅픽쳐스,청소년관람불가,드라마,임권택,"안성기,김규리,김호정,박혜미,윤종호,이소정,이은경,안석환,연우진,김병춘,주현,어성욱,김기천,차청화,한이진"
몬테크리스토 백작,2026-02-13,프랑스,프랑스,,"찬란,(주)버킷스튜디오",12세이상관람가,드라마,알렉상드르 드 라 파텔리에르,"피에르 니네,아나이스 드무스티에,아나마리아 바르톨로메이,로랑 라피트"
17살은 멈추지 않아!,2026-01-28,일본,일본,,(주)블루라벨픽쳐스,12세이상관람가,"드라마,멜로/로맨스",,
프레젠스,2026-02-04,미국,미국,,찬란,15세이상관람가,"공포(호러),스릴러",스티븐 소더버그,"루시 리우,크리스 설리반"
노이즈가 말하기를,,일본,일본,,,,드라마,오다 카오리,
[인디스페이스x서신교환] 섹션 2,,한국,한국,,,,"드라마,SF,다큐멘터리",,
[인디스페이스x서신교환] 섹션 1,,한국,한국,,,,"다큐멘터리,드라마",,
인피니트 아이콘: 비주얼 메모아르,2026-01-28,미국,미국,,씨제이포디플렉스 주식회사,12세이상관람가,다큐멘터리,,
성스러운 창녀를 주목하라,,서독,서독,,,,드라마,라이너 베르너 파스빈더,"루 카스텔,에디 콘스탄틴"
카젤마허,,서독,서독,,,,드라마,라이너 베르너 파스빈더,"한나 쉬굴라,라이너 베르너 파스빈더"
시스터즈,2026-01-28,베트남,베트남,,(주)조이엔시네마,15세이상관람가,공포(호러),,
버밀리언 : 주홍색 그림물감,2026-01-27,일본,일본,,(주)도키엔터테인먼트,청소년관람불가,멜로/로맨스,,
비눗방울의 시,2026-01-26,일본,일본,,(주)도키엔터테인먼트,청소년관람불가,멜로/로맨스,,
"오리카, 모두의 연인",2026-01-27,일본,일본,,(주)도키엔터테인먼트,청소년관람불가,멜로/로맨스,,
"(로컬 픽, 시간과 빛) 감각의 형상을 찾아서",,한국,한국,,,,기타,,
8발도 모자라 꽂힌 채로 원하는 여직원,2026-01-30,일본,일본,,(주)씨맥스커뮤니케이션즈,청소년관람불가,성인물(에로),,
"가정 방문 후, 학부모에게 조교당한 여교사",2026-02-01,일본,일본,,(주)나우콘텐츠,청소년관람불가,"드라마,성인물(에로)",니쿠손,
가출 소녀와 아저씨,2026-01-26,일본,일본,,(주)도키엔터테인먼트,청소년관람불가,멜로/로맨스,,
감독의 딸들,2026-01-26,일본,일본,,(주)도키엔터테인먼트,청소년관람불가,멜로/로맨스,,
고마우면 아랫도리에 보답해 줘,2026-01-29,한국,한국,(주)샤이커뮤니케이션즈,(주)샤이커뮤니케이션즈,청소년관람불가,성인물(에로),,
그 후로 사랑은 계속된다,2026-01-27,일본,일본,,(주)도키엔터테인먼트,청소년관람불가,멜로/로맨스,,
그녀의 위험한 유혹,2026-01-26,일본,일본,,(주)가온콘텐츠,청소년관람불가,멜로/로맨스,후카가와 지로,
그녀의 위험한 유혹 무삭제판,2026-01-26,일본,일본,,(주)가온콘텐츠,청소년관람불가,멜로/로맨스,후카가와 지로,
금욕 중인 형부를 다리 벌려 환영하는 처제,2026-02-01,일본,일본,,(주)나우콘텐츠,청소년관람불가,"드라마,성인물(에로)",키무라 히로유키,
꼬랑 체취의 새엄마,2026-01-30,일본,일본,,(주)도키엔터테인먼트,청소년관람불가,성인물(에로),,
꽃집 남자의 사랑,2026-01-27,일본,일본,,(주)도키엔터테인먼트,청소년관람불가,멜로/로맨스,,
나나미의 삽입결단 무삭제판,2026-01-26,일본,일본,,(주)가온콘텐츠,청소년관람불가,멜로/로맨스,,
남편보다 젊은 남자와 정사,2026-01-30,일본,일본,,(주)도키엔터테인먼트,청소년관람불가,성인물(에로),,
내 아내의 비밀친구 무삭제판,2026-01-26,일본,일본,,(주)가온콘텐츠,청소년관람불가,멜로/로맨스,세타가야 히로시,
내 친구랑 배꼽 맞추는 우리 집 대장,2026-01-30,일본,일본,,(주)씨맥스커뮤니케이션즈,청소년관람불가,성인물(에로),,
너무 궁금한 그녀의 치마속 무삭제판,2026-01-26,일본,일본,,(주)가온콘텐츠,청소년관람불가,멜로/로맨스,,
넣자마자 흥분한 그녀들,,한국,한국,스마일컨텐츠,스마일컨텐츠,청소년관람불가,성인물(에로),성기만,
다 먹는 AV 여배우가 된 첫사랑,2026-01-30,일본,일본,,(주)씨맥스커뮤니케이션즈,청소년관람불가,성인물(에로),,
대물 봉침 - 한방에 싸버린 유부녀,2026-01-27,일본,일본,,(주)코빈커뮤니케이션즈,청소년관람불가,성인물(에로),,
대학생 동정남 길들이는 옆집 유부녀,2026-02-01,일본,일본,,(주)나우콘텐츠,청소년관람불가,"드라마,성인물(에로)",키무라 히로유키,
동정 부하직원 물건에 타락해 버린 사모님,2026-02-01,일본,일본,,(주)나우콘텐츠,청소년관람불가,"드라마,성인물(에로)",키무라 히로유키,
두근두근 그녀의 섹스 무삭제판,2026-01-26,일본,일본,,(주)가온콘텐츠,청소년관람불가,멜로/로맨스,,
등을 맞댄 두 사람,2026-01-26,일본,일본,,(주)도키엔터테인먼트,청소년관람불가,멜로/로맨스,,
마사지에 무너지는 유부녀 무삭제판,2026-01-26,일본,일본,,(주)가온콘텐츠,청소년관람불가,멜로/로맨스,후카가와 지로,쿠로키 아오이
매춘 2026,2026-01-28,한국,한국,(주)영화사가을,(주)영화사가을,청소년관람불가,멜로/로맨스,,
매춘부의 꿈,2026-01-26,일본,일본,,(주)도키엔터테인먼트,청소년관람불가,멜로/로맨스,,
며느리를 뚫은 솟은 거근,2026-01-26,일본,일본,,주식회사 케이앤아이,청소년관람불가,멜로/로맨스,,하타노 유이
못참고 결국 싸버린 그녀,2026-01-26,일본,일본,,(주)가온콘텐츠,청소년관람불가,멜로/로맨스,,
못참고 결국 싸버린 그녀 무삭제판,,일본,일본,,(주)가온콘텐츠,청소년관람불가,멜로/로맨스,,
미시녀 깊은 곳에서 꿈틀대는 대물,2026-01-29,한국,한국,(주)샤이커뮤니케이션즈,(주)샤이커뮤니케이션즈,청소년관람불가,성인물(에로),,
발정난 부하직원과 밤새 즐기는 여상사,2026-02-01,일본,일본,,(주)나우콘텐츠,청소년관람불가,"드라마,성인물(에로)",,카자마 유미
변태 시아버지에게 들킨 쓰레기장 불륜,2026-01-28,일본,일본,,(주)두리컴미디어,청소년관람불가,성인물(에로),,
"변태, 여직원 그리고 부장",2026-01-26,일본,일본,,(주)도키엔터테인먼트,청소년관람불가,멜로/로맨스,,
보육원의 섹스놀이,2026-01-30,일본,일본,,(주)도키엔터테인먼트,청소년관람불가,성인물(에로),,
부사장에게 마구잡이로 허락한 내 아내,2026-01-30,일본,일본,,(주)씨맥스커뮤니케이션즈,청소년관람불가,성인물(에로),,
불륜남녀 : 좋아 죽는 여자들,2026-01-28,한국,한국,(주)영화사가을,(주)영화사가을,청소년관람불가,멜로/로맨스,,
빨면서 위로해 준 혀,2026-01-30,일본,일본,,(주)씨맥스커뮤니케이션즈,청소년관람불가,성인물(에로),,
빼달라고 사정하는 그녀,2026-01-26,일본,일본,,(주)가온콘텐츠,청소년관람불가,멜로/로맨스,후카가와 지로,
빼달라고 사정하는 그녀 무삭제판,2026-01-26,일본,일본,,(주)가온콘텐츠,청소년관람불가,멜로/로맨스,후카가와 지로,
사디즘의 여자,2026-01-27,일본,일본,,(주)도키엔터테인먼트,청소년관람불가,멜로/로맨스,,
삽입 후 최고의 순간 무삭제판,2026-01-26,일본,일본,,(주)가온콘텐츠,청소년관람불가,멜로/로맨스,후카가와 지로,
새아들과 속궁합 좋네,2026-01-30,일본,일본,,(주)도키엔터테인먼트,청소년관람불가,성인물(에로),,
수수하고 과묵한 옆집 누나의 반전 몸매,2026-02-01,일본,일본,,(주)나우콘텐츠,청소년관람불가,"드라마,성인물(에로)",아사기리 키요시,
"스무살, 서른살, 마흔살의 교코",2026-01-27,일본,일본,,(주)도키엔터테인먼트,청소년관람불가,멜로/로맨스,,
아들 친구의 물건에 몇번이나 함락당한 유부녀,2026-02-01,일본,일본,,(주)나우콘텐츠,청소년관람불가,"드라마,성인물(에로)",,
아줌마의 대물 조련법,2026-01-30,한국,한국,(주)샤이커뮤니케이션즈,(주)샤이커뮤니케이션즈,청소년관람불가,성인물(에로),,
엄마와 나 그리고 사랑의 적,2026-01-26,일본,일본,,(주)도키엔터테인먼트,청소년관람불가,멜로/로맨스,,
여대생 발정 났으면 삽입해야지,2026-01-30,한국,한국,(주)샤이커뮤니케이션즈,(주)샤이커뮤니케이션즈,청소년관람불가,성인물(에로),,
여배우의 인터뷰,2026-01-26,일본,일본,,(주)도키엔터테인먼트,청소년관람불가,멜로/로맨스,,
오늘도 젖어있는 여상사,2026-01-27,일본,일본,,(주)코빈커뮤니케이션즈,청소년관람불가,성인물(에로),,
운전기사와 회사원 그리고 창녀,2026-01-26,일본,일본,,(주)도키엔터테인먼트,청소년관람불가,멜로/로맨스,,
유부녀 수영선수 누나의 특급 과외시간,2026-01-27,일본,일본,,(주)두리컴미디어,청소년관람불가,성인물(에로),,
유부녀 잡아먹는 대물,2026-01-26,일본,일본,,(주)가온콘텐츠,청소년관람불가,멜로/로맨스,,
유부녀 잡아먹는 대물 무삭제판,2026-01-26,일본,일본,,(주)가온콘텐츠,청소년관람불가,멜로/로맨스,,
육덕진 아줌마의 거친 섹스,2026-01-28,한국,한국,(주)샤이커뮤니케이션즈,(주)샤이커뮤니케이션즈,청소년관람불가,성인물(에로),,
음란한 영업 무삭제판,2026-01-26,일본,일본,,(주)가온콘텐츠,청소년관람불가,멜로/로맨스,,
입술에 묻은 끈적한 물방울,2026-01-30,일본,일본,,(주)씨맥스커뮤니케이션즈,청소년관람불가,성인물(에로),,
입으로 해주는 일본 유명 연예인,2026-01-28,일본,일본,,(주)두리컴미디어,청소년관람불가,성인물(에로),,
자국 남긴 몇 번의 떨림,2026-01-30,일본,일본,,(주)씨맥스커뮤니케이션즈,청소년관람불가,성인물(에로),,
작가의 취향,2026-01-26,일본,일본,,(주)도키엔터테인먼트,청소년관람불가,멜로/로맨스,,
잘 넣어주는 가정교사,2026-01-26,일본,일본,,(주)가온콘텐츠,청소년관람불가,멜로/로맨스,,
잘 넣어주는 가정교사 무삭제판,2026-01-26,일본,일본,,(주)가온콘텐츠,청소년관람불가,멜로/로맨스,,
젊은 냄새 맡고 잔뜩 젖어버린 숙모,2026-01-30,일본,일본,,(주)씨맥스커뮤니케이션즈,청소년관람불가,성인물(에로),,
젖어드는 다리 사이,2026-01-26,일본,일본,,(주)가온콘텐츠,청소년관람불가,멜로/로맨스,,
젖어드는 다리 사이 무삭제판,2026-01-26,일본,일본,,(주)가온콘텐츠,청소년관람불가,멜로/로맨스,,
젖은 첫사랑의 야근 섹스,2026-01-27,일본,일본,,(주)코빈커뮤니케이션즈,청소년관람불가,성인물(에로),,
참을 수 없는 이모의 야한 속옷 무삭제판,2026-01-26,일본,일본,,(주)가온콘텐츠,청소년관람불가,멜로/로맨스,,
창문 넘어 흘러들어온 시큼한 색기,2026-01-30,일본,일본,,(주)씨맥스커뮤니케이션즈,청소년관람불가,성인물(에로),히무 롯쿠,
처형의 꼭지가 돌아버린 날,2026-01-30,일본,일본,,(주)도키엔터테인먼트,청소년관람불가,성인물(에로),,
출장서비스로 만난 선생님에게 조교 당한 아내,2026-02-01,일본,일본,,(주)나우콘텐츠,청소년관람불가,"드라마,성인물(에로)",,
치마속 젖은 손길 무삭제판,2026-01-26,일본,일본,,(주)가온콘텐츠,청소년관람불가,멜로/로맨스,,
쾌락에 찌든 사모님의 아랫도리,2026-01-28,한국,한국,(주)샤이커뮤니케이션즈,(주)샤이커뮤니케이션즈,청소년관람불가,성인물(에로),,
키스가 멈춘 순간,2026-01-27,일본,일본,,(주)도키엔터테인먼트,청소년관람불가,멜로/로맨스,,
하얗게 채워진 유부녀 입 속,2026-01-30,일본,일본,,(주)씨맥스커뮤니케이션즈,청소년관람불가,성인물(에로),,
헤어진 섹스 파트너 상사가 되어 돌아왔다,2026-01-27,일본,일본,,(주)두리컴미디어,청소년관람불가,성인물(에로),,
형수에게 바친 첫 경험,2026-01-27,일본,일본,,(주)코빈커뮤니케이션즈,청소년관람불가,성인물(에로),,
그대를 사랑합니다,2011-02-17,한국,한국,"(주)세인트 폴 시네마,그대사 엔터테인먼트,(주)인벤트스톤",(주)넥스트엔터테인먼트월드(NEW),15세이상관람가,드라마,추창민,"이순재,윤소정,송재호,김수미,송지효,오달수,최종학,김남준,박남희,이채은,라미란,유순철,조재윤,전배수,길해연,이봉련,김향기,이상훈,김비비,권범택"
아이엠스타!X프리파라 더 무비 -만남의 기적!-,2026-02-04,일본,일본,,동우에이앤이(주),전체관람가,애니메이션,오오카와 타카히로,"정유정,김현지"
스트레이 키즈 : 더 도미네이트 익스피리언스,2026-02-04,미국,미국,,씨제이포디플렉스 주식회사,전체관람가,공연,,
언더닌자,2026-02-05,일본,일본,,"메가박스중앙(주),㈜T-JOY",15세이상관람가,"드라마,코미디,액션",후쿠다 유이치,"야마자키 켄토,하마베 미나미"
너자 2,2026-02-25,중국,중국,,"주식회사 콘텐츠존,(주)다자인소프트",12세이상관람가,애니메이션,,"정지소,손현주,고규필,조병규,함은정,진희경"
햄넷,2026-02-25,미국,미국,,유니버설픽쳐스인터내셔널 코리아(유),12세이상관람가,드라마,클로이 자오,"제시 버클리,폴 메스칼,에밀리 왓슨,조 알윈,보디 레이 브레스낙,자코비 주프,올리비아 라인스"
점보,2026-02-18,인도네시아,인도네시아,,(주)바이포엠스튜디오,전체관람가,애니메이션,,
아웃 오브 네스트,2026-02-13,태국,태국,,㈜코리아스크린,전체관람가,"애니메이션,어드벤처","앤드류 고든,제프 슈,아르투로 A. 아르난데스,비라파트라 지나나빈",
당신이 영화를 그만두면 안 되는 30가지 이유,2026-02-04,한국,한국,"한국예술종합학교,(주)아토",(주)씨제이이엔엠,15세이상관람가,드라마,,"민다은,유성령"
센티멘탈 밸류,2026-02-18,노르웨이,노르웨이,,"그린나래미디어(주),(주)레드아이스 엔터테인먼트",15세이상관람가,드라마,요아킴 트리에,"레나테 레인스베,스텔란 스카스가드,엘 패닝"
공작부인,,미국,미국,,,,"멜로/로맨스,드라마",윌리엄 와일러,"월터 휴스톤,루스 차터튼"
란,,프랑스,프랑스,,,,드라마,구로사와 아키라,"나카다이 타츠야,테라오 아키라"
노르마,,독일,독일,,,,공연,,
사요나라,,미국,미국,,,,"드라마,멜로/로맨스",조슈아 로건,
프로젝트 아스트로,2026-02-05,미국,미국,,TCO(주)더콘텐츠온,15세이상관람가,"공포(호러),스릴러,SF",,"케이트 마라,로렌스 피쉬번"
선 위의 세상,,서독,서독,,,,드라마,라이너 베르너 파스빈더,클라우스 로비츠
결혼식을 위한 양복,,이란,이란,,,,드라마,압바스 키아로스타미,
하하하,2010-05-05,한국,한국,(주)영화제작전원사,(주)스폰지이엔티,청소년관람불가,"드라마,멜로/로맨스",홍상수,"김상경,유준상,문소리,예지원,김강우,윤여정,기주봉,김규리,김영호,이상철"
경험,,이란,이란,,,,드라마,압바스 키아로스타미,
하얀 거탑,,일본,일본,,,,"스릴러,드라마",야마모토 사츠오,"타무라 다카히로,오자와 에이타로"
금환식,,일본,일본,,,,"스릴러,드라마",야마모토 사츠오,"미쿠니 렌타로,우노 주키치"
사계절의 상인,,서독,서독,,,,드라마,라이너 베르너 파스빈더,"임 허만,한스 힐슈뮐러"
아들의 이름으로,2021-05-12,한국,한국,영화사 혼,(주)엣나인필름,12세이상관람가,"드라마,스릴러",이정국,"황순명,안성기,윤유선,박근형,이승호,이세은,김희찬,안순동,김현숙,김철,박영진,이희규,정보석,송영창,최윤슬,도재철"
(작은영화영화제)전국~영화자랑! - 강원편 두번째 이야기,,한국,한국,,,,드라마,,
2대1 : 여자도 하고 싶다,2026-02-03,한국,한국,(주)영화사가을,(주)영화사가을,청소년관람불가,멜로/로맨스,,
남편 것 보다 더 좋은 대물,2026-02-02,일본,일본,,(주)코빈커뮤니케이션즈,청소년관람불가,성인물(에로),,
남편 대신 아들과 물빼는 새엄마 무삭제판,2026-02-06,일본,일본,,(주)영진크리에이티브,청소년관람불가,"성인물(에로),드라마,멜로/로맨스",,
동호회 유부녀:분홍구멍,2026-02-07,일본,일본,,(주)영진크리에이티브,청소년관람불가,"성인물(에로),드라마,멜로/로맨스",,
란제리 구멍 벌려준 츤데레 여상사,2026-02-06,일본,일본,,(주)영진크리에이티브,청소년관람불가,"성인물(에로),드라마,멜로/로맨스",,
마사지 받다 다리 벌리는 간호사,2026-02-07,일본,일본,,(주)영진크리에이티브,청소년관람불가,"성인물(에로),드라마,멜로/로맨스",,
물 터진 유부녀 방금 쌌는데 또 세워,2026-02-07,일본,일본,,(주)파랑새미디어,청소년관람불가,"성인물(에로),드라마,멜로/로맨스",,
부장님의 비서가 된 귀여운 내 아내 무삭제판,2026-02-05,일본,일본,,(주)영진크리에이티브,청소년관람불가,"성인물(에로),드라마,멜로/로맨스",,
비키니 여대생 조개 수집,2026-02-06,일본,일본,,(주)영진크리에이티브,청소년관람불가,"성인물(에로),드라마,멜로/로맨스",,
스무살 여대생 두번째 AV경험,2026-02-05,일본,일본,,(주)영진크리에이티브,청소년관람불가,"성인물(에로),드라마,멜로/로맨스",,
아내를 대여합니다,2026-02-02,한국,한국,주식회사 바나나픽쳐스,주식회사 바나나픽쳐스,청소년관람불가,"성인물(에로),드라마",,
오늘밤 이모의 구멍에 넣자,2026-02-02,일본,일본,,(주)코빈커뮤니케이션즈,청소년관람불가,성인물(에로),,
유부녀 구멍 공유:남편 앞 요분질,2026-02-07,일본,일본,,(주)파랑새미디어,청소년관람불가,"성인물(에로),드라마,멜로/로맨스",,
유부녀 정복:지배와 복종,2026-02-03,일본,일본,,(주)영진크리에이티브,청소년관람불가,성인물(에로),,
젖큰 수영강사 수영복 사이로 삽입,2026-02-06,일본,일본,,(주)영진크리에이티브,청소년관람불가,"성인물(에로),드라마,멜로/로맨스",,
친구엄마의 떡 맛,2026-02-05,일본,일본,,(주)영진크리에이티브,청소년관람불가,"성인물(에로),드라마,멜로/로맨스",,
투 마더스,2026-02-03,한국,한국,(주)영화사가을,(주)영화사가을,청소년관람불가,멜로/로맨스,,
푹 절은 D컵 자위녀 온천 판타지,2026-02-05,일본,일본,,(주)영진크리에이티브,청소년관람불가,"성인물(에로),드라마,멜로/로맨스",,
흑인 대물로 물터진 일본 유부녀,2026-02-03,일본,일본,,(주)영진크리에이티브,청소년관람불가,성인물(에로),,
내 목숨을 걸고,,일본,일본,,,,"범죄,드라마",고바야시 마사키,
닥터 스트레인지러브,,영국,영국,,,,"코미디,드라마",스탠리 큐브릭,"피터 셀러스,조지 C. 스콧"
달은...해가 꾸는 꿈,1992-02-29,한국,한국,,,고등학생이상관람가,"드라마,멜로/로맨스,범죄",박찬욱,"이승철,나현희,송승환,이기열"
물랑루즈,2001-10-26,미국,미국,,"월트디즈니컴퍼니코리아 유한책임회사,(주)프레인글로벌,이십세기폭스필름코퍼레이션",15세관람가,"멜로/로맨스,뮤지컬",바즈 루어만,"이완 맥그리거,니콜 키드먼,존 레귀자모"
더 로즈: 컴 백 투 미,2026-02-14,미국,미국,,씨제이포디플렉스 주식회사,12세이상관람가,"공연,다큐멘터리",이성민,
렌탈 패밀리: 가족을 빌려드립니다,2026-02-25,미국,미국,,월트디즈니컴퍼니코리아 유한책임회사,12세이상관람가,"드라마,코미디",,"브렌든 프레이저,에모토 아키라"
귀신 부르는 앱: 영,2026-02-18,한국,한국,(주)하트피플,(주)삼백상회,15세이상관람가,"공포(호러),스릴러",,
초속 5센티미터,2026-02-25,일본,일본,,롯데컬처웍스(주)롯데엔터테인먼트,12세이상관람가,"드라마,멜로/로맨스",오쿠야마 요시유키,"마츠무라 호쿠토,타카하타 미츠키,모리 나나"
간첩사냥,2026-02-25,한국,한국,한국영화아카데미,(주)마노엔터테인먼트,15세이상관람가,"코미디,범죄",이준혁,"박세진,민경진,허준석,고도하,정창환,이금주,이화원,범도하,설준수,김혜윤,박상규,김연석,김현우,이준혁,안태하"
나이트 라이더,2026-02-12,미국,미국,,(주)누리픽쳐스,15세이상관람가,"액션,드라마",,
자유의 언덕,2014-09-04,한국,한국,(주)영화제작전원사,"(주)영화제작전원사 ,(주)영화사 조제",청소년관람불가,드라마,홍상수,"카세 료,문소리,서영화,윤여정,정용진,이민우,기주봉,김의성,정은채"
남과 여,1979-10-03,프랑스,프랑스,르 필름즈 13,(주)와우,"15세이상관람가,미성년자관람불가","드라마,멜로/로맨스",끌로드 를르슈,"아누크 에메,장-루이 트린티냥"
모두가 그녀를 사랑해,2026-02-11,프랑스,"프랑스,노르웨이",,그린나래미디어(주),15세이상관람가,드라마,나빌 아유쉬,니스린 에라디
로스트 호라이즌,2026-02-13,남아프리카공화국,남아프리카공화국,,(주)제이에이와이이엔터테인먼트,15세이상관람가,액션,,
핫코다산,,일본,일본,,,,드라마,모리타니 시로,
삼악도,2026-03-11,한국,한국,㈜영화사 주단,TCO(주)더콘텐츠온,15세이상관람가,"미스터리,공포(호러)",채기준,"조윤서,곽시양,양주호,임소영,장의수,이푸름,윤주만,유현종,김영선,이기영,최홍일,강채빈,안소예,홍달표,박노식,서도진,조남희,이재창,이관욱,권세봉,백인권,박무염,천윤경,서혜민,권훈,이의종,김민석,지우림,손태양,손성민,신재승,김진혁,윤진영,채기준,나지엽,온정준,위상아"
황야의 분노,,이탈리아,"이탈리아,서독",,,,서부극(웨스턴),토니노 발레리,"리 반 클리프,줄리아노 젬마"
1026: 새로운 세상을 위한,2026-05-20,한국,한국,리얼곤시네마,"THE 픽쳐스,(주)빅브라더스",15세이상관람가,"다큐멘터리,드라마",최위안,"권혁성,전노민,김진환,이충훈,최진호,금호석,김율,김형균,김우진,임수한,이창엽,정영진,이지수"
장고,,이탈리아,"이탈리아,스페인",,,,서부극(웨스턴),세르지오 코르부치,
장군에게 총알을,,이탈리아,이탈리아,,,,서부극(웨스턴),다미아노 다미아니,
서부의 불청객,,이탈리아,이탈리아,,,,"드라마,전쟁,액션",엔조 G. 카스텔라리,"프랑코 네로,우디 스토드"
진흙강,2008-11-03,일본,일본,,,,드라마,오구리 코헤이,
결백,2020-06-10,한국,한국,(주)이디오플랜,"소니픽쳐스엔터테인먼트코리아주식회사극장배급지점,(주)키다리이엔티",15세이상관람가,드라마,박상현,"신혜선,배종옥,허준호,태항호,홍경,고창석,박철민,김수현,차순배,정인겸,최홍일,김중희,한이진,김도윤,신철진,김정팔,하성광,김현아,주석제,윤가현,한철우,곽자형,신현용,신원우,김정현,하윤서,김재철,이동규,숭의열,권혁훈,성규찬,김진욱,성열석,김상욱,고병택,고병택,길창규,정애화,황도윤,조민준,이지우,이지우,박시윤,헨니 사비니지,홍은진,김덕주,이민섭,김동현,박성훈,김미준,이소윤,임마리아,노형원,이한종,김지성,신문성,조민정,신혜정,남상우,이원상,한우열,노준표,서정원,김예진,조원준,김경태,윤민,이광섭,하승연,이재현,전정일,이상철,허성우,김가은,황재필,노태현,신정식,고경옥,이진희,이솔,방예슬,권지희,정시후,신재영,김정,노영애,오영욱,이장숙,홍현종,정세영,정승균,정승균,황영수,김지한,고재운,김석훈,박성근,배해선,박진영,김영재,원우,정한빈"
8일째 매미,,일본,일본,,,,"드라마,스릴러",나루시마 이즈루,이노우에 마오
무숙자,1976-04-03,이탈리아,"이탈리아,독일,프랑스",유니버셜 픽쳐스,,12세이상관람가,"서부극(웨스턴),코미디",토니노 발레리,"레오 고든,장 마틴,R.G. 암스트롱,헨리 폰다,테렌스 힐"
스페셜리스트,,이탈리아,이탈리아,,,,서부극(웨스턴),세르지오 코르부치,
황야는 통곡한다,1971-01-24,이탈리아,이탈리아,,,,서부극(웨스턴),루이기 바쪼니,"프랑코 네로,티나 오몬트"
학살의 시간,,이탈리아,이탈리아,,,,서부극(웨스턴),루치오 폴치,
다름이라는 이름으로(인디스데이),,한국,한국,,,,드라마,,
불륜의 성 파트1,2026-02-13,한국,한국,(주)영진크리에이티브,(주)영진크리에이티브,청소년관람불가,"성인물(에로),드라마,멜로/로맨스",모니카,
무숙자2,,이탈리아,"이탈리아,프랑스",,,,서부극(웨스턴),다미아노 다미아니,
끝까지 닿는 대물 마사지,2026-02-10,일본,일본,,(주)코빈커뮤니케이션즈,청소년관람불가,성인물(에로),,
노래방 : 맛있는 세자매,2026-02-13,한국,한국,에이원 미디어,에이원 미디어,청소년관람불가,성인물(에로),천성준,
대물에 환장하는 여친,2026-02-10,일본,일본,,(주)코빈커뮤니케이션즈,청소년관람불가,성인물(에로),,
뭉친 아랫도리를 자극하여 풀어주는 여관리사,2026-02-15,일본,일본,,(주)나우콘텐츠,청소년관람불가,"드라마,성인물(에로)",,
선 넘은 여동생,2026-02-12,한국,한국,,주식회사 원스크린,청소년관람불가,"드라마,성인물(에로)",김정식,
성감 마사지 체험하는 AV배우의 거친 플레이,2026-02-15,일본,일본,,(주)나우콘텐츠,청소년관람불가,"드라마,성인물(에로)",,
어린 상사에게 야한 냄새 풍기는 욕구불만 유부녀,2026-02-15,일본,일본,,(주)나우콘텐츠,청소년관람불가,"드라마,성인물(에로)",,
여대생 자위 클럽에서 유료 옵션 추가하는 배우,2026-02-15,일본,일본,,(주)나우콘텐츠,청소년관람불가,"드라마,성인물(에로)",,
여자친구 몰래 즐기는 여동생과 누드 데이트,2026-02-15,일본,일본,,(주)나우콘텐츠,청소년관람불가,"드라마,성인물(에로)",,
연하남을 리드하여 빨아먹는 섹스리스 유부녀,2026-02-15,일본,일본,,(주)나우콘텐츠,청소년관람불가,"드라마,성인물(에로)",,
욕망 가득 섹시 미녀들의 몸을 건 섹스게임,2026-02-15,일본,일본,,(주)나우콘텐츠,청소년관람불가,"드라마,성인물(에로)",,
위기의 스튜어디스 : 기장이 노린다,2026-02-10,일본,일본,,(주)영화사 사계절,청소년관람불가,멜로/로맨스,,
육아에서 해방된 성욕왕성 유부녀의 일탈,2026-02-15,일본,일본,,(주)나우콘텐츠,청소년관람불가,"드라마,성인물(에로)",,
음란 최면에 빠져 아랫도리 개방하는 여대생,2026-02-15,일본,일본,,(주)나우콘텐츠,청소년관람불가,"드라마,성인물(에로)",,
음란하게 큰 딸,2026-02-10,일본,일본,,(주)코빈커뮤니케이션즈,청소년관람불가,성인물(에로),,
중년 성생활의 종착지,2026-02-12,한국,한국,폭풍의 눈,주식회사 원스크린,청소년관람불가,"드라마,성인물(에로)",김효천,
착한 엄마들 2,2026-02-10,한국,한국,(주)영화사가을,(주)영화사가을,청소년관람불가,멜로/로맨스,,
형수와의 끝없는 번식 본능,2026-02-10,일본,일본,,(주)코빈커뮤니케이션즈,청소년관람불가,성인물(에로),,
환자의 사정을 케어하고 탐하는 에로 클리닉,2026-02-15,일본,일본,,(주)나우콘텐츠,청소년관람불가,"드라마,성인물(에로)",,
거미의 성,,일본,일본,(주)반도영상,,,드라마,구로사와 아키라,"미후네 토시로,야마다 이스즈"
나쁜 놈일 수록 잘 잔다,,일본,일본,,,,"드라마,스릴러",구로사와 아키라,"미후네 토시로,모리 마사유키"
"안녕, 미누",2020-05-27,한국,한국,바른미디어,"영화사 풀,(주)영화사 친구",12세이상관람가,다큐멘터리,지혜원,
옷코는 초등학생 사장님!,2019-02-27,일본,일본,,(주)트리플픽쳐스,전체관람가,애니메이션,코사카 키타로,"코바야시 세이란,미즈키 나나,이치류사이 테이유"
존 덴버 죽이기,2022-11-23,필리핀,필리핀,,(주)트리플픽쳐스,12세이상관람가,드라마,아덴 로즈 콘데즈,"쟌센 막프사오,메릴 소리아노"
파고,1997-03-15,미국,미국,"폴리그램 필름드 엔터테인먼트,워킹 타이틀 필름",,연소자관람불가,"범죄,스릴러","조엘 코엔,에단 코엔","프란시스 맥도먼드,스티브 부세미"
슬라이드 스트럼 뮤트,2026-02-26,한국,한국,,(주)엣나인필름,15세이상관람가,"드라마,미스터리",박세영,"서동재,우즈,최이담,피지융,한태윤,저스틴 H. 민,정회린,유성령,민다은"
아기 티라노 디보: 초식이지만 괜찮아!,2026-02-25,중국,중국,,(주)박수엔터테인먼트,전체관람가,애니메이션,,
석양의 무법자,2008-07-15,스페인,"스페인,이탈리아",,,,"서부극(웨스턴),드라마",세르지오 레오네,
너는 영원히 그 녀석보다 어리다,,일본,일본,,,,드라마,,
단칸방의 사랑,,일본,일본,,,,"드라마,멜로/로맨스",,
사랑에 번개,,일본,일본,,,,"드라마,코미디,가족",,
도쿄 우버 블루스,,일본,일본,,,,"다큐멘터리,코미디",,
아이는 알아주지 않아,,일본,일본,,,,"드라마,가족",,
루트 29,,일본,일본,,,,드라마,,
오오극장 개관 11주년 특별전 김연교 배우전,,한국,한국,,,,드라마,,
장모님이 안전하다고 한 오후,2026-02-20,일본,일본,,(주)도키엔터테인먼트,청소년관람불가,성인물(에로),,
관음증-팬션방 여자들,2026-02-17,한국,한국,(주)파랑새미디어,(주)영진크리에이티브,청소년관람불가,"성인물(에로),드라마,멜로/로맨스",이타치,
날좋아한다는 엄마친구의 고백이 좋았다,2026-02-20,일본,일본,,(주)도키엔터테인먼트,청소년관람불가,성인물(에로),,
남친과 목욕한 엄마가 미워서,2026-02-21,일본,일본,,(주)도키엔터테인먼트,청소년관람불가,성인물(에로),,
남편과 비교한 유부녀는 나의 팬티를 내리고,2026-02-21,일본,일본,,(주)도키엔터테인먼트,청소년관람불가,성인물(에로),,
남편보다 거친플레이를 원한 새엄마와 유부녀,2026-02-22,일본,일본,,(주)도키엔터테인먼트,청소년관람불가,성인물(에로),,
남편의 성폭력을 달래주는 이웃집 남자,2026-02-19,일본,일본,,(주)제이앤씨미디어그룹,청소년관람불가,드라마,,
내 팬티를 찾아준 남자,2026-02-22,일본,일본,,(주)도키엔터테인먼트,청소년관람불가,성인물(에로),,
다 마셔버린 부장와이프,2026-02-20,일본,일본,,(주)도키엔터테인먼트,청소년관람불가,성인물(에로),코지마 유키오,
대물 부장 : 빼앗긴 아내,2026-02-16,일본,일본,,(주)코빈커뮤니케이션즈,청소년관람불가,성인물(에로),,
딸의 남친과 속궁합 그리고 시아버지,2026-02-21,일본,일본,,(주)도키엔터테인먼트,청소년관람불가,성인물(에로),,
마키코는 새아들의 아들을 사랑한다,2026-02-20,일본,일본,,(주)도키엔터테인먼트,청소년관람불가,성인물(에로),,
뭘 잘 모르는 그녀들에게,2026-02-22,일본,일본,,(주)도키엔터테인먼트,청소년관람불가,성인물(에로),,
불륜은 미친 짓이다,2026-02-19,한국,한국,(주)영화사가을,(주)영화사가을,청소년관람불가,멜로/로맨스,,
상사 아내의 길들여진 성욕 2,2026-02-16,일본,일본,,(주)코빈커뮤니케이션즈,청소년관람불가,성인물(에로),,
새엄마 미오의 여섯번의 오르가즘,2026-02-21,일본,일본,,(주)도키엔터테인먼트,청소년관람불가,성인물(에로),,
새엄마의 몸을 씻기고 만져주고 안아주고,2026-02-22,일본,일본,,(주)도키엔터테인먼트,청소년관람불가,성인물(에로),,
새엄마의 손길에 자극받은 내아들,2026-02-21,일본,일본,,(주)도키엔터테인먼트,청소년관람불가,성인물(에로),,
새엄마의 흥분 지수,2026-02-22,일본,일본,,(주)도키엔터테인먼트,청소년관람불가,성인물(에로),,
속옷 벗은 친구아들이 훌륭해,2026-02-20,일본,일본,,(주)도키엔터테인먼트,청소년관람불가,성인물(에로),,
스와핑 : 아내의 뜨거운 신음소리,2026-02-19,한국,한국,(주)영화사가을,(주)영화사가을,청소년관람불가,멜로/로맨스,,
신혼인 8명 유부녀의 성생활,2026-02-22,일본,일본,,(주)도키엔터테인먼트,청소년관람불가,성인물(에로),,
아빠의 어린 여자친구,2026-02-20,일본,일본,,주식회사 프로젝트4,청소년관람불가,성인물(에로),,
아카리짱은 딸의 남친을 갖고싶어 미치겠어,2026-02-20,일본,일본,,(주)도키엔터테인먼트,청소년관람불가,성인물(에로),,
안경을 벗기자 너무 이쁜 그녀,2026-02-22,일본,일본,,(주)도키엔터테인먼트,청소년관람불가,성인물(에로),,
여친의 엄마가 팬티차림으로 남친을 유혹하기 시작했다,2026-02-20,일본,일본,,(주)도키엔터테인먼트,청소년관람불가,성인물(에로),,
옆집유부녀의 택배가 우리집으로 잘못왔네,2026-02-21,일본,일본,,(주)도키엔터테인먼트,청소년관람불가,성인물(에로),,
유부녀들은 살짝 팬티를 내린다,2026-02-21,일본,일본,,(주)도키엔터테인먼트,청소년관람불가,성인물(에로),,
장모님과 새엄마의 과격한 애무기술,2026-02-22,일본,일본,,(주)도키엔터테인먼트,청소년관람불가,성인물(에로),,
장모님과 새엄마의 더블유혹,2026-02-21,일본,일본,,(주)도키엔터테인먼트,청소년관람불가,성인물(에로),,
처음은 자기에게 달라는 친구엄마,2026-02-21,일본,일본,,(주)도키엔터테인먼트,청소년관람불가,성인물(에로),,
처형에게 고백성공과 새엄마와 부엌,2026-02-21,일본,일본,,(주)도키엔터테인먼트,청소년관람불가,성인물(에로),,
친구엄마 히토미의 누드쇼,2026-02-20,일본,일본,,(주)도키엔터테인먼트,청소년관람불가,성인물(에로),코지마 유키오,
폭주하는 일본 아줌마:일단 싸고 시작,2026-02-17,일본,일본,,(주)영진크리에이티브,청소년관람불가,성인물(에로),,
하늘에서 속옷이 떨어져요,2026-02-22,일본,일본,,(주)도키엔터테인먼트,청소년관람불가,성인물(에로),,
혈기왕성한 새아들을 만족시키기엔 힘이들어,2026-02-22,일본,일본,,(주)도키엔터테인먼트,청소년관람불가,성인물(에로),,
호퍼스,2026-03-04,미국,미국,,월트디즈니컴퍼니코리아 유한책임회사,전체관람가,애니메이션,다니엘 총,"파이퍼 쿠르다,바비 모니한,존 햄,메릴 스트립"
28년 후: 뼈의 사원,2026-02-27,미국,미국,,소니픽쳐스엔터테인먼트코리아주식회사극장배급지점,청소년관람불가,"공포(호러),스릴러",니아 다코스타,"랄프 파인즈,알피 윌리엄스,잭 오코넬"
엔하이픈 [워크 더 라인 썸머 에디션] 인 시네마,2026-02-27,한국,한국,"씨제이포디플렉스 주식회사,스크린엑스 스튜디오",씨제이포디플렉스 주식회사,전체관람가,공연,"박재석,오윤동",
악의 진화 퍼스트레이디2,2026-02-26,한국,한국,"서울의소리,영화사키노(주)",주식회사 블루필름웍스,12세이상관람가,"다큐멘터리,드라마",문승욱,
루팡 3세 더 무비: 불사신의 혈족,2026-02-27,일본,일본,,(주)씨제이이엔엠,15세이상관람가,"애니메이션,액션",코이케 타케시,"쿠리타 카니치,나미카와 다이스케,사와시로 미유키,야마데라 코이치"
우주 수호대: 하하하 행성의 대모험,2026-03-13,중국,중국,,(주)팝엔터테인먼트,전체관람가,"애니메이션,어드벤처",,원옥화
구름 아래,,이탈리아,이탈리아,,,,기타,지안프랑코 로시,
사운드 오브 호프 : 포썸 트롯의 기적,2026-02-26,미국,미국,,파이오니아21,12세이상관람가,드라마,조슈아 웨이겔,"데메트리어스 그로스,니카 킹,엘리자베스 미첼"
1967 그리즐리 어택,2026-02-26,미국,미국,,(주)키노라이츠,15세이상관람가,"액션,스릴러",,
도망쳐,2026-02-25,한국,한국,,㈜영화사 주단,청소년관람불가,"액션,범죄",손현우,"김정현,왕승목"
디데이 24시간,2026-02-26,미국,미국,,주식회사 풍경소리,15세이상관람가,"전쟁,액션",,
마리아 스투아르다,,독일,독일,,,,공연,,
라 그라찌아,,이탈리아,이탈리아,,,,기타,파올로 소렌티노,
엘레오노라 두세,,이탈리아,이탈리아,,,,기타,피에트로 마르첼로,
위대한 바람둥이,,이탈리아,"이탈리아,프랑스",,,,드라마,,
망령의 복수,,이탈리아,이탈리아,,,,"공포(호러),스릴러,드라마",,
브라보 베네!,,이탈리아,이탈리아,,,,기타,프랑코 마레스코,
오르페오,,이탈리아,이탈리아,,,,"드라마,미스터리",,
"[낫띵벗필름x인디스페이스 2월] 엄하늘: 어디서, 어떤 모습으로 만나게 될까?",,한국,한국,,,,"멜로/로맨스,드라마,코미디",,
엘리사,,이탈리아,"이탈리아,스위스",,,,기타,레오나르도 디 콘스탄조,
별의 목소리 X 초속5센티미터,,일본,일본,,(주)미디어캐슬,12세이상관람가,애니메이션,신카이 마코토,
죽이는 건 지겹다: 암살자의 자서전,,이탈리아,이탈리아,,,,"범죄,드라마,스릴러",,
"그 해, 학교에서",,이탈리아,"이탈리아,프랑스",,,,드라마,,
다섯 번째 흉추,2023-08-02,한국,한국,,㈜인디스토리,15세이상관람가,"드라마,스릴러",박세영,"정수민,함석영,온정연,김예나"
거기 넣어줄래요,2026-02-24,일본,일본,,(주)가온콘텐츠,청소년관람불가,멜로/로맨스,,
거유녀의 가슴 온기,2026-02-24,일본,일본,,(주)가온콘텐츠,청소년관람불가,멜로/로맨스,,
건방진 새아들 훈육,2026-02-23,일본,일본,,(주)도키엔터테인먼트,청소년관람불가,성인물(에로),,
그녀의 엄마는 묻지 않았다,2026-02-24,일본,일본,,(주)도키엔터테인먼트,청소년관람불가,성인물(에로),,
금단의 육체! 그녀는 나의 정액 저장소,2026-02-23,일본,일본,,(주)코빈커뮤니케이션즈,청소년관람불가,성인물(에로),,
"금지된 사랑 : 시아버지와 며느리, 장모와 사위",2026-02-25,한국,한국,(주)영화사가을,(주)영화사가을,청소년관람불가,멜로/로맨스,,
나는 여기가 젖었다,2026-02-24,일본,일본,,(주)가온콘텐츠,청소년관람불가,멜로/로맨스,,
남편과 내친구의 섹스,2026-02-23,일본,일본,,(주)도키엔터테인먼트,청소년관람불가,성인물(에로),,
내 마음을 선물한 유부녀,2026-02-24,일본,일본,,(주)도키엔터테인먼트,청소년관람불가,성인물(에로),,
내 키스는 레벨업,2026-02-23,한국,한국,(주)룬컴퍼니,(주)룬컴퍼니,청소년관람불가,"성인물(에로),드라마,코미디",선우용,
너도 먹고 나도 먹고 무삭제판,2026-02-27,한국,한국,(주)파랑새미디어,(주)영진크리에이티브,청소년관람불가,"성인물(에로),드라마,멜로/로맨스",이타치,
너무 조이는 그녀의 구멍,2026-02-24,일본,일본,,(주)가온콘텐츠,청소년관람불가,멜로/로맨스,,
노브라가 매력인 새엄마,2026-02-24,일본,일본,,(주)도키엔터테인먼트,청소년관람불가,성인물(에로),,
더 깊숙이 넣어줘요 오빠,2026-02-25,한국,한국,(주)샤이커뮤니케이션즈,(주)샤이커뮤니케이션즈,청소년관람불가,성인물(에로),,
땀범벅의 새엄마를 안다,2026-02-23,일본,일본,,(주)도키엔터테인먼트,청소년관람불가,성인물(에로),,
로맨틱 새엄마는 귀여워,2026-02-27,일본,일본,,(주)도키엔터테인먼트,청소년관람불가,성인물(에로),,
맛있게 빨아주는 어린 아가씨,2026-02-27,한국,한국,(주)샤이커뮤니케이션즈,(주)샤이커뮤니케이션즈,청소년관람불가,성인물(에로),,
번식을 꿈꾸는 편부가정 껍질 벗기는 가정부,2026-02-26,일본,일본,,(주)영진크리에이티브,청소년관람불가,"멜로/로맨스,드라마",,
새엄마와 느림의 미학,2026-02-24,일본,일본,,(주)도키엔터테인먼트,청소년관람불가,성인물(에로),,
새엄마의 야한 동영상,2026-02-27,일본,일본,,(주)도키엔터테인먼트,청소년관람불가,성인물(에로),,
새엄마의 타이트한 청바지,2026-02-23,일본,일본,,(주)도키엔터테인먼트,청소년관람불가,성인물(에로),,
소녀의 맛,,한국,한국,유한회사 스튜디오루나,유한회사 스튜디오루나,청소년관람불가,"성인물(에로),멜로/로맨스",김태수,
쉽게 주는 중소기업 여직원,2026-02-26,한국,한국,(주)샤이커뮤니케이션즈,(주)샤이커뮤니케이션즈,청소년관람불가,성인물(에로),,
시아버지 그만해주세요 제발요,2026-02-24,일본,일본,,(주)도키엔터테인먼트,청소년관람불가,성인물(에로),,
아내 친구와 깊게 젖은 섹스,2026-02-23,일본,일본,,(주)도키엔터테인먼트,청소년관람불가,성인물(에로),,
아내 친구와 꿈같은 현실,2026-02-27,일본,일본,,(주)도키엔터테인먼트,청소년관람불가,성인물(에로),,
야한 이모 : 처녀보다 촉촉한 속살,2026-02-23,일본,일본,,(주)코빈커뮤니케이션즈,청소년관람불가,성인물(에로),,
양키 새아들에게 당한 굴욕,2026-02-27,일본,일본,,(주)도키엔터테인먼트,청소년관람불가,성인물(에로),,
여성의원 후보 5명의 성관계,2026-02-23,일본,일본,,(주)도키엔터테인먼트,청소년관람불가,성인물(에로),,
여친 엄마와 자버린 아침,2026-02-27,일본,일본,,(주)도키엔터테인먼트,청소년관람불가,성인물(에로),,
영혼을 팔아 사랑한 새엄마,2026-02-23,일본,일본,,(주)도키엔터테인먼트,청소년관람불가,성인물(에로),,
오늘부터 스와핑,2026-02-23,한국,한국,(주)룬컴퍼니,(주)룬컴퍼니,청소년관람불가,"성인물(에로),드라마",안해영,
음란 카페 : 잘 주는 여사장,2026-02-23,일본,일본,,(주)코빈커뮤니케이션즈,청소년관람불가,성인물(에로),,
이혼녀의 사랑 경매의 신 ep9,2026-02-23,한국,한국,(주)룬컴퍼니,(주)룬컴퍼니,청소년관람불가,"성인물(에로),드라마,멜로/로맨스",,
잘 익은 육덕진 여자,2026-02-26,한국,한국,(주)샤이커뮤니케이션즈,(주)샤이커뮤니케이션즈,청소년관람불가,성인물(에로),,
장모님과 사위의 자격,2026-02-24,일본,일본,,(주)도키엔터테인먼트,청소년관람불가,성인물(에로),,
전생의 최애였던 새엄마,2026-02-24,일본,일본,,(주)도키엔터테인먼트,청소년관람불가,성인물(에로),,
젖어있는 40대 누나랑 가능?,2026-02-25,한국,한국,(주)샤이커뮤니케이션즈,(주)샤이커뮤니케이션즈,청소년관람불가,성인물(에로),,
착각하지 말라는 그녀의 섹스,2026-02-23,일본,일본,,(주)도키엔터테인먼트,청소년관람불가,성인물(에로),,
찰지게 떡치는 새엄마,2026-02-25,한국,한국,스마일컨텐츠,스마일컨텐츠,청소년관람불가,성인물(에로),성기만,
처음 봤는데 대주는 옆집 여자,2026-02-27,한국,한국,(주)샤이커뮤니케이션즈,(주)샤이커뮤니케이션즈,청소년관람불가,성인물(에로),,
처제의 첫경험 2,2026-02-24,한국,한국,유한회사 스튜디오루나,유한회사 스튜디오루나,청소년관람불가,"성인물(에로),멜로/로맨스",김태수,
처형이 씻겨준 거시기,2026-02-23,일본,일본,,(주)도키엔터테인먼트,청소년관람불가,성인물(에로),,
첫여친의 엄마와 섹스,2026-02-24,일본,일본,,(주)도키엔터테인먼트,청소년관람불가,성인물(에로),,
출장 마사지의 미숙녀와 힐링,2026-02-23,일본,일본,,(주)도키엔터테인먼트,청소년관람불가,성인물(에로),,
친구엄마의 꽃이 피다,2026-02-24,일본,일본,,(주)도키엔터테인먼트,청소년관람불가,성인물(에로),,
폭유 란제리 G컵녀의 영업 비밀,2026-02-23,일본,일본,,(주)코빈커뮤니케이션즈,청소년관람불가,성인물(에로),,
한여자 두남자 : 노천탕에서 2대1,2026-02-25,일본,일본,,(주)영화사 사계절,청소년관람불가,멜로/로맨스,,
호텔 접객서비스의 정석,2026-02-27,일본,일본,,(주)도키엔터테인먼트,청소년관람불가,성인물(에로),,
고슴도치,,한국,한국,대영영화주식회사,,,,이혁수,"김영식,문오장,임은주,이강조"
애니멀 크래커,2020-08-05,미국,미국,,(주)이수C&E,전체관람가,"애니메이션,어드벤처,가족,판타지",토니 밴크로프트,"존 크래신스키,에밀리 블런트,대니 드비토,이안 맥켈런,실베스터 스탤론"
태양의 서커스 월드 어웨이,2016-01-06,미국,미국,,주식회사 드림크리에이션,전체관람가,공연,앤드류 아담슨,제이슨 베런트
브라이드!,2026-03-04,미국,미국,,워너브러더스 코리아(주),청소년관람불가,"액션,멜로/로맨스,드라마",매기 질렌할,"제시 버클리,크리스찬 베일,피터 사스가드,아네트 베닝,제이크 질렌할,페넬로페 크루즈"
다이 마이 러브,2026-03-04,미국,미국,,(주)누리픽쳐스,청소년관람불가,"드라마,스릴러",린 램지,"제니퍼 로렌스,로버트 패틴슨"
굿 윌 헌팅,1998-03-21,미국,미국,미라맥스 필름즈,"롯데컬처웍스(주)롯데시네마,(주)영화사오원","15세 미만인 자는 관람할 수 없는 등급 ,15세이상관람가",드라마,구스 반 산트,"맷 데이먼,로빈 윌리엄스"
투어스 브이알 콘서트 : 러쉬로드,2026-03-04,한국,한국,(주)어메이즈브이알코리아,(주)어메이즈브이알코리아,전체관람가,"드라마,공연",김지애,
좀비 랜드 사가: 유메긴가 파라다이스,2026-03-04,일본,일본,,메가박스중앙(주),전체관람가,애니메이션,,"미야노 마모루,타네다 리사,카와세 마키"
연지구 디 오리지널 4K,2026-03-25,홍콩,홍콩,,와이드 릴리즈(주),15세이상관람가,"판타지,멜로/로맨스",관금붕,"장국영,매염방"
페루지노. 영원한 르네상스,2026-03-04,이탈리아,이탈리아,,일미디어,전체관람가,다큐멘터리,,
허리 업 투모로우,2026-03-05,미국,미국,,(주)누리픽쳐스,15세이상관람가,"스릴러,드라마",트레이 에드워드 슐츠,
"오, 발렌타인",2026-03-11,한국,한국,(주)시네마달,(주)시네마달,15세이상관람가,다큐멘터리,홍진훤,
결혼해줄래?,2026-03-04,한국,한국,씨네움,(주)시네마케이,12세이상관람가,드라마,장완복,"문경,이상현,박재관,원주연,황지원,장기용,전현아,전범준,임원옥,장태겸"
더치스: 복수의 화신,2026-03-05,영국,영국,,주식회사 풍경소리,청소년관람불가,"액션,범죄",닐 마샬,
마녀배달부 키키,2007-11-22,일본,일본,스튜디오 지브리,"(주)넥스트엔터테인먼트월드(NEW),(주)스마일이엔티,(주)키다리이엔티,대원미디어(주)",전체관람가,"애니메이션,드라마,가족,판타지",미야자키 하야오,"타카야마 미나미,사쿠마 레이"
더 웨일,2023-03-01,미국,미국,,(주)스튜디오디에이치엘,15세이상관람가,드라마,대런 아로노프스키,브렌든 프레이저
멜팅 아이스크림,,한국,한국,,(주)시네마달,12세이상관람가,다큐멘터리,홍진훤,
박세영의 생태계 : 박세영 단편선,,한국,한국,,,,"드라마,공포(호러)",,
어른도감,2018-08-23,한국,한국,한국영화아카데미,(주)영화사 진진,12세이상관람가,"코미디,드라마",김인선,"엄태구,이재인,서정연,김새벽,손강국,이정은,김경옥,김민주,김기현,김수환,김연주,김윤수,김지혜,김현수,배준성,백혜정,원하라,이슬기,이영숙,이윤희,이재우,이지혜,이진희,최민석,최윤주,장혜진,최이슬,황정민,박성연"
남편보다 굵고 길고 훌륭해,2026-03-06,일본,일본,,(주)씨맥스커뮤니케이션즈,청소년관람불가,성인물(에로),,
돌기 솟은 여친 꼭지 공략,2026-03-05,일본,일본,,(주)영진크리에이티브,청소년관람불가,"성인물(에로),드라마,멜로/로맨스",,
들어오자마자 너무 좋아하는 성욕 귀신,2026-03-06,일본,일본,,(주)씨맥스커뮤니케이션즈,청소년관람불가,성인물(에로),,
듬뿍 싸지른 하얀 물로 마사지,2026-03-06,일본,일본,,(주)씨맥스커뮤니케이션즈,청소년관람불가,성인물(에로),,
맛있는 여친 언니,2026-03-03,일본,일본,,(주)코빈커뮤니케이션즈,청소년관람불가,성인물(에로),,
물 빼주는 에스테틱 살롱,2026-03-03,일본,일본,,(주)코빈커뮤니케이션즈,청소년관람불가,성인물(에로),,
부장님이 빨아버린 가랑이 무삭제판,2026-03-05,일본,일본,,주식회사 케이앤아이,청소년관람불가,멜로/로맨스,,
여친 언니 엉덩이에 싸버린 쾌락,2026-03-06,일본,일본,,(주)씨맥스커뮤니케이션즈,청소년관람불가,성인물(에로),,
여친 언니의 빨간 색기에 빠진 남자,2026-03-06,일본,일본,,(주)씨맥스커뮤니케이션즈,청소년관람불가,성인물(에로),,
욕정 미친 글램녀와 노천섹스,2026-03-05,일본,일본,,(주)영진크리에이티브,청소년관람불가,"성인물(에로),드라마,멜로/로맨스",,
욕정 씻어내는 목욕 섹스,2026-03-06,일본,일본,,(주)씨맥스커뮤니케이션즈,청소년관람불가,성인물(에로),,
유부녀 : 비에 젖어 비치는 그녀의 속살,2026-03-07,일본,일본,,(주)영화사 사계절,청소년관람불가,멜로/로맨스,,
음탕한 목소리 원격 섹스,2026-03-06,일본,일본,,(주)씨맥스커뮤니케이션즈,청소년관람불가,성인물(에로),,
잘 대주는 일본 여사친,2026-03-05,일본,일본,,(주)영진크리에이티브,청소년관람불가,"성인물(에로),드라마,멜로/로맨스",,
찢어질 정도로 넣는 불륜녀,2026-03-06,일본,일본,,(주)씨맥스커뮤니케이션즈,청소년관람불가,성인물(에로),,
창문 넘어온 사타구니 향기,2026-03-06,일본,일본,,(주)씨맥스커뮤니케이션즈,청소년관람불가,성인물(에로),,
추억 묻은 긴 막대기 핥는 여자,2026-03-06,일본,일본,,(주)씨맥스커뮤니케이션즈,청소년관람불가,성인물(에로),,
가족의 탄생,2006-05-18,한국,한국,블루스톰(주),롯데쇼핑㈜롯데엔터테인먼트,15세관람가,드라마,김태용,"문소리,엄태웅,고두심,공효진,김혜옥,정유미,류승범,봉태규,김현아,김꽃비,주진모,이인철,우현,박미현,조희봉,고규필,김동영,류성현"
미녀는 괴로워,2006-12-14,한국,한국,"리얼라이즈픽쳐스(주),케이엠컬쳐㈜",(주)쇼박스,12세이상관람가,"멜로/로맨스,코미디",김용화,"김아중,주진모,김현숙,신미영,김원,조아영,신정원,차원호,원동연,이보라,장재권,전고은,임민승,윤지원,박성용,박성현,오재진,김정만,정명희,오경성,김종태,이혜림,이종필,박노식,김용건,박휘순,이원종,이한위,류승수,정민성,김지석"
소리굴다리,,한국,한국,,,15세이상관람가,"다큐멘터리,SF,공연",구파수 륜호이,"홍샤인,마승길"
우리들의 행복한 시간,2006-09-14,한국,한국,"(주)엘제이필름,상상필름(주)",(주)프라임엔터테인먼트,15세관람가,드라마,송해성,"강동원,이나영,윤여정,김지영,최정우,조민기,강신일,권오훈,강선아,이훈진,김자영,정연주,지용석,김진희,김종길,이유진,이현배,이재진,오정세,김부선,최욱,정인기,김자영"
해변의 여인,2006-08-31,한국,한국,(주)영화사봄,(주)미로비젼,15세관람가,"드라마,멜로/로맨스",홍상수,"고현정,김승우,송선미,김태우,윤동환,이기우,조덕제,오태경"
스페셜즈,2026-03-13,일본,일본,,(주)바이포엠스튜디오,15세이상관람가,"코미디,액션",우치다 에이지,"시이나 깃페이,아오야기 쇼,오자와 히토시"
프로젝트 헤일메리,2026-03-18,미국,미국,,소니픽쳐스엔터테인먼트코리아주식회사극장배급지점,12세이상관람가,SF,필 로드,"라이언 고슬링,산드라 휠러"
폭탄,2026-03-18,일본,일본,,"(주)삼백상회,(주)제이에이와이이엔터테인먼트,(주)로커스",15세이상관람가,스릴러,나가이 아키라,"사토 지로,야마다 유키,소메타니 쇼타,와타베 아츠로"
콜드 미트,2026-03-11,영국,영국,,(주)오싹엔터테인먼트,15세이상관람가,스릴러,,
보리수 2,,독일,독일,,,,"코미디,드라마",볼프강 리베나이너,"루스 루워릭,한스 홀트"
페널티킥 앞에 선 골키퍼의 불안,,서독,"서독,오스트리아",,(주)에무필름즈,,드라마,빔 벤더스,"아더 브라우스,카이 피셔"
미국인 친구,,서독,"서독,프랑스",,(주)에무필름즈,,기타,빔 벤더스,
센트럴 파크,,미국,미국,,,,다큐멘터리,프레데릭 와이즈만,
굿바이 미스터 칩스,,영국,영국,,,,드라마,샘 우드,"로버트 도냇,그리어 가슨"
김~치!,2026-03-25,한국,한국,(주)샾엔터,영화로운 형제,12세이상관람가,"가족,드라마",박철현,"이주연,한인수,이재준,김정팔,김성희,박주원,차준희,김상순,유현지,김병순,박성민,유채연,김명희,정유나,장혁준,정미경,이윤상,이시엘,김명국,김경태,황사무엘,이재창,이봉규,박채원,양진억,차서현,박새얀,김진혁,신영호,장욱준"
나는 고백한다,,미국,미국,,,,"드라마,스릴러",알프레드 히치콕,"앤 박스터,몽고메리 클리프트,O.E. 하세"
공공 주택,,미국,미국,,,,다큐멘터리,프레데릭 와이즈만,
동물원,,미국,미국,,,,다큐멘터리,프레데릭 와이즈만,
발레,,미국,미국,,,,다큐멘터리,프레데릭 와이즈만,
"벨파스트, 마인",,미국,미국,,,,다큐멘터리,프레데릭 와이즈만,
언다큐먼티드 모나리자 + 합창,,한국,한국,,,,다큐멘터리,,
고등학교2,,미국,미국,,,,다큐멘터리,프레데릭 와이즈만,
좋아하는 것을 묻는다면(인디스데이),,한국,한국,,,,드라마,,
나는 꼭두입니다,,한국,한국,한국영상대학교,,12세이상관람가,다큐멘터리,홍태선,이자은
미인,2022-02-24,한국,한국,"(주)필름에이픽쳐스,한국영상대학교",(주)필름에이픽쳐스,전체관람가,다큐멘터리,홍태선,"이근이,남호현"
기생 : 꽃의 고백,2018-01-25,한국,한국,한국영상대학교,(주)필름에이픽쳐스,12세이상관람가,다큐멘터리,"홍태선,임혁","장금도,김가애"
맛깔나게 가버린 새엄마 유우짱,2026-03-10,일본,일본,,(주)도키엔터테인먼트,청소년관람불가,성인물(에로),,
새로운 자극을 받아준 새엄마,2026-03-10,일본,일본,,(주)도키엔터테인먼트,청소년관람불가,성인물(에로),,
아들친구의 요구와 며느리의 속옷,2026-03-09,일본,일본,,(주)도키엔터테인먼트,청소년관람불가,성인물(에로),,
육체관계의 여상사와 아들친구,2026-03-09,일본,일본,,(주)도키엔터테인먼트,청소년관람불가,성인물(에로),,
집으로 온 여상사와 딸의 남친,2026-03-10,일본,일본,,(주)도키엔터테인먼트,청소년관람불가,성인물(에로),,
치한전철 풍속점의 그녀,2026-03-09,일본,일본,,(주)도키엔터테인먼트,청소년관람불가,성인물(에로),,
I컵 거유여대생 쫄깃한 떡감,2026-03-14,일본,일본,,(주)영진크리에이티브,청소년관람불가,"성인물(에로),드라마,멜로/로맨스",,
같이 젖는 모녀,2026-03-11,한국,한국,폭풍의 눈,주식회사 원스크린,청소년관람불가,"드라마,성인물(에로)",,
금지된 불장난 : 아들 친구에게 무너진 육체,2026-03-09,일본,일본,,(주)코빈커뮤니케이션즈,청소년관람불가,성인물(에로),,
남장미인에게 헌팅당해 쥐어짜진 여장 남자,2026-03-11,일본,일본,,(주)나우콘텐츠,청소년관람불가,"드라마,성인물(에로)",,
남편 대신 벌려준 시아버지,2026-03-09,일본,일본,,(주)코빈커뮤니케이션즈,청소년관람불가,성인물(에로),,
남편 몰래 이웃과 아랫도리 공유,2026-03-12,일본,일본,,(주)두리컴미디어,청소년관람불가,성인물(에로),,
남편은 사랑하지만 몸은 젊은 새아들을 원해,2026-03-13,일본,일본,,(주)도키엔터테인먼트,청소년관람불가,성인물(에로),,
낯선 남자의 욕망의 도구로 전락한 유부녀,2026-03-11,일본,일본,,(주)나우콘텐츠,청소년관람불가,"드라마,성인물(에로)",키토루네 가와구치,
동정 시동생의 물건에 반해버린 형수,2026-03-11,일본,일본,,(주)나우콘텐츠,청소년관람불가,"드라마,성인물(에로)",,
동창회에서 재회한 전 남친에게 빼앗긴 아내,2026-03-11,일본,일본,,(주)나우콘텐츠,청소년관람불가,"드라마,성인물(에로)",,
라면 먹고 갈래? 커플섹스,2026-03-11,한국,한국,(주)영화사가을,(주)영화사가을,청소년관람불가,멜로/로맨스,,
매력적인 가정부,2026-03-11,일본,일본,,(주)영화사 사계절,청소년관람불가,멜로/로맨스,,
미녀 새엄마를 맛 보는 아들 무삭제판,2026-03-11,일본,일본,,(주)영진크리에이티브,청소년관람불가,"성인물(에로),드라마,멜로/로맨스",나가에,
변태 스토커의 표적이 된 초임 여교사,2026-03-11,일본,일본,,(주)나우콘텐츠,청소년관람불가,"드라마,성인물(에로)",잠파,
복수의 씨:씨 받는 사모님,2026-03-11,일본,일본,,(주)파랑새미디어,청소년관람불가,"성인물(에로),드라마,멜로/로맨스",,
새엄마의 입술을 빼앗고 몸을 훔쳤다,2026-03-13,일본,일본,,(주)도키엔터테인먼트,청소년관람불가,성인물(에로),,
아내가 임신중이라 처형이 위로해준 휴일,2026-03-13,일본,일본,,(주)도키엔터테인먼트,청소년관람불가,성인물(에로),,
아내친구의 몸냄새가 좋아서,2026-03-09,일본,일본,,(주)도키엔터테인먼트,청소년관람불가,성인물(에로),,
아스카 새엄마의 오일 소프마사지,2026-03-13,일본,일본,,(주)도키엔터테인먼트,청소년관람불가,성인물(에로),,
안쪽 깊은 곳까지 직접 풀어주는 마사지사,2026-03-11,일본,일본,,(주)나우콘텐츠,청소년관람불가,"드라마,성인물(에로)",,
알바 동료인 유부녀를 벗겨보았더니 하얀속살,2026-03-10,일본,일본,,(주)도키엔터테인먼트,청소년관람불가,성인물(에로),,
엉덩이 큰 여대생 절륜 박음질,2026-03-11,일본,일본,,(주)영진크리에이티브,청소년관람불가,"성인물(에로),드라마,멜로/로맨스",,
에로한 새엄마 내 것에 젖다,2026-03-14,일본,일본,,(주)영진크리에이티브,청소년관람불가,"성인물(에로),드라마,멜로/로맨스",,
여상사와 새엄마의 정조대를 풀어버리고,2026-03-09,일본,일본,,(주)도키엔터테인먼트,청소년관람불가,성인물(에로),,
예비 신랑 전 남친과 밤새 즐기는 유부녀,2026-03-11,일본,일본,,(주)나우콘텐츠,청소년관람불가,"드라마,성인물(에로)",,
외간 남자 품에 안겨 느끼는 유부녀,2026-03-12,일본,일본,,(주)두리컴미디어,청소년관람불가,성인물(에로),,
유혹에 젖은 벗겨진 여상사,2026-03-09,일본,일본,,(주)코빈커뮤니케이션즈,청소년관람불가,성인물(에로),,
이상성욕 내 아내를 가져 주세요,2026-03-12,일본,일본,,(주)두리컴미디어,청소년관람불가,성인물(에로),,
자고 있는 장모님 유나의 엉덩이를 아내와 착각하다,2026-03-13,일본,일본,,(주)도키엔터테인먼트,청소년관람불가,성인물(에로),,
잠든 남편 옆 부하 직원과 불륜 쾌락,2026-03-12,일본,일본,,(주)두리컴미디어,청소년관람불가,성인물(에로),,
젖은 사모님 돌려버린 정원사들,2026-03-11,일본,일본,,(주)영진크리에이티브,청소년관람불가,"성인물(에로),드라마,멜로/로맨스",나가에,
착한형수 무삭제판,2026-03-13,한국,한국,(주)파랑새미디어,(주)영진크리에이티브,청소년관람불가,"성인물(에로),드라마,멜로/로맨스",이타치,
"처음 뚫린, 두번째 구멍",2026-03-09,일본,일본,,(주)코빈커뮤니케이션즈,청소년관람불가,성인물(에로),,
출장업소에서 만난 내 최애의 아이,2026-03-11,일본,일본,,(주)나우콘텐츠,청소년관람불가,"드라마,성인물(에로)",,
쾌락 조교로 성감 개조된 도도한 여교수,2026-03-11,일본,일본,,(주)나우콘텐츠,청소년관람불가,"드라마,성인물(에로)",키토루네 가와구치,
풍만한 육체로 동정남을 유혹하는 관능적인 누나,2026-03-11,일본,일본,,(주)나우콘텐츠,청소년관람불가,"드라마,성인물(에로)",드래곤 니시카와,
형대신 임신시켜달라는 형수 미쿠짱,2026-03-10,일본,일본,,(주)도키엔터테인먼트,청소년관람불가,성인물(에로),,
1247,,한국,한국,수마토스,,,다큐멘터리,,
당골,2025-03-13,한국,한국,한국영상대학교,(주)무빙픽쳐스컴퍼니,12세이상관람가,다큐멘터리,홍태선,"이자은,조성희,김진욱"
바라나시,2018-05-24,인도,인도,,(주)마노엔터테인먼트,전체관람가,"코미디,드라마",슈브하시슈 부티아니,"아딜 후세인,랄리트 벨,팔로미 고쉬"
허공에의 질주,,미국,미국,,,,"드라마,범죄",시드니 루멧,"리버 피닉스,크리스틴 라티,주드 허쉬"
녹나무의 파수꾼,2026-03-18,일본,일본,,메가박스중앙(주) 플러스엠 엔터테인먼트,12세이상관람가,애니메이션,이토 토모히코,"타카하시 후미야,아마미 유키"
명탐정 코난: 세기말의 마술사,2026-03-27,일본,일본,,(주)씨제이이엔엠,12세이상관람가,애니메이션,코다마 켄지,"타카야마 미나미,야마자키 와카나,카미야 아키라,야마구치 캇페이"
네가 마지막으로 남긴 노래,2026-04-01,일본,일본,,"(주)넥스트엔터테인먼트월드(NEW),(주)팬엔터테인먼트",12세이상관람가,멜로/로맨스,미키 타카히로,"미치에다 슌스케,누쿠미 메루"
뮤지컬 장수탕 선녀님,2026-03-26,한국,한국,(주)영화사 그램,"메가박스중앙(주),(주)영화사 그램",전체관람가,"뮤지컬,공연",조윤수,최승환
열여덟 청춘,2026-03-25,한국,한국,(주)26컴퍼니,(주)영화사 안다미로,12세이상관람가,드라마,어일선,"전소민,김도연,추소정,박서연,조하영,이준혁,유지연,추예진,박소은,김보경,송지연,이하연,정영금,이상진,이원욱,정혜진,권민서,양미경"
류이치 사카모토: 다이어리,2026-04-01,일본,일본,,"(주)영화사 진진,TCO(주)더콘텐츠온",전체관람가,다큐멘터리,,"류이치 사카모토,타나카 민"
하이재킹: 메이데이,2026-03-18,베트남,베트남,,(주)디스테이션,15세이상관람가,"액션,스릴러,범죄",함 트란,"타이 화,케이티 응우옌,트램 안"
그 사람 경허(鏡虛) 선사,2026-03-19,한국,한국,(주)가상사,"(주)드림팩트엔터테인먼트,(주)빅브라더스",12세이상관람가,드라마,윤용진,"이정훈,신동호,이그루,조경현"
파이 굽는 엄마,2026-03-26,한국,한국,제이리미디어,주식회사 블루필름웍스,전체관람가,다큐멘터리,이종은,
왜(歪): 더 카르텔,2026-03-25,한국,한국,,"(주)드림팩트엔터테인먼트,루디아코프",12세이상관람가,다큐멘터리,,
프로텍터,2026-03-25,한국,한국,(주)아낙시온,"(주)아센디오,(주)로드쇼플러스,(주)영화특별시에스엠씨",15세이상관람가,액션,애드리언 그런버그,"밀라 요보비치,이사벨 마이어스,매튜 모딘"
킬 빌: 더 홀 블러디 어페어,2026-04-01,미국,미국,,(주)누리픽쳐스,청소년관람불가,액션,쿠엔틴 타란티노,"우마 서먼,루시 리우"
몽유병 여인,,미국,미국,,,,공연,,
카르멘의 사랑,,미국,미국,,,,드라마,찰스 비더,"리타 헤이워드,글렌 포드"
관상,2013-09-11,한국,한국,"(주)주피터필름,(주)쇼박스",(주)쇼박스,15세이상관람가,"사극,드라마",한재림,"송강호,이정재,백윤식,조정석,이종석,김혜수,신기원,윤종구,윤희원,이도엽,권영각,김길동,정준식,조훈휘,표유신,하정수,한만영,노준표,문혜진,박진우,전신환,김강현,유재명,김의성,정대용,김근영,서현우,이규형,이유준,김태우,윤경호,최교식,박기만,주광현,박상현"
2026년 3월 수요단편극장,,한국,한국,,,,기타,,
가정 폭력 2,,미국,미국,,,,다큐멘터리,프레데릭 와이즈만,
가정폭력,,미국,미국,,,,다큐멘터리,프레데릭 와이즈만,
홍진훤 감독 특별전,,한국,한국,,,,다큐멘터리,홍진훤,
합창,,한국,한국,,,,다큐멘터리,홍진훤,
거친플레이의 새엄마 유미짱,2026-03-17,일본,일본,,(주)도키엔터테인먼트,청소년관람불가,성인물(에로),코지마 유키오,카자마 유미
굶주린 생과부-질펀한 마사지 무삭제판,2026-03-17,일본,일본,,(주)영진크리에이티브,청소년관람불가,"성인물(에로),드라마,멜로/로맨스",,
남편이 절대모를 집안불륜,2026-03-17,일본,일본,,(주)도키엔터테인먼트,청소년관람불가,성인물(에로),코지마 유키오,타카기 사야카
대낮의 거실과 욕실에서 새엄마를 탐하다,2026-03-16,일본,일본,,(주)도키엔터테인먼트,청소년관람불가,성인물(에로),,
데이트 앱으로 꼬신 그녀,2026-03-20,일본,일본,,(주)도키엔터테인먼트,청소년관람불가,성인물(에로),,
뒤바뀐 연인 본능대로 꽂아버린 네 남녀,2026-03-17,한국,한국,와이제이스토리,와이제이스토리,청소년관람불가,성인물(에로),,
레이와 유부녀의 첫 정사,2026-03-17,일본,일본,,(주)도키엔터테인먼트,청소년관람불가,성인물(에로),,
"맛있는 불륜 : 사위와 장모, 며느리와 시아버지",2026-03-18,한국,한국,(주)영화사가을,(주)영화사가을,청소년관람불가,멜로/로맨스,,
배란기에 찾아온 유부녀-임신도 쌉가능,2026-03-17,일본,일본,,(주)영진크리에이티브,청소년관람불가,"성인물(에로),드라마,멜로/로맨스",,
보인다 보여 노브라의 새엄마,2026-03-20,일본,일본,,(주)도키엔터테인먼트,청소년관람불가,성인물(에로),,
새엄마와 친구엄마 더블섹스,2026-03-16,일본,일본,,(주)도키엔터테인먼트,청소년관람불가,성인물(에로),,
성감대로 가버린 그녀,2026-03-20,일본,일본,,(주)도키엔터테인먼트,청소년관람불가,성인물(에로),,
숨겨둔 재능에 각성한 유부녀,2026-03-17,일본,일본,,(주)도키엔터테인먼트,청소년관람불가,성인물(에로),,
시아버지와 며느리의 발정기,2026-03-17,일본,일본,,(주)영진크리에이티브,청소년관람불가,"성인물(에로),드라마,멜로/로맨스",,
압도해 준 육체의 소악마,2026-03-20,일본,일본,,(주)도키엔터테인먼트,청소년관람불가,성인물(에로),,
유부녀들 : 남편 몰래 바람피다,2026-03-18,한국,한국,(주)영화사가을,(주)영화사가을,청소년관람불가,멜로/로맨스,,
유부녀의 쾌락지배,2026-03-20,일본,일본,,(주)도키엔터테인먼트,청소년관람불가,성인물(에로),,
장모님께 고백한 사랑의 보답섹스,2026-03-16,일본,일본,,(주)도키엔터테인먼트,청소년관람불가,성인물(에로),,
장모님이 속옷을 내리자 폭주한 사위,2026-03-16,일본,일본,,(주)도키엔터테인먼트,청소년관람불가,성인물(에로),,
젊은 중년의 압도적 기술,2026-03-20,일본,일본,,(주)도키엔터테인먼트,청소년관람불가,성인물(에로),,
정사 : 잠든 남편 옆에서 무삭제,2026-03-18,한국,한국,(주)영화사가을,(주)영화사가을,청소년관람불가,멜로/로맨스,,
찰지게 떡치는 여동생,,한국,한국,스마일컨텐츠,스마일컨텐츠,청소년관람불가,성인물(에로),최성길,
치한전철과 비키니 새엄마,2026-03-16,일본,일본,,(주)도키엔터테인먼트,청소년관람불가,성인물(에로),,
친구엄마 리노의 개미허리,2026-03-17,일본,일본,,(주)도키엔터테인먼트,청소년관람불가,성인물(에로),코지마 유키오,키리시마 리노
하반신으로 사과하는 유부녀,2026-03-20,일본,일본,,(주)도키엔터테인먼트,청소년관람불가,성인물(에로),,
굿 보스,2022-02-10,스페인,스페인,,(주)디스테이션,15세이상관람가,"드라마,코미디",페르난도 레온 데 아라노아,하비에르 바르뎀
딥,2017-10-03,스페인,스페인,,(주)이수C&E,전체관람가,"애니메이션,뮤지컬,어드벤처",줄리오 소토 거피드,"심규혁,사문영,이인성,이지현,이장원,위훈,황창영"
브루클린,2016-04-21,미국,미국,,이십세기폭스코리아(주),12세이상관람가,"드라마,멜로/로맨스",존 크로울리,"시얼샤 로넌,도널 글리슨"
펫 트레인,2026-03-28,프랑스,프랑스,,"(주)스튜디오디에이치엘,(주)플레이그램",전체관람가,애니메이션,,
살목지,2026-04-08,한국,한국,더램프스튜디오(주),(주)쇼박스,15세이상관람가,"공포(호러),스릴러",이상민,"김혜윤,이종원,김준한,김영성,오동민,윤재찬,장다아,최유민,최서윤,최희도"
라이프 오브 파이,2013-01-01,미국,미국,,"월트디즈니컴퍼니코리아 유한책임회사,주식회사 해리슨앤컴퍼니,이십세기폭스코리아(주)",전체관람가,"어드벤처,드라마",이안,"수라즈 샤르마,이르판 칸,라프 스팰"
끝장수사,2026-04-02,한국,한국,"청년필름(주),주식회사 이안픽처스",(주)에이스메이커무비웍스,15세이상관람가,"범죄,액션",박철환,"배성우,정가람,이솜,조한철,윤경호,신나리,장이정,박수영,우현,박지연,황서령,김용준,김중기,김정우,박시범,김로사,박진수,장세아,김지영,박윤석,김광식,이도현,이동준,변아영,기다윤,정용재,김준범,엄태형,김승필,김정원,조현태,한승우,이상홍,김태준,임태훈,박태강,이상철,김원진,서유덕,민대식,권영국,김수민,강다현,김민경,김성락,홍의정,김승필,심상민,이재남,김수영,김경진,이희곤"
마법 숲 동물 친구들 대모험,2026-04-01,아랍에미리트연합국정부,아랍에미리트연합국정부,,(주)팝엔터테인먼트,전체관람가,"애니메이션,어드벤처",,
모니카와의 여름,2013-07-04,스웨덴,스웨덴,,㈜영화사 백두대간,청소년관람불가,"드라마,멜로/로맨스",잉마르 베리만,"해리엇 안데르손,라스 에크보리"
요크 상사,,,,,,,,,
5월18일생,2026-05-14,한국,한국,에스디와이엔터테인먼트,주식회사 제이씨엔터웍스,15세이상관람가,드라마,송동윤,"남소연,송연,현서영,정형기"
어두운 유리를 통해,,스웨덴,스웨덴,,,,드라마,잉마르 베리만,"잉마르 베리만,군나르 비에른스트란드"
류이치 사카모토: 코다,2018-06-14,일본,일본,,"(주)영화사 진진,TCO(주)더콘텐츠온,주식회사 씨네룩스",전체관람가,다큐멘터리,스티븐 쉬블,사카모토 류이치
[제4회 반짝다큐페스티발] 섹션 5,,한국,한국,,,,드라마,,
[제4회 반짝다큐페스티발] 섹션 8,,한국,한국,,,,드라마,,
2026년 3월 프레임워크,,네덜란드,네덜란드,,,,기타,,
호수의 란슬롯,,프랑스,프랑스,,,,드라마,로베르 브레송,
즐거움,,스웨덴,스웨덴,,,,드라마,잉마르 베리만,"스티그 올린,마이-브리트 닐슨"
모호의 숲,,캐나다,"캐나다,프랑스",,,,애니메이션,,
라디오 스타,2006-09-28,한국,한국,"(주)영화사아침,(주)씨네월드","(주)씨제이이엔엠,(주)시네마서비스",12세관람가,드라마,이준익,"박중훈,안성기,신정근,김현아,강광원,함수연,손덕배,최정윤,황현성,노브레인,정석용,윤주상,안미나,김장훈,허민희,조련,황인준,나성식,정원호,이순금,이준익,이재은"
류이치 사카모토: 도쿄 멜로디,2026-04-15,프랑스,프랑스,,"(주)영화사 진진,TCO(주)더콘텐츠온",전체관람가,다큐멘터리,엘리자베스 레나드,"류이치 사카모토,야노 아키코"
미술관 옆 동물원,1998-12-19,한국,한국,,(주)씨제이이엔엠,15세 미만인 자는 관람할 수 없는 등급,"드라마,멜로/로맨스",이정향,"심은하,안성기,이성재,송선미,류승수,방추성"
[제4회 반짝다큐페스티발] 섹션 4,,한국,한국,,,,드라마,,
[제4회 반짝다큐페스티발] 섹션 3,,한국,한국,,,,드라마,,
[제4회 반짝다큐페스티발] 섹션 2,,한국,한국,,,,드라마,,
[제4회 반짝다큐페스티발] 섹션 7,,한국,한국,,,,드라마,,
연산군,1962-01-01,한국,한국,신필름,,청소년관람불가,"사극,드라마",신상옥,"신영균,최은희,도금봉,신성일,김동원"
[제4회 반짝다큐페스티발] 섹션 6,,한국,한국,,,,드라마,,
풀잎들,2018-10-25,한국,한국,(주)영화제작전원사,"(주)콘텐츠판다,(주)영화제작전원사 ,무브먼트",15세이상관람가,드라마,홍상수,"김민희,정진영,기주봉,서영화,김새벽,안재홍,공민정,안선영,신석호,김명수,이유영,신석호,이유영,강태우,한재이"
칠수와 만수,1988-11-26,한국,한국,(주)동아수출공사,,고등학생이상관람가,드라마,박광수,"안성기,박중훈,배종옥,홍성민,김일우,이승호,김명국"
[제4회 반짝다큐페스티발] 섹션 1,,한국,한국,,,,드라마,,
바람불어 좋은 날,1980-11-27,한국,한국,(주)동아수출공사,,연소자관람불가,드라마,이장호,"안성기,김성찬,이영호,유지인,임예진,김보연"
인디플러스 개관 10주년 기획전 섹션1 단편선,,한국,한국,,,,"드라마,다큐멘터리",,
네스트,,덴마크,"덴마크,아이슬란드",,,,드라마,흘리뉘르 팔메이슨,
내가 만난 사람들,,한국,한국,,,,드라마,김민경,
홍진훤 감독 특별상영 '혁명의 가능성을 감각(感覺)',,한국,한국,,,,다큐멘터리,,
인디플러스 개관 10주년 기획전 장건재 단편선,,한국,한국,,,,드라마,,
"(로컬 픽, 시간과 빛) 어떤 사람들",,한국,한국,,,,다큐멘터리,,
강압적 대물에 푹 빠진 육덕녀,2026-03-26,한국,한국,(주)샤이커뮤니케이션즈,(주)샤이커뮤니케이션즈,청소년관람불가,성인물(에로),,
귀여운 그녀는 앱에서 만난 사이,2026-03-27,일본,일본,,(주)도키엔터테인먼트,청소년관람불가,성인물(에로),,
글래머라 더 맛있는 여직원,2026-03-25,한국,한국,(주)샤이커뮤니케이션즈,(주)샤이커뮤니케이션즈,청소년관람불가,성인물(에로),,
길들여진 신입 여사원,2026-03-23,일본,일본,,(주)코빈커뮤니케이션즈,청소년관람불가,성인물(에로),,
나이트에서 원나잇 해준 여대생,2026-03-27,한국,한국,(주)샤이커뮤니케이션즈,(주)샤이커뮤니케이션즈,청소년관람불가,성인물(에로),,
단지처의 속옷개방,2026-03-27,일본,일본,,(주)도키엔터테인먼트,청소년관람불가,성인물(에로),,
마스크를 벗자 더 이쁜 유부녀,2026-03-23,일본,일본,,(주)도키엔터테인먼트,청소년관람불가,성인물(에로),,
맛 : 자꾸 생각나는 그놈,2026-03-25,한국,한국,(주)영화사가을,(주)영화사가을,청소년관람불가,멜로/로맨스,,
맛 보고픈 의붓아들 클라쓰,2026-03-23,일본,일본,,(주)영진크리에이티브,청소년관람불가,성인물(에로),,
모델이 된 이모의 야한 도발,2026-03-23,일본,일본,,(주)영진크리에이티브,청소년관람불가,성인물(에로),,
못생긴 남자가 맛있다는 여후배,2026-03-27,한국,한국,(주)샤이커뮤니케이션즈,(주)샤이커뮤니케이션즈,청소년관람불가,성인물(에로),,
부인 몰래 친구 왕가슴에 무한 발사,2026-03-26,일본,일본,,(주)두리컴미디어,청소년관람불가,성인물(에로),,
빠바바밤 청초유부녀,2026-03-24,일본,일본,,(주)도키엔터테인먼트,청소년관람불가,성인물(에로),,
사례금으로 어디까지 가능한가,2026-03-23,일본,일본,,(주)도키엔터테인먼트,청소년관람불가,성인물(에로),,
상사 아내의 질척한 아랫도리,2026-03-26,일본,일본,,(주)두리컴미디어,청소년관람불가,성인물(에로),,
선뇌 상간 유부녀의 새우 꺾기,2026-03-23,일본,일본,,(주)도키엔터테인먼트,청소년관람불가,성인물(에로),,
선생님의 뜨거운 집착에 젖은 제자,2026-03-23,일본,일본,,(주)코빈커뮤니케이션즈,청소년관람불가,성인물(에로),,
성인배우 면접의 미숙녀,2026-03-27,일본,일본,,(주)도키엔터테인먼트,청소년관람불가,성인물(에로),,
셀럽 그녀들의 현실 반응,2026-03-24,일본,일본,,(주)도키엔터테인먼트,청소년관람불가,성인물(에로),,
셀럽 유부녀의 진한 키스,2026-03-23,일본,일본,,(주)도키엔터테인먼트,청소년관람불가,성인물(에로),,
소악마 중년의 입기술,2026-03-27,일본,일본,,(주)도키엔터테인먼트,청소년관람불가,성인물(에로),,
아빠 나이 아저씨에 빠진 어린 도우미,2026-03-25,한국,한국,(주)샤이커뮤니케이션즈,(주)샤이커뮤니케이션즈,청소년관람불가,성인물(에로),,
아저씨의 애무에 넘어간 아가씨,2026-03-26,한국,한국,(주)샤이커뮤니케이션즈,(주)샤이커뮤니케이션즈,청소년관람불가,성인물(에로),,
안경 벗은 그녀에게 돌격,2026-03-24,일본,일본,,(주)도키엔터테인먼트,청소년관람불가,성인물(에로),,
어푸어푸,,한국,한국,,,,다큐멘터리,박배일,
여자동창 : 우리 남편 출장가서 집에 없어,2026-03-25,일본,일본,,(주)영화사 사계절,청소년관람불가,멜로/로맨스,,
옆집 유부녀와 평생 기억될 오후,2026-03-27,일본,일본,,(주)도키엔터테인먼트,청소년관람불가,성인물(에로),,
욕정의 G컵 유부녀 가정교사,2026-03-23,일본,일본,,(주)코빈커뮤니케이션즈,청소년관람불가,성인물(에로),,
유부녀 : 남편보다 맛있는 남자들 무삭제,2026-03-25,한국,한국,(주)영화사가을,(주)영화사가을,청소년관람불가,멜로/로맨스,,
유부녀 발정나게 만든 마사지,2026-03-23,일본,일본,,(주)영진크리에이티브,청소년관람불가,성인물(에로),,
의외로 경험 적은 순수 미숙녀,2026-03-24,일본,일본,,(주)도키엔터테인먼트,청소년관람불가,성인물(에로),,
장모님이 준비한 섹스,2026-03-27,일본,일본,,(주)도키엔터테인먼트,청소년관람불가,성인물(에로),,
전라의 몸으로 사죄하는 어린 아내,2026-03-27,일본,일본,,(주)두리컴미디어,청소년관람불가,성인물(에로),,
정사무제한 지옥풍속점,2026-03-27,일본,일본,,(주)도키엔터테인먼트,청소년관람불가,성인물(에로),,
처음 만난 남자 앞에서 벗은 미숙녀,2026-03-27,일본,일본,,(주)도키엔터테인먼트,청소년관람불가,성인물(에로),,
천연미 넘치는 거유 미숙녀,2026-03-23,일본,일본,,(주)도키엔터테인먼트,청소년관람불가,성인물(에로),,
최면술사의 선뇌 섹스,2026-03-24,일본,일본,,(주)도키엔터테인먼트,청소년관람불가,성인물(에로),,
테스트 가능한 전동 마사지,2026-03-23,일본,일본,,(주)도키엔터테인먼트,청소년관람불가,성인물(에로),,
평생 참았다는 청순 유부녀,2026-03-24,일본,일본,,(주)도키엔터테인먼트,청소년관람불가,성인물(에로),,
풍속녀의 첫 손님,2026-03-27,일본,일본,,(주)도키엔터테인먼트,청소년관람불가,성인물(에로),,
피 끓는 청춘의 색녀,2026-03-24,일본,일본,,(주)도키엔터테인먼트,청소년관람불가,성인물(에로),,
헤어진 여자친구 잊지 못할 삽입감,2026-03-27,일본,일본,,(주)두리컴미디어,청소년관람불가,성인물(에로),,
현역 직장 유부녀의 키스,2026-03-23,일본,일본,,(주)도키엔터테인먼트,청소년관람불가,성인물(에로),,
내일을 위한 시간,2015-01-01,벨기에,"벨기에,프랑스,이탈리아",,그린나래미디어(주),12세이상관람가,드라마,"장 피에르 다르덴,뤽 다르덴","마리옹 꼬띠아르,파브리지오 롱기온"
어네스트와 셀레스틴,2014-02-20,프랑스,프랑스,,씨너스엔터테인먼트(주),전체관람가,애니메이션,"스테판 오비에,뱅상 파타,벤자민 레너","램버트 윌슨,안느-마리 루프"
오피셜히게단디즘 라이브 앳 스타디움 2025,2026-04-02,일본,일본,,(주)영화사 그램,전체관람가,공연,,
침묵의 친구,2026-04-15,독일,독일,,(주)영화사 안다미로,15세이상관람가,드라마,,"양조위,레아 세이두"
내 이름은,2026-04-15,한국,한국,"㈜렛츠필름,(주)아우라픽처스","씨제이 씨지브이(CJ CGV)(주),와이드 릴리즈(주)",15세이상관람가,드라마,정지영,"염혜란,신우빈,최준우,박지빈,김규리,유준상,오지호,정인우,오윤아,전승훈,허동원,김동영,심지유,차준희,김설진,윤설,천명우,박현준,김시운,도건우,김기홍,안현호,최제인,김지후,이소이,오동민,김성언,이도혜,윤별하,심지안,이재혁,문형돈,김한준,박세훈,김민재,이정현,이서환,마현,김재완,조정환,이상훈,김설희,조아인,김난희,백선아,강숙,박채린,아청,신민기,문형집,목민수"
스크림 7,2026-04-01,미국,미국,,롯데컬처웍스(주)롯데엔터테인먼트,청소년관람불가,공포(호러),케빈 윌리엄슨,"니브 캠벨,커트니 콕스,조엘 맥헤일,맥케나 그레이스"
특별편집판 기동전사 건담 철혈의 오펀스 우르드 헌트 -작은 도전자의 궤적-,2026-04-04,일본,일본,,(주)디스테이션,12세이상관람가,애니메이션,나가이 타츠유키,
미야자키 하야오의 그대들은 어떻게 살 것인가,2026-04-15,일본,일본,,(주)디스테이션,12세이상관람가,다큐멘터리,,"미야자키 하야오,스즈키 토시오"
위 리브 인 타임,2026-04-08,프랑스,프랑스,,(주)스튜디오디에이치엘,15세이상관람가,"멜로/로맨스,드라마",존 크로울리,"플로렌스 퓨,앤드류 가필드"
올란도,1994-03-12,영국,"영국,이탈리아,러시아,네덜란드,프랑스","어드벤쳐픽쳐스,브리티쉬스크린",(주)에이유앤씨,"고등학생이상관람가,15세이상관람가",드라마,샐리 포터,"틸다 스윈튼,빌리 제인"
크라임 101,2026-04-08,미국,미국,,소니픽쳐스엔터테인먼트코리아주식회사극장배급지점,15세이상관람가,"범죄,드라마,스릴러",바트 레이튼,"크리스 헴스워스,마크 러팔로,모니카 바바로,코리 호킨스,할리 베리"
모래그릇,2026-04-02,일본,일본,,(주)다자인소프트,15세이상관람가,"드라마,범죄",,
무셰트,,프랑스,프랑스,,,,드라마,로베르 브레송,"나딘 노르티에,마리아 카르디날레"
붉은 10월의 반란 파트 1,2026-04-03,기타,기타,,TCO(주)더콘텐츠온,15세이상관람가,"액션,드라마,전쟁",,
제7의 봉인,2012-05-10,스웨덴,스웨덴,,㈜영화사 백두대간,12세이상관람가,드라마,잉마르 베리만,"막스 본 시도우,군나르 비에른스트란드,비비 안데르손,닐스 포페,벵트 에케로트,잉가 길"
부케 1-40,,프랑스,프랑스,,,,기타,,
처녀의 샘,,스웨덴,스웨덴,,,청소년관람불가,드라마,잉마르 베리만,"막스 본 시도우,비르이타 발베리,군넬 린드블롬"
"히크 로자, 식물학의 악보",,프랑스,프랑스,,,,다큐멘터리,,
잔다르크의 재판,,프랑스,프랑스,,,,기타,로베르 브레송,
투우사와 숙녀,,미국,미국,,,,드라마,버드 보에티처,"조이 페이지,길버트 롤랜드"
로즈의 정원 + 바람을 마주하기,,프랑스,프랑스,,,,다큐멘터리,,
위기,,스웨덴,스웨덴,,,,드라마,잉마르 베리만,"잉가 랑그레,스티그 올린"
라 보엠,,미국,미국,,,,공연,,
부부,,미국,"미국,프랑스",,,,다큐멘터리,프레데릭 와이즈만,
마지막 편지,,프랑스,"프랑스,미국",,,,드라마,프레데릭 와이즈만,
메뉴의 즐거움 - 트와그로 가족,,미국,미국,,,,다큐멘터리,프레데릭 와이즈만,
권투도장,,미국,미국,,,,다큐멘터리,프레데릭 와이즈만,
시티홀,,미국,미국,,,,다큐멘터리,프레데릭 와이즈만,
잭슨 하이츠에서,,미국,미국,,,,다큐멘터리,프레데릭 와이즈만,
내셔널 갤러리,2016-08-25,프랑스,"프랑스,미국",,(주)영화사 진진,전체관람가,다큐멘터리,프레데릭 와이즈만,
제99회 작은영화영화제 - 조용히 함께 사는 그들,,한국,한국,,,,드라마,,
크레이지 호스,2012-04-19,미국,"미국,프랑스",,골든타이드픽처스(주),청소년관람불가,다큐멘터리,프레데릭 와이즈만,"데이지 블루,필리프 카터린느"
얼굴 없는 눈,,프랑스,프랑스,,,,"드라마,공포(호러),미스터리",조르주 프랑쥐,피에르 브라소
나는 흑인,,프랑스,프랑스,,,,드라마,,
거대한 흑인 남편에 굴복하는 아내,2026-03-30,일본,일본,,(주)영진크리에이티브,청소년관람불가,성인물(에로),,
나쁜남자 : 여자들이 빠지는 이유,2026-04-01,한국,한국,(주)영화사가을,(주)영화사가을,청소년관람불가,멜로/로맨스,,
내 아내의 엄마 3,2026-04-01,한국,한국,(주)영화사가을,(주)영화사가을,청소년관람불가,멜로/로맨스,,
내 친구랑도 잘하는 섹파,2026-03-30,일본,일본,,(주)영진크리에이티브,청소년관람불가,성인물(에로),,
마사지로 강제 발정난 유부녀,2026-03-30,일본,일본,,(주)영진크리에이티브,청소년관람불가,성인물(에로),,
모색가들의 시대 크리스 마커 단편,,프랑스,프랑스,,,,"다큐멘터리,SF",,
발기부전 남편 대신 시아버지,2026-03-30,일본,일본,,주식회사 프로젝트4,청소년관람불가,성인물(에로),,
상사의 아내 : 들이대는 남편 부하 직원들 무삭제,2026-04-01,한국,한국,(주)영화사가을,(주)영화사가을,청소년관람불가,멜로/로맨스,,
스와핑 - 초대남,2026-04-01,한국,한국,유한회사 스튜디오루나,유한회사 스튜디오루나,청소년관람불가,"성인물(에로),멜로/로맨스",김태수,
아버님의 젖가슴 상담 무삭제판,2026-04-03,일본,일본,,주식회사 케이앤아이,청소년관람불가,멜로/로맨스,,
아이스맨,2026-04-01,독일,독일,,㈜스튜디오오르카,청소년관람불가,"액션,드라마",,
여자 마사지 : 한여자 세남자,2026-04-01,일본,일본,,(주)영화사 사계절,청소년관람불가,멜로/로맨스,,
질펀한 마사지 : 첫 경험,2026-04-01,일본,일본,,(주)코빈커뮤니케이션즈,청소년관람불가,성인물(에로),,
비상 12.3,,한국,한국,(주)청년비스튜디오,,12세이상관람가,다큐멘터리,김영욱,
런닝맨: 라이트&쉐도우,2026-04-11,한국,한국,(주)로커스,(주)로커스,전체관람가,애니메이션,윤준상,"김서영,엄상현,권창욱,김연우,강시현,전태열,사문영,남도형,신경선"
엔하이픈 : 이머전 인 시네마,2026-04-08,한국,한국,"(주)어메이즈브이알코리아,씨제이포디플렉스 주식회사",씨제이포디플렉스 주식회사,전체관람가,기타,김경국,
퀸 락 몬트리올,2026-04-15,영국,영국,,판씨네마(주),12세이상관람가,공연,사울 스위머,
미스매치,2026-04-23,한국,한국,(주)노시스컴퍼니,"(주)제이앤씨미디어그룹,주식회사 스튜디오 빅",12세이상관람가,"코미디,가족",손태웅,"구아라,오대환,오윤아,안석환,이준혁,고규필,신수연,전윤하,차재경"
노멀,2026-04-17,미국,미국,,(주)팝엔터테인먼트,청소년관람불가,"범죄,액션,스릴러",벤 휘틀리,봅 오덴커크
줄무늬 파자마를 입은 소년,2026-04-23,영국,"영국,미국",,(주)팝엔터테인먼트,12세이상관람가,"드라마,전쟁",마크 허만,"에이사 버터필드,잭 스캔론,데이빗 듈리스"
짱구,2026-04-22,한국,한국,(주)팬엔터테인먼트,(주)바이포엠스튜디오,15세이상관람가,드라마,"정우,오성호","정우,김범중,정수정,신승호,현봉식,조범규,권소현,조달환,조덕현,오지혜,손병호,백수장,장항준,노동균,김정훈,강윤,황형구,김경탁,박성대,임지은,전혜원,강호수,이도연,권혁성,최희진,손예원,정미형,이다영,김휘규,서영삼,김초록,김호원,정재혁,신서희,이광수,손상혁,홍기주,박윤결,정현옥,황성웅,박근형,박희우,고경만,이재은,박소연,김희선,정철,정현규,신기성,황재필"
란 12.3,2026-04-22,한국,한국,㈜프로덕션에므,(주)넥스트엔터테인먼트월드(NEW),12세이상관람가,다큐멘터리,이명세,
고트: 더 레전드,2026-04-17,미국,미국,,소니픽쳐스엔터테인먼트코리아주식회사극장배급지점,전체관람가,"애니메이션,액션,어드벤처,코미디",,
북촌방향,2011-09-08,한국,한국,(주)영화제작전원사,(주)영화제작전원사,청소년관람불가,드라마,홍상수,"김보경,김상중,유준상,송선미,김의성,백종학,박수민,정지형,배유람,안재홍,기주봉,백현진"
자매의 화원,,한국,한국,,,,"드라마,멜로/로맨스",신상옥,
르 팍,,프랑스,프랑스,,(주)위즈온센,,공연,,
뱅: 킬러 리턴즈,2026-04-09,미국,미국,,주식회사 풍경소리,15세이상관람가,"액션,범죄",위치 카오새야난다,잭 케시
빨간 나라를 보았니,2026-04-15,한국,한국,,(주)트리플픽쳐스,12세이상관람가,다큐멘터리,홍영아,"김현권,임미애,김영대,남은숙,송용한,김영표,오가인,송종대,황태성,배영애,김상헌"
밤의 해변에서 혼자,2017-03-23,한국,한국,(주)영화제작전원사,"(주)영화제작전원사 ,(주)콘텐츠판다",청소년관람불가,드라마,홍상수,"김민희,정재영,서영화,권해효,송선미,문성근,안재홍,박예주,박홍열,신선,공민정,안선영,강태우,한재이"
인디애나 몬로비아,,미국,미국,,,,다큐멘터리,프레데릭 와이즈만,
파란만장,,한국,한국,모호필름,,12세이상관람가,"드라마,판타지","박찬욱,박찬경","오광록,이정현,김환희,이용녀"
주 의회,,미국,미국,,,,다큐멘터리,프레데릭 와이즈만,
범죄소년,2012-11-22,한국,한국,"국가인권위원회,쏠라픽처스 주식회사",타임스토리그룹(주),15세이상관람가,드라마,강이관,"이정현,목민수,김근영,서영주,이헌기,인승만,임명진,임종인,임태섭,장민웅,전영철,전예진,정미현,정태욱,최영식,김성무,최준경,이병석,이성민,이성택,박성훈,배종대,서준혁,신홍섭,배성우,정석용,서영화,지대한,강혁일,김경룡,한사명,손희순"
불륜의 성 파트2,2026-04-10,한국,한국,(주)영진크리에이티브,(주)영진크리에이티브,청소년관람불가,"성인물(에로),드라마,멜로/로맨스",모니카,
지난 해 마리앙바드에서,,프랑스,"프랑스,이탈리아",,,,"드라마,미스터리,멜로/로맨스",알랭 레네,"델핀 세이릭,사샤 피퇴프,조르지오 알베르타찌"
반도,2020-07-15,한국,한국,(주)영화사레드피터,(주)넥스트엔터테인먼트월드(NEW),15세이상관람가,"액션,드라마",연상호,"강동원,이정현,권해효,김민재,구교환,김도윤,이레,이예원,김규백,황영희,장소연,문우진,차시원,박종범,김태준,이승진,안현빈,고동형,오진호,박성현,윤영균,오문강,유동균,김민송,김시호,박세준,김철윤,강전영,신희철,조용환,손윤환,김희수,김성호,이세랑,김세동,채우식,황윤호,김정승,이한,김평조,장나라,박범석,허승,김원훈,최세인,조전범,이조풍,미석,장격수,유성주,박충환,원진호,용재화,김이연,선우,이태경,장락천,한성수,김윤도,박종범,박수찬,고나영,박찰리,이한,김만호,황윤호,정현옥,윤상원,성백인,박시연,배윤민,최성식,남상우,권용덕,하길현,이보영,문바롬,김진욱,이단,이태환,안재원,전아희,지성은,김현우,명승훈,김민환,김빛나래,민정은,조현수,현직,김평조,한철훈,노재훈,김정승,김온림,김희진,강춘성,유성재,김태환,이유진,김오복,김은해,이승진,이도헌,전한승,강준석,공민규,김기태,김통령,김찬욱,김승완,배성민,소윤호,오재세,오현근,임지한,진근호,최정현,곽한훈,한시원,김영조,김왕도,박은철,이웅규,정승욱,김성호,김예원,김단비,김한솔,조석인,유재연,이재우,황필성"
과부댁 굴복 당한 옆집 누나,2026-04-08,한국,한국,주식회사 바나나픽쳐스,주식회사 바나나픽쳐스,청소년관람불가,"성인물(에로),드라마",,
그녀와의 떡정,2026-04-08,한국,한국,(주)영화사가을,(주)영화사가을,청소년관람불가,멜로/로맨스,,
금지된 서비스 : 유부녀 카렌의 음란한 타협,2026-04-06,일본,일본,,(주)코빈커뮤니케이션즈,청소년관람불가,성인물(에로),,
깨끗이 빨아준 세탁소 무삭제판,2026-04-10,일본,일본,,(주)영진크리에이티브,청소년관람불가,"성인물(에로),드라마,멜로/로맨스",,
나를 진정한 남자로 성장시켜준 친구엄마,2026-04-06,일본,일본,,(주)도키엔터테인먼트,청소년관람불가,성인물(에로),,
남편 친구인 자위대와 섹스,2026-04-11,일본,일본,,(주)도키엔터테인먼트,청소년관람불가,성인물(에로),,
남편에겐 못느낀다는 엄마친구의 유혹,2026-04-07,일본,일본,,(주)도키엔터테인먼트,청소년관람불가,성인물(에로),,
내 신부는 친구 엄마,2026-04-11,일본,일본,,(주)티씨알씨앤엠,청소년관람불가,성인물(에로),쇼오텐시로오,
노리개 가정부 길들이기,2026-04-11,일본,일본,,(주)도키엔터테인먼트,청소년관람불가,성인물(에로),,
대박 맛집의 비결 - 제가 맛있습니다,,한국,한국,와이제이스토리,와이제이스토리,청소년관람불가,성인물(에로),,
러닝의 목적,2026-04-10,한국,한국,(주)파랑새미디어,(주)영진크리에이티브,청소년관람불가,"성인물(에로),드라마,멜로/로맨스",이타치,
마사지로 적신 형수의 육체,2026-04-11,일본,일본,,(주)도키엔터테인먼트,청소년관람불가,성인물(에로),,
몸으로 치료비 갚는 단발녀,2026-04-12,일본,일본,,(주)도키엔터테인먼트,청소년관람불가,성인물(에로),,
미친 색기가 넘치는 바람핀 친구남편,2026-04-07,일본,일본,,(주)도키엔터테인먼트,청소년관람불가,성인물(에로),,
불륜으로 이어진 섹스 파트너,2026-04-06,일본,일본,,(주)코빈커뮤니케이션즈,청소년관람불가,성인물(에로),,
사내 섹파-회식후 함께 싼 사이,2026-04-10,일본,일본,,(주)영진크리에이티브,청소년관람불가,"성인물(에로),드라마,멜로/로맨스",,
상사와 자버린 아내를 본 남편,2026-04-11,일본,일본,,(주)도키엔터테인먼트,청소년관람불가,성인물(에로),,
새엄마 히로코짱과 마지막에 한번만 더 사랑하고,2026-04-06,일본,일본,,(주)도키엔터테인먼트,청소년관람불가,성인물(에로),,
새엄마가 연습상대로 내몸을 요구하다,2026-04-06,일본,일본,,(주)도키엔터테인먼트,청소년관람불가,성인물(에로),,
새엄마는 월 1회 나와의 정사를 원한다,2026-04-07,일본,일본,,(주)도키엔터테인먼트,청소년관람불가,성인물(에로),,
새엄마랑 키스는 괜히 해서,2026-04-12,일본,일본,,(주)도키엔터테인먼트,청소년관람불가,성인물(에로),,
새엄마를 무한절정으로 보내다,2026-04-06,일본,일본,,(주)도키엔터테인먼트,청소년관람불가,성인물(에로),,
새엄마와 처형의 차이,2026-04-12,일본,일본,,(주)도키엔터테인먼트,청소년관람불가,성인물(에로),,
새엄마의 겨드랑이 땀냄새에 흥분,2026-04-07,일본,일본,,(주)도키엔터테인먼트,청소년관람불가,성인물(에로),,
소개팅앱으로 몸을 판 신혼 아내,2026-04-11,일본,일본,,(주)도키엔터테인먼트,청소년관람불가,성인물(에로),,
소악마 미숙녀는 명기였다,2026-04-07,일본,일본,,(주)도키엔터테인먼트,청소년관람불가,성인물(에로),,
쉴틈없는 추격애무로 나를 말려놓는 새엄마,2026-04-06,일본,일본,,(주)도키엔터테인먼트,청소년관람불가,성인물(에로),,
시아버지에게 중독된 며느리 3,2026-04-12,일본,일본,,(주)티씨알씨앤엠,청소년관람불가,성인물(에로),,
아내의 상담은 성생활,2026-04-12,일본,일본,,(주)도키엔터테인먼트,청소년관람불가,성인물(에로),,
아빠는 야근이라며 천천히 하라는 새엄마,2026-04-06,일본,일본,,(주)도키엔터테인먼트,청소년관람불가,성인물(에로),,
아침부터 새엄마의 기승위에 당하다,2026-04-06,일본,일본,,(주)도키엔터테인먼트,청소년관람불가,성인물(에로),,
알바유부녀를 내침대에서 벗기다,2026-04-06,일본,일본,,(주)도키엔터테인먼트,청소년관람불가,성인물(에로),,
얄미운 사랑의 유부녀로,2026-04-12,일본,일본,,(주)도키엔터테인먼트,청소년관람불가,성인물(에로),,
엄마의 감춰진 본능 1,2026-04-11,일본,일본,,(주)티씨알씨앤엠,청소년관람불가,성인물(에로),,
엄마의 감춰진 본능 2,2026-04-11,일본,일본,,(주)티씨알씨앤엠,청소년관람불가,성인물(에로),,
온몸으로 병간호하는 며느리,2026-04-11,일본,일본,,(주)도키엔터테인먼트,청소년관람불가,성인물(에로),,
외로운 구멍 열어준 새엄마와 형수,2026-04-10,일본,일본,,(주)영진크리에이티브,청소년관람불가,"성인물(에로),드라마,멜로/로맨스",,
요리 유튜버인 유부녀와 사생팬,2026-04-11,일본,일본,,(주)도키엔터테인먼트,청소년관람불가,성인물(에로),,
욕구 터진 옆집여자-맘껏 싼 날,2026-04-10,일본,일본,,(주)영진크리에이티브,청소년관람불가,"성인물(에로),드라마,멜로/로맨스",,
욕정만 남은 장모와 사위의 동거,2026-04-10,일본,일본,,(주)영진크리에이티브,청소년관람불가,"성인물(에로),드라마,멜로/로맨스",,
유부녀 상사의 아랫도리 상담,2026-04-12,일본,일본,,(주)티씨알씨앤엠,15세이상관람가,성인물(에로),,
이사한 옆집이 전남편이라니,2026-04-11,일본,일본,,(주)도키엔터테인먼트,청소년관람불가,성인물(에로),,
일본의 야한 밤이야기,2026-04-07,일본,일본,,(주)도키엔터테인먼트,청소년관람불가,성인물(에로),아라키 타로,마리 리카
적극적인 형수와의 섹스,2026-04-11,일본,일본,,(주)도키엔터테인먼트,청소년관람불가,성인물(에로),,
전지적 새엄마 시점,2026-04-12,일본,일본,,(주)도키엔터테인먼트,청소년관람불가,성인물(에로),,
절친에게 배신당하고 모르는 남자와 원나잇하다,2026-04-07,일본,일본,,(주)도키엔터테인먼트,청소년관람불가,성인물(에로),,
죽을만큼 싫어하는 상사의 노리개,2026-04-08,일본,일본,,(주)영화사 사계절,청소년관람불가,멜로/로맨스,,
처음엔 실수 두번째는 자기가 원한 친구 엄마,2026-04-07,일본,일본,,(주)도키엔터테인먼트,청소년관람불가,성인물(에로),,
처형과 엄마친구의 정사,2026-04-12,일본,일본,,(주)도키엔터테인먼트,청소년관람불가,성인물(에로),,
초절정 슬로우 피스톨 - 레이짱,2026-04-07,일본,일본,,(주)도키엔터테인먼트,청소년관람불가,성인물(에로),코지마 유키오,아오키 레이
최강육덕 나호의 성레슨,2026-04-07,일본,일본,,(주)도키엔터테인먼트,청소년관람불가,성인물(에로),코지마 유키오,하즈키 나호
출장 중 봇물 터진 욕망 유부녀 상사,2026-04-12,일본,일본,,(주)티씨알씨앤엠,청소년관람불가,성인물(에로),,
출장 중 상사에게 다리 벌린 여사원,2026-04-12,일본,일본,,(주)티씨알씨앤엠,청소년관람불가,성인물(에로),,
출장 중 상사에게 털린 애인,2026-04-11,일본,일본,,(주)티씨알씨앤엠,청소년관람불가,성인물(에로),,
치한전철 치욕이 좋아,2026-04-06,일본,일본,,(주)도키엔터테인먼트,청소년관람불가,성인물(에로),,
친구아내와 불륜하다 골인,2026-04-11,일본,일본,,(주)도키엔터테인먼트,청소년관람불가,성인물(에로),,
태풍섹스 유부녀,2026-04-11,일본,일본,,(주)도키엔터테인먼트,청소년관람불가,성인물(에로),,
통통한 거유가 삼킨 섹스,2026-04-12,일본,일본,,(주)도키엔터테인먼트,청소년관람불가,성인물(에로),,
학부형 앞에서 벌리는 여선생,2026-04-12,일본,일본,,(주)도키엔터테인먼트,청소년관람불가,성인물(에로),,
한달에 한번 나의 침대에 새엄마,2026-04-06,일본,일본,,(주)도키엔터테인먼트,청소년관람불가,성인물(에로),,
"형수님, 한 번만 넣을게요",2026-04-06,일본,일본,,(주)코빈커뮤니케이션즈,청소년관람불가,성인물(에로),,
흥분하는 새아버지 만족시키기,2026-04-12,일본,일본,,(주)도키엔터테인먼트,청소년관람불가,성인물(에로),,
"나의 사랑, 나의 신부",1990-12-29,한국,한국,(주)삼호필림,,고등학생이상관람가,"드라마,코미디",이명세,"박중훈,최진실,최종원,김보연,윤문식,권병길"
매혹당한 사람들,2017-09-06,미국,미국,,유니버설픽쳐스인터내셔널 코리아(유),15세이상관람가,"스릴러,드라마",소피아 코폴라,"니콜 키드먼,앵거리 라이스,커스틴 던스트,엘르 패닝,콜린 파렐"
일대종사,2013-08-22,중국,중국,,CGV아트하우스,12세이상관람가,"액션,드라마",왕가위,"양조위,장쯔이,송혜교,장첸"
캐빈 인 더 우즈,2012-06-28,미국,미국,,롯데쇼핑㈜롯데엔터테인먼트,청소년관람불가,"공포(호러),스릴러",드류 고다드,"크리스 헴스워스,크리스틴 코놀리,안나 허치슨,프란 크랜즈,제시 윌리엄스,리차드 젠킨스"
형사 Duelist,2005-09-08,한국,한국,웰메이드엔터테인먼트,코리아픽쳐스(주),12세관람가,"멜로/로맨스,액션",이명세,"강동원,안성기,하지원,장민,함성원,이동렬,이상태,김성언,박민석,장민영,박세환,박승호,김신용,이응재,송영창,김준배,김보연,서동수,윤주상,박명신,박수영,변상윤"
쉘터,2026-04-15,미국,미국,,(주)누리픽쳐스,15세이상관람가,"액션,스릴러",릭 로먼 워,"제이슨 스타뎀,보디 레이 브레스낙"
트루먼 쇼,1998-10-24,미국,미국,파라마운트 픽쳐스,"롯데컬처웍스(주)롯데시네마,주식회사 해리슨앤컴퍼니","12세이상관람가,15세 미만인 자는 관람할 수 없는 등급","드라마,코미디,판타지",피터 위어,"짐 캐리,에드 해리스"
"극장판 총집편 걸즈 밴드 크라이 있잖아, 미래.",2026-04-16,일본,일본,,(주)애니플러스,12세이상관람가,애니메이션,사카이 카즈오,
셰이프 오브 워터: 사랑의 모양,2018-02-22,미국,미국,,"이십세기폭스코리아(주),월트디즈니컴퍼니코리아 유한책임회사",청소년관람불가,"어드벤처,판타지",기예르모 델 토로,"샐리 호킨스,마이클 섀넌,리차드 젠킨스,더그 존스,마이클 스털버그,옥타비아 스펜서"
슈퍼 마리오 갤럭시,2026-04-29,미국,미국,,유니버설픽쳐스인터내셔널 코리아(유),전체관람가,애니메이션,"아론 호바스,마이클 젤레닉","크리스 프랫,안야 테일러 조이,잭 블랙,찰리 데이,브리 라슨"
르세라핌 브이알 콘서트 : 인비테이션,2026-04-15,한국,한국,,(주)어메이즈브이알코리아,전체관람가,드라마,이미경,
리 크로닌의 미이라,2026-04-22,미국,미국,,워너브러더스 코리아(주),청소년관람불가,공포(호러),리 크로닌,"잭 레이너,라이아 코스타"
세계를 그대 품안에,,미국,미국,,,,"액션,어드벤처",라울 월쉬,"앤 블리스,그레고리 펙"
르누아르,2026-04-22,일본,"일본,프랑스",,메가박스중앙(주),12세이상관람가,드라마,하야카와 치에,"스즈키 유이,이시다 히카리,릴리 프랭키,카와이 유미"
올 그린스,2026-05-06,일본,일본,,와이드 릴리즈(주),청소년관람불가,"드라마,범죄",,"미나미 사라,요시다 미즈키"
원 오크 록 디톡스 투어 인 시네마,2026-04-22,한국,한국,,씨제이포디플렉스 주식회사,전체관람가,공연,,
지킬 박사와 하이드,,미국,미국,,,,"드라마,공포(호러),SF",빅터 플레밍,"스펜서 트레이시,잉그리드 버그만"
관념의 남자 김철수,2026-04-22,한국,한국,(주)타이거시네마,영화로운 형제,12세이상관람가,"가족,코미디,드라마","이재리,차시윤","김용재,차시윤,이재리,전홍비,박장면,박용수,유철,박창순"
붉은 10월의 반란 파트 2,2026-04-17,기타,기타,,TCO(주)더콘텐츠온,15세이상관람가,"액션,드라마,전쟁",,
공기살인,2022-04-22,한국,한국,"(주)마스터원엔터테인먼트,TCO(주)더콘텐츠온","TCO(주)더콘텐츠온,씨제이 씨지브이(CJ CGV)(주)",12세이상관람가,드라마,조용선,"김상경,이선빈,윤경호,서영희,장혁진,김정태,송영규,이지훈,이유준,정호빈,장광,성병숙,정의갑,김영웅,조서후,차정환,김하언,서윤,이미라,황만익,장해송,이정민,조수하,심완준,홍도성,이용준,이필라,이재환,이지현,우가은,정시율,박노아,남명렬,김동용,신삼봉,유지수,유병선,김현지,조유진,이가경,김형준,이효제,김민광,이지인,배유리,이상구,임정운,김경식,이시우,김서원,이대한,최성아,진선미,강태우,윤정열,노정현,곽산"
미녀와 교수,,미국,미국,,,,"멜로/로맨스,코미디",하워드 혹스,"게리 쿠퍼,바바라 스탠윅,오스카 호몰카"
심패티 포 데블,2026-04-15,미국,"미국,네덜란드,영국",,주식회사 풍경소리,15세이상관람가,"액션,스릴러",유발 애들러,"니콜라스 케이지,조엘 킨나만"
서울독립영화제 순회상영회 인디피크닉2026 단편2: 계절의 여백,,한국,한국,,,,"드라마,애니메이션",,
서울독립영화제 순회상영회 인디피크닉2026 단편3: 불협의 하모니,,한국,한국,,,,"드라마,애니메이션",,
제너럴,,미국,미국,,,전체관람가,"코미디,멜로/로맨스,전쟁","버스터 키튼,클라이드 브루크맨","버스터 키튼,마리온 맥"
서울독립영화제 순회상영회 인디피크닉2026 단편4: 일상의 온도,,한국,한국,,,,"드라마,애니메이션",,
사도,2015-09-16,한국,한국,(주)타이거픽쳐스,(주)쇼박스,12세이상관람가,사극,이준익,"이용도,송강호,유아인,문근영,전혜진,김해숙,박원상,진지희,박소담,서예지,이효제,곽동호,최희영,정호,이현철,김상훈,이민혜,김경원,김대환,김민규,양지혜,안현숙,김우진,이대연,최덕문,정석용,최민철,안정우,조승연,차순배,박명신,박윤호,권범택,김서원,안태훈"
우리의 환대,,미국,미국,,,,기타,"존 G. 브라이스톤,버스터 키튼",
서울독립영화제 순회상영회 인디피크닉2026 단편6: 기억의 방향,,한국,한국,,,,"드라마,애니메이션",,
서울독립영화제 순회상영회 인디피크닉2026 단편5: 불안의 구조,,한국,한국,,,,"드라마,애니메이션",,
이어달리기,,한국,한국,,(주)시네마달,,다큐멘터리,고효주,"김동수,김형숙,김예람,김예나"
일곱 번의 기회,,미국,미국,,,,"코미디,가족,멜로/로맨스",버스터 키튼,
세 가지 시대,,미국,미국,,,,기타,"버스터 키튼,에드워드 F. 클라인",
항해자,,미국,미국,,,,드라마,"버스터 키튼,도날드 크리스프",
"(로컬픽, 시간과 빛) 말과 여백사이",,한국,한국,,,,드라마,,
서울독립영화제 순회상영회 인디피크닉2026 단편1: 도시의 맥박,,한국,한국,,,,"드라마,다큐멘터리,애니메이션",,
세월호 참사 12주기 추모 상영회 단편 섹션,,한국,한국,,,,드라마,,
"오, 사랑",,한국,한국,,,,다큐멘터리,김응수,
간통부부-임신까지 허락해,2026-04-13,일본,일본,,(주)영진크리에이티브,청소년관람불가,"성인물(에로),드라마,멜로/로맨스",,
갚으려 벌리는 발정 육덕녀,2026-04-13,일본,일본,,(주)도키엔터테인먼트,청소년관람불가,성인물(에로),,
격정적으로 맛보는 며느리,2026-04-13,일본,일본,,(주)도키엔터테인먼트,청소년관람불가,성인물(에로),,
공유마누라-임신까지 각오,2026-04-14,일본,일본,,(주)영진크리에이티브,청소년관람불가,"성인물(에로),드라마,멜로/로맨스",,
길거리 설문조사에 응한 미숙녀,2026-04-13,일본,일본,,(주)도키엔터테인먼트,청소년관람불가,성인물(에로),,
길에서 주운 동정남 따먹는 아줌마,2026-04-14,일본,일본,,(주)영진크리에이티브,청소년관람불가,"성인물(에로),드라마,멜로/로맨스",,
나를 용서해 아침마다 모텔로 출근한 내 아내,2026-04-17,일본,일본,,(주)빅콘미디어,청소년관람불가,성인물(에로),,토노 미호
노처녀 상사 아랫도리 달래주기,2026-04-15,일본,일본,,(주)티씨알씨앤엠,청소년관람불가,성인물(에로),드래곤 니시카와,
돌싱 친구 엄마 욕정 길들이기,2026-04-15,일본,일본,,(주)티씨알씨앤엠,청소년관람불가,성인물(에로),,
마사지 맛에 활짝 열린 가랑이,2026-04-14,일본,일본,,(주)영진크리에이티브,청소년관람불가,"성인물(에로),드라마,멜로/로맨스",,
마사지 받다 삽입까지 허락,2026-04-14,일본,일본,,(주)영진크리에이티브,청소년관람불가,"성인물(에로),드라마,멜로/로맨스",,
마사지 받다가 황홀경 느낀 동거녀,2026-04-16,일본,일본,,(주)티씨알씨앤엠,청소년관람불가,성인물(에로),,
마사지사가 된 발정 난 유부녀,2026-04-13,일본,일본,,(주)티씨알씨앤엠,청소년관람불가,성인물(에로),,
맷돌 돌리는 친구 엄마,2026-04-15,일본,일본,,(주)티씨알씨앤엠,청소년관람불가,성인물(에로),,
며느리 구멍-드디어 집어넣었다,2026-04-13,일본,일본,,(주)영진크리에이티브,청소년관람불가,"성인물(에로),드라마,멜로/로맨스",,
모범섹스 오일정사로,2026-04-13,일본,일본,,(주)도키엔터테인먼트,청소년관람불가,성인물(에로),,
몸매 좋고 젖큰 장모,2026-04-13,일본,일본,,(주)영진크리에이티브,청소년관람불가,"성인물(에로),드라마,멜로/로맨스",,
상사 아내 섹파 만들기,2026-04-14,일본,일본,,(주)티씨알씨앤엠,청소년관람불가,성인물(에로),,
선배 아내와 시간이 되는한 마음껏 풀섹스,2026-04-13,일본,일본,,(주)도키엔터테인먼트,청소년관람불가,성인물(에로),,
성인배우 첫 연기도전,2026-04-13,일본,일본,,(주)도키엔터테인먼트,청소년관람불가,성인물(에로),,
시아버지에게 중독된 며느리 4,2026-04-13,일본,일본,,(주)티씨알씨앤엠,청소년관람불가,성인물(에로),드래곤 니시카와,
시아버지에게 중독된 며느리 5,2026-04-14,일본,일본,,(주)티씨알씨앤엠,청소년관람불가,성인물(에로),,
얌전한 여자가 남자에 눈뜰 때,2026-04-14,일본,일본,,(주)티씨알씨앤엠,청소년관람불가,성인물(에로),사다오카 사다오,카와카미 나나미
엄마의 감춰진 본능 3,2026-04-13,일본,일본,,(주)티씨알씨앤엠,청소년관람불가,성인물(에로),,모리사와 카나
옛 스승에게 가랑이 털려버린 유부녀,2026-04-16,일본,일본,,(주)티씨알씨앤엠,청소년관람불가,성인물(에로),,
유부녀 매만지며 먹는 맛,2026-04-13,일본,일본,,(주)도키엔터테인먼트,청소년관람불가,성인물(에로),,
음탕한 의붓 엄마의 야릇한 보상,2026-04-13,일본,일본,,(주)도키엔터테인먼트,청소년관람불가,성인물(에로),,
이상한 마사지샵에 출근하게 된 그녀의 사연,2026-04-17,한국,"한국,일본",,(주)빅콘미디어,청소년관람불가,성인물(에로),,하츠미 사키
정력남 손님 만나 절정 느낀 유부녀 마사지사,2026-04-16,일본,일본,,(주)티씨알씨앤엠,청소년관람불가,성인물(에로),,
젖어버린 여사장,2026-04-13,일본,일본,,(주)코빈커뮤니케이션즈,청소년관람불가,성인물(에로),,
젖큰 새엄마 아들 꼬셔 땀샘 폭발,2026-04-13,일본,일본,,(주)영진크리에이티브,청소년관람불가,"성인물(에로),드라마,멜로/로맨스",,
출장 중 상사가 다리 벌린 유부녀 사원,2026-04-14,일본,일본,,(주)티씨알씨앤엠,청소년관람불가,성인물(에로),카즈마,
친구 엄마 섹파 만들기,2026-04-15,일본,일본,,(주)티씨알씨앤엠,청소년관람불가,성인물(에로),,
친구 엄마의 꿀 바디 온몸 간병,2026-04-13,일본,일본,,(주)티씨알씨앤엠,청소년관람불가,성인물(에로),,
친구엄마와 아내친구사이,2026-04-13,일본,일본,,(주)도키엔터테인먼트,청소년관람불가,성인물(에로),,
대 고비 사막의 수호자,,몽고,몽고,,,,"멜로/로맨스,드라마",,
시어머니,,몽고,몽고,,,,다큐멘터리,,
아버지,,몽고,몽고,,,,드라마,,
위대한 레보스키,1998-10-24,미국,"미국,영국",폴리그램 필름드 엔터테인먼트,,18세 미만인 자는 관람할 수 없는 등급,"코미디,미스터리,범죄",조엘 코엔,"존 굿맨,제프 브리지스"
위커맨,,미국,"미국,독일,캐나다",,,15세이상관람가,"공포(호러),미스터리",닐 라부티,"니콜라스 케이지,엘렌 버스틴,몰리 파커"
장가가는 길,,몽고,몽고,,,,스릴러,,
기동전사 건담: 섬광의 하사웨이 키르케의 마녀,2026-04-22,일본,일본,,(주)미디어캐슬,15세이상관람가,애니메이션,무라세 슈코,
기동전사 건담: 섬광의 하사웨이,2026-04-24,일본,일본,,(주)미디어캐슬,15세이상관람가,애니메이션,무라세 슈코,오노 켄쇼
극장판 반짝반짝 달님이: 싱어롱 파티,2026-05-01,한국,한국,(주)선우앤컴퍼니,(주)선우앤컴퍼니,전체관람가,애니메이션,"이병직,송인욱",
잃어버린 마음을 찾아서,,한국,한국,,,,드라마,,
안데르센,,,,,,,,,
사토상과 사토상,2026-04-29,일본,일본,,(주)엣나인필름,12세이상관람가,드라마,,"키시이 유키노,미야자와 히오"
비발디와 나,2026-04-29,이탈리아,이탈리아,,해피송,12세이상관람가,드라마,다미아노 미키엘레토,미켈레 리온디노
0.5mm,,일본,일본,,,,드라마,안도 모모코,
머니볼,2011-11-17,미국,미국,,한국소니픽쳐스릴리징브에나비스타영화㈜,12세이상관람가,드라마,베넷 밀러,"조나 힐,브래드 피트"
이방인,,프랑스,프랑스,,,,"범죄,드라마",프랑수아 오종,
잠,2023-09-06,한국,한국,(주)루이스 픽쳐스,롯데컬처웍스(주)롯데엔터테인먼트,15세이상관람가,미스터리,유재선,"정유미,이선균,김금순,이동찬,김국희,이경진,윤경호,박현정,오윤수,홍하나임"
킹메이커,2022-01-26,한국,한국,(주)씨앗필름,메가박스중앙(주) 플러스엠 엔터테인먼트,15세이상관람가,드라마,변성현,"설경구,이선균,유재명,조우진,박인환,이해영,김성오,전배수,서은수,김종수,윤경호,김새벽,정재성,배종옥,진선규,이재원,김지훈,김주령,장인섭,윤세웅,서상원,허동원,김재화,최광제,윤사봉,이동용,최선규,홍현종,이지호,남승화,정수지,백익남,정우혁,곽동현,문정대,오봄길,송요셉,천재홍,성일,손경원,박세준,안동구,고동업,이동희,박찬규,이상택,김귀선,전현숙,김병철,조현숙,김두은,장예진,양진억,이화룡,마정필,김규인,류연수,곽자형,강홍렬,김동현,이서환,김진모,류대식,구민혁,유승일,전필재,나현민,박재현,선우,김미진,고재경,윤소담,김도영,석승훈,이규창,김경일,김병철,김용,박준형,이진호,장다은,장지연,정해은,전성원,허성재,임승민"
플래닛 어스 : 대자연의 힘,2026-04-22,영국,영국,,"(주)엘지유플러스,(주)씨네필운",전체관람가,다큐멘터리,,이청아
파티마가 사랑한 계절,2026-05-13,프랑스,프랑스,,찬란,15세이상관람가,"드라마,멜로/로맨스",합시아 헤지,박지민
케이프 피어,,미국,미국,,,,스릴러,J. 리 톰슨,"그레고리 펙,폴리 버겐,로버트 미첨"
그랑다르슈의 이름 없는 남자,,프랑스,"프랑스,덴마크",,,,드라마,,
밤과 낮 사이,,이탈리아,"이탈리아,미국",,,,"액션,전쟁,드라마",누날리 존슨,"에바 가드너,더크 보가드"
잃어버린 봄,,프랑스,프랑스,,,,기타,알랭 마자르,
아르토의 땅에서,,프랑스,"프랑스,기타",,,,드라마,,
놉,2022-08-17,미국,미국,,유니버설픽쳐스인터내셔널 코리아(유),12세이상관람가,"미스터리,공포(호러)",조던 필,"다니엘 칼루야,키키 팰머,스티븐 연,마이클 윈콧,브랜든 페레아"
로메리아,2026-05-27,스페인,스페인,,"엠엔엠인터내셔널(주),(주)레드아이스 엔터테인먼트",청소년관람불가,"드라마,멜로/로맨스",카를라 시몬,
리브 원 데이,2026-06-24,프랑스,프랑스,,판씨네마(주),15세이상관람가,멜로/로맨스,,
[낫띵벗필름] 김시은-들꽃 가득 핀 언덕에 앉아,,한국,한국,,,,"드라마,멜로/로맨스",,
마루타 디 오리지널: 살인공창,1991-12-19,홍콩,홍콩,,"주식회사 콘텐츠존,(주)다자인소프트","고등학생이상관람가,청소년관람불가","드라마,공포(호러)",하지강,"주강,양완정"
그녀의 뜻이 이루어질지어다,,프랑스,"프랑스,폴란드",,,,드라마,,
사랑의 노래를 불러줘,,프랑스,프랑스,,,,드라마,,
살며시 안아주세요,,프랑스,프랑스,,,,"드라마,코미디",마르크 알레그레트,"밀레느 드몽죠,헨리 비달"
신극장판 은혼: 요시와라 대염상,2026-05-20,일본,일본,,(주)넥스트엔터테인먼트월드(NEW),15세이상관람가,애니메이션,,"스기타 토모카즈,사카구치 다이스케,쿠기미야 리에"
"환송대, 다섯 번째 샷",,프랑스,프랑스,,,,다큐멘터리,,
아니말,,프랑스,"프랑스,벨기에,사우디아라비아",,,,드라마,,
그 후,2017-07-06,한국,한국,(주)영화제작전원사,"(주)영화제작전원사 ,(주)콘텐츠판다",청소년관람불가,드라마,홍상수,"권해효,김민희,김새벽,강태우,박예주"
소년 하나 둘 셋,,프랑스,프랑스,,,,드라마,,
4월 수요단편극장,,한국,한국,,,,기타,,
오시리스,2026-04-23,미국,미국,,(주)스튜디오디에이치엘,15세이상관람가,"SF,액션,공포(호러)",윌리엄 카우프먼,"린다 해밀턴,브리아나 힐데브란드"
돌핀 팬츠 입고 유혹하는 옆집녀,2026-04-22,한국,한국,(주)샤이커뮤니케이션즈,(주)샤이커뮤니케이션즈,청소년관람불가,성인물(에로),,
몸으로 위로해 달라는 여대생,2026-04-24,한국,한국,(주)샤이커뮤니케이션즈,(주)샤이커뮤니케이션즈,청소년관람불가,성인물(에로),,
엉덩이 큰 여선생의 유혹,2026-04-23,한국,한국,(주)샤이커뮤니케이션즈,(주)샤이커뮤니케이션즈,청소년관람불가,성인물(에로),,
여친 몰래 빨아준 옆집여자,2026-04-23,한국,한국,(주)샤이커뮤니케이션즈,(주)샤이커뮤니케이션즈,청소년관람불가,성인물(에로),,
이제 20살이 됐다는 음란녀,2026-04-22,한국,한국,(주)샤이커뮤니케이션즈,(주)샤이커뮤니케이션즈,청소년관람불가,성인물(에로),,
터질 듯한 야한 몸매의 여선배,2026-04-24,한국,한국,(주)샤이커뮤니케이션즈,(주)샤이커뮤니케이션즈,청소년관람불가,성인물(에로),,
제43회 부산국제단편영화제 오퍼레이션 키노 2,,한국,한국,,,,다큐멘터리,,
서브멀전스,,프랑스,프랑스,,,15세이상관람가,"드라마,멜로/로맨스,스릴러",빔 벤더스,"제임스 맥어보이,알리시아 비칸데르"
제43회 부산국제단편영화제 오퍼레이션 키노 1,,한국,한국,,,,다큐멘터리,,
민들레 오디세이,,프랑스,"프랑스,벨기에",,,,애니메이션,,
10년,2019-12-12,일본,일본,,(주)디오시네마,전체관람가,드라마,이시카와 케이,"스기사키 하나,이케와키 치즈루,타이가"
제43회 부산국제단편영화제 국제경쟁 1,,기타,기타,,,,드라마,,
바람난 가족,2003-08-14,한국,한국,(주)명필름,영화사청어람(주),18세관람가,드라마,임상수,"문소리,황정민,윤여정,김인문,봉태규,백정림,성지루,남수진,조방현,박준식,배지선,유승영,유정희,인애순,정상호,정찬호,정우,이인철,조덕제,김병춘,박길수,이봉규,김여진,김응수,주부진,원근희"
제43회 부산국제단편영화제 국제경쟁 6,,기타,기타,,,,"드라마,애니메이션",,
제43회 부산국제단편영화제 국제경쟁 3,,기타,기타,,,,드라마,,
제43회 부산국제단편영화제 국제경쟁 5,,기타,기타,,,,드라마,,
10년만에 찾아온 타락교사에게 길들여진 처자,2026-04-24,일본,일본,,(주)나우콘텐츠,청소년관람불가,"드라마,성인물(에로)",니쿠손,
거리의 음악가 땀 냄새 아저씨와 섹스,2026-04-21,일본,일본,,(주)씨맥스커뮤니케이션즈,청소년관람불가,성인물(에로),,
나도 잊어버린 아저씨의 대물,2026-04-21,일본,일본,,(주)씨맥스커뮤니케이션즈,청소년관람불가,성인물(에로),,
남자들이여 줄 때 먹어라,2026-04-22,한국,한국,(주)영화사가을,(주)영화사가을,청소년관람불가,멜로/로맨스,,
남편을 위해 사장님과 내연 계약한 아내,2026-04-24,일본,일본,,(주)나우콘텐츠,청소년관람불가,"드라마,성인물(에로)",키토루네 가와구치,
남편의 영정 앞에서 몇번이나 가버린 미망인,2026-04-24,일본,일본,,(주)나우콘텐츠,청소년관람불가,"드라마,성인물(에로)",키토루네 가와구치,
동정 꿀 빨고 눈 돌아간 유부녀,2026-04-21,일본,일본,,(주)씨맥스커뮤니케이션즈,청소년관람불가,성인물(에로),,
물 다 튀기는 고래 경리부 그 여자,2026-04-21,일본,일본,,(주)씨맥스커뮤니케이션즈,청소년관람불가,성인물(에로),,
민박집에서 젖어버린 여대생,2026-04-21,일본,일본,,(주)씨맥스커뮤니케이션즈,청소년관람불가,성인물(에로),,
분홍색 벚꽃을 핥은 남자,2026-04-21,일본,일본,,(주)씨맥스커뮤니케이션즈,청소년관람불가,성인물(에로),,
사업실패한 아내의 버릇섹스,2026-04-20,일본,일본,,(주)도키엔터테인먼트,청소년관람불가,성인물(에로),,
새아들과의 끝없는 번식본능,2026-04-24,일본,일본,,(주)영진크리에이티브,청소년관람불가,"멜로/로맨스,드라마",,
새아들의 성욕치료,2026-04-20,일본,일본,,(주)도키엔터테인먼트,청소년관람불가,성인물(에로),,
새엄마 몸 속에 짜내버린 체액,2026-04-24,일본,일본,,(주)영진크리에이티브,청소년관람불가,"멜로/로맨스,드라마",,
섹스 내기에 걸린 풍만한 아내,2026-04-20,일본,일본,,(주)도키엔터테인먼트,청소년관람불가,성인물(에로),,
손대면 벌어지는 음탕한 마사지 무삭제,2026-04-22,일본,일본,,(주)코빈커뮤니케이션즈,청소년관람불가,성인물(에로),,
싫어하는 시아버지에게 매일 봉사하는 아내,2026-04-24,일본,일본,,(주)나우콘텐츠,청소년관람불가,"드라마,성인물(에로)",키무라 히로유키,
싫어하는 전 남친에 속아 쾌락에 빠진 약혼녀,2026-04-24,일본,일본,,(주)나우콘텐츠,청소년관람불가,"드라마,성인물(에로)",미시마 로쿠사부로,
싱글맘 욕정 달래준 대학생,,일본,일본,,,청소년관람불가,성인물(에로),,
씨 없는 남편 앞에서 대물을 맛본 아내,2026-04-24,일본,일본,,(주)영진크리에이티브,청소년관람불가,"멜로/로맨스,드라마",,
아래가 흠뻑 젖은 엄마친구,2026-04-24,한국,한국,스마일컨텐츠,스마일컨텐츠,청소년관람불가,성인물(에로),성기만,
약점 잡혀 동료교사에게 마구 가버린 여교사,2026-04-24,일본,일본,,(주)나우콘텐츠,청소년관람불가,"드라마,성인물(에로)",미시마 로쿠사부로,
업소출신 누나 친구,2026-04-20,일본,일본,,(주)코빈커뮤니케이션즈,청소년관람불가,성인물(에로),,
옆집 중년 남자의 물건을 원하는 슬렌더 아내,2026-04-24,일본,일본,,(주)나우콘텐츠,청소년관람불가,"드라마,성인물(에로)",,
입안에서 섞어주는 바텐더,2026-04-21,일본,일본,,(주)씨맥스커뮤니케이션즈,청소년관람불가,성인물(에로),,
재회 : 성욕 처리 전 여친,2026-04-20,일본,일본,,(주)코빈커뮤니케이션즈,청소년관람불가,성인물(에로),,
제자의 성욕을 몇번이고 받아주는 거유 여선생,2026-04-24,일본,일본,,(주)나우콘텐츠,청소년관람불가,"드라마,성인물(에로)",,
처녀보다 주름진 유부녀 사타구니,2026-04-21,일본,일본,,(주)씨맥스커뮤니케이션즈,청소년관람불가,성인물(에로),,
체액 범벅 아저씨에 빠진 슬렌더 처자,2026-04-24,일본,일본,,(주)나우콘텐츠,청소년관람불가,"드라마,성인물(에로)",미시마 로쿠사부로,
출장 업소를 다니는 거유 여친의 속사정,2026-04-24,일본,일본,,(주)나우콘텐츠,청소년관람불가,"드라마,성인물(에로)",키토루네 가와구치,
편의점 냉장고 뒤에서 빨아준 유부녀,2026-04-21,일본,일본,,(주)씨맥스커뮤니케이션즈,청소년관람불가,성인물(에로),,
뻐꾸기둥지위로 날아간 새,1977-09-17,미국,미국,,,,드라마,밀로스 포만,"잭 니콜슨,루이스 플레처,시드니 라식"
일 포스티노,1996-03-09,이탈리아,"이탈리아,프랑스",체키고리그룹 타이거키네마토그라피카,(주)영화사 진진,"고등학생이상관람가,15세이상관람가","드라마,코미디,멜로/로맨스",마이클 래드포드,"필립 느와레,마시모 트로이시"
악마는 프라다를 입는다 2,2026-04-29,미국,미국,,월트디즈니컴퍼니코리아 유한책임회사,12세이상관람가,드라마,데이빗 프랭클,"메릴 스트립,앤 해서웨이,에밀리 블런트,스탠리 투치"
사랑의 하츄핑 특별판,2026-05-01,한국,한국,(주)에스에이엠지엔터테인먼트,(주)바이포엠스튜디오,전체관람가,애니메이션,김수훈,
마이클,2026-05-13,미국,미국,,유니버설픽쳐스인터내셔널 코리아(유),12세이상관람가,드라마,안톤 후쿠아,"자파 잭슨,니아 롱,로라 해리어,줄리아노 크루 발디,마일즈 텔러,콜먼 도밍고"
달걀 원정대,2026-04-29,미국,미국,,"(주)드림팩트엔터테인먼트,(주)태양미디어그룹",12세이상관람가,드라마,,
훈련사,2026-05-13,한국,한국,한국영화아카데미,(주)마노엔터테인먼트,12세이상관람가,스릴러,서은선,"최승윤,김승화,오정환,주예린,김다솔,변중희,장재희,이채유"
파티마의 기적,,미국,미국,,,,드라마,존 브라함,"길버트 롤랜드,안젤라 클라크"
그림자 내각,2026-06-25,한국,한국,,주식회사 블루필름웍스,12세이상관람가,"다큐멘터리,드라마",,
피카소. 파리에서의 반란,2026-04-29,이탈리아,이탈리아,,일미디어,15세이상관람가,기타,,
와일드 씽,2026-06-03,한국,한국,(주)어바웃필름,롯데컬처웍스(주)롯데엔터테인먼트,12세이상관람가,코미디,손재곤,"강동원,엄태구,박지현,오정세,안현호,최동구,박성현,강기영,신하균,공명,정순원,김기천,허준석,양현민,윤시아,변동욱,백선혜,안진희,박신형,조태일,김동용,우기홍,민정은,한명현,김창섭,이원태,차완호,최소연,배윤,김무섭,양재희,이민구,노윤우,현서리,최효영,박준용,하경한,정윤철,김윤수,한국남,황진아,홍단비"
펀치 드렁크 러브,2003-05-08,미국,미국,콜럼비아트라이스타,콜럼비아트라이스타,15세관람가,"멜로/로맨스,코미디",폴 토마스 앤더슨,"아담 샌들러,에밀리 왓슨"
모탈 컴뱃 2,2026-05-06,미국,미국,,워너브러더스 코리아(주),청소년관람불가,"액션,어드벤처,판타지",,"칼 어번,루디 린,제시카 맥나미,조 타슬림"
안젤름,2026-05-13,독일,독일,,(주)에무필름즈,전체관람가,다큐멘터리,빔 벤더스,
그녀가 돌아온 날,2026-05-06,한국,한국,(주)영화제작전원사,"(주)영화제작전원사 ,(주)콘텐츠판다",15세이상관람가,드라마,홍상수,"송선미,조윤희,박미소,김선진,오윤수,강소이,하성국,신석호"
매그놀리아,2000-04-15,미국,미국,뉴라인 시네마,,18세관람가,드라마,폴 토마스 앤더슨,"톰 크루즈,멜린다 딜런,줄리안 무어,제이슨 로바즈"
데어 윌 비 블러드,2008-03-06,미국,미국,,한국소니픽쳐스릴리징브에나비스타영화㈜,15세이상관람가,"스릴러,드라마",폴 토마스 앤더슨,"폴 다노,다니엘 데이 루이스"
밤은 돌아오지 않는다,,미국,미국,,,,드라마,헨리 킹,"제니퍼 존스,제이슨 로바즈"
아라벨라,,미국,미국,,,,공연,,
인히어런트 바이스,,미국,미국,,워너브러더스 코리아(주),,코미디,폴 토마스 앤더슨,"리즈 위더스푼,지나 말론"
고집쟁이 딸,,영국,영국,,(주)위즈온센,,공연,,
로그북,2021-11-24,한국,한국,복미디어,시네마 뉴원,전체관람가,다큐멘터리,복진오,"강유성,황병주,한재명,백인탁"
도미니크 곤잘레스 포에스터 - 관계적 순간들,,기타,기타,,,,기타,,
회색 양복을 입은 사나이,,미국,미국,,,,"드라마,전쟁",누날리 존슨,"그레고리 펙,제니퍼 존스"
샤오피 이야기,,대만,대만,,,,드라마,,
샌드위치 맨,,대만,대만,,,,드라마,허우 샤오시엔,
유마채자,,대만,대만,,,,드라마,,
벗겨진 친구 아내 무삭제,2026-04-27,일본,일본,,(주)코빈커뮤니케이션즈,청소년관람불가,성인물(에로),,
사위 사랑은 장모 5,2026-04-30,한국,한국,(주)영화사가을,(주)영화사가을,청소년관람불가,멜로/로맨스,,
새로운 자극이 필요한 커플 교환 섹스,2026-04-28,한국,한국,와이제이스토리,와이제이스토리,청소년관람불가,성인물(에로),,
아내 몰래 커피숍 직원과 불륜의 밤,2026-04-27,일본,일본,,(주)두리컴미디어,청소년관람불가,성인물(에로),,
업소출신 동창생의 프로패셔널 성교,2026-04-28,일본,일본,,(주)두리컴미디어,청소년관람불가,성인물(에로),,
여비서 : 그 놈들의 못쓸 짓,2026-04-29,일본,일본,,(주)영화사 사계절,청소년관람불가,멜로/로맨스,,
잘하는 여자 : 섹스가 제일 중요해,2026-04-29,한국,한국,(주)영화사가을,(주)영화사가을,청소년관람불가,멜로/로맨스,,
잡것들,2026-04-27,한국,한국,(주)룬컴퍼니,(주)룬컴퍼니,청소년관람불가,드라마,안해영,"민도윤,임초희"
"형부, 위로해 줘!",2026-04-27,한국,한국,(주)룬컴퍼니,(주)룬컴퍼니,청소년관람불가,드라마,안해영,
힘들게 사는 미혼모 유부남과 밀애,2026-04-27,일본,일본,,(주)두리컴미디어,청소년관람불가,성인물(에로),,
빌리 아일리시 - 히트 미 하드 앤드 소프트: 더 투어,2026-05-06,미국,미국,파라마운트 픽쳐스,롯데컬처웍스(주)롯데엔터테인먼트,12세이상관람가,공연,"제임스 카메론,빌리 아일리시",빌리 아일리시
피어스,2026-05-13,싱가포르,"싱가포르,대만,폴란드",,(주)영화특별시에스엠씨,12세이상관람가,"드라마,스릴러",,
너바나 더 밴드 : 전설적 밴드 ‘너바나’와는 별 관련 없는 ‘너바나 더 밴드’의 콤비 맷과 제이. 어느 날 공연을 위해 타임머신을 만드는 황당한 작전을 세우고 처음 만났던 17년 전으로 돌,2026-05-20,캐나다,캐나다,,"그린나래미디어(주),(주)레드아이스 엔터테인먼트",12세이상관람가,"코미디,어드벤처,SF",맷 존슨,맷 존슨
환상의 빛,2016-07-07,일본,일본,,"스튜디오 초이스 주식회사,주식회사 씨네룩스",15세이상관람가,드라마,고레에다 히로카즈,"마키코 에수미,나이토 타카시,아사노 타다노부"
한복 입은 남자,2026-05-21,한국,한국,(주)박스미디어,주식회사 블루필름웍스,12세이상관람가,"사극,미스터리",,
동년왕사,,대만,대만,,,,드라마,허우 샤오시엔,티엔 펭
도쿄가,,서독,서독,,(주)에무필름즈,,기타,빔 벤더스,
소년,,일본,일본,,,,드라마,오시마 나기사,와타나베 후미오
굿바이 싱글,2016-06-29,한국,한국,"호두앤유 엔터테인먼트(주),(주)영화사람",(주)쇼박스,15세이상관람가,"코미디,드라마",김태곤,"김혜수,마동석,김현수,김용건,서현진,곽시양,전석호,이미도,이성민,황미영,이형미,박지영,정준화,유성진,윤환,이수경,최문석,홍민희,김근영,안재홍,황승언,김고은,목규리,이선빈,배유람,정원중,강찬희,송철호,임영우,이지혜"
불안,2005-06-10,포르투갈,"포르투갈,프랑스","제미니필름,라이트 나이트,마드라고아 필름즈",(주)이모션픽처스,12세관람가,드라마,마누엘 데 올리베이라,리타 블랑코
용호의 결투,,홍콩,홍콩,,,15세관람가,액션,왕우,왕우
장동윤 감독작 특별상영,,한국,한국,,,,드라마,,
가장 그리운 계절,,대만,대만,,,,"코미디,드라마,멜로/로맨스",,
계미: 어느 여인의 일생,,대만,대만,,,,드라마,,
마루타 디 오리지널: 사망열차,1993-07-03,홍콩,홍콩,,"주식회사 콘텐츠존,(주)다자인소프트","고등학생이상관람가,청소년관람불가","드라마,공포(호러)","하지강,상언","장국문,구서위"
허수아비,,대만,대만,,,,"코미디,드라마,사극,전쟁",,
나의 사랑,,대만,대만,,,,드라마,,
돌아올 수 없는 언덕,,대만,대만,,,,"범죄,드라마,사극,멜로/로맨스",,
2대1 : 새엄마와 두 아들,2026-05-06,일본,일본,,(주)영화사 사계절,청소년관람불가,멜로/로맨스,,
나 맛있지 3,2026-05-08,한국,한국,유한회사 스튜디오루나,유한회사 스튜디오루나,청소년관람불가,"성인물(에로),멜로/로맨스",김태수,
두 남친과 여관방 환상 섹스,2026-05-06,일본,일본,,(주)영진크리에이티브,청소년관람불가,성인물(에로),,
맛있는 사장님 딸 무삭제,2026-05-04,일본,일본,,(주)코빈커뮤니케이션즈,청소년관람불가,성인물(에로),,
새엄마와 뜨거운 혼숙,2026-05-06,일본,일본,,(주)영진크리에이티브,청소년관람불가,성인물(에로),,
소개팅 앱 섹파투어 G컵녀 하즈키,2026-05-07,일본,일본,,(주)영진크리에이티브,청소년관람불가,"성인물(에로),드라마,멜로/로맨스",,
아버님이 맛보는 가랑이 교육 무삭제판,2026-05-04,일본,일본,,주식회사 케이앤아이,청소년관람불가,멜로/로맨스,,사토 아이리
위험한 접대! 몸으로 성사된 계약,2026-05-04,일본,일본,,(주)코빈커뮤니케이션즈,청소년관람불가,성인물(에로),,
유부녀 섹파기록:젖큰 유부녀 미쿠,2026-05-06,일본,일본,,(주)영진크리에이티브,청소년관람불가,성인물(에로),,
유부녀들 : 홍콩 가는 날,2026-05-06,한국,한국,(주)영화사가을,(주)영화사가을,청소년관람불가,멜로/로맨스,,
자매전쟁 무삭제,2026-05-08,한국,한국,(주)파랑새미디어,(주)영진크리에이티브,청소년관람불가,"성인물(에로),드라마,멜로/로맨스",이타치,
젖은 여비서 맛 보는 상사,2026-05-07,일본,일본,,(주)파랑새미디어,청소년관람불가,"성인물(에로),드라마,멜로/로맨스",,
출장중 아내가 부장에게 임신당했다,2026-05-07,일본,일본,,(주)영진크리에이티브,청소년관람불가,"성인물(에로),드라마,멜로/로맨스",,
"탈주 아이돌, 그녀의 사정 리포트",2026-05-04,일본,일본,,(주)코빈커뮤니케이션즈,청소년관람불가,성인물(에로),,
하숙생 물빼는 예쁜 아줌마,2026-05-07,일본,일본,,(주)파랑새미디어,청소년관람불가,"성인물(에로),드라마,멜로/로맨스",,
그들도 우리처럼,1990-11-10,한국,한국,(주)동아수출공사,,연소자관람불가,드라마,박광수,"김민희,문성근,최재호,심혜진,박중훈"
소년 아메드,2020-07-30,프랑스,프랑스,,(주)영화사 진진,12세이상관람가,드라마,"장 피에르 다르덴,뤽 다르덴","클레어 보드손,이디르 벤 아디,올리비에 보노,미리암 아케듀,클레어 보드손,빅토리아 블록"
소울,2021-01-20,미국,미국,"월트 디즈니 픽쳐스,픽사 애니메이션 스튜디오",월트디즈니컴퍼니코리아 유한책임회사,전체관람가,애니메이션,피트 닥터,"제이미 폭스,티나 페이"
영자의 전성시대,1975-02-11,한국,한국,태창흥업,,12세이상관람가,"드라마,멜로/로맨스",김호선,"송재호,염복순,최불암,이순재"
운명의 손,1954-12-14,한국,한국,,,청소년관람불가,드라마,한형모,"이향,윤인자"
쿠데타의 사운드트랙,,벨기에,"벨기에,프랑스,네덜란드",,,,다큐멘터리,,
토리와 로키타,2023-05-10,벨기에,"벨기에,프랑스",,(주)영화사 진진,15세이상관람가,드라마,"장 피에르 다르덴,뤽 다르덴","파블로 실스,졸리 음분두"
파업전야,1990-03-28,한국,한국,장산곶매,(주)리틀빅픽쳐스,12세이상관람가,드라마,"이은기,이재구,장동홍,장윤현","강능원,고동업,김동범,신종태,최경희,홍석연"
피부색깔=꿀색,2014-05-08,벨기에,"벨기에,프랑스,한국",(주)판다미디어,(주)미루픽처스,12세이상관람가,"애니메이션,다큐멘터리","융 헤닌,로랑 브왈로",융 헤닌
탑건,1987-12-19,미국,미국,,"롯데컬처웍스(주)롯데엔터테인먼트,(주)리틀빅픽쳐스","15세이상관람가,중학생이상관람가","액션,드라마",토니 스콧,"톰 크루즈,켈리 맥길리스,발 킬머,안소니 에드워즈"
로빈슨 크루소,2016-09-07,벨기에,벨기에,,주식회사 스튜디오 빅,전체관람가,"애니메이션,어드벤처,코미디","벤 스타센,빈센트 케스텔루트","마티아스 슈바이그호퍼,데이비드 하워드,콜린 메츠거,라일라 베르진,조이 카멘,마리브 헤링턴"
남태령,2026-05-20,한국,한국,MBC경남,(주)시네마달,12세이상관람가,다큐멘터리,김현지,
군체,2026-05-21,한국,한국,"주식회사 와우포인트,미드나잇스튜디오 주식회사",(주)쇼박스,15세이상관람가,"액션,스릴러",연상호,"전지현,구교환,지창욱,신현빈,김신록,고수,이담희,이혜진,최인혁,김대현,배진완,최희도"
극장판 호빵맨: 세균맨과 그림책의 루룬,2026-05-23,일본,일본,,씨제이 씨지브이(CJ CGV)(주),전체관람가,애니메이션,카와고에 준,
늑대소년,2012-10-31,한국,한국,(주)영화사비단길,(주)씨제이이엔엠,15세이상관람가,"멜로/로맨스,드라마,판타지",조성희,"송중기,박보영,장영남,유연석,김향기,장서이,한민혁,이승주,최광락,오영석,차종호,이영란,유승목,서동수,김승훈,구교환,이민웅,남정희,정인겸"
쇼타씨의 마지막 출장,2026-05-27,한국,한국,소나기픽처스,(주)트리플픽쳐스,12세이상관람가,드라마,이주형,"진영,오타니 료헤이,이준혁,오태경,임유빈,지승훈,이승욱,나가이 마오,정희태,유라,김준범,차승주,박호연,고현철,임준호,이수인,히로사와 소우,다케다 히로미츠"
몽그렐스,2026-05-27,캐나다,캐나다,,주식회사 필름초이스,15세이상관람가,"드라마,가족",제롬 유,
꽃잎,1996-04-05,한국,한국,미라신코리아(주),(주)다자인소프트,"연소자관람불가,청소년관람불가",드라마,장선우,"문성근,이정현,이영란,유순철,안석환,오지혜,박광정,박충선"
어제와의 이별,,독일,독일,,,,드라마,,
핵전략 사령부,,미국,미국,,,,"드라마,SF",시드니 루멧,"댄 오헐리히,헨리 폰다,에드워드 빈스"
마지막 국화 이야기,,일본,일본,,,,드라마,미조구치 겐지,하나야기 쇼타로
이상한 과자 가게 전천당,2026-05-29,한국,한국,(주)빅오션이엔엠,메가박스중앙(주) 플러스엠 엔터테인먼트,전체관람가,"판타지,드라마",박봉섭,"라미란,이레"
정뱅이,2026-06-24,한국,한국,,미디어나무(주),전체관람가,다큐멘터리,오정훈,
영화의 역사(들) 1부,,프랑스,프랑스,,,,다큐멘터리,장 뤽 고다르,
태양은 밝게 빛난다,,미국,미국,,,,"드라마,코미디",존 포드,"찰스 위닝저,아린 웰란"
박하향 소다수,,프랑스,프랑스,,,,기타,,
영화의 역사(들) 2부,,프랑스,프랑스,,,,다큐멘터리,장 뤽 고다르,
최후의 만찬,2026-06-04,미국,미국,,"(주)드림팩트엔터테인먼트,루디아코프",12세이상관람가,드라마,,
데몬 샤크 헌터스,2026-05-13,캐나다,캐나다,,(주)누리픽쳐스,15세이상관람가,"스릴러,공포(호러)",요아힘 헤덴,
숨어드는 산,,한국,한국,(주)포레스트필름,,12세이상관람가,드라마,최창환,"김시은,강길우,이한주"
"노동자, 농민",,프랑스,"프랑스,독일,이탈리아",,,,드라마,"다니엘 위예,장 마리 스트라우브",안젤라 누가라
슈퍼 국민 코,,대만,"대만,중국",,,,드라마,,
오펀스: 복수자들,2026-05-13,프랑스,프랑스,,미디어소프트,15세이상관람가,액션,,달리 벤살라
더 스퀘어,2018-08-02,스웨덴,"스웨덴,독일,프랑스,덴마크",,아이 엠,15세이상관람가,코미디,루벤 외스틀룬드,"클라에스 방,엘리자베스 모스,도미닉 웨스트"
쉘부르의 우산,1992-09-26,프랑스,"프랑스,독일",,(주)에스와이코마드,"12세이상관람가,15세이상관람가","멜로/로맨스,뮤지컬",자끄 드미,"까뜨린느 드뇌브,마르크 미셸,니노 카스텔누오보"
어린 아빠의 하늘,,대만,대만,,,,드라마,,
뼈를 발굴하는 남자,,일본,일본,,,,다큐멘터리,,
보테로,2020-09-24,캐나다,캐나다,,(주)마노엔터테인먼트,전체관람가,다큐멘터리,돈 밀러,페르난도 보테로
사랑의 5도(인디스데이),,한국,한국,,,,드라마,,
굴뚝마을의 푸펠,2021-05-26,일본,일본,,"(주)리틀빅픽쳐스,(주)레드로버",전체관람가,"애니메이션,판타지",,
버거송 챌린지 + 아메바 소녀들과 학교괴담,,한국,한국,,,,"코미디,공포(호러)",,
4일 참고 하루에 다 쏟아붓는 남자,2026-05-16,일본,일본,,(주)씨맥스커뮤니케이션즈,청소년관람불가,성인물(에로),,
가랑이 벌린 밤,2026-05-12,일본,일본,,(주)가온콘텐츠,청소년관람불가,멜로/로맨스,아카바네 키쿠지로,
거근 채운 젖은 가랑이,2026-05-13,일본,일본,,주식회사 케이앤아이,청소년관람불가,멜로/로맨스,,
그녀의 분홍색 속살,2026-05-12,일본,일본,,(주)가온콘텐츠,청소년관람불가,멜로/로맨스,나카노 야요이,
꼬여있는 족보 물면 안 놓치는 외숙모,2026-05-16,일본,일본,,(주)씨맥스커뮤니케이션즈,청소년관람불가,성인물(에로),,
돌아온 처형 박살난 신혼의 꿈,2026-05-17,일본,일본,,(주)빅콘미디어,청소년관람불가,성인물(에로),아사기리 조,
딸 대신 씨받는 젊은장모,2026-05-11,일본,일본,,(주)영진크리에이티브,청소년관람불가,"성인물(에로),드라마,멜로/로맨스",,
뚫려버린 그녀의 꽃잎,2026-05-12,일본,일본,,(주)가온콘텐츠,청소년관람불가,멜로/로맨스,아카바네 키쿠지로,
마누라 옆 이불 속 불륜,2026-05-16,일본,일본,,(주)씨맥스커뮤니케이션즈,청소년관람불가,성인물(에로),,
먹고 보는 그녀의 가랑이,2026-05-12,일본,일본,,(주)가온콘텐츠,청소년관람불가,멜로/로맨스,아카바네 키쿠지로,
먹고 싶은 여자들,2026-05-13,한국,한국,(주)영화사가을,(주)영화사가을,청소년관람불가,멜로/로맨스,,
몰래 한 서비스 불만족한 유부녀,2026-05-16,일본,일본,,(주)씨맥스커뮤니케이션즈,청소년관람불가,성인물(에로),,
몸으로 증명하는 그녀,2026-05-12,일본,일본,,(주)가온콘텐츠,청소년관람불가,멜로/로맨스,나카노 야요이,
무너지는 그녀의 경계,2026-05-12,일본,일본,,(주)가온콘텐츠,청소년관람불가,멜로/로맨스,나카노 야요이,
밤 뉴스 끝나고 핥아주는 아나운서,2026-05-16,일본,일본,,(주)씨맥스커뮤니케이션즈,청소년관람불가,성인물(에로),,
벌리니 삼키는 그녀의 가랑이,2026-05-12,일본,일본,,(주)가온콘텐츠,청소년관람불가,멜로/로맨스,나카노 야요이,
보육원 선생님께 매일 사정 관리,2026-05-16,일본,일본,,(주)씨맥스커뮤니케이션즈,청소년관람불가,성인물(에로),,
불륜 현장에는 벌거벗은 내 아내가 있었다,2026-05-17,일본,일본,,(주)빅콘미디어,청소년관람불가,성인물(에로),아카바네 키쿠지로,
서로를 삼킨 격한 숨소리,2026-05-12,일본,일본,,(주)가온콘텐츠,청소년관람불가,멜로/로맨스,나카노 야요이,
시간 멈춰 남직원 물뽑는 아카리,2026-05-11,일본,일본,,(주)영진크리에이티브,청소년관람불가,"성인물(에로),드라마,멜로/로맨스",,
씨 받고 싶어 구멍 연 생과부,2026-05-11,일본,일본,,(주)파랑새미디어,청소년관람불가,"성인물(에로),드라마,멜로/로맨스",,
안마방 창녀들 무삭제,2026-05-15,한국,한국,(주)파랑새미디어,(주)영진크리에이티브,청소년관람불가,"성인물(에로),드라마,멜로/로맨스",,
야한 새엄마는 첫사랑 선생님 무삭제,2026-05-11,일본,일본,,(주)코빈커뮤니케이션즈,청소년관람불가,성인물(에로),,
언제든지 벌려주는 거유녀,2026-05-12,일본,일본,,(주)가온콘텐츠,청소년관람불가,멜로/로맨스,나카노 야요이,
엉덩이로 삼켜버린 그녀,2026-05-12,일본,일본,,(주)가온콘텐츠,청소년관람불가,멜로/로맨스,나카노 야요이,
여성용 음란 마사지 부른 여대생,2026-05-16,일본,일본,,(주)씨맥스커뮤니케이션즈,청소년관람불가,성인물(에로),,
여자 마사지사 : 홍콩가는 남자들,2026-05-13,일본,일본,,(주)영화사 사계절,청소년관람불가,멜로/로맨스,,
오감 만족 미인 요리사가 만든 물,2026-05-16,일본,일본,,(주)씨맥스커뮤니케이션즈,청소년관람불가,성인물(에로),,
잘 대주는 여비서,2026-05-11,일본,일본,,(주)파랑새미디어,청소년관람불가,"성인물(에로),드라마,멜로/로맨스",,
참기 힘든 그녀의 명기,2026-05-12,일본,일본,,(주)가온콘텐츠,청소년관람불가,멜로/로맨스,아카바네 키쿠지로,
침대 위 거친 숨결,2026-05-12,일본,일본,,(주)가온콘텐츠,청소년관람불가,멜로/로맨스,아카바네 키쿠지로,
침대 위에서 벌어진 실수,2026-05-12,일본,일본,,(주)가온콘텐츠,청소년관람불가,멜로/로맨스,나카노 야요이,
편의점 인스턴트 불륜,2026-05-16,일본,일본,,(주)씨맥스커뮤니케이션즈,청소년관람불가,성인물(에로),,
한손으로 못잡는 그녀의 거유,2026-05-12,일본,일본,,(주)가온콘텐츠,청소년관람불가,멜로/로맨스,나카노 야요이,
헐떡이는 숨결의 여자,2026-05-12,일본,일본,,(주)가온콘텐츠,청소년관람불가,멜로/로맨스,나카노 야요이,
환자 이불 속 텐트 빨아주는 간호사,2026-05-16,일본,일본,,(주)씨맥스커뮤니케이션즈,청소년관람불가,성인물(에로),,
만달로리안과 그로구,2026-05-27,미국,미국,,월트디즈니컴퍼니코리아 유한책임회사,12세이상관람가,"액션,어드벤처",존 파브로,"페드로 파스칼,시고니 위버"
반칙왕 몽키,2026-05-20,한국,한국,(주)스튜디오그레인풀,(주)스튜디오그레인풀,전체관람가,다큐멘터리,"황다은,박홍열",
돌핀보이: 푸른 바다의 수호자,2026-06-03,독일,독일,,(주)팝엔터테인먼트,전체관람가,애니메이션,,
다윗,2026-07-10,남아프리카공화국,"남아프리카공화국,미국",,롯데컬처웍스(주)롯데엔터테인먼트,전체관람가,애니메이션,"필 커닝햄,브렌트 도스","브랜든 엥그먼,필 위크함,브라이언 스티베일,아담 골드,미리 메시카,박보검,장광,차지연,송준석,시영준"
둥글고 둥글게,,한국,한국,한국영상자료원,(주)영화사 진진,12세이상관람가,다큐멘터리,장민승,
연하남친이 귀여운 아줌마,2026-05-20,한국,한국,(주)샤이커뮤니케이션즈,(주)샤이커뮤니케이션즈,청소년관람불가,성인물(에로),,
쫄깃한 맛의 육덕진 아줌마,2026-05-20,한국,한국,(주)샤이커뮤니케이션즈,(주)샤이커뮤니케이션즈,청소년관람불가,성인물(에로),,
아이 캔 온리 이매진 2,,미국,미국,,,,드라마,,
오버 데어,,한국,한국,,(주)영화사 진진,전체관람가,다큐멘터리,장민승,
104세 테츠야 할머니의 혼자 살기,,일본,일본,,,,다큐멘터리,,
마지막 반란,,대만,대만,,,,기타,리야오 진엔화,
제23회 서울국제사랑영화제 (주)리틀송뮤직 넥스트 웨이브: 한국 단편 쇼케이스 2,,한국,한국,,,,기타,,
10일간 음란 섹스레슨 무삭제,2026-05-18,일본,일본,,(주)코빈커뮤니케이션즈,청소년관람불가,성인물(에로),,
남편은 출장중 새엄마가 안은 젊은 육체,2026-05-18,일본,일본,,(주)도키엔터테인먼트,청소년관람불가,성인물(에로),,
돈 없어 몸으로 갚는 유부녀,2026-05-19,일본,일본,,(주)도키엔터테인먼트,청소년관람불가,성인물(에로),,
란제리 유부녀의 속옷유혹,2026-05-19,일본,일본,,(주)도키엔터테인먼트,청소년관람불가,성인물(에로),,
몰래한 불륜 : 유부녀들,2026-05-20,한국,한국,(주)영화사가을,(주)영화사가을,청소년관람불가,멜로/로맨스,,
미친 골반의 형수,2026-05-19,일본,일본,,(주)도키엔터테인먼트,청소년관람불가,성인물(에로),,
민감한 성감대 자극이 특기인 새엄마,2026-05-18,일본,일본,,(주)도키엔터테인먼트,청소년관람불가,성인물(에로),,
변태였던 에어컨 수리기사,2026-05-19,일본,일본,,(주)도키엔터테인먼트,청소년관람불가,성인물(에로),,
새엄마와는 한달에 오직 한 번입니다,2026-05-18,일본,일본,,(주)도키엔터테인먼트,청소년관람불가,성인물(에로),,
새엄마의 땀냄새에 이성을 잃고,2026-05-19,일본,일본,,(주)도키엔터테인먼트,청소년관람불가,성인물(에로),,
실은 찰떡 속궁합인 처형과 몰래데이트,2026-05-18,일본,일본,,(주)도키엔터테인먼트,청소년관람불가,성인물(에로),,
아내는 누드모델 2 - 뒤틀린 섹스 욕망,2026-05-18,일본,일본,,(주)코빈커뮤니케이션즈,청소년관람불가,성인물(에로),,
야한거 밝히는 새엄마와 현관바닥,,일본,일본,,,청소년관람불가,성인물(에로),,
얌전하던 여직원이 실은 음란거유녀,2026-05-19,일본,일본,,(주)도키엔터테인먼트,청소년관람불가,성인물(에로),,
어린 장모님의 극상몸매에 터져버린 욕구,2026-05-18,일본,일본,,(주)도키엔터테인먼트,청소년관람불가,성인물(에로),,
여친모드로 안아주는 오일마사지,,일본,일본,,(주)도키엔터테인먼트,청소년관람불가,성인물(에로),,
오로지 강인한 남자가 좋다는 친구엄마,2026-05-18,일본,일본,,(주)도키엔터테인먼트,청소년관람불가,성인물(에로),,
인생처음 여자를 알게 해준 엄마친구,2026-05-19,일본,일본,,(주)도키엔터테인먼트,청소년관람불가,성인물(에로),,
인형이 된 여상사를 장난질하는 사무실,2026-05-19,일본,일본,,(주)도키엔터테인먼트,청소년관람불가,성인물(에로),,
자기를 좋아해도 된다는 거유형수는 실은 자기가 욕구불만,2026-05-18,일본,일본,,(주)도키엔터테인먼트,청소년관람불가,성인물(에로),,
진심으로 나를 사랑한 새엄마,2026-05-18,일본,일본,,(주)도키엔터테인먼트,청소년관람불가,성인물(에로),,
청초한 처형이 빨아준 속옷과 나의 마음,2026-05-18,일본,일본,,(주)도키엔터테인먼트,청소년관람불가,성인물(에로),,
칠드런 노 모어: 존재했지만 지금은 없다,,이스라엘,"이스라엘,미국",,,,다큐멘터리,,
하도 졸라대는 처형을 벗기니 몸매가 눈부시다,2026-05-19,일본,일본,,(주)도키엔터테인먼트,청소년관람불가,성인물(에로),,
한여름 밤 벌어진 소꿉친구의 허벅지,2026-05-18,일본,일본,,(주)코빈커뮤니케이션즈,청소년관람불가,성인물(에로),,
와일드 로즈,2019-10-17,영국,영국,,판씨네마(주),15세이상관람가,드라마,톰 하퍼,"제시 버클리,줄리 월터스,소피 오코네도"
극장판 내 마음의 위험한 녀석,2026-05-21,일본,일본,,(주)애니플러스,12세이상관람가,애니메이션,아카기 히로아키,"호리에 슌,요우미야 히나"
리마인더스 오브 힘,2026-05-27,미국,미국,,유니버설픽쳐스인터내셔널 코리아(유),12세이상관람가,"드라마,멜로/로맨스",바네사 캐스윌,"마이카 먼로,타이릭 위더스"
초한전,,캐나다,캐나다,,(주)드림팩트엔터테인먼트,12세이상관람가,"스릴러,미스터리",,
아이엠 포포,2026-05-21,한국,한국,,시네마 뉴원,12세이상관람가,"SF,드라마",,
백룸,2026-05-27,미국,미국,,"(주)바이포엠스튜디오,리바이브콘텐츠 주식회사",15세이상관람가,"공포(호러),스릴러",케인 파슨스,"치웨텔 에지오포,레나테 레인스베"
아라시 20주년 투어 콘서트 5✕20,2022-08-31,일본,일본,,찬란,전체관람가,공연,츠츠미 유키히코,"오노 사토시,사쿠라이 쇼,아이바 마사키,니노미야 카즈나리,마츠모토 준"
맘보 점보,2026-06-03,덴마크,덴마크,,와이드 릴리즈(주),전체관람가,애니메이션,,
푸지에,,일본,"일본,몽고",,,,다큐멘터리,야마다 카즈야,
낙원의 곤경,,미국,미국,,,,"코미디,멜로/로맨스",에른스트 루비치,"마리암 홉킨스,케이 프란시스,허버트 마샬"
파이널 피스,2026-05-27,일본,일본,,(주)디스테이션,15세이상관람가,"미스터리,드라마",쿠마자와 나오토,"사카구치 켄타로,와타나베 켄"
왕십리 김종분,2021-11-11,한국,한국,㈜인디스토리,㈜인디스토리,12세이상관람가,다큐멘터리,김진열,김종분
하트 이즈 어 머슬,,남아프리카공화국,"남아프리카공화국,사우디아라비아",,,,드라마,,
너만 보이는 날,2026-06-24,중국,중국,,"(주)호라이즌웍스,(주)스튜디오디에이치엘",12세이상관람가,멜로/로맨스,,"우적,왕영로"
너무 헤픈 자취녀,2026-05-21,한국,한국,(주)샤이커뮤니케이션즈,(주)샤이커뮤니케이션즈,청소년관람불가,성인물(에로),,
쉽게 젖고 분수 뿜는 청순녀,2026-05-22,한국,한국,(주)샤이커뮤니케이션즈,(주)샤이커뮤니케이션즈,청소년관람불가,성인물(에로),,
오르가슴에 눈 돌아간 유부녀,2026-05-21,한국,한국,(주)샤이커뮤니케이션즈,(주)샤이커뮤니케이션즈,청소년관람불가,성인물(에로),,
찐하게 휘둘려진 대물 방망이,2026-05-22,한국,한국,(주)샤이커뮤니케이션즈,(주)샤이커뮤니케이션즈,청소년관람불가,성인물(에로),,
전사의 징표,,영국,영국,,,,기타,,
제23회 서울국제사랑영화제 (주)리틀송뮤직 넥스트 웨이브: 한국 단편 쇼케이스 1,,한국,한국,,,,기타,,
깃털 달린 괴물,,영국,영국,,,15세이상관람가,드라마,,"베네딕트 컴버배치,데이빗 듈리스"
돌싱맘의 싸가지 마사지,2026-05-22,일본,일본,,(주)도키엔터테인먼트,청소년관람불가,성인물(에로),,
보육여교사가 사랑한 학부형,2026-05-22,일본,일본,,(주)도키엔터테인먼트,청소년관람불가,성인물(에로),,
복숭아 엉덩이 아내를 바치다,2026-05-22,일본,일본,,(주)도키엔터테인먼트,청소년관람불가,성인물(에로),,
엄마친구의 발정기사정,2026-05-22,일본,일본,,(주)도키엔터테인먼트,청소년관람불가,성인물(에로),,
여상사와 새엄마의 비밀,2026-05-22,일본,일본,,(주)도키엔터테인먼트,청소년관람불가,성인물(에로),,
의사가 준 처방에 녹은 아내,2026-05-22,일본,일본,,(주)도키엔터테인먼트,청소년관람불가,성인물(에로),,
전남친에게 벌려버린 아내,2026-05-22,일본,일본,,(주)도키엔터테인먼트,청소년관람불가,성인물(에로),,
전남친의 씨를 잉태한 침대,2026-05-22,일본,일본,,(주)도키엔터테인먼트,청소년관람불가,성인물(에로),,
전남편의 지옥 사채빚,2026-05-22,일본,일본,,(주)도키엔터테인먼트,청소년관람불가,성인물(에로),,
제대로 중독된 모델녀와 섹스,2026-05-22,일본,일본,,(주)도키엔터테인먼트,청소년관람불가,성인물(에로),,
기념일,,모로코,모로코,,,,드라마,,
너는 스무 살에 죽을 거야,,기타,기타,,,,드라마,,
데토르: 전사 사냥꾼의 탄생,,기타,기타,,,,드라마,,
므위주칸지,,기타,기타,,,,드라마,,
세상을 드는 소녀들,,이집트,이집트,,,,다큐멘터리,,
여성들의 침묵,,기타,기타,,,,드라마,,
오카포의 법칙,,나이지리아,나이지리아,,,,기타,,
줄다리기,,기타,기타,,,,멜로/로맨스,,
"천국이라 불리는 곳+아미고, 더 그리오",,남아프리카공화국,남아프리카공화국,,,,다큐멘터리,,
카탕가: 전갈들의 춤,,기타,기타,,,,드라마,,
킬러 뮤직,,기타,기타,,,,스릴러,,
킵켐보이,,케냐,케냐,,,,드라마,,
허망에 관하여,,한국,한국,굳늬우스,,15세이상관람가,드라마,민병국,
카드캡터 체리 극장판,2026-05-28,일본,일본,,(주)삼백상회,전체관람가,애니메이션,아사카 모리오,"탄게 사쿠라,히사카와 아야"
미세스 그린 애플 매지컬 10주년 기념 라이브 ~피오르드~ 온 스크린,2026-05-27,일본,일본,,리벳,전체관람가,공연,,
상자 속의 양,2026-06-10,일본,일본,,(주)넥스트엔터테인먼트월드(NEW),12세이상관람가,"드라마,SF",고레에다 히로카즈,"아야세 하루카,다이고"
미세스 그린 애플 매지컬 10주년 다큐멘터리 필름 ~디 오리진~,2026-05-27,일본,일본,,리벳,전체관람가,다큐멘터리,토요시마 케이스케,
현상수배,2026-06-10,한국,"한국,대만",주식회사 쇼타임웍스,(주)이놀미디어,15세이상관람가,"코미디,액션",신재호,"윤성현,신현준,김병만,배우희,레지나 레이,임준영,최윤슬"
여호,,영국,영국,,,,"드라마,멜로/로맨스","마이클 파웰,에메릭 프레스버거","제니퍼 존스,데이빗 파라,시릴 쿠삭"
울프 토템,2026-06-10,중국,중국,,(주)삼백상회,12세이상관람가,어드벤처,장 자끄 아노,"풍소봉,두효"
콜럼버스,2018-04-19,미국,미국,,"(주)엣나인필름,(주)영화사오원",12세이상관람가,"드라마,멜로/로맨스",코고나다,"존 조,헤일리 루 리차드슨,파커 포시"
영혼을 손에 품고 걷는다,,프랑스,"프랑스,팔레스타인",,,,다큐멘터리,,
순례자들은 왜 돌아오지 않는가,2026-06-03,한국,한국,(주)21스튜디오,(주)영화특별시에스엠씨,전체관람가,애니메이션,,"김향기,박지후,이주영"
5월 수요단편극장,,한국,한국,,,,기타,,
2026년 5월 프레임워크,,미국,미국,,,,기타,,
침묵의 빛,,멕시코,"멕시코,프랑스,네덜란드,독일",,시네마토그래프,,드라마,카를로스 레이가다스,"코넬리오 월,마리아 판크라츠"
검객 생과사,2026-05-28,중국,중국,,(주)태양미디어그룹,15세이상관람가,"액션,사극",,
킬러웨일: 침묵의 습격자,2026-05-28,미국,미국,,(주)스튜디오디에이치엘,15세이상관람가,"스릴러,공포(호러)",,
더 파이터: 리벤지,2026-05-27,중국,중국,,(주)스튜디오디에이치엘,15세이상관람가,액션,,
존웨인 행운의 텍사스인,,미국,미국,,,,"서부극(웨스턴),멜로/로맨스",로버트 N. 브래드베리,"존 웨인,야키마 카눗"
스페이스 타임,2026-05-29,호주,호주,,TCO(주)더콘텐츠온,12세이상관람가,"SF,스릴러",,
너새니얼 도어스키의 영화들,,미국,미국,,,,기타,,
노스탤지어 + (홀리스 프램튼에 따른) 강연,,미국,미국,,,,기타,,
"(로컬 픽, 시간과 빛) 마음의 연대",,한국,한국,,,,"드라마,애니메이션",,
어글리 돌,2019-05-01,미국,미국,,판씨네마(주),전체관람가,애니메이션,캘리 애스버리,"켈리 클락슨,닉 조나스,자넬 모네,핏불"
결국 형에게 열려버린 제수씨,2026-05-25,일본,일본,,(주)도키엔터테인먼트,청소년관람불가,성인물(에로),,
나는 사장 딸 남편은 직원,2026-05-25,일본,일본,,(주)도키엔터테인먼트,청소년관람불가,성인물(에로),,
남편 앞에서 폭풍섹스,2026-05-25,일본,일본,,(주)도키엔터테인먼트,청소년관람불가,성인물(에로),,
남편몰래 남친과 맺는 내아내,2026-05-25,일본,일본,,(주)도키엔터테인먼트,청소년관람불가,성인물(에로),,
남편상사의 노리개가 된 아내,2026-05-25,일본,일본,,(주)도키엔터테인먼트,청소년관람불가,성인물(에로),,
남편친구는 특제 물건 소유자,2026-05-26,일본,일본,,(주)도키엔터테인먼트,청소년관람불가,성인물(에로),,
노팬티의 여상사에게 끌려간 이유,2026-05-25,일본,일본,,(주)도키엔터테인먼트,청소년관람불가,성인물(에로),,
동생아내 : 남편보다 아주버님이 더 잘해요,2026-05-28,일본,일본,,(주)영화사 사계절,청소년관람불가,멜로/로맨스,,
새엄마와 약탈 상간,2026-05-25,일본,일본,,(주)도키엔터테인먼트,청소년관람불가,성인물(에로),,
스폰 오디션,2026-05-29,한국,한국,(주)룬컴퍼니,(주)룬컴퍼니,청소년관람불가,"성인물(에로),드라마",안해영,
아내와 별거 중 나타난 단백질 도둑녀,2026-05-27,일본,일본,,(주)영진크리에이티브,청소년관람불가,"멜로/로맨스,드라마",,
아들의 담임선생님 발정난 유부녀,2026-05-25,일본,일본,,(주)도키엔터테인먼트,청소년관람불가,성인물(에로),,
야한 누나의 젖은 성감대,2026-05-28,한국,한국,스마일컨텐츠,스마일컨텐츠,청소년관람불가,성인물(에로),성기만,
여자들 : 절대 잊을 수 없는 섹스,2026-05-27,한국,한국,(주)영화사가을,(주)영화사가을,청소년관람불가,멜로/로맨스,,
유부녀 같지 않은 새엄마,2026-05-26,일본,일본,,(주)도키엔터테인먼트,청소년관람불가,성인물(에로),,
은밀한 유출,2026-05-29,한국,한국,(주)룬컴퍼니,(주)룬컴퍼니,청소년관람불가,"성인물(에로),드라마,범죄",안해영,
의붓아들에게 뒷문까지 바친 새엄마,2026-05-27,일본,일본,,(주)영진크리에이티브,청소년관람불가,"멜로/로맨스,드라마",,
장모님에게 작살난 몸정,2026-05-25,일본,일본,,(주)도키엔터테인먼트,청소년관람불가,성인물(에로),,
전남친과 남편 몰래 추억섹스,2026-05-26,일본,일본,,(주)도키엔터테인먼트,청소년관람불가,성인물(에로),,
처제의 은밀한 위로 무삭제,2026-05-26,일본,일본,,(주)코빈커뮤니케이션즈,청소년관람불가,성인물(에로),,
헤프닝바에 빠진 아내,2026-05-25,일본,일본,,(주)도키엔터테인먼트,청소년관람불가,성인물(에로),,
바코,,기타,기타,,,,공포(호러),,
오! 꿈의 나라,,한국,한국,,,,드라마,"이은,장동홍,장윤현",
"지넷, 알제, 행복",,기타,기타,,,,다큐멘터리,,
플레이브 아시아 투어 [대쉬: 퀀텀 리프] 앙코르 인 시네마,2026-06-03,한국,한국,"씨제이포디플렉스 주식회사,스크린엑스 스튜디오","씨제이포디플렉스 주식회사,씨지브이 아이스콘",12세이상관람가,공연,,
마스터즈 오브 유니버스,2026-06-05,미국,미국,,소니픽쳐스엔터테인먼트코리아주식회사극장배급지점,12세이상관람가,"액션,어드벤처,판타지,SF",트래비스 나이트,"니콜라스 갈리친,알리슨 브리,제임스 퓨어포이,모레나 바카린,요하네스 하우쿠르 요하네손,샬롯 라일리,크리스틴 위그,자레드 레토,이드리스 엘바"
싱 스트리트,2016-05-19,아일랜드,"아일랜드,영국,미국",,"(주)영화사 진진,(주)이수C&E",15세이상관람가,"드라마,멜로/로맨스",존 카니,"퍼디아 월시-필로,루시 보인턴,잭 레이너"
납치 48시간,2026-06-17,한국,한국,윌스튜디오 주식회사,(주)누리픽쳐스,15세이상관람가,액션,정장환,"남우현,박은혜,한재석"
양키 두들 댄디,,미국,미국,,,,드라마,마이클 커티즈,"제임스 카그니,조안 레슬리"
박쥐(확장판),,한국,한국,모호필름,(주)씨제이이엔엠,,"드라마,공포(호러)",,
황혼의 결투,,미국,미국,파라마운트 픽쳐스,,,"멜로/로맨스,서부극(웨스턴)",스튜어트 길모어,"조엘 맥크레,브라이언 던리비,소니 터프츠"
드림하이: 쇼뮤지컬 온 스테이지,2026-06-04,한국,한국,(주)위즈온센,"(주)위즈온센,메가박스중앙(주)",전체관람가,공연,"김용문,장성일",
부기나이트,1999-03-20,미국,미국,"고라디필름컴퍼니,로렌스고든프로덕션,뉴라인 시네마",,18세 미만인 자는 관람할 수 없는 등급,드라마,폴 토마스 앤더슨,"돈 치들,헤더 그레이엄,루이스 구즈만,필립 베이커 홀,필립 세이모어 호프만"
친절한 금자씨,2005-07-29,한국,한국,모호필름,(주)씨제이이엔엠,18세관람가,스릴러,박찬욱,"이영애,최민식,권예영,김시후,남일우,김병옥,오달수,이승신,김부선,라미란,최정우,송강호,김유정,이대연,고수희,강남미,최희진,이병준,이용녀,차순배,박명신,황정남"
심판,,한국,한국,,,15세이상관람가,"드라마,판타지",박찬욱,"기주봉,고인배,권남희,박지일"
푸틴: 절대 권력의 최후,2026-06-04,폴란드,폴란드,,(주)누리픽쳐스,15세이상관람가,"드라마,범죄",파트릭 베가,토마스 크레취만
밀월,,한국,한국,주식회사 영화사 미,유한회사 스튜디오 획,15세이상관람가,드라마,조성규,
카산드라 고양이,,체코,체코,,,,"코미디,가족,판타지,멜로/로맨스",,
몽골의 잔다르크,,서독,"서독,프랑스",,,,"코미디,드라마",,
남편들,,미국,미국,,,,"코미디,드라마",존 카사베츠,"벤 가자라,피터 포크"
레안드로 리스토르티 감독전 – 어느 아키비스트의 일기,,기타,기타,,,,다큐멘터리,,
착륙 지점,,미국,미국,,,,"코미디,드라마",,
모세와 아론,,오스트리아,"오스트리아 ,프랑스,독일",,,,드라마,"장 마리 스트라우브,다니엘 위예",
노래하는 검은 새가 있었네,,러시아,러시아,,,,"코미디,드라마",,
서이원 배우전,,한국,한국,,,,"드라마,멜로/로맨스",,
특별한 날,,이탈리아,"이탈리아,캐나다",,,,기타,에토르 스콜라,"소피아 로렌,마르첼로 마스트로얀니"
(2026 작은영화영화제) 아픔도 시간도 흘러갈지니,,한국,한국,,,,"드라마,다큐멘터리",,
뮤직 룸,,인도,인도,,,,"드라마,액션,범죄",사티야지트 레이,
80년대 갤러리,,프랑스,"프랑스,벨기에,스위스",,,,"코미디,뮤지컬",샹탈 애커만,
아주 호기심 많은 소녀,,프랑스,프랑스,,,,"코미디,드라마",,
이 세상에서 가장 슬픈 노래,,캐나다,캐나다,,,,"뮤지컬,판타지,멜로/로맨스",가이 매딘,"마크 맥키니,이사벨라 로셀리니,마리아 드 메데이로스"
퍼니시먼트 파크,,미국,미국,,,,다큐멘터리,피터 왓킨스,
장 미쉘 바스키아: 더 레이디언트 차일드,2020-12-09,미국,미국,,"해피송,롯데컬처웍스(주)롯데엔터테인먼트",12세이상관람가,다큐멘터리,탐라 데이비스,줄리언 슈나벨
은밀한 출장 서비스 대신 박아드립니다,2026-06-02,한국,한국,와이제이스토리,와이제이스토리,청소년관람불가,성인물(에로),,
D컵의 스미레짱,2026-06-04,일본,일본,,(주)가온콘텐츠,청소년관람불가,멜로/로맨스,나카노 야요이,
관음증 - 첫경험,2026-06-01,한국,한국,유한회사 스튜디오루나,유한회사 스튜디오루나,청소년관람불가,"성인물(에로),멜로/로맨스",김태수,
그녀는 정기털이범,2026-06-04,일본,일본,,(주)가온콘텐츠,청소년관람불가,멜로/로맨스,나카노 야요이,
금단의 침실에서 만난 그녀,2026-06-04,일본,일본,,(주)가온콘텐츠,청소년관람불가,멜로/로맨스,사루,
금지된 욕망! 선생님의 은밀한 채점,2026-06-01,일본,일본,,(주)코빈커뮤니케이션즈,청소년관람불가,성인물(에로),,
남편 대신 다른 남자의 물건을 좋아하는 아내,2026-06-01,일본,일본,,(주)나우콘텐츠,청소년관람불가,"드라마,성인물(에로)",키무라 히로유키,
남편 몰래 이웃 남자와 음란 마사지를 즐기는 아내,2026-06-01,일본,일본,,(주)나우콘텐츠,청소년관람불가,"드라마,성인물(에로)",,
누나의 맛 2,2026-06-01,한국,한국,유한회사 스튜디오루나,유한회사 스튜디오루나,청소년관람불가,"성인물(에로),멜로/로맨스",김태수,
"달콤한 고통, 쾌락의 에스테틱",2026-06-01,일본,일본,,(주)코빈커뮤니케이션즈,청소년관람불가,성인물(에로),,
달콤한 그녀의 샘물,2026-06-04,일본,일본,,(주)가온콘텐츠,청소년관람불가,멜로/로맨스,아카바네 키쿠지로,
뒤로 벌려준 아내 무삭제,2026-06-01,일본,일본,,(주)코빈커뮤니케이션즈,청소년관람불가,성인물(에로),,
땀으로 범벅된 그녀와의 관계,2026-06-04,일본,일본,,(주)가온콘텐츠,청소년관람불가,멜로/로맨스,,
마사지 VIP 코스에 빠져 성감 개조된 유부녀,2026-06-01,일본,일본,,(주)나우콘텐츠,청소년관람불가,"드라마,성인물(에로)",키토루네 가와구치,
매칭앱에서 만난 아들 친구 물건에 빠진 미망인,2026-06-01,일본,일본,,(주)나우콘텐츠,청소년관람불가,"드라마,성인물(에로)",미시마 로쿠사부로,
모든 걸 품어주는 그녀의 풍만거유,2026-06-04,일본,일본,,(주)가온콘텐츠,청소년관람불가,멜로/로맨스,아카바네 키쿠지로,
무시하던 스태프에 참교육 당하는 신입모델,2026-06-01,일본,일본,,(주)나우콘텐츠,청소년관람불가,"드라마,성인물(에로)",잭 아라이,
미모의 풍만녀와 비밀관계,2026-06-04,일본,일본,,(주)가온콘텐츠,청소년관람불가,멜로/로맨스,나카노 야요이,
밤마다 찾아오는 그녀의 뜨거운 유혹,2026-06-04,일본,일본,,(주)가온콘텐츠,청소년관람불가,멜로/로맨스,나카노 야요이,이노우에 아야코
변태 아저씨에게 함락되어 조교당한 스튜어디스,2026-06-01,일본,일본,,(주)나우콘텐츠,청소년관람불가,"드라마,성인물(에로)",키토루네 가와구치,
부하직원 엉덩이에 꽂힌 부장님의 사내 불륜,2026-06-01,일본,일본,,(주)나우콘텐츠,청소년관람불가,"드라마,성인물(에로)",,
불륜에 빠진 아내에게 매일 사정하는 남편,2026-06-01,일본,일본,,(주)나우콘텐츠,청소년관람불가,"드라마,성인물(에로)",,
손끝으로 나를 녹여버리는 그녀,2026-06-04,일본,일본,,(주)가온콘텐츠,청소년관람불가,멜로/로맨스,,
숨겨진 욕망이 터져 나오는 순간,2026-06-04,일본,일본,,(주)가온콘텐츠,청소년관람불가,멜로/로맨스,사루,
양기 빠는 그녀의 입,2026-06-04,일본,일본,,(주)가온콘텐츠,청소년관람불가,멜로/로맨스,아카바네 키쿠지로,
오늘 한번 줘라,2026-06-01,한국,한국,(주)영화사가을,(주)영화사가을,청소년관람불가,멜로/로맨스,,
잘 세우는 그녀의 손길,2026-06-04,일본,일본,,(주)가온콘텐츠,청소년관람불가,멜로/로맨스,나카노 야요이,
젖은 속살로 나를 부르는 그녀,2026-06-04,일본,일본,,(주)가온콘텐츠,청소년관람불가,멜로/로맨스,나카노 야요이,
직장상사와 누드 촬영 중 몰래 즐기는 아내,2026-06-01,일본,일본,,(주)나우콘텐츠,청소년관람불가,"드라마,성인물(에로)",키무라 히로유키,
타이트한 옷 아래 숨겨진 그녀,2026-06-04,일본,일본,,(주)가온콘텐츠,청소년관람불가,멜로/로맨스,카니에,
편의점 연하 알바생과 몰래 즐기는 H컵 누나,2026-06-01,일본,일본,,(주)나우콘텐츠,청소년관람불가,"드라마,성인물(에로)",이나바루,
풍만한 몸으로 나를 삼키는 밤,2026-06-04,일본,일본,,(주)가온콘텐츠,청소년관람불가,멜로/로맨스,,
한 번만 줘!,2026-06-01,한국,한국,(주)까멜리아이엔티,(주)까멜리아이엔티,청소년관람불가,멜로/로맨스,김태수,
길소뜸,1986-04-05,한국,한국,(주)화천공사,,국민학생관람불가,"드라마,전쟁",임권택,"김지미,신성일,김지영,한소룡"
들국화는 피었는데,1974-12-07,한국,한국,영화진흥위원회,,전체관람가,"드라마,전쟁",이만희,"신성일,김정훈"
아름다운 시절,1998-11-21,한국,한국,㈜영화사 백두대간,,12세 미만인 자는 관람할 수 없는 등급,"드라마,전쟁",이광모,"김정우,배유정,서상원,안성기,송옥숙,김원해,오지혜,서이숙,권태원,김기천,주부진"
디스클로저 데이,2026-06-10,미국,미국,,유니버설픽쳐스인터내셔널 코리아(유),12세이상관람가,"SF,미스터리",스티븐 스필버그,"에밀리 블런트,조쉬 오코너,콜린 퍼스,이브 휴슨,콜먼 도밍고"
디어 마이 히어로,,한국,한국,,,12세이상관람가,"액션,판타지",,
쏜애플 '나의 세기' 익스텐디드 플레이 필름,,한국,한국,,씨지브이 아이스콘,전체관람가,공연,금강산,
극장판 전생했더니 슬라임이었던 건에 대하여 창해의 눈물편,2026-06-10,일본,일본,,(주)애니플러스,15세이상관람가,애니메이션,키쿠치 야스히토,
토이 스토리 5,2026-06-17,미국,미국,,월트디즈니컴퍼니코리아 유한책임회사,전체관람가,"애니메이션,어드벤처,코미디",앤드류 스탠튼,"톰 행크스,팀 알렌,조앤 쿠삭,그레타 리"
신사: 악귀의 속삭임,2026-06-17,한국,한국,(주)미스터리픽처스,주식회사 로아앤코홀딩스,15세이상관람가,"공포(호러),미스터리",구마키리 가즈요시,"김재중,공성하"
현재를 위하여,2026-06-17,한국,한국,(주)21스튜디오,(주)21스튜디오,15세이상관람가,드라마,김다솜,"황보운,채정안"
상하이에서 온 여인,,미국,미국,,,,"범죄,드라마",오손 웰즈,"오손 웰즈,리타 헤이워드"
아크 레이더스 : 탄생의 여정,,한국,한국,,,12세이상관람가,다큐멘터리,,
눈동자,2026-06-24,한국,한국,(주)드림캡쳐,"(주)바이포엠스튜디오,이화배컴퍼니(주)",15세이상관람가,스릴러,염지호,"신민아,김남희,이승룡,김영아,박경진"
장진호 전투,,미국,미국,,,,"드라마,전쟁",조셉 H. 루이스,"프랭크 러브조이,리차드 칼슨"
시크릿 에이전트,2026-07-08,브라질,브라질,,(주)디스테이션,15세이상관람가,"드라마,범죄",클레베르 멘돈사 필류,
극장판 전생했더니 슬라임이었던 건에 대하여: 홍련의 인연편,2023-02-02,일본,일본,,(주)애니플러스,15세이상관람가,"애니메이션,판타지,액션",키쿠치 야스히토,에구치 타쿠야
소리없이 나빌레라,2026-06-24,한국,한국,,영화로운 형제,전체관람가,다큐멘터리,현진식,
위대한 환상,2026-06-10,이탈리아,이탈리아,,일미디어,12세이상관람가,"전쟁,드라마",로베르토 안도,토니 세르빌로
월성,2019-12-12,한국,한국,한국탐사저널리즘센터,"미디어나무(주),(주)리틀빅픽쳐스",전체관람가,다큐멘터리,"남태제,김성환","황분희,오연재,김진선,오순자,신용화,이상홍,이은정,이진섭,이균도,김추자,감복순,이선옥,조영남,신정숙,서수남,김경순,김채연,김석화,한경현,김바윤,김동규,최석환,장재희"
파리의 숨바꼭질,,프랑스,"프랑스,스위스",,,,"코미디,미스터리",자크 리베트,"마리안느 데니코트,나탈리 리차드"
킬 코드,2026-06-11,미국,미국,,주식회사 풍경소리,청소년관람불가,액션,저스틴 프라이스,"하비 케이틀,타이레스 깁슨"
복수에 자비란 없다,2026-06-11,미국,미국,,TCO(주)더콘텐츠온,15세이상관람가,"액션,스릴러",,
스위트홈: 진격의 거인,2026-06-12,미국,미국,,(주)누리픽쳐스,15세이상관람가,"공포(호러),스릴러,액션",,"윌리엄 모즐리,우랏야 세뽀반"
"희망의 발견, 알래스카에서",2026-07-04,한국,한국,빅트리,(주)드림팩트엔터테인먼트,전체관람가,다큐멘터리,정형민,
안드레아 셰니에,,미국,미국,,,,공연,,
위대한 작은 농장,2023-06-14,미국,미국,,(주)엣나인필름,전체관람가,다큐멘터리,존 체스터,"존 체스터,몰리 체스터"
제 10회 KU시네마테크x로트링겐 특별전 명멸,,미국,미국,,,,기타,,
제 10회 KU시네마테크x로트링겐 특별전 현존,,미국,미국,,,,기타,,
특권,,영국,영국,,,,"코미디,드라마,SF",피터 왓킨스,
풍경드리프팅,,한국,한국,,,,다큐멘터리,"황다은,박홍열",
후로마부인과 두남편,1990-07-07,브라질,브라질,,,연소자관람불가,드라마,,"호세 윌커,소냐 브라가"
월드시네마 2026 무명 병사의 일기 + 컬로든 전투,,영국,영국,,,,"전쟁,드라마",,
보이지 않는 감각들(인디스데이),,한국,한국,,,,드라마,,
로제타,2019-05-23,프랑스,"프랑스,벨기에",,찬란,15세이상관람가,드라마,"장 피에르 다르덴,뤽 다르덴","에밀리 드켄,파브리지오 롱기온,앤 에르노스"
금단의 밤:남편교체,2026-06-12,한국,한국,(주)파랑새미디어,(주)영진크리에이티브,청소년관람불가,"성인물(에로),드라마,멜로/로맨스",이타치,
나쁜남자 아래 박혀버린 유부녀,2026-06-12,일본,일본,,(주)파랑새미디어,청소년관람불가,"성인물(에로),드라마,멜로/로맨스",,
남편 위해 욕정 받는 유부녀,2026-06-11,일본,일본,,(주)영진크리에이티브,청소년관람불가,"성인물(에로),드라마,멜로/로맨스",,
남편대신 채우는 시아버지,2026-06-10,일본,일본,,(주)영진크리에이티브,청소년관람불가,성인물(에로),,
노가다판 기쁨조 된 아내,2026-06-10,일본,일본,,(주)영진크리에이티브,청소년관람불가,성인물(에로),,
변태소년,2026-06-11,한국,한국,이상우필름,이상우필름,청소년관람불가,드라마,이상우,"길덕호,김근형,김화용"
불륜 들킨 돌싱맘,2026-06-10,일본,일본,,(주)영진크리에이티브,청소년관람불가,성인물(에로),,
스승의 떡맛,2026-06-11,일본,일본,,(주)파랑새미디어,청소년관람불가,"성인물(에로),드라마,멜로/로맨스",,
여관바리 잠입취재,2026-06-11,일본,일본,,(주)영진크리에이티브,청소년관람불가,"성인물(에로),드라마,멜로/로맨스",,
여자들 : 나 오늘 너무 하고 싶어,2026-06-10,한국,한국,(주)영화사가을,(주)영화사가을,청소년관람불가,멜로/로맨스,,
옆집 채무녀 지리는 육체상환,2026-06-11,일본,일본,,(주)영진크리에이티브,청소년관람불가,"성인물(에로),드라마,멜로/로맨스",,
유부녀 안전한 날 싸지른 이웃총각,2026-06-12,일본,일본,,(주)영진크리에이티브,청소년관람불가,"성인물(에로),드라마,멜로/로맨스",,
절륜한 아들맛에 싸지른 새엄마,2026-06-12,일본,일본,,(주)영진크리에이티브,청소년관람불가,"성인물(에로),드라마,멜로/로맨스",,
채무자의 아내-합숙소에 던져진 유부녀,2026-06-12,일본,일본,,(주)영진크리에이티브,청소년관람불가,"성인물(에로),드라마,멜로/로맨스",,
쾌락에 빠진 여상사 : 토모다 마키의 벌어진 꽃 무삭제,2026-06-08,일본,일본,,(주)코빈커뮤니케이션즈,청소년관람불가,성인물(에로),,
하나 코리아,2026-07-08,한국,한국,시소픽쳐스,"(주)트리플픽쳐스,스튜디오 초이스 주식회사",12세이상관람가,드라마,프레드릭 쇨베르,"김민하,김주령,안서현,조승연,김금순,김비비,정찬호,이택근,심우현,김한상,김유진,이주미,손성찬,이종은,이채림,강주희"
혼숙여관-새엄마랑 씻고 다 했어,2026-06-11,일본,일본,,(주)영진크리에이티브,청소년관람불가,"성인물(에로),드라마,멜로/로맨스",,
에픽: 엘비스 프레슬리 콘서트,2026-07-01,미국,미국,,유니버설픽쳐스인터내셔널 코리아(유),12세이상관람가,"공연,다큐멘터리",바즈 루어만,엘비스 프레슬리
MSFF2026 질투는 나의 힘 2,,한국,한국,,,,드라마,,
MSFF2026 질투는 나의 힘 1,,한국,한국,,,,드라마,,
MSFF2026 고양이를 부탁해 1,,한국,한국,,,,드라마,,
MSFF2026 인정사정 볼 것 없다 2,,한국,한국,,,,드라마,,
MSFF2026 기담 2,,한국,한국,,,,드라마,,
짝사랑 세계,2026-06-24,일본,일본,,메가박스중앙(주),12세이상관람가,"드라마,멜로/로맨스",도이 노부히로,"히로세 스즈,스기사키 하나,키요하라 카야"
MSFF2026 질투는 나의 힘 3,,한국,한국,,,,드라마,,
MSFF2026 품행제로 2,,한국,한국,,,,드라마,,
MSFF2026 인정사정 볼 것 없다 1,,한국,한국,,,,드라마,,
MSFF2026 기담 1,,한국,한국,,,,"드라마,애니메이션",,
MSFF2026 고양이를 부탁해 2,,한국,한국,,,,드라마,,
MSFF2026 고양이를 부탁해 3,,한국,한국,,,,"드라마,애니메이션",,황지선
MSFF2026 품행제로 1,,한국,한국,,,,드라마,,
인디아,,프랑스,"프랑스,이탈리아",,,,기타,로베르토 로셀리니,
그린랜드 2: 마이그레이션,2026-07-01,영국,영국,,스튜디오 초이스 주식회사,12세이상관람가,"액션,SF",릭 로먼 워,"제라드 버틀러,모레나 바카린,로만 그리핀 데이비스"
MSFF2026 딥 포커스: 창작자 토크,,한국,한국,,,,드라마,,
스트롬볼리,,이탈리아,이탈리아,,,,기타,로베르토 로셀리니,
빛과 몸,,한국,한국,런앤건,주식회사 씨엠닉스,15세이상관람가,"드라마,판타지,멜로/로맨스",장권호,"차지원,유진규,고관재"
형,2016-11-23,한국,한국,"굿초이스컷픽쳐스(주),(주)씨제이이엔엠,(주)파파스필름",(주)씨제이이엔엠,12세이상관람가,"코미디,드라마",권수경,"조정석,여현,도경수,박신혜,권지훈,김승아,김진희,이연수,강두,정지훈,손산,김강현,권범택"
"오슬로, 8월 31일",,노르웨이,노르웨이,,,,드라마,요아킴 트리에,앤더스 다니엘슨 라이
리프라이즈,,노르웨이,노르웨이,,,,드라마,요아킴 트리에,"앤더스 다니엘슨 라이,에스펜 클라우만-호이네르,빅토리아 윙게"
킬러 대 킬러 대 킬러,2026-06-18,미국,미국,,TCO(주)더콘텐츠온,15세이상관람가,"액션,드라마,스릴러",,돌프 룬드그렌
그 사람이 사라졌다,2026-06-18,일본,일본,,(주)블루라벨픽쳐스,12세이상관람가,미스터리,,
"1991, 봄",2018-10-31,한국,한국,(주)해밀픽쳐스,(주)인디플러그,12세이상관람가,다큐멘터리,권경원,"강기훈,김규환,김미진,김지연,김진숙,이서연,이서연,이수빈,이지혜,이채훈,이한솔,최은희"
에드바르트 뭉크,,스웨덴,"스웨덴,노르웨이",,,,"드라마,판타지,미스터리",피터 왓킨스,게이르 웨스트비
조지,,미국,미국,,,,기타,,
라벨: 천 개의 빛,,프랑스,프랑스,,,,기타,,
승객,,독일,독일,,,,드라마,,
고딩감독,2014-12-18,캐나다,캐나다,,(주)마노엔터테인먼트,청소년관람불가,"코미디,드라마",맷 존슨,"맷 존슨,오웬 윌리암스"
3xFTM,2009-06-04,한국,한국,연분홍치마,"시네마달,미디어지따",15세이상관람가,다큐멘터리,김일란,"고정우,한무지,김명진"
못생긴 찐따에게 삽입당한 아줌마,2026-06-18,한국,한국,(주)샤이커뮤니케이션즈,(주)샤이커뮤니케이션즈,청소년관람불가,성인물(에로),,
성욕 폭발 봇물 터진 육덕 미녀,2026-06-19,한국,한국,(주)샤이커뮤니케이션즈,(주)샤이커뮤니케이션즈,청소년관람불가,성인물(에로),,
엉덩이 큰 아줌마의 섹스라이팅,2026-06-18,한국,한국,(주)샤이커뮤니케이션즈,(주)샤이커뮤니케이션즈,청소년관람불가,성인물(에로),,
예쁘고 어린 옆집 여자,2026-06-17,한국,한국,(주)샤이커뮤니케이션즈,(주)샤이커뮤니케이션즈,청소년관람불가,성인물(에로),,
쫀득하게 조여주는 여 과장,2026-06-19,한국,한국,(주)샤이커뮤니케이션즈,(주)샤이커뮤니케이션즈,청소년관람불가,성인물(에로),,
촉촉하게 한발 빼주는 육덕녀,2026-06-17,한국,한국,(주)샤이커뮤니케이션즈,(주)샤이커뮤니케이션즈,청소년관람불가,성인물(에로),,
철의 천사,,독일,독일,,,,드라마,,
퀴어 단편선,,한국,한국,,,,"드라마,멜로/로맨스,다큐멘터리",,
박쥐,2009-04-30,한국,"한국,미국,호주",모호필름,(주)씨제이이엔엠,청소년관람불가,"공포(호러),드라마",박찬욱,"송강호,김옥빈,신하균,김해숙,송영창,오달수,박인환,구용완,라미란,손종학,서동수,황우슬혜,조덕제,최희진,최종률,이화룡"
30일간 24시간 밀착 병시중 섹스,2026-06-20,일본,일본,,(주)씨맥스커뮤니케이션즈,청소년관람불가,성인물(에로),,
거래처 사장에게 뜨밤 당하는 유부녀 직원,2026-06-19,일본,일본,,(주)티씨알씨앤엠,청소년관람불가,성인물(에로),,
결국 아침부터 선을 넘는 새엄마 나오짱,2026-06-15,일본,일본,,(주)도키엔터테인먼트,청소년관람불가,성인물(에로),,
고객불만 처리를 위해 자신이 상품이 된 여상사,2026-06-15,일본,일본,,(주)도키엔터테인먼트,청소년관람불가,성인물(에로),,
나체를 연주하는 음란한 이중주,2026-06-15,일본,일본,,(주)코빈커뮤니케이션즈,청소년관람불가,성인물(에로),,
남친보다 속궁합 잘 맞는 직장 상사,2026-06-20,일본,일본,,(주)티씨알씨앤엠,청소년관람불가,성인물(에로),,
남편의 24시간 독점 아내의 철벽 수비,2026-06-20,일본,일본,,(주)씨맥스커뮤니케이션즈,청소년관람불가,성인물(에로),,
남편이 입원중 임신한 아내,2026-06-19,일본,일본,,(주)도키엔터테인먼트,청소년관람불가,성인물(에로),,
노브라로 가슴치는 상사아내,2026-06-17,일본,일본,,주식회사 케이앤아이,청소년관람불가,멜로/로맨스,,
도서관사서 신급몸매 첫촬영,2026-06-19,일본,일본,,블루투맨,청소년관람불가,성인물(에로),,
동정을 여친엄마에게 바치다,2026-06-16,일본,일본,,(주)도키엔터테인먼트,청소년관람불가,성인물(에로),,
떡감은 미시가 갑이지,2026-06-17,일본,일본,,(주)빅콘미디어,청소년관람불가,성인물(에로),,
마사지사 아찔한 손길에 녹아버린 유부녀,2026-06-21,일본,일본,,(주)티씨알씨앤엠,청소년관람불가,성인물(에로),,
명문가출신 여대생 첫촬영,2026-06-19,일본,일본,,블루투맨,청소년관람불가,성인물(에로),,
모니터 찢고 나온 여신 실시간 섹스 임무,2026-06-20,일본,일본,,(주)씨맥스커뮤니케이션즈,청소년관람불가,성인물(에로),,
물장사하던 버릇 못 버린 유부녀,2026-06-20,일본,일본,,(주)씨맥스커뮤니케이션즈,청소년관람불가,성인물(에로),,
미친 전율의 새엄마,2026-06-19,일본,일본,,(주)도키엔터테인먼트,청소년관람불가,성인물(에로),,
민감한 거유 새엄마의 떨리는 꽃잎을 열다,2026-06-16,일본,일본,,(주)도키엔터테인먼트,청소년관람불가,성인물(에로),,
배송 아르바이트 중 불륜 유부녀,2026-06-20,일본,일본,,(주)씨맥스커뮤니케이션즈,청소년관람불가,성인물(에로),,
부부싸움때문에 온 처형이 어느새 내 침대속으로,2026-06-15,일본,일본,,(주)도키엔터테인먼트,청소년관람불가,성인물(에로),,
부하직원에게 빨리는 처절한 사무실 생활,2026-06-20,일본,일본,,(주)씨맥스커뮤니케이션즈,청소년관람불가,성인물(에로),,
비키니 새엄마 네네의 오일 수영복,2026-06-16,일본,일본,,(주)도키엔터테인먼트,청소년관람불가,성인물(에로),,
빨리 젖는 새엄마는 너무 민감해서 팬티가 모자라,2026-06-16,일본,일본,,(주)도키엔터테인먼트,청소년관람불가,성인물(에로),,
상공 3만 피트 기내 봉사 굶주린 승무원,2026-06-20,일본,일본,,(주)씨맥스커뮤니케이션즈,청소년관람불가,성인물(에로),,
새끈한 여상사의 남사원 공략법,2026-06-21,일본,일본,,(주)티씨알씨앤엠,청소년관람불가,성인물(에로),,
새엄마의 눈웃음치는 매력,2026-06-16,일본,일본,,(주)도키엔터테인먼트,청소년관람불가,성인물(에로),,
새엄마의 입청소에 극락여행,2026-06-15,일본,일본,,(주)도키엔터테인먼트,청소년관람불가,성인물(에로),,
성욕몬스터 친구엄마와 속궁합 비비기,2026-06-15,일본,일본,,(주)도키엔터테인먼트,청소년관람불가,성인물(에로),,
신이내린 거유 - 새엄마 히카리,2026-06-16,일본,일본,,(주)도키엔터테인먼트,청소년관람불가,성인물(에로),코지마 유키오,
신혼 4개월 노상및 철창섹스,2026-06-16,일본,일본,,블루투맨,청소년관람불가,성인물(에로),,
쌀때까지 젖 봉사,2026-06-17,일본,일본,,(주)빅콘미디어,청소년관람불가,성인물(에로),,
아내 배부른 사이 절친 배에 싼다,2026-06-20,일본,일본,,(주)씨맥스커뮤니케이션즈,청소년관람불가,성인물(에로),,
아내 친구의 설교에 욱한 남편,2026-06-19,일본,일본,,(주)도키엔터테인먼트,청소년관람불가,성인물(에로),,
아내가 출장간 단 이틀 - 그녀의 엄마,,일본,일본,,(주)도키엔터테인먼트,청소년관람불가,성인물(에로),코지마 유키오,
아내의 엉덩이인줄 알았는데 장모님이라니,2026-06-15,일본,일본,,(주)도키엔터테인먼트,청소년관람불가,성인물(에로),,
아버지 간호하는 돌보미 맛,2026-06-20,일본,일본,,(주)씨맥스커뮤니케이션즈,청소년관람불가,성인물(에로),,
어색하게 침실에서 만난 장모님,,일본,일본,,,청소년관람불가,성인물(에로),,
어수룩한 여직원을 벗겨보니 거유음란녀,2026-06-16,일본,일본,,(주)도키엔터테인먼트,청소년관람불가,성인물(에로),,
여름의 비키니를 위한 오일마사지,2026-06-15,일본,일본,,(주)도키엔터테인먼트,청소년관람불가,성인물(에로),,
여자 : 지루한 섹스는 싫어,2026-06-19,일본,일본,,(주)영화사 사계절,청소년관람불가,멜로/로맨스,,
온천 여관방에서 유부녀 상사와 뜨밤,2026-06-20,일본,일본,,(주)티씨알씨앤엠,청소년관람불가,성인물(에로),,
완전노출 20살 여대생 첫촬영,2026-06-19,일본,일본,,블루투맨,청소년관람불가,성인물(에로),,
외간 남자 아랫도리 마사지해 주는 아내,2026-06-19,일본,일본,,(주)티씨알씨앤엠,청소년관람불가,성인물(에로),,
유부녀 마사지사의 유혹,2026-06-19,일본,일본,,(주)티씨알씨앤엠,청소년관람불가,성인물(에로),,
유부녀 상사 몸으로 달래주기,2026-06-20,일본,일본,,(주)티씨알씨앤엠,청소년관람불가,성인물(에로),,
유부녀의 욕정 터트린 마사지사,2026-06-21,일본,일본,,(주)티씨알씨앤엠,청소년관람불가,성인물(에로),,
유카타 사이로 흘러내리는 폭유,2026-06-15,일본,일본,,(주)코빈커뮤니케이션즈,청소년관람불가,성인물(에로),,
음탕하게 젖은 엉덩이 : 쿠로카와 스미레 무삭제,2026-06-15,일본,일본,,(주)코빈커뮤니케이션즈,청소년관람불가,성인물(에로),,
이 엉덩이는 아내가 아닌가봐,2026-06-15,일본,일본,,(주)도키엔터테인먼트,청소년관람불가,성인물(에로),,
이미 맛본 가랑이 다시 찾아온 변태 상사,2026-06-21,일본,일본,,(주)티씨알씨앤엠,청소년관람불가,성인물(에로),,
전신을 떠는 오르가즘의 새엄마 미나미,2026-06-15,일본,일본,,(주)도키엔터테인먼트,청소년관람불가,성인물(에로),,
직장 상사 아랫도리 후리기,2026-06-20,일본,일본,,(주)티씨알씨앤엠,청소년관람불가,성인물(에로),,
초미인 귀신공격 지명감사요,2026-06-19,일본,일본,,블루투맨,청소년관람불가,성인물(에로),,
초절 미형 간호학생 카섹스,2026-06-19,일본,일본,,블루투맨,청소년관람불가,성인물(에로),,
출장 마사지사 달콤한 손놀림에 느껴버린 유부녀,2026-06-19,일본,일본,,(주)티씨알씨앤엠,청소년관람불가,성인물(에로),,
출장 중 나를 미치게 한 상사의 맛,2026-06-19,일본,일본,,(주)티씨알씨앤엠,청소년관람불가,성인물(에로),,
출장 중 변태 상사의 덫에 걸린 유부녀,2026-06-21,일본,일본,,(주)티씨알씨앤엠,청소년관람불가,성인물(에로),,
치한전철 그놈의 가슴자극에 무너지다,,일본,일본,,,청소년관람불가,성인물(에로),,
친구엄마는 내가 싫지 않았다는 얘기를 해주었다,2026-06-15,일본,일본,,(주)도키엔터테인먼트,청소년관람불가,성인물(에로),,
카미스타일 랭킹 최고신혼녀,2026-06-19,일본,일본,,블루투맨,청소년관람불가,성인물(에로),,
콘돔 없이 속궁합 맞춰보는 불륜 연상녀,2026-06-20,일본,일본,,(주)씨맥스커뮤니케이션즈,청소년관람불가,성인물(에로),,
터져버린 장모님의 욕정,2026-06-20,일본,일본,,(주)티씨알씨앤엠,청소년관람불가,성인물(에로),,
슈퍼걸,2026-06-24,미국,미국,,워너브러더스 코리아(주),12세이상관람가,"액션,어드벤처",크레이그 질레스피,"밀리 알콕,마티아스 쇼에나에츠,제이슨 모모아"
정동원 팬콘서트 필름 : 다시 만나는 길,2026-06-26,한국,한국,(주)영화사 그램,"씨지브이 아이스콘,(주)영화사 그램",전체관람가,공연,나상인,정동원
앤팀 브이알 콘서트 : 바운드리스,2026-06-26,한국,한국,(주)어메이즈브이알코리아,(주)어메이즈브이알코리아,전체관람가,드라마,김경국,
패신저,2026-06-24,미국,미국,파라마운트 픽쳐스,롯데컬처웍스(주)롯데엔터테인먼트,15세이상관람가,"공포(호러),스릴러,미스터리",안드레 외브레달,"루 로벨,제이콥 시피오,멜리사 레오"
마티 슈프림,2026-07-01,미국,미국,,"(주)마인드마크,(주)하이브미디어코프",15세이상관람가,드라마,조쉬 사프디,"티모시 샬라메,기네스 팰트로우,오데사 아지온,타일러 더 크리에이터,아벨 페라라,케빈 오리어리"
극장판 도라에몽: 신 진구의 해저비밀성,2026-07-01,일본,일본,,롯데컬처웍스(주)롯데시네마,전체관람가,애니메이션,야지마 테츠오,"윤아영,김정아,조현정,이현주,최낙윤"
그림자 아이,2026-07-01,한국,한국,"영화사 달리기,주식회사 썬더필름",주식회사 썬더필름,15세이상관람가,"미스터리,판타지,스릴러",유은정,"박소이,유나,임수정"
볼텍션 퍼스트 라이브 : 다이나믹 볼트,,일본,일본,,,전체관람가,공연,,
방과후 퇴마클럽: 소녀들의 밤,2026-06-25,한국,한국,(주)테이크원스튜디오,(주)테이크원컴퍼니,12세이상관람가,"공포(호러),코미디",,
훌라 걸스,2007-03-01,일본,일본,(주)씨네콰논,"그린나래미디어(주),주식회사 로아앤코홀딩스,(주)쇼박스","12세이상관람가,전체관람가",드라마,이상일,"아오이 유우,토요카와 에츠시"
뱅드림! 필름 라이브,2019-09-26,일본,일본,,(주)애니플러스,전체관람가,애니메이션,우메츠 토모미,"아이미,마에시마 아미,오오츠카 사에,이토 미쿠,니시모토 리미,오오하시 아야카,이토 아야사"
MSFF2026 폐막작 상영 1,,한국,한국,,,,"드라마,애니메이션",,
MSFF2026 폐막작 상영 2,,한국,한국,,,,"드라마,애니메이션",,
동지도,2026-07-01,중국,중국,,(주)다자인소프트,15세이상관람가,"액션,스릴러",관호,
레디 오어 낫: 죽음의 숨바꼭질,2026-07-01,미국,미국,,월트디즈니컴퍼니코리아 유한책임회사,15세이상관람가,"공포(호러),코미디","맷 베티넬리-올핀,타일러 질렛","사마라 위빙,캐서린 뉴튼,사라 미셸 겔러,일라이저 우드"
15회 광주독립영화제 광주 신진 감독전,,한국,한국,,,,드라마,,
15회 광주독립영화제 메이드 인 광주 : 넥스트 10,,한국,한국,,,,드라마,,
졸업앨범: 선생님을 기다렸다,,한국,한국,,,,다큐멘터리,김종관,
15회 광주독립영화제 메이드 인 광주 2,,한국,한국,,,,드라마,,
격퇴,1956-04-04,한국,한국,삼일필림,,12세이상관람가,전쟁,이강천,"박노식,황남,허장강,최강"
2026 KQFF 국내단편3 [날마다 반복되는],,한국,한국,,,,"드라마,다큐멘터리",,
15회 광주독립영화제 지역교류전 : 전남,,한국,한국,,,,"드라마,애니메이션,다큐멘터리",,
청교도,,미국,미국,,,,공연,,
2026 KQFF 국내단편1 [늦게 도착한 고백들],,한국,한국,,,,"드라마,다큐멘터리",,
2026 KQFF 국내단편2 [낯설어하는 얼굴들],,한국,한국,,,,드라마,,
폴스 플랙,2026-06-25,미국,미국,,주식회사 풍경소리,15세이상관람가,"액션,스릴러",,
멘타이 삐리리,,일본,일본,,,,드라마,,
공순이,,한국,한국,필름땀,,12세이상관람가,다큐멘터리,유소영,
타이가,,일본,일본,,,,드라마,,
군락,,한국,한국,씨엘투디필름,,12세이상관람가,"가족,범죄,드라마",모현신,"고관재,이정훈"
낮은 밤,,한국,한국,,,,드라마,"김진솔,박미선","양석희,김다아,차시윤,이도진"
딜리셔스: 프렌치 레스토랑의 시작,,프랑스,프랑스,,(주)다날엔터테인먼트,12세이상관람가,"드라마,사극",에릭 베스나드,"이자벨 까레,벤자민 라베른헤"
가멜리온,,미국,미국,,,,기타,,
15회 광주독립영화제 메이드 인 광주 1,,한국,한국,,,,"드라마,다큐멘터리",,
2026 KQFF 해외단편5 [나를 마주하기],,기타,기타,,,,"드라마,다큐멘터리",,
그곳에 네가 있어서,,일본,일본,,,,드라마,,
B전공자 영화제,,한국,한국,,,,"드라마,코미디,멜로/로맨스,액션,스릴러",,
15회 광주독립영화제 위은경 배우전,,한국,한국,,,,드라마,,
2026 KQFF 해외단편2 [끝과 시작],,기타,기타,,,,드라마,,
아시예를 어떻게 구하지?,,터키,터키,,,,"코미디,드라마,뮤지컬",,
2026 KQFF 해외단편1 [누가 머무를 수 있는가],,기타,기타,,,,드라마,,
"2026 KQFF 해외단편3 [이야기, 쓰기]",,기타,기타,,,,"드라마,다큐멘터리",,
내일의 약속 + 회상: 초상 습작,,미국,미국,,,,기타,,
2026 KQFF 해외단편4 [실패와 불안],,기타,기타,,,,"드라마,다큐멘터리",,
15회 광주독립영화제 오월이야기 1,,한국,한국,,,,"다큐멘터리,드라마",,
"심나윤, 양엄지, 신승은 감독전",,한국,한국,,,,드라마,,
김인경 배우 특별전,,한국,한국,,,,드라마,,
2026 KQFF 폐막작,,한국,한국,,,,드라마,,
미스 부츠,,캐나다,캐나다,,,,드라마,,
발신제한,2021-06-23,한국,한국,"(주)티피에스컴퍼니,(주)씨제이이엔엠",(주)씨제이이엔엠,15세이상관람가,"스릴러,액션",김창주,"조우진,이재인,진경,김지호,지창욱,류승수,김태율,전석호,정애연,이설,정인기,남명렬,박영서,조인우,이주한,최유송,전광진,김봉만,배천수,김성수"
금발이 되고 싶어,2026-06-26,미국,미국,,(주)키노라이츠,15세이상관람가,스릴러,,맥케나 그레이스
썸머프라이드시네마 2026 단편 1,,한국,한국,,,,"드라마,애니메이션",,
딸기와 초콜렛,,쿠바,"쿠바,멕시코,스페인",,,,"코미디,드라마,멜로/로맨스",,
관리처분계획—미아리 텍사스 편,,한국,한국,,,,다큐멘터리,,
부산푸드필름페스타 단편,,기타,기타,,,,"드라마,다큐멘터리",,
애니살롱전 with 인디스페이스 2026 6월: 그림자 속의 시선,,한국,한국,,,,애니메이션,,
"(로컬 픽, 시간과 빛)영화와 나",,한국,한국,,,,"드라마,다큐멘터리",,
썸머프라이드시네마 2026 단편 2,,기타,기타,,,,드라마,,
사갈,,한국,한국,,,,다큐멘터리,이동우,
셀프-포트레이트 2020,,한국,한국,부기,,,다큐멘터리,이동우,
그대 너머에,2021-09-09,한국,한국,농부영화사,농부영화사,전체관람가,멜로/로맨스,박홍민,"김권후,윤혜리,오민애,이주원,강은진,박노식,차혜진,이영선"
B급 아내 대신 SS급 불륜녀,2026-06-24,일본,일본,,(주)두리컴미디어,청소년관람불가,성인물(에로),,
구석구석 뚫어 주는 심부름센터 직원,2026-06-22,일본,일본,,(주)티씨알씨앤엠,청소년관람불가,성인물(에로),,
그녀들 : 완벽한 서비스,2026-06-24,한국,한국,(주)영화사가을,(주)영화사가을,청소년관람불가,멜로/로맨스,,
그녀의 엄마가 섹시한 속옷을 입기 시작했다,,일본,일본,,,청소년관람불가,성인물(에로),,
긴급판매 현역 가수 20살,2026-06-23,일본,일본,,블루투맨,청소년관람불가,성인물(에로),,
남편 없는 집 발정난 아내들,2026-06-26,일본,일본,,(주)파랑새미디어,청소년관람불가,"성인물(에로),드라마,멜로/로맨스",,
남편 옆에서 낯선 남자 단백질 빼는 유부녀,2026-06-26,일본,일본,,(주)파랑새미디어,청소년관람불가,"멜로/로맨스,드라마",,
달콤한 이웃집 메구짱,2026-06-23,일본,일본,,(주)티씨알씨앤엠,청소년관람불가,성인물(에로),,
둘만의 시간이 소중한 엄마친구,,일본,일본,,,청소년관람불가,성인물(에로),,
마사지사의 가랑이 탐내는 유부녀,2026-06-22,일본,일본,,(주)티씨알씨앤엠,청소년관람불가,성인물(에로),,
막힌 곳 풀어주는 절정 마사지사,2026-06-23,일본,일본,,(주)티씨알씨앤엠,청소년관람불가,성인물(에로),,
민트속옷의 엄마 친구,,일본,일본,,(주)도키엔터테인먼트,청소년관람불가,성인물(에로),,
반년후 결혼 예정 24살,,일본,일본,,블루투맨,청소년관람불가,성인물(에로),,
빈유의 새엄마를 포기못해,,일본,일본,,(주)도키엔터테인먼트,청소년관람불가,성인물(에로),,
사위의 거대함으로 몸보신 하는 장모님,2026-06-26,일본,일본,,(주)영진크리에이티브,청소년관람불가,"멜로/로맨스,드라마",,
상사가 매만지는 육덕녀,2026-06-22,일본,일본,,(주)도키엔터테인먼트,청소년관람불가,성인물(에로),,
새엄마의 음탕한 향기,2026-06-22,일본,일본,,(주)티씨알씨앤엠,청소년관람불가,성인물(에로),,
섹스 맥스! 쾌락 절정 마사지숍 취재일기,2026-06-22,일본,일본,,(주)티씨알씨앤엠,청소년관람불가,성인물(에로),,
섹스로 시아버지 구한 며느리,2026-06-22,일본,일본,,(주)도키엔터테인먼트,청소년관람불가,성인물(에로),,
승진을 불러오는 아내의 가랑이,2026-06-22,일본,일본,,(주)티씨알씨앤엠,청소년관람불가,성인물(에로),,
시아버지가 남편대신 정자를 주셨습니다,2026-06-24,일본,일본,,(주)두리컴미디어,청소년관람불가,성인물(에로),,
시아버지와 임신한 아내,2026-06-22,일본,일본,,(주)도키엔터테인먼트,청소년관람불가,성인물(에로),,
시아버지의 참교육 며느리,2026-06-22,일본,일본,,(주)도키엔터테인먼트,청소년관람불가,성인물(에로),,
신급몸매 여대생의 섹기,,일본,일본,,블루투맨,청소년관람불가,성인물(에로),,
아역출신 상위팔로워 연예인,,일본,일본,,블루투맨,청소년관람불가,성인물(에로),,
엄마가 기분 좋게 해줄게,2026-06-25,일본,일본,,(주)영진크리에이티브,청소년관람불가,성인물(에로),,
엄마보다 제가 잘해요!! 무삭제,2026-06-22,일본,일본,,(주)코빈커뮤니케이션즈,청소년관람불가,성인물(에로),,
유부녀 마사지 풀서비스,2026-06-26,일본,일본,,(주)영진크리에이티브,청소년관람불가,"성인물(에로),드라마,멜로/로맨스",,
유부녀의 은밀한 살색의 내조,2026-06-24,일본,일본,,(주)두리컴미디어,청소년관람불가,성인물(에로),,
의료계 여대생과 주차장섹스,2026-06-23,일본,일본,,블루투맨,청소년관람불가,성인물(에로),,
잠든 남편 옆에서 사정 허락한 유부녀,2026-06-26,일본,일본,,(주)영진크리에이티브,청소년관람불가,"성인물(에로),드라마,멜로/로맨스",,
정통파 미인의 완전 첫촬영,2026-06-23,일본,일본,,블루투맨,청소년관람불가,성인물(에로),,
집주인의 욕정 도구가 된 아내,2026-06-22,일본,일본,,(주)도키엔터테인먼트,청소년관람불가,성인물(에로),,
참지 못하는 옆집 욕정녀,2026-06-22,일본,일본,,(주)도키엔터테인먼트,청소년관람불가,성인물(에로),,
천재강림 국보급 20살 강림,,일본,일본,,블루투맨,청소년관람불가,성인물(에로),,
초대하지 않은 남자,2026-06-25,한국,한국,제뉴어리이공 현프로,주식회사 원스크린,청소년관람불가,"드라마,성인물(에로)",문종금,
초명문 현역여대생 첫 촬영,2026-06-23,일본,일본,,블루투맨,청소년관람불가,성인물(에로),,
초미유방 호스티스 눈물섹스,2026-06-22,일본,일본,,블루투맨,청소년관람불가,성인물(에로),,
취해서 절정가는 야릇한 섹녀,2026-06-22,일본,일본,,(주)도키엔터테인먼트,청소년관람불가,성인물(에로),,
친구의 아내를 사육하는 방법,2026-06-25,일본,일본,,(주)영진크리에이티브,청소년관람불가,성인물(에로),,
편의점 털다 털려버린 가랑이,2026-06-23,일본,일본,,(주)티씨알씨앤엠,청소년관람불가,성인물(에로),,
폭로 대신 입맞춤:시아버지의 조건,2026-06-25,일본,일본,,(주)영진크리에이티브,청소년관람불가,성인물(에로),,
폭발적 팔로워의 최강미인,,일본,일본,,블루투맨,청소년관람불가,성인물(에로),,
극장판 암살교실 모두의 시간,2026-07-01,일본,일본,,(주)애니플러스,15세이상관람가,애니메이션,키타무라 마사키,"후쿠야마 준,후치가미 마이,오카모토 노부히코"
블리치 천년혈전 편 : 화진담,2026-07-04,일본,일본,,에스엠지홀딩스 주식회사,15세이상관람가,"애니메이션,액션,판타지",타구치 토모히사,"모리타 마사카즈,스기야마 노리아키"
와인드업: 더 무비,2026-07-02,한국,한국,(주)테이크원스튜디오,,12세이상관람가,드라마,김성호,
무서운 영화,2026-07-01,미국,미국,파라마운트 픽쳐스,롯데컬처웍스(주)롯데엔터테인먼트,청소년관람불가,"코미디,공포(호러)",,"마론 웨이언스,숀 웨이언스,안나 패리스,레지나 홀"
피아노,1993-09-25,호주,호주,,"(주)에이유앤씨,(주)팝엔터테인먼트","연소자관람불가,청소년관람불가","드라마,멜로/로맨스",제인 캠피온,"홀리 헌터,하비 케이틀,안나 파킨,샘 닐"
드림 애니멀즈: 더무비,2026-07-24,일본,일본,,(주)넥스트엔터테인먼트월드(NEW),전체관람가,애니메이션,타케키요 히토시,
뮤지컬 푸른 사자 와니니,,한국,한국,,,전체관람가,뮤지컬,,
귀향: 언니야 이제 집에 가자,2026-08-26,한국,한국,주식회사 제이오엔터테인먼트코리아,커넥트픽쳐스(주),15세이상관람가,드라마,조정래,
세일러복과 기관총,,일본,일본,,,,"멜로/로맨스,액션",소마이 신지,"야쿠시마루 히로코,미쿠니 렌타로"
수치의 거리,,일본,일본,,,,드라마,미조구치 겐지,"쿄 마키코,미마스 아이코"
치카마츠 이야기,,일본,일본,,,,드라마,미조구치 겐지,"하세가와 카즈오,카가와 쿄코"
검은 집,,일본,일본,,,,공포(호러),모리타 요시미츠,
경멸,2026-07-15,이탈리아,이탈리아,,라이트하우스,15세이상관람가,드라마,장 뤽 고다르,"브리지트 바르도,미셸 피콜리,잭 팰런스"
메가 샤크 어택,,미국,미국,,(주)키노라이츠,15세이상관람가,스릴러,,"앨리스 이브,에릭 마이클 콜,짐 클락"
검은 10인의 여자,,일본,일본,,,,드라마,이치카와 콘,"키시 케이코,미아기 마리코,키시다 쿄코"
달짝지근해: 7510,2023-08-15,한국,한국,(주)무비락,(주)마인드마크,12세이상관람가,코미디,이한,"유해진,김희선,차인표,진선규,한선화,정다은,이준혁,이지훈,윤병희,김서현,김기천,현봉식,기소유,이동용,최교식,이승훈,임승범,안주리,정우성,염혜란,임시완,고아성,우현,이호철,김범태,이한솔,김율호,신우희,강지은,김한솔,손정아,김호경,한태은,강충훈,홍성관,이동규,박도영,김범석,구본진,유수연,김경리,김륜호,한태진,김인경,장준현,강다희,장지훈,권귀빈,서정원,양재현,하시연,김민정,채송화,김수진,이왕수,신정만,전두현,우혁,김용우"
사랑의 네 가지 온도,2026-07-02,한국,한국,리메인 프로덕션,리메인 프로덕션,15세이상관람가,"멜로/로맨스,드라마","김민경,박준범,김혜실",최희도
남동생,,일본,일본,,,,드라마,이치카와 콘,
섹스중독 쉬운 여자,2026-07-03,독일,독일,,(주)태양미디어그룹,청소년관람불가,드라마,,
바쿠라우,2021-09-02,프랑스,프랑스,,(주)영화사 진진,청소년관람불가,"미스터리,스릴러,서부극(웨스턴)",,"우도 키에르,소냐 브라가"
오페라 자바,,인도네시아,"인도네시아,오스트리아",,,,뮤지컬,가린 누그로호,"아티카 사리 데비,에코 수프리얀토"
오오극장 실험영화 상영회 - 로트링겐 24-25 Lothringen 24-25,,한국,한국,,,,기타,,
뉴 인디쇼츠,,한국,한국,,,,"드라마,다큐멘터리",,
오오극장 실험영화 상영회 - 지금부터 여기까지,,한국,한국,,,,기타,,
야근 대신 뜨개질,2016-11-17,한국,한국,(주)영화사 진진,(주)영화사 진진,12세이상관람가,다큐멘터리,박소현,"김민수,지유나"
러브 라이프,2023-07-19,일본,일본,,엠엔엠인터내셔널(주),12세이상관람가,드라마,후카다 코지,"키무라 후미노,나가야마 켄토"
2대1 : 변태섹스의 맛,,한국,한국,(주)영화사가을,(주)영화사가을,청소년관람불가,멜로/로맨스,,
가슴 예쁜 유부녀 황제 마사지,2026-06-29,일본,일본,,(주)영진크리에이티브,청소년관람불가,"성인물(에로),드라마,멜로/로맨스",,
그녀들의 털털한 다 뽑아 왁싱,,한국,한국,와이제이스토리,와이제이스토리,청소년관람불가,성인물(에로),,
난교:떡치는 사람들 무삭제,2026-07-03,한국,한국,(주)파랑새미디어,(주)영진크리에이티브,청소년관람불가,"성인물(에로),드라마,멜로/로맨스",이타치,
남편 위해 벗는 아내들,2026-06-29,일본,일본,,(주)파랑새미디어,청소년관람불가,"성인물(에로),드라마,멜로/로맨스",,
누나의 떡맛,2026-07-01,한국,한국,유한회사 스튜디오루나,유한회사 스튜디오루나,청소년관람불가,"성인물(에로),멜로/로맨스",김태수,
멈출 수 없는 엉덩이 본능,2026-06-29,일본,일본,,(주)코빈커뮤니케이션즈,청소년관람불가,성인물(에로),,
속살이 이쁜 알바녀 무삭제,2026-06-29,일본,일본,,(주)코빈커뮤니케이션즈,청소년관람불가,성인물(에로),,
수치플레이 코스프레녀,2026-06-29,일본,일본,,(주)영진크리에이티브,청소년관람불가,"성인물(에로),드라마,멜로/로맨스",,
스와핑 - 어린엄마,2026-07-01,한국,한국,유한회사 스튜디오루나,유한회사 스튜디오루나,청소년관람불가,"성인물(에로),멜로/로맨스",김태수,
스와핑 - 친구엄마,2026-07-01,한국,한국,유한회사 스튜디오루나,유한회사 스튜디오루나,청소년관람불가,"성인물(에로),멜로/로맨스",김태수,
시아버지를 유혹하는 음란며느리,2026-06-30,한국,한국,스마일컨텐츠,스마일컨텐츠,청소년관람불가,성인물(에로),성기만,
시아주버니와 흥건하게 젖은 유부녀,2026-06-29,일본,일본,,(주)파랑새미디어,청소년관람불가,"성인물(에로),드라마,멜로/로맨스",,
여동생은 휴지도둑,2026-06-29,일본,일본,,(주)영진크리에이티브,청소년관람불가,"성인물(에로),드라마,멜로/로맨스",,
점장에게 박혀버린 진상녀,2026-07-03,일본,일본,,(주)영진크리에이티브,청소년관람불가,"성인물(에로),드라마,멜로/로맨스",,
처형의 맛 2,2026-07-01,한국,한국,유한회사 스튜디오루나,유한회사 스튜디오루나,청소년관람불가,"성인물(에로),멜로/로맨스",김태수,
취한 아내와 마을 남자들,2026-07-03,일본,일본,,(주)영진크리에이티브,청소년관람불가,"성인물(에로),드라마,멜로/로맨스",,
커플섹스 : 여러자세를 즐기는 연인,,일본,일본,,(주)영화사 사계절,청소년관람불가,성인물(에로),,
호프,2026-07-15,한국,한국,(주)포지드필름스,메가박스중앙(주) 플러스엠 엔터테인먼트,15세이상관람가,"SF,스릴러,액션",나홍진,"황정민,조인성,정호연,테일러 러셀,카메론 브리튼,알리시아 비칸데르,마이클 패스벤더"
키퍼,2026-07-08,캐나다,캐나다,,"그린나래미디어(주),(주)플레이그램",15세이상관람가,공포(호러),오즈 퍼킨스,"타티아나 마스래니,로지프 서덜랜드"
미니언즈 & 몬스터즈,2026-07-15,미국,미국,,유니버설픽쳐스인터내셔널 코리아(유),전체관람가,애니메이션,피에르 꼬팽,
호컴,2026-07-22,미국,미국,,(주)디스테이션,15세이상관람가,공포(호러),,아담 스콧
산쇼다유,,일본,일본,,,,드라마,미조구치 겐지,"다나카 키누요,하나야기 요시아키"
인터랙티브 신비아파트 : 극장귀의 속삭임,2026-07-09,한국,한국,(주)아리아 스튜디오,씨제이 씨지브이(CJ CGV)(주),전체관람가,애니메이션,채수응,
이누가미 일족,,일본,일본,,,,기타,이치카와 콘,타카미네 미에코
싸이보그지만 괜찮아,2006-12-07,한국,한국,모호필름,(주)씨제이이엔엠,12세이상관람가,"SF,멜로/로맨스,판타지",박찬욱,"임수정,정지훈,박병은,오달수,김주복,김도연,최희진,이용녀,손영순,유호정,천성훈,김병옥,박준면"
어느 뻣뻣한 하루 + 해피엔드,,기타,기타,,(주)영화사 진진,,드라마,,
2001 스페이스 오디세이,,영국,"영국,미국",,워너브러더스 코리아(주),,"SF,드라마",스탠리 큐브릭,
신의악단:찬가,,한국,한국,스튜디오타겟(주),씨지브이 픽처스,15세이상관람가,드라마,김형협,"박시후,정진운,태항호,한정완,고혜진,문경민,최선자,남태훈,신한결,서동원,강승완,이한서,윤제문,기주봉,하민,이정훈"
가족여행,,한국,한국,"(주)스튜디오킬러웨일,㈜클엔터테인먼트",(주)이놀미디어,12세이상관람가,"가족,드라마","정종섭,김정태","이휘향,서영희,김정태,남경읍,홍정민,박상면"
베어 헌트: 피의 추격,2026-07-09,불가리아,불가리아,,(주)누리픽쳐스,15세이상관람가,"스릴러,어드벤처",로엘 르네,
도미노,,서독,"서독,프랑스",,,,기타,,
아이즈 와이드 셧,2000-09-01,미국,미국,워너 브러더스 픽쳐스,워너브러더스 코리아(주),18세관람가,"드라마,미스터리,스릴러",스탠리 큐브릭,"톰 크루즈,니콜 키드먼"
메르세데스,,독일,"독일,네덜란드",,,,드라마,,
사랑의 블랙홀,1993-12-04,미국,미국,,,중학생이상관람가,"드라마,멜로/로맨스,판타지",해롤드 래미스,"앤디 맥도웰,빌 머레이"
시계태엽 오렌지,,미국,미국,,,청소년관람불가,"범죄,드라마",스탠리 큐브릭,
서퍼,2026-07-09,미국,미국,,TCO(주)더콘텐츠온,15세이상관람가,스릴러,,니콜라스 케이지
(FIWOM 2026) 피움초이스5,,한국,한국,,,,"드라마,다큐멘터리",,
2026 WDN 영화제 ‘비연대기적 여성의 움직임: 발화하는 불’,,한국,한국,,,,"다큐멘터리,드라마",,
(FIWOM 2026) 라자와 어떤 결정 외,,기타,기타,,,,"드라마,애니메이션",,
(FIWOM 2026) 피움초이스3,,한국,한국,,,,"드라마,다큐멘터리",,
(FIWOM 2026) 우리가 죽지 않는 한 외,,기타,기타,,,,"드라마,다큐멘터리",,
(FIWOM 2026) 피움초이스1,,기타,기타,,,,"다큐멘터리,애니메이션",,
(FIWOM 2026) 피움초이스9,,기타,기타,,,,"드라마,애니메이션",,
(FIWOM 2026) 피움초이스4,,기타,기타,,,,"드라마,다큐멘터리",,
미세스 다이죠부,,한국,한국,,,,다큐멘터리,,
(FIWOM 2026) 폐막식+폐막작,,한국,한국,,,,기타,,
(FIWOM 2026) 피움초이스11,,기타,기타,,,,드라마,,
(FIWOM 2026) 피움초이스6,,기타,기타,,,,드라마,,
(FIWOM 2026) 에이미의 처음 외,,기타,기타,,,,"드라마,애니메이션",,
"나쁜 여자, 아랫도리 길들이기 무삭제 : 아카리 츠무기",,일본,일본,,(주)코빈커뮤니케이션즈,청소년관람불가,성인물(에로),,
남친보다 꽉 찬 남사친,,일본,일본,,(주)씨맥스커뮤니케이션즈,청소년관람불가,성인물(에로),,
낮엔 천사 밤엔 요부 여친,,일본,일본,,(주)씨맥스커뮤니케이션즈,청소년관람불가,성인물(에로),,
넥스트 레벨 - 애정의 계급,,일본,일본,,(주)도키엔터테인먼트,청소년관람불가,멜로/로맨스,,
다섯 가지 맛,,한국,한국,(주)룬컴퍼니,(주)룬컴퍼니,청소년관람불가,"성인물(에로),드라마,멜로/로맨스",안해영,
되풀이하는 모모코,,일본,일본,,(주)도키엔터테인먼트,청소년관람불가,멜로/로맨스,,
마사지 룸 : 멈출수 없는 경련,,한국,한국,(주)룬컴퍼니,(주)룬컴퍼니,청소년관람불가,"성인물(에로),드라마",안해영,
마사지사 손가락에 함락,,일본,일본,,(주)씨맥스커뮤니케이션즈,청소년관람불가,성인물(에로),,
사랑을 보여주는 여자,,일본,일본,,(주)도키엔터테인먼트,청소년관람불가,멜로/로맨스,,
상사의 욕구 해소용 부하,,일본,일본,,(주)씨맥스커뮤니케이션즈,청소년관람불가,성인물(에로),,
성인클럽 에이스가 된 아내,,일본,일본,,(주)씨맥스커뮤니케이션즈,청소년관람불가,성인물(에로),,
소꿉친구와 질펀한 3일 동거,,일본,일본,,(주)씨맥스커뮤니케이션즈,청소년관람불가,성인물(에로),,
소녀의 사랑은 잠들 수 없다,,일본,일본,,(주)도키엔터테인먼트,청소년관람불가,멜로/로맨스,,
소설 변태의 계절,,일본,일본,,(주)도키엔터테인먼트,청소년관람불가,멜로/로맨스,,
소설가의 아내…도쿄,,일본,일본,,(주)도키엔터테인먼트,청소년관람불가,멜로/로맨스,,
슬럼프의 루미,,일본,일본,,(주)도키엔터테인먼트,청소년관람불가,멜로/로맨스,,
아사미의 오후,,일본,일본,,(주)도키엔터테인먼트,청소년관람불가,멜로/로맨스,,
얽힌 혀 잊힌 가정 엉겨 붙은 불륜 남녀,,일본,일본,,(주)씨맥스커뮤니케이션즈,청소년관람불가,성인물(에로),,
여자도 남자만큼 하고 싶다,,한국,한국,(주)영화사가을,(주)영화사가을,청소년관람불가,멜로/로맨스,,
옆집 유부녀 무삭제,2026-07-10,한국,한국,(주)파랑새미디어,(주)영진크리에이티브,청소년관람불가,"성인물(에로),드라마,멜로/로맨스",,
이상한 언덕의 천녀,,일본,일본,,(주)도키엔터테인먼트,청소년관람불가,멜로/로맨스,,
일주일간 발기 고문 쾌락 동거,,일본,일본,,(주)씨맥스커뮤니케이션즈,청소년관람불가,성인물(에로),,
입가에 번진 소꿉친구 씨앗,,일본,일본,,(주)씨맥스커뮤니케이션즈,청소년관람불가,성인물(에로),,
입술의 온도,,일본,일본,,(주)도키엔터테인먼트,청소년관람불가,멜로/로맨스,,
처제의 가랑이 사이에 갇힌 형부,,일본,일본,,(주)코빈커뮤니케이션즈,청소년관람불가,성인물(에로),,
침투부부,,한국,한국,제뉴어리이공 현프로,주식회사 원스크린,청소년관람불가,"드라마,성인물(에로)",서영수,
투덜대며 핥아주는 이중생활 여상사,,일본,일본,,(주)씨맥스커뮤니케이션즈,청소년관람불가,성인물(에로),,
4인용 식탁,2003-08-08,한국,한국,"싸이더스에이치큐,(주)영화사봄",씨제이엔터테인먼트,15세관람가,"공포(호러),미스터리,스릴러",이수연,"박신양,전지현,유선,정욱,이혜원,강기화,강길영,김여진,정현,김지연,김병대,전국환,이주실"
불신지옥,2009-08-12,한국,한국,(주)영화사아침,(주)쇼박스,15세이상관람가,"미스터리,공포(호러)",이용주,"남상미,류승룡,김보연,심은경,신은정,박지선,오지은,문희경,박진우,장영남,강대희"
타잔과 친구들,,미국,미국,,,,"액션,어드벤처","세드릭 기븐스,잭 콘웨이","조니 웨이스뮬러,모린 오설리반"
어느 뻣뻣한 하루 + 더 치킨,,기타,기타,,(주)영화사 진진,,드라마,,
인 더 모먼트: 가이 셔윈 & 린 루의 영화와 퍼포먼스 3,,영국,영국,,,,기타,,
페르소나,2013-07-25,스웨덴,스웨덴,,㈜영화사 백두대간,청소년관람불가,드라마,잉마르 베리만,"리브 울만,비비 안데르손"
청년 조용기,2026-09-11,한국,한국,권필름,"(주)영화특별시에스엠씨,주시회사 시테스",전체관람가,다큐멘터리,권혁만,"유열,양동근"
인 더 모먼트: 가이 셔윈 & 린 루의 영화와 퍼포먼스 2,,영국,영국,,,,기타,,
인 더 모먼트: 가이 셔윈 & 린 루의 영화와 퍼포먼스 1,,영국,영국,,,,기타,,
무에타이 파이터,,태국,태국,,주식회사 풍경소리,15세이상관람가,액션,,
헬파이어: 시수의 길,2026-07-16,미국,미국,,(주)키노라이츠,15세이상관람가,"스릴러,액션",아이삭 플로렌틴,"스티븐 랭,스카티 톰슨"
결혼의 풍경 1~3,,스웨덴,스웨덴,,,,드라마,잉마르 베리만,"리브 울만,얼랜드 요셉슨"
예스! 유 캔,2026-07-22,이탈리아,이탈리아,,일미디어,12세이상관람가,드라마,,
마법사,,스웨덴,스웨덴,,,,드라마,잉마르 베리만,"막스 본 시도우,잉그리드 서린"
결혼의 풍경 4~6,,스웨덴,스웨덴,,,,드라마,잉마르 베리만,"리브 울만,얼랜드 요셉슨"
걷기왕,2016-10-20,한국,한국,㈜인디스토리,CGV아트하우스,12세이상관람가,드라마,백승화,"심은경,조하민,박주희,김새벽,허정도,윤지원,안승균,김광규,김정영,이재진,이준용,박민준,장현진,방범석,정규환,오은비,조주형,이규진,이수아,최봉석,황수진,김신동,이주영,안재홍,이나영,최원,이동혁,이동빈,윤지원"
보놀로타 익스프레스,,기타,기타,,,,드라마,,
평화와 평온,,폴란드,폴란드,,,,드라마,크지슈토프 키에슬로프스키,
잠금: 셧다운,2026-07-15,미국,미국,,(주)스튜디오디에이치엘,15세이상관람가,"스릴러,범죄",데이빗 야로베스키,"빌 스카스가드,안소니 홉킨스"
[무학산 영화제] 섹션 2. 마산영화구락부 포커스: 박승범,,한국,한국,,,,드라마,박승범,
대물에 푹 절여진 아줌마,,한국,한국,(주)샤이커뮤니케이션즈,(주)샤이커뮤니케이션즈,청소년관람불가,성인물(에로),,
또 먹버 당하는 발정 난 노처녀,2026-07-15,한국,한국,(주)샤이커뮤니케이션즈,(주)샤이커뮤니케이션즈,청소년관람불가,성인물(에로),,
마사지 샵에서 몰래 먹는 여직원,2026-07-15,한국,한국,(주)샤이커뮤니케이션즈,(주)샤이커뮤니케이션즈,청소년관람불가,성인물(에로),,
몸으로 실수 해결하는 여직원,,한국,한국,(주)샤이커뮤니케이션즈,(주)샤이커뮤니케이션즈,청소년관람불가,성인물(에로),,
사무실에서 몰래 섹스하는 맛,,한국,한국,(주)샤이커뮤니케이션즈,(주)샤이커뮤니케이션즈,청소년관람불가,성인물(에로),,
스타킹 찢어주는 육덕녀,,한국,한국,(주)샤이커뮤니케이션즈,(주)샤이커뮤니케이션즈,청소년관람불가,성인물(에로),,
[무학산 영화제] 섹션 3. 박소현의 다큐멘터리,,한국,한국,,,,다큐멘터리,박소현,
로이드,,기타,기타,,,,드라마,,
2026 인디스데이,,한국,한국,,,,"드라마,공포(호러)",,
사진+첫사랑,,폴란드,폴란드,,,,다큐멘터리,크지슈토프 키에슬로프스키,
지하도+스태프,,폴란드,폴란드,,,,드라마,크지슈토프 키에슬로프스키,
어느 짧은 근무일,,폴란드,폴란드,,,,드라마,크지슈토프 키에슬로프스키,
[무학산 영화제] 섹션 1. 박영근의 공개구애,,한국,한국,,,,"다큐멘터리,드라마",박영근,
거유 엄마 무삭제,,일본,일본,,,청소년관람불가,성인물(에로),,
계약당일 촬영한 여배우 강림,,일본,일본,,블루투맨,청소년관람불가,성인물(에로),,
나쁜 학부형,,일본,일본,,(주)빅콘미디어,청소년관람불가,성인물(에로),,
나이만큼 성숙한 유부녀,,일본,일본,,(주)도키엔터테인먼트,청소년관람불가,성인물(에로),,
남자몸이 그리운 친구엄마와 육체결합,,일본,일본,,,청소년관람불가,성인물(에로),,
남편으로는 부족한 새엄마를 풀어주다,,일본,일본,,,청소년관람불가,성인물(에로),,
내 아내랑 하지 마라,,한국,한국,제뉴어리이공 현프로,주식회사 원스크린,청소년관람불가,"드라마,성인물(에로)",이민용,
내가 친구 엄마의 불륜 상대,,일본,일본,,(주)도키엔터테인먼트,청소년관람불가,성인물(에로),,
눈물 울음 후회 통신사 여직원,,일본,일본,,블루투맨,청소년관람불가,성인물(에로),,
눈을 뜨자 벌써 새엄마가 올라타고 있었다,,일본,일본,,(주)도키엔터테인먼트,청소년관람불가,성인물(에로),,
동네 청년들을 탐하다 추잡한 주부,,일본,일본,,(주)빅콘미디어,청소년관람불가,성인물(에로),아사기리 조,
딸의 가정을 지키기 위해 벗은 장모님,,일본,일본,,,청소년관람불가,성인물(에로),,
미니사이즈 22살 현역 간호사,,일본,일본,,블루투맨,청소년관람불가,성인물(에로),,
배달원으로 성욕 채우는 아내,,일본,일본,,(주)도키엔터테인먼트,청소년관람불가,성인물(에로),,
비뇨기과 성기능 검진,,일본,일본,,(주)도키엔터테인먼트,청소년관람불가,성인물(에로),,
빵빵한 엉덩이의 친구엄마에게 동정을 바치다,,일본,일본,,,청소년관람불가,성인물(에로),,
사이코패스인 새아들,,일본,일본,,(주)도키엔터테인먼트,청소년관람불가,성인물(에로),,
새아들의 엑기스만 모았다,,일본,일본,,(주)도키엔터테인먼트,청소년관람불가,성인물(에로),,
새엄마 마코짱의 가슴유혹 레전드편,,일본,일본,,,청소년관람불가,성인물(에로),,
새엄마가 세워준 강한 자존심,,일본,일본,,(주)도키엔터테인먼트,청소년관람불가,성인물(에로),코지마 유키오,
성감치료 거시기 처방전,,일본,일본,,(주)도키엔터테인먼트,청소년관람불가,성인물(에로),사사키 히로히사,
아빠가 출장이라 집을 비운후 새엄마가 벗었다,,일본,일본,,,청소년관람불가,성인물(에로),,
아빠가 출장중이라 집에 없는 동안만 사귀어준다는 새엄마,,일본,일본,,,청소년관람불가,성인물(에로),,
애니성우 출신의 얼굴노출,,일본,일본,,블루투맨,청소년관람불가,성인물(에로),,
어여쁜 엄마친구와 선을 크게 넘어버린 정사,,일본,일본,,,청소년관람불가,성인물(에로),,
"여상사의 음란한 혀! ""너, 정말 맛있게 싸네?""",,일본,일본,,(주)코빈커뮤니케이션즈,청소년관람불가,성인물(에로),,
여신의 허벅지 사이로 들어간 뜨거운 거근,,일본,일본,,(주)코빈커뮤니케이션즈,청소년관람불가,성인물(에로),,
옆집유부녀를 최면으로 완전지배,,일본,일본,,,청소년관람불가,성인물(에로),,
오늘은 너만 야근이라는 여상사,,일본,일본,,(주)도키엔터테인먼트,청소년관람불가,성인물(에로),,
오피스에서 즐기는 여상사,,일본,일본,,(주)도키엔터테인먼트,청소년관람불가,성인물(에로),,
완숙 거유의 엄마친구가 안아준 동정,,일본,일본,,,청소년관람불가,성인물(에로),,
완전 얼굴공개 신혼녀,,일본,일본,,블루투맨,청소년관람불가,성인물(에로),,
입술로 적셔주는 새엄마,,일본,일본,,(주)도키엔터테인먼트,청소년관람불가,성인물(에로),,
즐거웠던 너와의 여름밤을 기억하며 새엄마의 오일마사지,,일본,일본,,,청소년관람불가,성인물(에로),,
지루인 나를 실은 명기인 새엄마가 치료해주다,,일본,일본,,(주)도키엔터테인먼트,청소년관람불가,성인물(에로),,
첫 야외노출 통행인과 1.5미터,,일본,일본,,블루투맨,청소년관람불가,성인물(에로),,
초미인 여대생 인기모델,,일본,일본,,블루투맨,청소년관람불가,성인물(에로),,
치한전철 그놈들의 장난질에 반응하다,,일본,일본,,,청소년관람불가,성인물(에로),,
친구아들의 동정욕구를 몸으로 받아주다,,일본,일본,,,청소년관람불가,성인물(에로),,
친구의 아내가 내 전여친,,일본,일본,,(주)도키엔터테인먼트,청소년관람불가,성인물(에로),,
캬바걸 F컵 잘록한 허리녀,,일본,일본,,블루투맨,청소년관람불가,성인물(에로),,
터져버린 여부장의 암컷본능,,일본,일본,,(주)도키엔터테인먼트,청소년관람불가,성인물(에로),,
핫바디 엄마친구 네네짱,,일본,일본,,(주)도키엔터테인먼트,청소년관람불가,성인물(에로),,
헬스트레이너 최초 얼굴공개,,일본,일본,,블루투맨,청소년관람불가,성인물(에로),,
현관에서 격렬하게 안아달라는 새엄마,,일본,일본,,,청소년관람불가,성인물(에로),,
현역 20살 여대생 최초촬영,,일본,일본,,블루투맨,청소년관람불가,성인물(에로),,
버블 패밀리,2018-12-20,한국,한국,쌍마픽처스,무브먼트,전체관람가,"다큐멘터리,가족",마민지,"노해숙,마풍락,마민지"
상계동 올림픽,,한국,한국,,,,다큐멘터리,김동원,
사랑의 하츄핑: 고래보석의 전설,2026-08-05,한국,한국,(주)에스에이엠지엔터테인먼트,(주)바이포엠스튜디오,전체관람가,애니메이션,김수훈,
어떻게 해야 했을까?,2026-07-29,일본,일본,,(주)엣나인필름,12세이상관람가,다큐멘터리,,
가면들,,포르투갈,포르투갈,,,,다큐멘터리,,
아워 미드나잇,2021-11-11,한국,한국,화목한영화사,필름다빈,12세이상관람가,드라마,임정은,"이승훈,박서은,임영우,한해인,고관재,민효경,이정혁,이건우,정재윤,장근영,오규철,강석원,홍세은,권수진,정지영,김솔,서삼선,서연,이준희,임정은,최혁진,김수혁,김지혜,서연,오정석,전미연,최재영,한이한,현한비,이원영,권민표,김종재,박근영,서한솔,오정석,임승현,풍정현,김아름,문창준,이원영,김덕중,박세정,노경,장준혁,한우진,강송연,김덕중,안경훈,이준희,정유진,임윤비,이인범"
움직이는 삶,,포르투갈,포르투갈,,,,드라마,파울로 로샤,
격정 상간 새엄마,,일본,일본,,(주)도키엔터테인먼트,청소년관람불가,성인물(에로),,
그라비아 출신 최초 얼굴노출,,일본,일본,,블루투맨,청소년관람불가,성인물(에로),,
나를 읽어주세요,,한국,한국,㈜스토리제이,㈜스토리제이,청소년관람불가,멜로/로맨스,,
내 친구와 남편이 같은 냄새,,일본,일본,,(주)도키엔터테인먼트,청소년관람불가,성인물(에로),,
니가 날 보는 게 좋아 - 새엄마,,일본,일본,,(주)도키엔터테인먼트,청소년관람불가,성인물(에로),,
신유스타일 무경험 처녀타락,,일본,일본,,블루투맨,청소년관람불가,성인물(에로),,
압도적 미녀신인의 등장,,일본,일본,,블루투맨,청소년관람불가,성인물(에로),,
에로만화 발정의 새엄마,,일본,일본,,(주)도키엔터테인먼트,청소년관람불가,성인물(에로),,
연예인급 후회의 오열 첫경험,,일본,일본,,블루투맨,청소년관람불가,성인물(에로),,
위아래 다 예쁜 유부녀,,일본,일본,,(주)도키엔터테인먼트,청소년관람불가,성인물(에로),,
재강림 H컵 뒷 플레이 첫도전,,일본,일본,,블루투맨,청소년관람불가,성인물(에로),,
초귀요미 생애 첫 하드섹스,,일본,일본,,블루투맨,청소년관람불가,성인물(에로),,
"촉촉한, 질 좋은 옆집 여자 무삭제",,일본,일본,,,청소년관람불가,성인물(에로),,
키 148센치 미니계 여대생,,일본,일본,,블루투맨,청소년관람불가,성인물(에로),,
