movie_id,title_ko,title_en,gubun,genre,nation,theater_admissions,online_cumulative,seat_cnt,lifetime_vod,first_year_vod,online_open,theater_open
FS20183782,기생충,PARASITE,일반영화,드라마,한국,10317318,2772468,33873753,2772468,2660596,2019-07-29,2019-05-30
FS20136803,겨울왕국,Frozen,일반영화,"애니메이션,어드벤처,가족,코미디,뮤지컬,판타지",미국,10329222,2725595,27899158,2725595,1310204,2014-02-27,2014-01-16
FS20172742,범죄도시,THE OUTLAWS,일반영화,"범죄,액션",한국,6880546,2612055,24033267,2612055,1975347,2017-11-14,2017-10-03
FS20182530,극한직업,Extreme Job,일반영화,코미디,한국,16266641,2070446,50761360,2070446,1924046,2019-03-04,2019-01-23
FS20150976,신과함께-죄와 벌,Along with the Gods: The Two Worlds,일반영화,"판타지,드라마",한국,14414658,1889523,37112619,1889523,1811219,2018-02-12,2017-12-20
FS20204548,범죄도시2,The Roundup,일반영화,"범죄,액션",한국,12693448,1802372,51695159,1802372,1670417,2022-07-18,2022-05-18
FS20174061,보스 베이비,The Boss Baby,일반영화,"애니메이션,코미디,가족",미국,2452245,1669509,7325224,1669509,991464,2017-06-02,2017-05-03
FS20226411,범죄도시3,THE ROUNDUP : NO WAY OUT,일반영화,"범죄,액션",한국,10682897,1619621,46286707,1619621,1556801,2023-06-26,2023-05-31
FS20148048,베테랑,Veteran,일반영화,"액션,드라마",한국,13414649,1574020,37275407,1574020,1360722,2015-10-07,2015-08-05
FS20140194,곡성,THE WAILING,일반영화,"미스터리,스릴러,드라마",한국,6879989,1514726,22813514,1514726,1180194,2016-06-22,2016-05-12
FS20124401,신세계,New World,일반영화,"범죄,액션",한국,4690270,1488703,17084716,1488703,93013,2014-02-10,2013-02-21
FS20185341,마녀,The Witch : Part 1. The Subversion,일반영화,"미스터리,액션",한국,3189091,1385138,13776329,1385138,1028860,2018-07-23,2018-06-27
FS20177478,어벤져스: 인피니티 워,Avengers: Infinity War,일반영화,"액션,어드벤처,판타지,SF",미국,11233176,1379329,41645363,1379329,1096036,2018-08-22,2018-04-25
FS20126091,관상,The Face Reader,일반영화,"사극,드라마",한국,9136156,1342521,24223562,1342521,1204510,2013-11-12,2013-09-11
FS20113533,후궁 : 제왕의 첩,The Concubine,일반영화,"사극,멜로/로맨스",한국,2636385,1320153,13333257,1320153,258330,2012-10-14,2012-06-06
FS20124034,도둑들,The Thieves,일반영화,"액션,범죄",한국,12984701,1268465,30229269,1268465,1150562,2012-10-14,2012-07-25
FS20153444,럭키,LUCK-KEY,일반영화,코미디,한국,6975677,1261154,25957537,1261154,1154124,2016-10-18,2016-10-13
FS20165443,모아나,Moana,일반영화,애니메이션,미국,2314299,1239063,8294043,1239063,748237,2017-02-08,2017-01-12
FS20129370,명량,The Admiral: Roaring Currents,일반영화,"사극,액션",한국,17616791,1220574,34870544,1220574,981907,2014-12-16,2014-07-30
FS20234675,파묘,Exhuma,일반영화,,한국,11914901,1215137,53451707,1215137,1204561,2024-02-22,
FS20124079,"광해, 왕이 된 남자",Masquerade,일반영화,"사극,드라마",한국,12324198,1196542,40110021,1196542,975323,2013-01-10,2012-09-13
FS20148851,암살,Assassination,일반영화,"액션,드라마",한국,12707491,1191590,30097631,1191590,1058255,2015-09-23,2015-07-22
FS20127593,7번방의 선물,Miracle in Cell No.7,일반영화,"코미디,드라마",한국,12812473,1189774,32003349,1189774,993158,2013-04-10,2013-01-23
FS20155501,주토피아,Zootopia,일반영화,"애니메이션,액션,어드벤처",미국,4711015,1154053,20896305,1154053,714495,2016-05-18,2016-02-17
FS20145507,검사외전,A Violent Prosecutor,일반영화,"범죄,코미디",한국,9707581,1152520,28160055,1152520,1045500,2016-03-23,2016-02-03
FS20156564,부산행,TRAIN TO BUSAN,일반영화,"액션,스릴러",한국,11567929,1144445,25832818,1144445,908327,2016-08-17,2016-07-20
FS20124721,어벤져스,The Avengers,일반영화,"액션,SF",미국,7087971,1120371,23467990,1120371,158643,2013-07-03,2012-04-26
FS20186202,신과함께-인과 연,Along with the Gods: The Last 49 Days,일반영화,"판타지,드라마",한국,12278010,1118204,30472100,1118204,1047910,2018-09-17,2018-08-01
FS20228797,범죄도시4,THE ROUNDUP : PUNISHMENT,일반영화,"액션,범죄",한국,11503781,1113021,53351733,1113021,1080109,2024-04-24,
FS20151228,공조,Confidential Assignment,일반영화,액션,한국,7817686,1112399,25862243,1112399,925299,2017-01-03,2017-01-18
FS20184889,어벤져스: 엔드게임,Avengers: Endgame,일반영화,"액션,SF",미국,13977602,1101622,41091575,1101622,504736,2019-01-08,2019-04-24
FS20197803,겨울왕국 2,Frozen 2,일반영화,애니메이션,미국,13768797,1101122,49969108,1101122,894525,2020-02-03,2019-11-21
FS20184621,엑시트,EXIT,일반영화,"코미디,액션",한국,9429024,1089713,33008104,1089713,1014378,2019-09-04,2019-07-31
FS20098169,쥬라기 월드,Jurassic World,일반영화,"액션,어드벤처,SF",미국,5547463,1089183,21654547,1089183,794021,2015-06-09,2015-06-11
FS20188941,악인전,"The Gangster, The Cop, The Devil",일반영화,"범죄,액션",한국,3364924,1061020,16397857,1061020,977070,2019-06-17,2019-05-15
FS20177538,완벽한 타인,Intimate Strangers,일반영화,"드라마,코미디",한국,5294154,1043642,23283533,1043642,72536,2019-09-30,2018-10-31
FS20113557,범죄와의 전쟁: 나쁜놈들 전성시대,Nameless Gangster : Rules of the Time,일반영화,"범죄,드라마",한국,4720172,1035465,18604929,1035465,169908,2012-10-14,2012-02-02
FS20131102,수상한 그녀,Miss Granny,일반영화,드라마,한국,8665824,1032925,25787985,1032925,918497,2014-04-29,2014-01-22
FS20145361,미니언즈,Minions,일반영화,애니메이션,미국,2627228,1028813,5861109,1028813,471116,2015-08-24,2015-07-29
FS20137048,국제시장,Ode to My Father,일반영화,드라마,한국,14269712,1024422,39411092,1024422,840863,2015-04-20,2014-12-17
FS20162442,청년경찰,Midnight Runners,일반영화,액션,한국,5653444,1024125,18950943,1024125,902610,2017-09-19,2017-08-09
FS20150025,내부자들: 디 오리지널,Inside Men: The Original,일반영화,"범죄,드라마",한국,2084939,1018199,7721097,1018199,848677,2016-01-19,2015-12-31
FS20140110,킹스맨 : 시크릿 에이전트,Kingsman: The Secret Service,일반영화,"액션,스릴러",미국,6129681,1016818,24533548,1016818,621315,2015-04-20,2015-02-11
FS20162869,택시운전사,A Taxi Driver,일반영화,드라마,한국,12189988,1013769,32675730,1013769,925157,2017-09-20,2017-08-02
FS20137044,친구 2,Friend : The Great Legacy,일반영화,액션,한국,2971475,983637,13244631,983637,873035,2013-12-18,2013-11-14
FS20179383,독전,Believer,일반영화,"범죄,액션",한국,5064323,977832,23076261,977779,891135,2018-06-15,2018-05-22
FS20192206,백두산,ASHFALL,일반영화,"어드벤처,드라마",한국,8253570,977734,30513684,977734,928275,2020-01-15,2019-12-19
FS20010291,해리포터와 마법사의 돌,Harry Potter And The Socrerers Stone,일반영화,"가족,판타지",미국,332525,977452,796291,977452,16483,2013-12-02,2001-12-13
FS20142402,간신,The Treacherous,일반영화,사극,한국,1110274,928901,6054664,928901,753119,2015-06-16,2015-05-21
FS20179985,코코,COCO,일반영화,애니메이션,미국,3534625,927691,13528171,927691,619379,2018-02-12,2018-01-11
FS20197922,다만 악에서 구하소서,DELIVER US FROM EVIL,일반영화,"범죄,액션",한국,4357873,920078,32272677,920078,867430,2020-09-02,2020-08-05
FS20183867,알라딘,Aladdin,일반영화,"어드벤처,가족,판타지",미국,12800870,918524,43125360,918524,508748,2018-12-19,2019-05-23
FS20170402,강철비,Steel Rain,일반영화,"액션,드라마",한국,4452900,915518,12653723,915366,831608,2018-01-11,2017-12-14
FS20144444,아가씨,The Handmaiden,일반영화,"스릴러,드라마",한국,4290099,913461,15587927,913461,682103,2016-07-25,2016-06-01
FS20184481,성난황소,Unstoppable,일반영화,"범죄,액션",한국,1593386,901708,7336375,901708,867436,2018-12-11,2018-11-22
FS20156807,뽀로로 극장판 컴퓨터 왕국 대모험,Pororo3 :  Cyber Space Adventure,일반영화,애니메이션,한국,446054,895299,1722628,895299,439337,2015-12-23,2015-12-10
FS20100215,점박이:한반도의 공룡3D,Speckles: The Tarbosaurus,일반영화,"애니메이션,어드벤처,액션",한국,1051710,892649,4048287,892649,305594,2012-11-06,2012-01-26
FS20179086,쥬라기 월드: 폴른 킹덤,JURASSIC WORLD: FALLEN KINGDOM,일반영화,"액션,어드벤처,SF",미국,5661128,891501,25850573,891501,738418,2018-06-26,2018-06-06
FS20151225,인사이드 아웃,Inside Out,일반영화,"애니메이션,코미디",미국,4972640,878749,13222661,878749,424970,2015-10-13,2015-07-09
FS20170590,1987,1987: When the Day Comes,일반영화,드라마,한국,7233076,877060,22965690,877060,774382,2018-02-05,2017-12-27
FS20134803,변호인,The Attorney,일반영화,드라마,한국,11375399,864178,29632486,864178,533364,2014-03-07,2013-12-18
FS20124074,건축학개론,Architecture 101,일반영화,"멜로/로맨스,드라마",한국,4114968,834259,19273657,834259,180351,2012-10-14,2012-03-22
FS20153443,아수라,Asura : The City of Madness,일반영화,"범죄,액션",한국,2594943,832917,12370538,832917,617321,2016-09-06,2016-09-28
FS20163181,닥터 스트레인지,Doctor Strange,일반영화,"액션,어드벤처,판타지",미국,5447269,829822,31087203,829822,463857,2017-01-24,2016-10-26
FS20153781,데드풀,Deadpool,일반영화,"액션,SF",미국,3322773,824823,15975640,824823,503937,2016-03-23,2016-02-17
FS20151229,더 킹,The King,일반영화,"범죄,드라마",한국,5318202,822723,19633720,822723,709200,2017-02-14,2017-01-18
FS20165748,꾼,The Swindlers,일반영화,범죄,한국,4018341,820919,22349572,820919,102400,2018-05-02,2017-11-22
FS20136064,해적: 바다로 간 산적,The Pirates,일반영화,어드벤처,한국,8666208,820126,22267664,820126,722360,2014-10-01,2014-08-06
FS20162181,프리즌,The Prison,일반영화,"범죄,액션",한국,2931953,817741,15285542,817741,735162,2017-04-24,2017-03-23
FS20199816,담보,Pawn,일반영화,드라마,한국,1719839,805286,18253882,805286,772107,2020-10-20,2020-09-29
FS20134798,연평해전,Northern Limit Line,일반영화,드라마,한국,6046219,802897,20559042,802897,683620,2015-07-29,2015-06-24
FS20242837,왕과 사는 남자,The King's Warden,일반영화,"사극,드라마",한국,16917083,790803,68584260,790803,790803,2026-02-04,
FS20134804,타짜-신의 손,Tazza-The Hidden Card,일반영화,드라마,한국,4015361,790466,14866494,790466,530726,2014-10-15,2014-09-03
FS20179189,암수살인,Dark Figure of Crime,일반영화,"범죄,드라마",한국,3789553,787233,20872725,787233,745193,2018-10-30,2018-10-03
FS20212866,서울의 봄,12.12: THE DAY,일반영화,드라마,한국,13128588,783453,55638159,783453,754220,2023-11-22,
FS20188750,나쁜 녀석들: 더 무비,The Bad Guys: Reign of Chaos,일반영화,"범죄,액션",한국,4573902,780964,19834145,780964,716754,2019-10-07,2019-09-11
FS20176122,안시성,The Great Battle,일반영화,"사극,액션",한국,5441279,768831,18784572,768831,723801,2018-10-23,2018-09-19
FS20020222,해리포터와 비밀의 방,Harry Potter And The Chamber Of Secrets,일반영화,드라마,미국,137833,764751,357123,764751,19613,2013-11-25,2002-12-13
FS20215601,공조2: 인터내셔날,Confidential Assignment2: International,일반영화,"액션,코미디",한국,6983077,760643,42905663,760643,753284,2022-10-14,2022-09-07
FS20148846,사도,The Throne,일반영화,사극,한국,6247872,759671,23207153,759671,642939,2015-10-26,2015-09-16
FS20175222,킹스맨: 골든 서클,Kingsman: The Golden Circle,일반영화,"액션,어드벤처,코미디",미국,4945484,757949,16846324,757949,646711,2017-10-26,2017-09-27
FS20170561,블랙 팬서,Black Panther,일반영화,"액션,드라마,SF",미국,5400241,754054,22095926,754054,639241,2018-05-23,2018-02-14
FS20133322,인간중독,Obsessed,일반영화,"멜로/로맨스,드라마",한국,1441990,753158,7400067,753158,45773,2016-06-02,2014-05-14
FS20167303,스파이더맨: 홈 커밍,Spider-Man: Homecoming,일반영화,"액션,어드벤처,SF",미국,7258678,750974,29858419,750974,561363,2017-09-12,2017-07-05
FS20192193,도굴,Collectors,일반영화,범죄,한국,1545281,750455,22875738,750378,738642,2020-12-16,2020-11-04
FS20175121,토르: 라그나로크,THOR: RAGNAROK,일반영화,"액션,어드벤처,판타지,SF",미국,4858572,749108,25879390,749108,583965,2018-01-25,2017-10-25
FS20177221,베놈,Venom,일반영화,"액션,SF,스릴러",미국,3888096,748151,20599154,748151,617170,2018-12-04,2018-10-03
FS20139201,신의 한 수,The Divine Move,일반영화,"범죄,액션",한국,3566852,743482,12933358,743482,21837,2016-07-14,2014-07-03
FS20176104,그것만이 내 세상,Keys to the Heart,일반영화,"코미디,드라마",한국,3420766,743185,16173934,743185,647050,2018-02-19,2018-01-17
FS20167904,라라랜드,LA LA LAND,일반영화,"드라마,뮤지컬,멜로/로맨스",미국,3802166,742144,18368010,742144,427079,2017-04-17,2016-12-07
FS20124066,은교,Eungyo,일반영화,멜로/로맨스,한국,1346511,735572,6459136,735572,118520,2012-10-14,2012-04-25
FS20124935,박수건달,Man on the Edge,일반영화,코미디,한국,3897969,734126,11322514,734126,689972,2013-03-04,2013-01-09
FS20184462,봉오동 전투,The Battle: Roar to Victory,일반영화,"사극,액션,드라마",한국,4788285,729373,17121812,729373,683586,2019-09-02,2019-08-07
FS20124083,베를린,The Berlin File,일반영화,액션,한국,7166944,729105,20730922,729105,556142,2013-04-23,2013-01-30
FS20198414,시동,START-UP,일반영화,드라마,한국,3318938,727192,13035494,727192,695444,2020-01-10,2019-12-18
FS20224882,마녀(魔女) Part2. The Other One,The Witch: Part 2. The Other One,일반영화,액션,한국,2806503,724612,13709245,724612,698660,2022-07-07,2022-06-15
FS20161725,마스터,Master,일반영화,"액션,범죄",한국,7150586,716440,23865930,716440,630432,2016-12-23,2016-12-21
FS20166488,미이라,The Mummy,일반영화,"액션,어드벤처,판타지",미국,3689325,715388,20149669,715388,667376,2017-06-28,2017-06-06
FS20154910,터널,Tunnel,일반영화,드라마,한국,7120905,712800,22439849,712800,648002,2016-08-08,2016-08-10
FS20151383,마션,The Martian,일반영화,"액션,어드벤처,SF",미국,4887144,707050,22279754,707050,579500,2015-11-26,2015-10-08
FS20199883,오케이 마담,OK! MADAM,일반영화,"코미디,액션",한국,1229372,701712,12322005,701712,691214,2020-09-11,2020-08-12
FS20113554,내 아내의 모든 것,All About My Wife,일반영화,"코미디,멜로/로맨스",한국,4598985,701116,15835699,701065,186944,2012-10-14,2012-05-17
FS20148493,어벤져스: 에이지 오브 울트론,The Avengers: Age of Ultron,일반영화,"액션,어드벤처,판타지,SF",미국,10504487,700244,35450061,700244,379715,2015-09-15,2015-04-23
FS20180939,남산의 부장들,The Man Standing Next,일반영화,드라마,한국,4750917,699707,24038916,699707,671785,2020-02-11,2020-01-22
FS20180290,아쿠아맨,AQUAMAN,일반영화,액션,미국,5041187,696687,18459269,696687,623310,2019-01-18,2018-12-19
FS20148855,극비수사,The Classified File,일반영화,"드라마,범죄",한국,2860786,695310,10955576,695310,625126,2015-07-13,2015-06-18
FS20121621,아이언맨 3,Iron Man 3,일반영화,"액션,어드벤처,SF",미국,9006173,687307,31541011,687307,478287,2013-07-22,2013-04-25
FS20149314,내부자들,Inside Men,일반영화,"범죄,드라마",한국,7073581,684466,28753022,684466,555596,2016-01-05,2015-11-19
FS20181181,미션 임파서블: 폴아웃,Mission:Impossible- Fallout,일반영화,"액션,스릴러",미국,6589061,676969,16466285,676969,61551,2019-04-30,2018-07-25
FS20181434,신의 한 수: 귀수편,The Divine Move 2: The Wrathful,일반영화,"범죄,액션",한국,2159081,676952,13851314,676952,654865,2019-12-04,2019-11-07
FS20123681,뽀로로 극장판 슈퍼썰매 대모험,Pororo: The Racing Adventure,일반영화,애니메이션,한국,931953,670709,3026544,670709,23078,2014-07-30,2013-01-23
FS20193321,정직한 후보,HONEST CANDIDATE,일반영화,코미디,한국,1539528,670474,14104756,670474,634730,2020-03-13,2020-02-12
FS20139183,역린,The Fatal Encounter,일반영화,사극,한국,3849700,670071,14777515,670071,583555,2014-05-28,2014-04-30
FS20177552,국가부도의 날,Default,일반영화,드라마,한국,3755495,669053,18073312,669053,627347,2018-12-27,2018-11-28
FS20140431,메이즈 러너,The Maze Runner,일반영화,"액션,미스터리,SF,스릴러",미국,2812427,665841,12952453,665841,128108,2015-05-07,2014-09-18
FS20176251,내안의 그놈,The Dude in Me,일반영화,"판타지,코미디",한국,1917999,663914,9441536,663914,622055,2019-01-31,2019-01-09
FS20159646,밀정,The Age of Shadows,일반영화,액션,한국,7500457,662429,25841269,662429,574818,2016-08-30,2016-09-07
FS20135428,어바웃 타임,ABOUT TIME,일반영화,"멜로/로맨스,코미디",영국,3455555,654650,10848883,654650,255375,2014-03-03,2013-12-05
FS20126469,브레이킹 던 part2,The Twilight Saga: Breaking Dawn Part 2,일반영화,"드라마,판타지,멜로/로맨스",미국,2654817,653515,10708906,653515,312054,2013-03-04,2012-11-15
FS20184572,타짜: 원 아이드 잭,Tazza: One Eyed Jack,일반영화,"범죄,드라마",한국,2229311,649020,10109340,649020,633272,2019-10-02,2019-09-11
FS20145503,검은 사제들,The Priests,일반영화,"미스터리,드라마",한국,5443366,648337,22814475,648337,554309,2015-12-08,2015-11-05
FS20122089,슈퍼배드 2,Despicable Me 2,일반영화,애니메이션,미국,963763,646765,2442570,646765,200014,2013-12-10,2013-09-12
FS20192101,히트맨,HITMAN: AGENT JUN,일반영화,"코미디,액션",한국,2406232,645758,13059130,645740,611985,2020-02-19,2020-01-22
FS20194376,탑건: 매버릭,Top Gun: Maverick,일반영화,액션,미국,8280938,644319,39376506,644319,588591,2022-08-04,2022-06-22
FS20161481,군함도,The Battleship Island,일반영화,"액션,드라마",한국,6592178,642760,18382862,642760,585861,2017-07-19,2017-07-26
FS20152022,인턴,The Intern,일반영화,코미디,미국,3611166,637409,12794973,637409,495594,2015-12-15,2015-09-24
FS20178161,탐정: 리턴즈,The Accidental Detective 2: In Action,일반영화,"코미디,범죄",한국,3152895,629867,18021285,629815,590521,2018-07-16,2018-06-13
FS20122122,월드 워 Z,World War Z,일반영화,"드라마,스릴러,SF,액션,어드벤처",미국,5244336,628440,18343987,628440,403969,2013-09-11,2013-06-20
FS20040598,해리포터와 아즈카반의 죄수,Harry Potter And The Prisoner Of Azkaban,일반영화,드라마,미국,1865485,627845,4964627,627845,14495,2013-12-02,2004-07-16
FS20126674,설국열차,Snowpiercer,일반영화,"SF,액션",한국,9354928,626610,22925568,626610,450845,2014-03-27,2013-08-01
FS20156557,탐정 : 더 비기닝,THE ACCIDENTAL DETECTIVE,일반영화,"코미디,범죄",한국,2625686,625979,8717840,625709,439056,2015-11-04,2015-09-24
FS20196270,싱크홀,Sinkhole,일반영화,"드라마,코미디,기타",한국,2195961,624862,18297551,624862,618680,2021-08-30,2021-08-11
FS20179101,공작,The Spy Gone North,일반영화,드라마,한국,4975637,622284,16216466,622199,591618,2018-09-07,2018-08-08
FS20174846,뽀로로 극장판 공룡섬 대모험,"Pororo, Dinosaur Island Adventure",일반영화,애니메이션,한국,827338,620916,2659449,620916,388053,2017-12-20,2017-12-07
FS20126672,은밀하게 위대하게,Secretly Greatly,일반영화,"액션,코미디,드라마",한국,6959083,618498,20983056,618305,39974,2014-02-10,2013-06-05
FS20123501,군도: 민란의 시대,KUNDO : Age of the Rampant,일반영화,"사극,액션",한국,4776071,618068,11868925,618068,537644,2014-08-27,2014-07-23
FS20138881,나우 유 씨 미 : 마술사기단,Now You See Me,일반영화,"범죄,액션,스릴러",미국,2718237,616365,9909425,616365,294741,2013-09-23,2013-08-22
FS20112695,완득이,Punch,일반영화,드라마,한국,5311353,616300,24664313,616229,34787,2012-10-14,2011-10-20
FS20193450,반도,Peninsula,일반영화,"액션,드라마",한국,3813006,615492,31524715,615492,596632,2020-07-14,2020-07-15
FS20149120,인터스텔라,Interstellar,일반영화,SF,미국,10387691,606339,33211276,606339,406969,2015-02-25,2014-11-06
FS20122783,감시자들,Cold Eyes,일반영화,"범죄,액션",한국,5509019,602232,18035158,602158,501842,2013-08-07,2013-07-03
FS20180868,뺑반,Hit-and-Run Squad,일반영화,"범죄,액션",한국,1827054,600799,6407761,600728,584297,2019-02-14,2019-01-30
FS20136049,숨바꼭질,Hide and Seek,일반영화,스릴러,한국,5604106,599385,16431691,599385,491739,2013-09-25,2013-08-14
FS20159364,캡틴 아메리카: 시빌 워,Captain America: Civil War,일반영화,"액션,SF,스릴러",미국,8678761,599308,29150039,599308,298152,2016-09-28,2016-04-27
FS20143580,분노의 질주: 더 세븐,Fast & Furious 7,일반영화,"액션,범죄,스릴러",미국,3248904,596198,17997389,596198,426877,2015-04-27,2015-04-01
FS20184082,걸캅스,Miss & Mrs. Cops,일반영화,"코미디,액션",한국,1629580,595546,8952353,595489,572425,2019-06-03,2019-05-09
FS20163603,가디언즈 오브 갤럭시 VOL. 2,Guardians of the Galaxy VOL. 2,일반영화,"액션,SF",미국,2736686,593801,11508664,593801,433154,2017-08-29,2017-05-03
FS20158621,스파이,Spy,일반영화,"액션,코미디",미국,2318748,593629,10453475,593629,432781,2015-06-22,2015-05-21
FS20124937,감기,Flu,일반영화,"드라마,어드벤처,액션",한국,3117859,593583,9288162,593583,391514,2013-09-24,2013-08-14
FS20136068,히말라야,The Himalayas,일반영화,드라마,한국,7760011,589286,26573780,589286,539929,2016-02-03,2015-12-16
FS20198453,롱 리브 더 킹: 목포 영웅,Long Live the King,일반영화,"액션,드라마",한국,1094404,587250,5666181,587250,571393,2019-07-01,2019-06-19
FS20189783,챔피언,Champion,일반영화,드라마,한국,1128774,584906,6240031,584906,557247,2018-05-18,2018-05-01
FS20185485,보헤미안 랩소디,Bohemian Rhapsody,일반영화,드라마,미국,9948386,584571,38418353,584571,481378,2019-01-22,2018-10-31
FS20162365,신비한 동물사전,Fantastic Beasts and Where to Find Them,일반영화,"어드벤처,가족,판타지",미국,4669702,583475,21556808,583475,448227,2017-01-11,2016-11-16
FS20218541,밀수,Smugglers,일반영화,"범죄,액션",한국,5143751,582928,24426136,582928,575890,2023-09-15,2023-07-26
FS20151803,쿵푸팬더3,Kung Fu Panda 3,일반영화,"애니메이션,액션,어드벤처",미국,3984814,582420,16762679,582420,421874,2016-02-24,2016-01-28
FS20050310,해리 포터와 불의 잔,Harry Potter and the Goblet of Fire,일반영화,"액션,판타지",미국,3499257,577727,9281989,577727,9881,2013-11-25,2005-12-01
FS20149951,빅 히어로,Big Hero 6,일반영화,"애니메이션,액션,코미디",미국,2801949,573338,10265191,573338,383742,2015-02-16,2015-01-21
FS20149317,가디언즈 오브 갤럭시,Guardians of the Galaxy,일반영화,"액션,어드벤처,SF",미국,1345257,573234,3416131,573234,249278,2014-11-03,2014-07-31
FS20124054,늑대소년,A Werewolf Boy,일반영화,"멜로/로맨스,드라마,판타지",한국,6655821,570103,22835626,569866,509164,2012-10-31,
FS20130442,끝까지 간다,A Hard Day,일반영화,"액션,스릴러,범죄",한국,3450388,569841,13796330,569841,434625,2014-07-23,2014-05-29
FS20157881,미션 임파서블: 로그네이션,Mission: Impossible - Rogue Nation,일반영화,"액션,스릴러,어드벤처",미국,6126488,567982,15159006,567982,411612,2015-09-09,2015-07-30
FS20168773,마약왕,The Drug King,일반영화,"범죄,드라마",한국,1864076,567833,7232831,567833,547744,2019-01-07,2018-12-19
FS20124938,용의자,The Suspect,일반영화,"액션,스릴러",한국,4131338,566356,11598489,566356,441009,2014-02-03,2013-12-24
FS20184483,퍼펙트맨,Man of Men,일반영화,"코미디,드라마",한국,1240085,565409,6552157,565409,535010,2019-10-21,2019-10-02
FS20125333,전설의 주먹,Fists of Legend,일반영화,"드라마,액션",한국,1744585,565122,10234839,565059,481717,2013-06-11,2013-04-10
FS20171909,쥬만지: 새로운 세계,Jumanji: Welcome to the Jungle,일반영화,"액션,어드벤처",미국,1711246,564164,5954741,564164,482463,2018-01-30,2018-01-03
FS20134181,오블리비언,Oblivion,일반영화,"액션,SF",미국,1515356,563091,8979484,563091,475196,2013-07-09,2013-04-11
FS20173403,슈퍼배드 3,Despicable Me 3,일반영화,애니메이션,미국,3326109,561945,8283672,561945,343087,2017-08-29,2017-07-26
FS20165450,남한산성,The Fortress,일반영화,"사극,드라마",한국,3849159,561308,12338670,561308,508892,2017-11-06,2017-10-03
FS20204117,모가디슈,Escape from Mogadishu,일반영화,"액션,드라마",한국,3620185,557045,31769624,557045,550553,2021-10-06,2021-07-28
FS20176103,돈,Money,일반영화,범죄,한국,3389249,552831,20089965,552831,538771,2019-04-15,2019-03-20
FS20144641,판도라,Pandora,일반영화,"드라마,스릴러",한국,4585116,548116,17643444,548116,497786,2017-01-13,2016-12-07
FS20110905,브레이킹 던 part1,The Twilight Saga: Breaking Dawn - Part 1,일반영화,"드라마,판타지,멜로/로맨스",미국,1462561,547414,8677237,547414,22902,2014-01-14,2011-11-30
FS20176848,데드풀 2,DEADPOOL 2,일반영화,"액션,어드벤처,코미디,SF",미국,3784602,546845,20078484,546845,497620,2018-06-12,2018-05-16
FS20170513,동네사람들,Ordinary People,일반영화,"액션,스릴러",한국,461693,545101,3159875,545101,20726,2019-09-30,2018-11-07
FS20167542,분노의 질주: 더 익스트림,The Fast and The Furious 8,일반영화,"액션,범죄,스릴러",미국,3659683,542929,21002832,542929,422073,2017-05-10,2017-04-12
FS20154661,형,MY ANNOYING BROTHER,일반영화,"코미디,드라마",한국,2982614,540643,14008495,540567,458430,2016-11-21,2016-11-23
FS20070063,해리 포터와 불사조 기사단,Harry Potter And The Order Of The Phoenix,일반영화,"판타지,액션,어드벤처",미국,3704053,540516,10776443,540516,8976,2013-12-02,2007-07-11
FS20193069,#살아있다,#ALIVE,일반영화,드라마,한국,1903992,539565,23547167,539565,530192,2020-07-17,2020-06-24
FS20090834,아바타,Avatar,,,미국,13338863,537969,34493523,537969,47846,2021-12-21,2009-12-17
FS20124062,연가시,Deranged,일반영화,,한국,4516063,537504,13592000,537504,193186,2012-10-14,2012-07-05
FS20124064,돈의 맛,The Taste of Money,일반영화,드라마,한국,1166107,535820,6130341,535654,78869,2012-10-14,2012-05-17
FS20180804,곤지암,GONJIAM: Haunted Asylum,일반영화,,한국,2689877,535202,14863037,535202,434900,2018-04-25,2018-03-28
FS20161872,너의 이름은.,your name.,일반영화,"애니메이션,드라마,멜로/로맨스",일본,3979592,532760,16153150,532760,316076,2017-07-25,2017-01-04
FS20162722,보안관,The Sheriff In Town,일반영화,"범죄,코미디",한국,2588628,532692,10492634,532692,473552,2017-04-28,2017-05-03
FS20111009,해리 포터와 죽음의 성물2,Harry Potter and the Deathly Hallows: Part 2,일반영화,"판타지,미스터리",미국,4446294,523273,14901978,523273,6755,2013-12-02,2011-07-13
FS20179462,위대한 쇼맨,The Greatest Showman,일반영화,"드라마,뮤지컬",미국,1741662,523252,10644188,523252,279396,2018-01-30,2017-12-20
FS20210028,스파이더맨: 노 웨이 홈,Spider-Man: No Way Home,일반영화,"액션,어드벤처,SF",미국,7552471,521916,43703264,521916,493805,2022-03-14,2021-12-15
FS20199950,조커,Joker,일반영화,"액션,드라마,스릴러",미국,5284344,520466,26316689,520466,453873,2019-10-30,2019-10-02
FS20090379,해리 포터와 혼혈 왕자,Harry Potter And The Half-Blood Prince,일반영화,"어드벤처,액션,가족",미국,3013595,519479,10008198,519479,10771,2013-11-25,2009-07-15
FS20205144,미나리,Minari,,,미국,1135436,516842,18313073,516842,505904,2021-04-14,2021-03-03
FS20149265,기술자들,The Con Artists,일반영화,"범죄,액션",한국,2564340,515838,7080881,515838,465147,2015-02-09,2014-12-24
FS20150622,메이즈 러너: 스코치 트라이얼,Maze Runner: The Scorch Trials,일반영화,"액션,SF,스릴러",미국,2744413,512834,9673753,512834,319777,2015-10-20,2015-09-16
FS20101395,라푼젤,Tangled,일반영화,"애니메이션,코미디,멜로/로맨스,가족",미국,1016267,512658,4564377,512658,83164,2013-12-02,2011-02-10
FS20156250,인천상륙작전,Operation Chromite,일반영화,"전쟁,드라마",한국,7051866,512315,16273294,512315,449569,2016-08-23,2016-07-27
FS20196271,강철비2: 정상회담,Steel Rain2: Summit,일반영화,"드라마,액션",한국,1791843,508764,16650720,508680,502017,2020-08-13,2020-07-29
FS20175262,겟 아웃,GET OUT,일반영화,,미국,2141199,508300,9284809,508300,352194,2017-06-13,2017-05-17
FS20143572,뷰티 인사이드,The Beauty Inside,일반영화,"판타지,멜로/로맨스",한국,2058310,507940,8308110,507940,32737,2016-12-16,2015-08-20
FS20196655,존 윅 3: 파라벨룸,John Wick: Chapter 3 - Parabellum,일반영화,"액션,범죄,스릴러",미국,1007930,505526,4307047,505526,414927,2019-08-09,2019-06-26
FS20162025,씽,Sing,일반영화,"애니메이션,뮤지컬",미국,1730777,504561,5255533,504561,256531,2017-03-02,2016-12-21
FS20112207,미션임파서블:고스트프로토콜,Mission: Impossible: Ghost Protocol,일반영화,액션,미국,7508976,504526,24614898,504526,2919,2012-10-14,2011-12-15
FS20147613,그레이의 50가지 그림자,Fifty Shades of Grey,일반영화,"드라마,멜로/로맨스",미국,364415,504305,3215646,504305,212308,2015-03-18,2015-02-26
FS20124127,헝거게임: 판엠의 불꽃,The Hunger Games,일반영화,"액션,드라마,SF",미국,608273,503180,4330182,503180,47297,2012-10-14,2012-04-05
FS20141384,터미네이터 제니시스,Terminator Genisys,일반영화,"액션,어드벤처,SF,스릴러",미국,3240370,502860,14118764,502849,446026,2015-06-24,2015-07-02
FS20136052,더 테러 라이브,"The Terror, LIVE",일반영화,"범죄,기타",한국,5584295,501429,14729195,501429,9826,2014-12-18,2013-07-31
FS20128274,레미제라블,Les Miserables,일반영화,드라마,미국,5946009,499822,16204419,499822,94991,2013-06-27,2012-12-19
FS20196850,분노의 질주: 홉스&쇼,Fast & Furious Presents: Hobbs & Shaw,일반영화,액션,미국,3657627,498838,16451407,498838,449121,2019-09-09,2019-08-14
FS20149629,비긴 어게인,Begin Again,,,미국,3752334,496865,16494014,496865,231264,2014-09-30,2014-08-13
FS20143513,미쓰 와이프,Wonderful Nightmare,일반영화,코미디,한국,988551,496521,3784074,496521,428231,2015-09-04,2015-08-13
FS20156082,마이펫의 이중생활,The Secret Life of Pets,일반영화,"애니메이션,코미디,가족",미국,2520700,496004,5740177,496004,291453,2016-09-08,2016-08-03
FS20164844,불한당: 나쁜 놈들의 세상,The Merciless,일반영화,"범죄,액션,드라마",한국,967062,495385,6804662,495385,351334,2017-06-01,2017-05-17
FS20131381,컨저링,The Conjuring,일반영화,,미국,2264314,494475,7655185,494475,175392,2013-12-06,2013-09-17
FS20150964,조작된 도시,Fabricated City,일반영화,"범죄,액션",한국,2515780,493377,11181625,493377,415598,2017-03-14,2017-02-09
FS20172603,부라더,The Bros,일반영화,코미디,한국,1492903,493106,8965929,493106,451416,2017-11-27,2017-11-02
FS20131248,드래곤 길들이기 2,How To Train Your Dragon 2,일반영화,"애니메이션,액션,어드벤처",미국,3000115,491151,7472982,491151,227424,2014-08-28,2014-07-23
FS20125920,이웃사람,The Neighbors,일반영화,스릴러,한국,2434435,490688,10841689,490688,7870,2015-11-12,2012-08-22
FS20124063,공모자들,Traffickers,일반영화,"범죄,스릴러",한국,1646142,490566,8495165,490534,412796,2012-10-14,2012-08-29
FS20191029,82년생 김지영,"KIM JI-YOUNG, BORN 1982",일반영화,드라마,한국,3679265,489879,23394616,489879,481432,2019-11-26,2019-10-23
FS20124067,바람과 함께 사라지다,The Grand Heist,일반영화,"코미디,사극",한국,4909950,482936,14490102,482936,6177,2014-04-28,2012-08-08
FS20161726,임금님의 사건수첩,The King's Case Note,일반영화,"코미디,어드벤처,액션",한국,1635003,483011,8452881,482847,449457,2017-05-22,2017-04-26
FS20177308,협상,THE NEGOTIATION,일반영화,범죄,한국,1967750,482572,8262359,482353,449702,2018-10-15,2018-09-19
FS20126077,어메이징 스파이더맨,The Amazing Spider - Man,일반영화,액션,미국,4853273,480279,18824722,480279,254037,2012-10-14,2012-06-28
FS20170670,목격자,The Witness,일반영화,스릴러,한국,2524720,477714,11428985,477714,438537,2018-09-06,2018-08-15
FS20176917,램페이지,Rampage,일반영화,액션,미국,1385511,477011,11054992,477011,452107,2018-05-03,2018-04-12
FS20239670,베테랑2,"I, THE EXECUTIONER",일반영화,"액션,범죄",한국,7525935,475450,40999081,475450,472878,2024-09-13,
FS20181788,콰이어트 플레이스,A Quiet Place,일반영화,,미국,526073,472398,4898167,472398,235327,2018-05-15,2018-04-12
FS20135656,루시,LUCY,일반영화,액션,미국,1974893,470101,7379183,470101,390471,2014-09-30,2014-09-03
FS20113886,회사원,A Company Man,일반영화,"액션,드라마",한국,1110523,461190,7374836,461190,393274,2012-11-26,2012-10-11
FS20166101,존 윅 - 리로드,John Wick Chapter Two,일반영화,"액션,범죄,스릴러",미국,280069,459253,1862876,459253,217505,2017-03-15,2017-02-22
FS20122021,트랜스포머: 사라진 시대,Transformers : Age of Extinction,일반영화,"액션,SF,어드벤처",미국,5295836,457932,19490727,457932,350483,2014-09-23,2014-06-25
FS20171962,킬러의 보디가드,The Hitman's Bodyguard,일반영화,"액션,코미디",미국,1722017,457714,7472541,457714,376644,2017-10-16,2017-08-30
FS20100312,인셉션,Inception,일반영화,"드라마,미스터리",미국,6014577,455985,18524863,455985,59803,2014-01-16,2010-07-21
FS20155826,치외법권,Untouchable Lawmen,일반영화,액션,한국,346483,453629,2204314,453493,402076,2015-09-08,2015-08-27
FS20138355,토르: 다크 월드,Thor: The Dark World,일반영화,"액션,어드벤처,판타지",미국,3040115,453268,14639073,453268,277757,2014-01-27,2013-10-30
FS20228930,엘리멘탈,Elemental,일반영화,애니메이션,미국,7241486,452519,34110520,452519,426679,2023-08-09,2023-06-14
FS20030072,니모를 찾아서,Finding Nemo,일반영화,"애니메이션,코미디,어드벤처,가족",미국,73623,452430,453574,452430,91874,2013-06-27,2003-06-05
FS20155702,앤트맨,Ant-Man,일반영화,"액션,SF",미국,2847913,452154,14552137,452154,303724,2015-09-02,2015-09-03
FS20112175,컨테이젼,Contagion,일반영화,"액션,SF,스릴러,미스터리",미국,228899,451686,2422487,451659,30,2012-10-14,2011-09-22
FS20189463,주먹왕 랄프 2: 인터넷 속으로,Ralph Breaks the Internet,일반영화,"애니메이션,어드벤처,코미디,가족",미국,1758891,451278,8691913,451278,347457,2019-02-11,2019-01-03
FS20150972,굿바이 싱글,Familyhood,일반영화,"코미디,드라마",한국,2108661,449823,9673006,449644,408358,2016-07-19,2016-06-29
FS20199882,경관의 피,The Policeman’s Lineage,일반영화,"범죄,드라마",한국,684683,447169,8308795,447098,443060,2022-01-18,2022-01-05
FS20195002,블랙머니,BLACK MONEY,일반영화,"범죄,드라마",한국,2480329,446057,12245201,445969,434640,2019-12-11,2019-11-13
FS20143642,테이큰 3,Taken 3,일반영화,"액션,범죄,스릴러",미국,2006561,445872,6316221,445872,350978,2015-02-12,2015-01-01
FS20164721,미녀와 야수,Beauty and the Beast,일반영화,"멜로/로맨스,판타지,뮤지컬",미국,5156757,445794,25900053,445794,335900,2017-05-16,2017-03-16
FS20144741,매드 맥스: 분노의 도로,Mad Max: Fury Road,일반영화,"액션,어드벤처,스릴러",미국,3950169,444347,19316097,444347,20863,2017-01-05,2015-05-14
FS20185046,서치,Searching,일반영화,드라마,미국,2951700,444219,16258998,444219,407592,2018-10-29,2018-08-29
FS20150523,엑스맨: 아포칼립스,X-Men: Apocalypse,일반영화,"액션,어드벤처,판타지,SF",미국,2938818,444505,12253184,444177,377056,2016-07-13,2016-05-25
FS20161907,제이슨 본,Jason Bourne,일반영화,"액션,스릴러",미국,2611966,444145,6133837,444145,374454,2016-08-29,2016-07-27
FS20184482,국제수사,The Golden Holiday,일반영화,"코미디,드라마,액션,범죄",한국,537470,444206,6508848,444021,438642,2020-10-13,2020-09-29
FS20218052,베놈 2: 렛 데어 비 카니지,Venom: Let There Be Carnage,일반영화,"액션,SF,스릴러",미국,2123653,442449,24453241,442449,406747,2021-11-17,2021-10-13
FS20196309,스파이더맨: 파 프롬 홈,Spider-Man: Far From Home,일반영화,"액션,어드벤처,코미디,SF",미국,8023606,441968,31115401,441968,385368,2019-09-03,2019-07-02
FS20124936,나의 PS 파트너,Whatcha Wearin',일반영화,"멜로/로맨스,코미디",한국,1831741,441205,6860403,441122,367433,2013-02-13,2012-12-06
FS20195920,가장 보통의 연애,Crazy Romance,일반영화,"멜로/로맨스,코미디",한국,2924563,440824,16496244,440824,417467,2019-11-04,2019-10-02
FS20206061,쥬라기 월드: 도미니언,Jurassic World: Dominion,일반영화,"액션,어드벤처",미국,2838035,440587,13090218,440587,403837,2022-06-21,2022-06-01
FS20181877,캡틴 마블,Captain Marvel,일반영화,"액션,어드벤처,SF",미국,5802810,439352,32433206,439352,299722,2019-06-18,2019-03-06
FS20162343,악녀,The Villainess,일반영화,액션,한국,1208446,438160,6634297,438160,397148,2017-07-28,2017-06-08
FS20134591,황제를 위하여,For the Emperor,일반영화,"액션,범죄",한국,592435,437481,4081970,437481,325520,2014-06-26,2014-06-11
FS20179901,혹성탈출: 종의 전쟁,WAR FOR THE PLANET OF THE APES,일반영화,"액션,어드벤처,드라마,SF",미국,2051315,436223,7890159,436223,384166,2017-09-19,2017-08-15
FS20172204,명당,FENGSHUI,일반영화,사극,한국,2087584,435143,9103608,434955,420412,2018-10-12,2018-09-19
FS20124032,간기남,The Scent,일반영화,"코미디,스릴러",한국,1246185,433601,5865262,433601,8550,2018-03-05,2012-04-11
FS20227762,올빼미,The Night Owl,일반영화,스릴러,한국,3329990,433162,22965296,433162,416847,2023-01-09,2022-11-23
FS20203286,강릉,Tomb of the River,일반영화,"범죄,기타,액션",한국,306809,431756,3641430,431756,417441,2021-11-23,2021-11-10
FS20154242,몬스터 호텔 2,Hotel Transylvania 2,일반영화,애니메이션,미국,1515104,430903,3829796,430903,212141,2016-01-19,2015-12-24
FS20145171,대호,The Tiger,일반영화,사극,한국,1762742,429812,6666004,429812,405190,2015-11-23,2015-12-16
FS20167903,원더풀 고스트,THE SOUL-MATE,일반영화,"코미디,드라마,범죄",한국,450528,428351,2187839,428351,381010,2018-10-04,2018-09-26
FS20101224,해리 포터와 죽음의 성물1,Harry Potter and the Deathly Hallows: Part I,일반영화,"미스터리,판타지",미국,2896646,428026,10881282,428026,7413,2013-12-02,2010-12-15
FS20217826,육사오(6/45),6/45,일반영화,코미디,한국,1981445,427663,14210774,427663,387602,2022-09-27,2022-08-24
FS20148973,혹성탈출: 반격의 서막,Dawn of the Planet of the Apes,일반영화,"액션,드라마,SF,스릴러",미국,4002560,426254,13401789,426254,63301,2017-08-09,2014-07-10
FS20166967,트랜스포머: 최후의 기사,TRANSFORMERS: THE LAST KNIGHT,일반영화,"액션,어드벤처,SF",미국,2614601,423800,15513478,423800,336279,2017-09-04,2017-06-21
FS20178401,검객,The Swordsman,일반영화,액션,한국,190237,423787,2932281,423787,407975,2020-10-29,2020-09-23
FS20159644,봉이 김선달,Seondal: The Man who Sells the River,일반영화,사극,한국,2051386,421727,8905322,421586,392572,2016-08-03,2016-07-06
FS20150203,나우 유 씨 미 2,Now You See Me 2,일반영화,"범죄,액션",미국,3100113,420641,9936336,420641,355994,2016-08-23,2016-07-13
FS20140694,퓨리,Fury,일반영화,"액션,드라마,전쟁",미국,1364652,418916,5702185,418916,341513,2014-12-05,2014-11-20
FS20124075,내가 살인범이다,Confession of Murder,일반영화,"액션,스릴러",한국,2729827,419064,9505935,418874,360164,2013-01-03,2012-11-08
FS20183361,인크레더블 2,INCREDIBLES 2,일반영화,"애니메이션,액션,어드벤처,코미디,가족",미국,3033105,418677,11323000,418677,263022,2018-11-14,2018-07-18
FS20124086,스파이,The Spy: Undercover Operation,일반영화,액션,한국,3436092,419157,12325410,418543,321976,2013-10-21,2013-09-05
FS20113887,점쟁이들,Ghost Sweepers,일반영화,,한국,953682,419192,4744231,418128,392509,2012-11-07,2012-10-03
FS20174142,아이 캔 스피크,I Can Speak,일반영화,코미디,한국,3293328,418095,14745811,418073,379634,2017-10-24,2017-09-21
FS20124039,타워,The Tower,일반영화,드라마,한국,5181244,417451,15567442,417451,342199,2012-12-25,
FS20157464,더 폰,The Phone,일반영화,"스릴러,액션",한국,1593694,417084,9294205,417084,381808,2015-11-16,2015-10-22
FS20128447,테이큰 2,Taken 2,일반영화,"액션,범죄,드라마",프랑스,2308646,416634,8552382,416634,261576,2013-02-19,2012-09-27
FS20154001,레버넌트: 죽음에서 돌아온 자,The Revenant,일반영화,"어드벤처,드라마",미국,2010820,415706,10205645,415706,322970,2016-03-02,2016-01-14
FS20174602,노무현입니다,OUR PRESIDENT,일반영화,다큐멘터리,한국,1855620,414757,8354146,414757,393851,2017-07-17,2017-05-25
FS20147669,엑스맨: 데이즈 오브 퓨처 패스트,X-Men: Days of Future Past,일반영화,"액션,판타지,SF,어드벤처",미국,4313871,414553,15575099,414553,291444,2014-07-17,2014-05-22
FS20149570,조선명탐정 : 사라진 놉의 딸,Detective K : Secret of the Lost Island,일반영화,"사극,코미디,어드벤처",한국,3872015,414011,15861276,414011,356086,2015-03-26,2015-02-11
FS20168261,원더 우먼,Wonder Woman,일반영화,"액션,어드벤처,판타지,SF",미국,2165401,413990,10022186,413990,366296,2017-06-27,2017-05-31
FS20123383,화이: 괴물을 삼킨 아이,Hwayi: A Monster Boy,일반영화,"액션,스릴러",한국,2394616,414434,11102002,413572,367908,2013-11-28,2013-10-09
FS20168183,콩: 스컬 아일랜드,Kong: Skull Island,일반영화,"액션,어드벤처,판타지",미국,1689717,413297,10411182,413297,375053,2017-04-06,2017-03-08
FS20175054,메이즈 러너: 데스 큐어,Maze Runner: The Death Cure,일반영화,"액션,SF,스릴러",미국,2299732,412453,10684945,412453,337525,2018-02-22,2018-01-17
FS20180522,앤트맨과 와스프,Ant-Man and the Wasp,일반영화,"액션,어드벤처,SF",미국,5448357,411744,27195951,411744,387660,2018-10-01,2018-07-04
FS20081056,다크 나이트,The Dark Knight,일반영화,"범죄,드라마,액션,미스터리",미국,4283639,411713,16401918,411713,15852,2013-10-28,2008-08-06
FS20205041,분노의 질주: 더 얼티메이트,Fast & Furious 9 THE FAST SAGA,일반영화,액션,미국,2292415,409808,21591871,409808,386267,2021-07-20,2021-05-19
FS20149569,악의 연대기,The Chronicles of Evil,일반영화,스릴러,한국,2192552,408806,10442813,408608,355637,2015-06-10,2015-05-14
FS20124399,반창꼬,Love 911,일반영화,멜로/로맨스,한국,2475797,408240,7164610,408240,299766,2013-01-22,2012-12-19
FS20113972,지.아이.조 2,G.I. Joe 2: Retaliation,일반영화,"액션,어드벤처,SF",미국,1855917,405266,12125953,405189,347502,2013-03-28,
FS20166363,잭 리처: 네버 고 백,Jack Reacher: Never Go Back,일반영화,"액션,범죄,드라마",미국,612328,403443,3935822,403443,372049,2016-12-28,2016-11-30
FS20152963,수어사이드 스쿼드,Suicide Squad,일반영화,액션,미국,1898220,403379,4908292,403379,328042,2016-10-06,2016-08-03
FS20129156,몬스터 호텔,HOTEL TRANSYLVANIA,일반영화,"애니메이션,가족",미국,884988,403029,2536571,403029,39179,2013-07-03,2013-01-17
FS20122784,몽타주,Montage,일반영화,스릴러,한국,2095592,402767,8911496,402767,353021,2013-06-19,2013-05-16
FS20173694,지오스톰,Geostorm,일반영화,"액션,SF,스릴러",미국,1028384,401604,6128265,401604,258243,2018-01-16,2017-10-19
FS20112134,배틀쉽,Battleship,일반영화,"SF,액션",미국,2241687,401343,11424032,401343,82494,2012-10-14,2012-04-11
FS20179205,조선명탐정: 흡혈괴마의 비밀,Detective K: Secret of the Living Dead,일반영화,"사극,어드벤처,코미디",한국,2444236,400825,12832597,400825,385604,2018-03-14,2018-02-08
FS20192696,발신제한,HARD HIT,일반영화,"드라마,스릴러,액션",한국,955913,399362,10862057,399120,388874,2021-07-19,2021-06-23
FS20191951,블랙 위도우,Black Widow,일반영화,"액션,어드벤처,SF",미국,2962088,398571,25117559,398571,389355,2021-08-06,2021-07-07
FS20197121,삼진그룹 영어토익반,SAMJIN COMPANY ENGLISH CLASS,일반영화,드라마,한국,1573077,398059,22106215,397977,387785,2020-11-19,2020-10-21
FS20041417,뽀로로의 대모험,Pororo To The Cookie Castle,일반영화,애니메이션,한국,0,397729,0,397729,14482,2014-01-23,
FS20159058,도리를 찾아서,Finding Dory,일반영화,"애니메이션,어드벤처,코미디",미국,2601761,396450,9259691,396450,280634,2016-10-24,2016-07-06
FS20196939,더 이퀄라이저 2,The Equalizer 2,일반영화,"액션,범죄,스릴러",미국,0,396382,0,396382,332710,2018-12-10,
FS20149266,차이나타운,Coin Locker Girl,일반영화,"범죄,드라마",한국,1472147,396277,6378148,396218,345606,2015-05-27,2015-04-29
FS20210087,듄,DUNE,일반영화,SF,미국,1664602,395635,17243853,395635,249365,2021-11-09,2021-10-20
FS20164501,미스 페레그린과 이상한 아이들의 집,Miss Peregrine's Home For Peculiar Children,일반영화,"미스터리,판타지",미국,2718158,394616,12560013,394616,338695,2016-10-27,2016-09-28
FS20155422,굿 다이노,The Good Dinosaur,일반영화,"애니메이션,어드벤처,코미디",미국,1330183,393772,5279778,393772,247037,2016-02-01,2016-01-07
FS20211792,헌트,HUNT,일반영화,"액션,드라마",한국,4352513,393714,26864775,393714,389871,2022-09-22,2022-08-10
FS20139164,표적,The Target,일반영화,"액션,드라마",한국,2841884,393573,10918535,393284,343645,2014-06-17,2014-04-30
FS20174981,창궐,Rampant,일반영화,"사극,액션",한국,1599621,390929,10319156,390929,371952,2018-11-19,2018-10-25
FS20139881,피끓는 청춘,Hot Young Bloods,일반영화,"코미디,멜로/로맨스,드라마",한국,1676040,390521,5698376,390521,321575,2014-02-11,2014-01-22
FS20124050,화차,Helpless,일반영화,미스터리,한국,2436884,390402,12142193,390402,36484,2012-10-14,2012-03-08
FS20113743,댄싱퀸,Dancing Queen,일반영화,"코미디,드라마",한국,4058325,389647,15114624,389570,39091,2012-10-14,2012-01-18
FS20184802,몬스터 호텔 3,Hotel Transylvania 3: A Monster Vacation,일반영화,"애니메이션,코미디,가족,판타지",미국,1072220,389343,2706947,389343,271493,2018-09-17,2018-08-08
FS20204261,콰이어트 플레이스 2,A Quiet Place: Part II,일반영화,스릴러,미국,863339,389318,10190003,389318,337567,2021-06-28,2021-06-16
FS20128687,가문의 영광5 - 가문의 귀환,Return of the Mafia,일반영화,코미디,한국,1160021,389063,4401863,388986,301587,2012-12-19,
FS20197846,악질경찰,Jo Pil-ho: The Dawning Rage,일반영화,"범죄,드라마",한국,262233,387713,3080199,387713,373228,2019-04-04,2019-03-20
FS20141111,"님아, 그 강을 건너지 마오","My Love, Don't Cross That River",,,한국,4804099,386255,12999867,386255,287953,2015-02-03,2014-11-27
FS20147790,캡틴 아메리카: 윈터 솔져,Captain America: The Winter Soldier,일반영화,"액션,어드벤처,SF",미국,3964965,383554,21617900,383554,248024,2014-08-05,2014-03-26
FS20090822,바람,Wish,일반영화,"드라마,액션",한국,103628,382982,619495,382982,37535,2014-04-17,2009-11-26
FS20161827,로건,Logan,일반영화,"액션,SF",미국,2176825,383263,12813489,382761,330351,2017-03-07,2017-03-01
FS20112703,다크 나이트 라이즈,The Dark Knight Rises,일반영화,"액션,범죄,스릴러",미국,6428574,382262,16078365,382262,285425,2012-10-30,2012-07-19
FS20183813,결백,Innocence,일반영화,드라마,한국,894055,382107,11570851,382018,374865,2020-07-02,2020-06-10
FS20148845,스물,Twenty,일반영화,"코미디,드라마",한국,3044859,380263,17387141,380263,283324,2015-04-29,2015-03-25
FS20185985,광대들: 풍문조작단,Jesters: The Game Changers,일반영화,사극,한국,637461,379905,3927278,379905,366981,2019-09-04,2019-08-21
FS19920389,나 홀로 집에 2,Home Alone 2,일반영화,"가족,코미디,액션,스릴러",미국,73,378400,304,378400,37108,2015-11-16,1992-12-18
FS20124400,간첩,The Spies,일반영화,"드라마,코미디,액션",한국,1310895,377772,6900422,377536,4245,2015-11-12,2012-09-20
FS20208446,외계+인 1부,Alienoid,일반영화,"액션,범죄,판타지,SF",한국,1541183,377444,10386003,377444,356789,2022-08-12,2022-07-20
FS20171122,레디 플레이어 원,Ready Player One,일반영화,"액션,SF,어드벤처",미국,2260088,376453,14302159,376453,311173,2018-04-24,2018-03-28
FS20185881,증인,Innocent Witness,일반영화,드라마,한국,2535695,376176,13639345,375995,360879,2019-03-11,2019-02-13
FS20138544,헝거게임: 캣칭 파이어,The Hunger Games: Catching Fire,일반영화,"판타지,액션",미국,1127373,374262,5894458,374220,248891,2014-03-21,2013-11-21
FS20090927,방자전,The Servant,일반영화,"사극,코미디,멜로/로맨스",한국,2985556,374058,12779112,374058,57107,2014-01-16,2010-06-02
FS20135221,분노의 질주: 더 맥시멈,The Fast and the Furious 6,일반영화,액션,미국,1790916,373915,8247536,373915,228275,2013-08-20,2013-05-22
FS20170841,리틀 포레스트,Little Forest,일반영화,드라마,한국,1511266,372427,10911625,372427,278825,2018-03-30,2018-02-28
FS20100190,드래곤 길들이기,How To Train Your Dragon,일반영화,"애니메이션,코미디,어드벤처,가족",미국,2593854,371896,12049669,371896,146023,2014-01-16,2010-05-20
FS20135001,몬스터 대학교,Monsters University,일반영화,애니메이션,미국,870759,371515,2149805,371515,153462,2013-11-07,2013-09-12
FS20135661,어메이징 스파이더맨 2,The Amazing Spider-Man 2,일반영화,"액션,판타지",미국,4168353,370224,16465710,370224,47645,2014-10-30,2014-04-23
FS20129388,주먹왕 랄프,Wreck-It Ralph,일반영화,애니메이션,미국,919202,370210,2507228,370210,158087,2013-02-06,2012-12-19
FS20120426,고령화 가족,Boomerang Family,일반영화,"드라마,코미디",한국,1141734,369996,5600038,369930,309574,2013-07-01,2013-05-09
FS20140425,나를 찾아줘,Gone Girl,일반영화,스릴러,미국,1764233,369601,8951536,369601,43560,2015-05-06,2014-10-23
FS20142855,성난 변호사,The Advocate : A Missing Body,일반영화,"범죄,액션",한국,1128288,368147,5569712,368031,331768,2015-11-10,2015-10-08
FS20125427,짱구는 못말려 극장판: 태풍을 부르는 황금스파이 대작전,Crayon Shin-chan: The Storm Called: Operation Golden Spy,일반영화,애니메이션,일본,272062,367523,928629,367523,77214,2012-10-14,2012-04-26
FS20127634,메리다와 마법의 숲,Brave,일반영화,애니메이션,미국,1231261,367177,3428418,367177,37030,2013-05-09,2012-09-27
FS20143253,존 윅,John Wick,일반영화,"액션,스릴러",미국,128877,366064,1223460,366064,146521,2015-02-23,2015-01-21
FS20225061,아바타: 물의 길,Avatar: The Way of Water,일반영화,"액션,어드벤처,SF,스릴러",미국,10824705,365704,44357799,365704,276501,2023-03-29,2022-12-14
FS20216492,노바디,Nobody,일반영화,"액션,범죄,코미디,드라마",미국,134037,364254,3100221,364254,328614,2021-04-28,2021-04-07
FS20148807,엣지 오브 투모로우,Edge of Tomorrow,일반영화,"액션,SF",미국,4706213,363489,18418238,363489,261445,2014-01-17,2014-06-04
FS20183584,메가로돈,The Meg,일반영화,,미국,527962,362242,2208661,362242,299848,2018-09-11,2018-08-15
FS20184047,토이 스토리 4,Toy Story 4,일반영화,"애니메이션,어드벤처,코미디",미국,3400623,361452,13824345,361452,295784,2019-10-21,2019-06-20
FS20177539,사바하,SVAHA : THE SIXTH FINGER,일반영화,"미스터리,스릴러",한국,2400304,359781,13900484,359781,320672,2019-03-25,2019-02-20
FS20218256,이터널스,Eternals,일반영화,"액션,어드벤처,드라마",미국,3050515,359482,26617816,359482,350491,2022-01-07,2021-11-03
FS20127401,레지던트 이블 5 : 최후의 심판,Resident Evil: Retribution,일반영화,,미국,558443,358976,4409497,358976,281297,2012-12-05,2012-09-13
FS20000069,토이 스토리 2,Toy Story 2,일반영화,"애니메이션,어드벤처,가족",미국,1016,358313,6441,358313,33720,2013-07-03,1999-12-18
FS20137043,남자가 사랑할 때,Man In Love,일반영화,"멜로/로맨스,드라마",한국,1980120,357410,6074739,357410,230042,2014-03-10,2014-01-22
FS20129368,파파로티,My Paparotti,일반영화,드라마,한국,1716438,357399,9358333,357306,210265,2013-04-19,2013-03-14
FS20088506,26년,26 Years,일반영화,"액션,드라마",한국,2963652,357199,9495368,356990,285244,2013-01-08,2012-11-29
FS20218391,보스 베이비 2,Boss Baby: Family Business,일반영화,"애니메이션,코미디,어드벤처",미국,925278,356661,7921559,356661,307862,2021-08-11,2021-07-21
FS20112534,도가니,Silenced,일반영화,드라마,한국,4662926,354794,17807597,354576,25478,2012-10-14,2011-09-22
FS20127494,늑대아이,Wolf Children,,,일본,356979,353141,1827900,353141,44556,2013-09-13,2012-09-13
FS20179382,에이리언: 커버넌트,Alien: Covenant,일반영화,"SF,스릴러",미국,1307226,351223,7688112,351223,308178,2017-06-22,2017-05-09
FS20134582,소원,Hope,일반영화,드라마,한국,2711144,351168,12011132,351168,285057,2013-11-28,2013-10-02
FS20184105,말모이,MAL·MO·E: The Secret Mission,일반영화,드라마,한국,2868708,350606,15120993,350606,328209,2019-02-01,2019-01-09
FS20197721,엔젤 해즈 폴른,Angel Has Fallen,일반영화,"액션,스릴러",미국,181400,350551,2013156,350551,333104,2019-11-26,2019-11-13
FS20186501,극장판 헬로카봇 : 백악기 시대,Hello Carbot the Movie: The Cretaceous Period,일반영화,애니메이션,한국,880776,350497,2104354,350497,200058,2018-09-07,2018-08-01
FS20122192,극장판 파워레인저: 캡틴포스 VS 미라클포스 199 히어로 대결전,Pawer Rangers: Captain Force VS Miracle Force,일반영화,애니메이션,일본,110771,350233,487403,350233,195338,2012-12-13,
FS20177537,상류사회,High Society,일반영화,드라마,한국,768442,348529,6705832,348529,60756,2019-01-10,2018-08-29
FS20150782,인디펜던스 데이 : 리써전스,Independence Day: Resurgence,일반영화,"액션,어드벤처,SF",미국,1500830,348603,9203699,348191,315236,2016-07-27,2016-06-22
FS20154909,살인자의 기억법,MEMOIR OF A MURDERER,일반영화,"범죄,스릴러",한국,2658661,348154,15481852,348090,320239,2017-10-18,2017-09-06
FS20212855,닥터 스트레인지: 대혼돈의 멀티버스,Doctor Strange in the Multiverse of Madness,일반영화,"액션,어드벤처,판타지",미국,5884589,348020,32344708,348020,338240,2022-06-14,2022-05-04
FS20180442,사자,The Divine Fury,일반영화,,한국,1611163,347748,7150980,347748,334077,2019-08-22,2019-07-31
FS20148383,말레피센트,Maleficent,일반영화,"액션,어드벤처,드라마",미국,1397526,345515,5861608,345515,170777,2014-09-03,2014-05-29
FS20163215,미 비포 유,Me Before You,일반영화,"멜로/로맨스,드라마",미국,945172,345497,3877203,345497,187296,2016-08-10,2016-06-01
FS20080396,아이언맨,Iron Man,일반영화,"SF,드라마,액션",미국,4306309,345485,16229144,345485,12202,2014-03-26,2008-04-30
FS20136888,강남 1970,Gangnam Blues,일반영화,"액션,드라마",한국,2192276,344773,9932009,344773,293156,2015-03-11,2015-01-21
FS20090933,아이언맨 2,Iron Man 2,일반영화,"SF,액션,어드벤처",미국,4428170,343929,18332320,343929,20925,2014-01-28,2010-04-29
FS20158150,워크래프트: 전쟁의 서막,Warcraft,일반영화,"액션,어드벤처,판타지",미국,1163274,343489,6316465,343489,305303,2016-06-24,2016-06-09
FS20196272,미드웨이,Midway,일반영화,"액션,드라마",미국,961160,343477,5110514,343475,299703,2020-01-14,2019-12-31
FS20205262,엽문4: 더 파이널,Ip Man4: The Finale,,,홍콩,72886,343321,1978810,343218,331051,2020-04-09,2020-04-01
FS20144682,샌 안드레아스,San Andreas,일반영화,"액션,드라마,스릴러",미국,1716455,342531,11331430,342531,264299,2015-09-01,2015-06-03
FS20112173,리얼 스틸,Real Steel,일반영화,"액션,드라마,SF",미국,3579666,341987,16921441,341987,24802,2012-10-14,2011-10-12
FS20159645,특별수사: 사형수의 편지,Proof of Innocence,일반영화,"범죄,드라마",한국,1243065,341609,6389080,341538,296050,2016-07-08,2016-06-16
FS20227890,슈퍼 마리오 브라더스,The Super Mario Bros. Movie,일반영화,"애니메이션,어드벤처,코미디",미국,2395569,339766,13988200,339766,273260,2023-05-22,2023-04-26
FS20192083,터미네이터: 다크 페이트,Terminator: Dark Fate,일반영화,"액션,어드벤처,SF",미국,2410227,339654,13815308,339654,323077,2019-12-27,2019-10-30
FS20198183,뽀로로 극장판 보물섬 대모험,Treasure Island Adventure,일반영화,"애니메이션,가족",한국,772865,339619,2440641,339619,227980,2019-05-16,2019-04-25
FS20168221,저스티스 리그,Justice League,일반영화,"액션,어드벤처,판타지,SF",미국,1786386,339040,13452246,339040,243596,2018-01-11,2017-11-15
FS20205106,압꾸정,MEN OF PLASTIC,일반영화,"기타,코미디,드라마",한국,608639,338766,7172350,338766,336356,2022-12-13,2022-11-30
FS20111987,신들의 전쟁,Immortals,일반영화,"드라마,액션,판타지",미국,1338413,341357,8815863,338741,10993,2012-10-14,2011-11-10
FS20169348,대립군,WARRIORS OF THE DAWN,일반영화,"드라마,사극",한국,837500,338729,4610488,338729,302513,2017-05-30,2017-05-31
FS20192354,특송,Special Delivery,일반영화,"범죄,액션",한국,444440,338664,7548654,338664,331335,2022-01-24,2022-01-12
FS19940256,라이온 킹,The Lion King,일반영화,"애니메이션,어드벤처,가족,뮤지컬,드라마",미국,304628,337794,1611862,337794,37649,2013-12-02,1994-07-02
FS20188282,알리타: 배틀 엔젤,Alita: Battle Angel,일반영화,"액션,어드벤처,멜로/로맨스,SF,스릴러",미국,1958055,337215,8291862,337215,309583,2019-07-08,2019-02-05
FS20208245,핸섬가이즈,Handsome Guys,일반영화,코미디,한국,1777259,336037,11369830,336037,326285,2024-06-26,
FS20178395,12 솔져스,12 Strong,,,미국,224299,335873,1480929,335873,298886,2018-01-18,2018-01-31
FS20100377,토이 스토리 3,Toy Story 3,일반영화,"가족,코미디,판타지",미국,1460726,335794,5738169,335794,41272,2013-12-02,2010-08-05
FS20100814,슈퍼  배드,Despicable Me,일반영화,"애니메이션,가족",미국,1027050,335151,4701212,335151,48918,2013-07-08,2010-09-16
FS20185081,아이 필 프리티,I Feel PRETTY,일반영화,코미디,미국,241364,334798,1622574,334798,292747,2018-07-24,2018-06-06
FS20136961,퍼시픽 림,Pacific Rim,일반영화,"액션,SF,어드벤처",미국,2539113,334265,9809926,334265,230065,2013-10-04,2013-07-11
FS20124080,나는 왕이로소이다,I am the King,일반영화,"사극,코미디",한국,790181,334179,3370448,334179,3956,2015-08-31,2012-08-08
FS20110193,써니,Sunny,일반영화,"드라마,코미디",한국,7363587,333763,25566042,333763,35742,2012-10-14,2011-05-04
FS20190815,보이스,On the Line,일반영화,"범죄,액션",한국,1427380,333728,17924290,333728,319622,2021-10-29,2021-09-15
FS20209654,헤어질 결심,Decision to Leave,일반영화,"미스터리,멜로/로맨스",한국,1910639,333439,10731593,333439,322310,2022-08-01,2022-06-29
FS20070582,"색, 계","Lust, Caution",,,미국,1936076,330054,7492637,330054,34282,2016-05-27,2007-11-08
FS20126581,전망 좋은 집,A House with a View,일반영화,"멜로/로맨스,드라마",한국,1461,329851,33439,329827,237160,2012-10-14,2012-10-25
FS20125048,호빗: 뜻밖의 여정,The Hobbit: An Unexpected Journey,일반영화,"어드벤처,판타지",미국,2830614,327644,10221801,327644,241240,2013-03-27,2012-12-13
FS20113805,완벽한 파트너-감독판,,일반영화,코미디,한국,844,327573,11848,327573,4519,2017-01-06,2011-12-01
FS20124057,용의자X,Perfect Number,일반영화,미스터리,한국,1552055,327685,7452123,327439,288087,2012-12-12,2012-10-18
FS20148841,헬머니,Granny's Got Talent,일반영화,코미디,한국,523871,327117,3526221,327117,267295,2015-03-24,2015-03-05
FS20186281,범블비,Bumblebee,일반영화,"액션,어드벤처,SF",미국,1561643,325406,6830590,325406,291985,2019-01-10,2018-12-25
FS20176814,신비한 동물들과 그린델왈드의 범죄,Fantastic Beasts: The Crimes of Grindelwald,일반영화,판타지,미국,2414195,324900,13382962,324900,253195,2018-12-10,2018-11-14
FS20150979,덕혜옹주,The Last Princess,일반영화,"사극,드라마",한국,5599995,324535,16806815,324535,266322,2016-08-09,2016-08-03
FS20179230,도어락,Door Lock,일반영화,"스릴러,드라마",한국,1561258,324212,8582310,324006,304217,2018-12-18,2018-12-05
FS20133701,하늘에서 음식이 내린다면 2,Cloudy with a Chance of Meatballs 2,일반영화,"애니메이션,코미디,가족",미국,800062,323566,2446661,323566,168101,2014-01-10,2013-11-21
FS20161762,반드시 잡는다,The Chase,일반영화,스릴러,한국,446780,322724,3449347,322639,295924,2017-12-13,2017-11-29
FS20235253,외계+인 2부,Alienoid,일반영화,"기타,액션,드라마,판타지",한국,1430152,322518,15312123,322518,320401,2024-01-10,
FS20212932,탈주,Escape,일반영화,"액션,드라마",한국,2562531,321415,16923417,321415,319679,2024-07-03,
FS20140402,헝거게임: 모킹제이,The Hunger Games: Mockingjay - Part 1,일반영화,"어드벤처,SF,스릴러",미국,854407,319818,4486894,319808,198886,2015-02-11,2014-11-20
FS20137811,엘리시움,Elysium,일반영화,"SF,액션",미국,1207732,318778,5757194,318778,271331,2013-10-02,2013-08-29
FS20180962,지푸라기라도 잡고 싶은 짐승들,BEASTS CLAWING AT STRAWS,일반영화,"스릴러,범죄",한국,629279,318776,10446018,318722,307008,2020-03-27,2020-02-19
FS20128690,연애의 온도,Very Ordinary Couple,일반영화,"멜로/로맨스,코미디",한국,1865354,318274,10256595,318198,195156,2013-04-30,2013-03-21
FS20113461,007 스카이폴,SKYFALL,일반영화,액션,미국,2376266,317946,10096328,317945,264639,2013-02-20,2012-10-26
FS20123641,잭 더 자이언트 킬러,JACK THE GIANT SLAYER,일반영화,"판타지,드라마,어드벤처",미국,956154,317545,4981773,317545,280214,2013-05-22,2013-02-28
FS20174603,퍼시픽 림: 업라이징,Pacific Rim: Uprising,일반영화,"액션,어드벤처,SF",미국,1077235,317016,8979205,317016,274701,2018-04-12,2018-03-21
FS20201122,테넷,Tenet,일반영화,"액션,SF",미국,2009304,316395,28870312,316395,297067,2020-12-03,2020-08-26
FS20191061,007 노 타임 투 다이,007 No Time To Die,일반영화,액션,미국,1229971,316262,15789792,316262,303995,2021-11-02,2021-09-29
FS20151227,아빠는 딸,"Daddy You, Daughter Me",일반영화,코미디,한국,647305,316304,4580290,316247,281651,2017-04-13,2017-04-12
FS20113885,맨 인 블랙 3,Men In Black III,일반영화,"액션,코미디,SF",미국,3379762,315218,14268683,315218,97679,2012-10-14,2012-05-24
FS20124055,아부의 왕,Mr. Xxx-Kisser,일반영화,코미디,한국,497880,314864,3834869,314744,31731,2012-10-14,2012-06-21
FS20175771,라이온 킹,The Lion King,일반영화,"어드벤처,드라마,가족",미국,4743295,314629,21606526,314629,152906,2019-11-05,2019-07-17
FS20113745,스노우 화이트 앤 더 헌츠맨,Snow White And The Huntsman,일반영화,"액션,어드벤처,판타지",미국,636631,314572,3413707,314399,123593,2012-10-14,2012-05-30
FS20137426,애프터 어스,After Earth,일반영화,"SF,액션,어드벤처",미국,537920,316054,3603307,313665,298977,2013-05-30,
FS20186261,드래곤 길들이기 3,How to Train Your Dragon 3,일반영화,애니메이션,미국,1507922,312060,5672292,312060,214428,2019-03-21,2019-01-30
FS20113535,부러진 화살,Unbowed,일반영화,드라마,한국,3460373,313911,13174836,311358,29186,2012-10-14,2012-01-18
FS20161744,트롤,Trolls,일반영화,애니메이션,미국,675966,310280,2580659,310280,175240,2017-03-20,2017-02-16
FS20145502,남과 여,A Man and A Woman,일반영화,멜로/로맨스,한국,203775,309507,1339709,309507,173930,2016-03-28,2016-02-25
FS20040734,노트북,The Notebook,,,미국,851771,309142,6042284,309142,11556,2014-04-17,2004-11-26
FS20050225,찰리와 초콜릿 공장,Charlie And The Chocolate Factory,일반영화,"코미디,가족,판타지",미국,1287676,308221,3826109,308221,14798,2014-07-08,2005-09-16
FS20198374,신비아파트 극장판 하늘도깨비 대 요르문간드,The Haunted House: The Sky Ghost VS Jormungandr,일반영화,애니메이션,한국,894826,308089,2717960,308089,231352,2020-01-15,2019-12-19
FS20232631,미션 임파서블: 데드 레코닝 PART ONE,Mission: Impossible - Dead Reckoning Part One,일반영화,"액션,스릴러,어드벤처",미국,4022293,307699,21307746,307699,276054,2023-09-21,2023-07-12
FS20184903,오션스8,Ocean's 8,일반영화,"액션,범죄",미국,1335829,307524,8422512,307524,284000,2018-07-16,2018-06-13
FS20124348,돈 크라이 마미,"Don't Cry, Mommy",일반영화,"스릴러,드라마",한국,975462,306813,4901204,306103,288885,2012-11-22,
FS20153741,미씽: 사라진 여자,MISSING,일반영화,미스터리,한국,1153201,305232,6072034,305100,276846,2016-12-22,2016-11-30
FS20224517,용감한 시민,Brave Citizen,일반영화,"기타,액션,드라마",한국,267442,305015,3851696,305015,296383,2023-11-06,2023-10-25
FS20177946,월요일이 사라졌다,What Happened to Monday,,,영국,904656,304944,4097796,304897,276163,2018-03-22,2018-02-22
FS20193601,장사리 : 잊혀진 영웅들,Battle of Jangsari,일반영화,전쟁,한국,1140876,304834,7881029,304834,274730,2019-10-14,2019-09-25
FS20215850,고질라 VS. 콩,Godzilla VS. Kong,일반영화,액션,미국,703485,304213,10854914,304213,266984,2021-04-15,2021-03-25
FS20161364,귀향,Spirits' Homecoming,일반영화,드라마,한국,3587356,303386,17205741,303166,266761,2016-04-12,2016-02-24
FS20163137,나의 소녀시대,Our Times,,,대만,424500,302919,2033288,302832,166795,2016-07-04,2016-05-12
FS20090893,극장판파워레인저 엔진포스VS 와일드스피릿,Engine Sentai Go-onger VS Gekiranger,일반영화,"SF,액션",일본,135498,304681,672603,302134,0,2010-01-07,
FS20241941,좀비딸,My Daughter is a Zombie,일반영화,"코미디,드라마",한국,5642634,301989,26439994,301989,301480,2025-07-30,
FS20126090,조선미녀삼총사,The Huntresses,일반영화,"코미디,액션,사극",한국,480361,301568,1867840,299619,269755,2014-01-29,
FS20159162,갓 오브 이집트,Gods of Egypt,일반영화,"어드벤처,판타지",미국,919882,299486,6393756,299486,261353,2016-05-23,2016-03-03
FS20148844,손님,The Piper,일반영화,,한국,828025,299553,3539633,299363,275318,2015-07-23,2015-07-09
FS20040745,인크레더블,The Incredibles,일반영화,애니메이션,미국,898940,299157,2990414,299157,28736,2013-04-30,2004-12-15
FS20208686,콜 오브 와일드,The Call of the Wild,일반영화,"어드벤처,드라마,가족",미국,36245,298823,1292274,298823,280507,2020-05-28,2020-05-14
FS20147299,논스톱,Non-Stop,일반영화,액션,미국,2084482,299480,10662022,298697,278164,2014-05-30,2014-02-27
FS20183002,해치지않아,SECRET ZOO,일반영화,코미디,한국,1224726,298362,8719238,298314,288163,2020-01-31,2020-01-15
FS20157465,그놈이다,FATAL INTUITION,일반영화,스릴러,한국,1046313,297373,6646707,297373,261287,2015-11-19,2015-10-28
FS20192399,1917,1917,일반영화,"드라마,전쟁",미국,884468,296574,16430139,296574,282010,2020-03-16,2020-02-19
FS19970306,인어공주,The Little Mermaid,일반영화,"애니메이션,멜로/로맨스,가족,뮤지컬",미국,5664,296241,17740,296241,31955,2013-12-02,1991-12-21
FS20232394,야당,YADANG: THE SNITCH,일반영화,"범죄,드라마,액션",한국,3378308,295462,25968660,295462,295041,2025-04-16,
FS20126745,리미트리스,Limitless,일반영화,"미스터리,스릴러,액션",미국,121538,294426,620209,294426,6428,2016-07-12,2012-07-12
FS20147907,맛 무삭제,,일반영화,"멜로/로맨스,드라마",한국,0,293681,0,293681,202362,2014-02-24,
FS20169643,침묵,Heart Blackened,일반영화,드라마,한국,494097,293665,3311895,293479,256214,2017-11-07,2017-11-02
FS20151964,명탐정 코난 : 화염의 해바라기,Detective Conan: Sunflowers of Inferno,일반영화,애니메이션,일본,471319,293034,1189129,293034,204230,2015-08-24,2015-08-05
FS20163661,레전드 오브 타잔,The Legend of Tarzan,일반영화,"액션,어드벤처",미국,858402,292372,4864865,292372,272131,2016-08-01,2016-06-29
FS20231089,존 윅 4,John Wick: Chapter 4,일반영화,액션,미국,1924768,292224,13451292,292224,279571,2023-05-30,2023-04-12
FS20163580,그레이트 월,The Great Wall,일반영화,"판타지,액션",미국,501486,291994,4107532,291994,250848,2017-03-14,2017-02-15
FS20126409,본 레거시,The Bourne Legacy,일반영화,"액션,스릴러",미국,1015832,291621,5995554,291621,228249,2012-11-08,2012-09-06
FS20178581,오리엔트 특급 살인,Murder on the Orient Express,일반영화,"드라마,미스터리,범죄",미국,864757,290386,5748617,290386,249172,2017-12-21,2017-11-29
FS20203702,노량: 죽음의 바다,Noryang: Deadly Sea,일반영화,"사극,드라마,액션",한국,4573789,289976,23252192,289976,286401,2023-12-20,
FS20080653,쿵푸 팬더,Kung Fu Panda,일반영화,"애니메이션,코미디,액션,가족",미국,4654266,289632,15669875,289632,19659,2019-05-13,2008-06-05
FS20189067,미쓰백,Miss Baek,일반영화,드라마,한국,723817,289498,5362519,289248,272433,2018-11-23,2018-10-11
FS20162871,특별시민,The Mayor,일반영화,드라마,한국,1362634,288928,8286931,288928,274583,2017-05-26,2017-04-26
FS20216362,크루엘라,Cruella,일반영화,"드라마,범죄,코미디",미국,1983677,287874,18625810,287874,273145,2021-06-22,2021-05-26
FS20139221,그래비티,Gravity,일반영화,"SF,드라마",미국,3313307,287619,16292881,287619,162720,2013-10-17,
FS20159185,강남1970(무삭제판),Gangnam 1970,일반영화,"액션,드라마",한국,0,287425,0,287425,227960,2015-03-18,
FS19910355,나홀로 집에,Home Alone,일반영화,"가족,스릴러,어드벤처,코미디",미국,90,287308,304,287308,5340,2015-11-16,1991-07-06
FS20181983,이웃사촌,Best Friend,일반영화,"드라마,코미디",한국,431559,287385,11461291,287152,278892,2020-12-15,2020-11-25
FS20217651,캐시트럭,Wrath of Man,일반영화,액션,미국,231992,286288,4669643,286288,281587,2021-06-25,2021-06-09
FS20184865,고질라: 킹 오브 몬스터,Godzilla: King of the Monsters,일반영화,"액션,어드벤처,SF",미국,359041,286206,2392126,286206,233741,2019-06-17,2019-05-29
FS20178982,박열,Anarchist from the colony,일반영화,드라마,한국,2359873,286017,12106565,285985,248544,2017-07-27,2017-06-28
FS20143639,뽀로로 극장판 눈요정 마을 대모험,"Pororo, The Snow Fairy Village Adventure",일반영화,애니메이션,한국,258909,285880,816261,285880,71827,2015-01-15,
FS20180564,툼레이더,TOMB RAIDER,일반영화,"액션,어드벤처",미국,540410,286318,5735722,285868,282573,2018-06-08,2018-03-08
FS20134123,집으로 가는 길,Way Back Home,일반영화,드라마,한국,1854869,285721,6923244,285457,246325,2014-01-13,2013-12-11
FS20177181,47 미터,47 meters down,일반영화,,영국,590048,285375,2830921,285314,219707,2017-08-16,2017-07-19
FS20113381,오싹한 연애,Spellbound,일반영화,,한국,3009406,285598,11142078,285269,14502,2012-10-14,2011-12-01
FS20149401,스폰지밥 3D,The SpongeBob Movie: Sponge Out of Water,일반영화,"애니메이션,어드벤처,코미디",미국,325016,285132,1152030,285132,110316,2015-05-06,2015-02-18
FS20113260,퍼펙트 게임,Perfect Game,일반영화,드라마,한국,1507084,284758,6166189,284550,7541,2018-07-10,2011-12-21
FS20110881,창수,Tumbleweed,일반영화,드라마,한국,429141,284490,3042807,284490,258427,2013-12-16,2013-11-28
FS20170241,23 아이덴티티,Split,일반영화,스릴러,미국,1676011,284160,7469973,284160,204851,2017-03-21,2017-02-22
FS20218764,씽2게더,Sing 2,일반영화,"애니메이션,뮤지컬,어드벤처",미국,885731,283915,9513176,283915,237082,2022-01-20,2022-01-05
FS20126573,금의위 : 14 검의 비밀,14 Blades,일반영화,"액션,드라마",홍콩,8591,284146,86694,283588,42330,2012-10-14,2012-06-14
FS20166421,재심,New Trial,일반영화,드라마,한국,2421197,282135,12149443,281942,246074,2017-03-16,2017-02-15
FS20204008,그린랜드,Greenland,일반영화,"액션,스릴러",미국,326130,281316,3734609,281316,266688,2020-11-03,2020-09-29
FS20219628,정직한 후보2,Honest Candidate 2,일반영화,코미디,한국,900954,280255,11321548,280255,266446,2022-10-19,2022-09-28
FS20127108,모모와 다락방의 수상한 요괴들,A Letter to Momo,일반영화,"애니메이션,드라마,가족,판타지",일본,300333,280166,998300,280166,12373,2018-11-29,2012-07-05
FS20147176,상의원,The Royal Tailor,일반영화,"사극,드라마",한국,790370,279707,2368129,279519,253744,2014-12-30,2014-12-24
FS20124717,타이탄의 분노,Wrath Of The Titans,일반영화,"액션,판타지",미국,893027,279359,6877702,279359,260548,2012-03-29,
FS20123387,다이하드: 굿 데이 투 다이,A Good Day to Die Hard,일반영화,"액션,범죄,스릴러",미국,1438056,280051,5182450,279246,259446,2013-06-05,2013-02-06
FS20135362,크루즈 패밀리,The Croods,일반영화,"애니메이션,가족,코미디",미국,943806,278545,3047138,278545,184390,2013-06-19,2013-05-16
FS20135974,알라딘,Aladdin,일반영화,"드라마,뮤지컬,어드벤처,가족,판타지",미국,2142,277205,10146,277205,21984,2013-07-03,1993-07-03
FS20136219,위대한 개츠비,The Great Gatsby,일반영화,"드라마,멜로/로맨스",미국,1450368,277152,6292964,277152,146716,2013-05-16,
FS20157432,007 스펙터,Spectre,일반영화,"액션,어드벤처,범죄,스릴러",영국,1820842,276866,9195294,276866,254877,2016-02-15,2015-11-11
FS20192567,원더 우먼 1984,Wonder Woman 1984,일반영화,"액션,어드벤처",미국,548695,276598,14735316,276598,269288,2021-01-18,2020-12-23
FS20161630,13시간,13 Hours: The Secret Soldiers of Benghazi,일반영화,"액션,드라마,스릴러",미국,145952,276390,1405121,276390,208094,2016-06-08,2016-03-03
FS20134082,해무(海霧),Haemoo,일반영화,드라마,한국,1475582,276351,4736299,276097,243928,2014-09-17,2014-08-13
FS20100214,아저씨,The Man From Nowhere,일반영화,"액션,드라마",한국,6179525,275874,22246584,275874,42660,2013-11-29,2010-08-04
FS20030086,맛있는 섹스 그리고 사랑,The Sweet Sex And Love,일반영화,드라마,한국,35,275522,126,275522,89781,2014-03-18,2003-06-27
FS20143510,함정,Deep Trap,일반영화,"스릴러,범죄",한국,257990,275179,1477888,275179,185192,2015-09-24,2015-09-10
FS20209287,블러드샷,Bloodshot,일반영화,"액션,드라마,판타지,SF",미국,1806,275020,44210,274940,264422,2020-05-18,2020-05-21
FS20167363,히든 피겨스,Hidden Figures,일반영화,드라마,미국,449518,274859,2733546,274859,31914,2018-02-19,2017-03-23
FS20210864,엔칸토: 마법의 세계,Encanto,일반영화,애니메이션,미국,632055,274710,7826122,274710,254618,2021-12-16,2021-11-24
FS20134587,로보캅,RoboCop,일반영화,"액션,SF",미국,979509,275025,5045831,274497,274402,2014-02-13,
FS20110896,혹성탈출: 진화의 시작,Rise of the Planet of the Apes,일반영화,"액션,SF,드라마",미국,2773794,274487,11538022,274487,70247,2013-12-02,2011-08-17
FS20194456,양자물리학,By Quantum Physics: A Nightlife Venture,일반영화,범죄,한국,554939,274566,3530456,274418,257363,2019-10-10,2019-09-25
FS20153446,너의 결혼식,On Your Wedding Day,일반영화,멜로/로맨스,한국,2821630,274152,16863542,274070,249552,2018-09-20,2018-08-22
FS19980074,타이타닉,Titanic,,,미국,883847,273320,4916526,273320,27722,2016-02-26,1998-02-20
FS20150969,궁합,The Princess and the Matchmaker,일반영화,"코미디,드라마",한국,1340117,273455,9001155,273303,262940,2018-03-16,2018-02-28
FS20156841,신데렐라,Cinderella,일반영화,멜로/로맨스,미국,716491,272541,4627393,272541,173225,2015-03-19,
FS20136812,더 울프 오브 월스트리트,THE WOLF OF WALL STREET,일반영화,"범죄,드라마",미국,588040,272091,2068638,272091,128507,2014-02-06,2014-01-09
FS19950366,토이 스토리,Toy Story,일반영화,"애니메이션,코미디,판타지",미국,14920,271093,149772,271093,30507,2013-07-03,1995-12-30
FS20200703,극장판 귀멸의 칼날: 무한열차편,Demon Slayer: Kimetsu no Yaiba the Movie - Mugen Train,일반영화,애니메이션,일본,2221338,270815,23699383,270815,249552,2021-05-31,2021-01-27
FS20137961,맨 오브 스틸,Man of Steel,일반영화,SF,미국,2182227,270810,9695010,270810,213504,2013-10-21,2013-06-13
FS20124065,차형사,Runway Cop,일반영화,"코미디,액션",한국,1346754,271619,6127798,270581,36796,2012-10-14,2012-05-30
FS20184574,그린 북,Green Book,,,미국,448117,270319,2526927,270319,209325,2019-03-12,2019-01-09
FS20180523,스타 이즈 본,A Star Is Born,일반영화,"드라마,멜로/로맨스",미국,535817,269984,4511493,269984,183813,2018-11-09,2018-10-09
FS20151884,런던 해즈 폴른,London Has Fallen,일반영화,"액션,범죄,스릴러",미국,731683,269658,7228055,269658,222512,2016-03-23,2016-03-10
FS20161084,패신저스,PASSENGERS,일반영화,"어드벤처,SF",미국,668977,269300,3507794,269300,230052,2017-02-01,2017-01-04
FS20231592,분노의 질주: 라이드 오어 다이,Fast X,일반영화,액션,미국,1773603,268950,14194302,268950,262428,2023-06-08,2023-05-17
FS20137963,백악관 최후의 날,Olympus Has Fallen,일반영화,"액션,스릴러",미국,181257,268226,1247770,268024,221466,2013-06-17,2013-06-05
FS20248465,하이재킹,Hijack 1971,일반영화,"범죄,스릴러,액션",한국,1774402,267516,10626654,267516,264763,2024-06-21,
FS20124021,더 그레이,The Grey,일반영화,"액션,드라마,스릴러",미국,292332,267880,1825508,267289,24966,2012-10-14,2012-02-16
FS20159647,리얼,REAL,일반영화,액션,한국,470195,266739,4005465,266739,237391,2017-07-17,2017-06-28
FS20147971,짱구는 못말려 극장판：엄청 맛있어! B급 음식 서바이벌!,Crayon Shin-chan: Baka-uma! B-kyu Gourmet Survival!!,일반영화,애니메이션,일본,84306,266618,431807,266618,164281,2014-04-29,2014-04-03
FS20167716,트리플 엑스 리턴즈,xXx: Return of Xander Cage,일반영화,"액션,어드벤처,스릴러",미국,475309,266299,3357361,266211,229282,2017-03-08,2017-02-08
FS20127306,명탐정 코난: 11번째 스트라이커,Detective Conan Movie 16 - The Eleventh Striker,일반영화,애니메이션,일본,525169,266088,1436571,266088,10579,2018-02-27,2012-07-19
FS20128386,라이프 오브 파이,Life of Pi,,,미국,1656537,265838,6681213,265838,17945,2015-06-09,2013-01-01
FS20131262,허삼관,Chronicle of a Blood Merchant,일반영화,드라마,한국,956103,265234,4365861,265156,242366,2015-02-02,2015-01-14
FS20183844,마이펫의 이중생활 2,The Secret Life of Pets 2,일반영화,"애니메이션,어드벤처,코미디",미국,1114949,264706,4130695,264706,202624,2019-08-19,2019-07-31
FS20081169,맘마미아!,Mamma Mia!,일반영화,"멜로/로맨스,뮤지컬",미국,4579773,264656,21818271,264656,10771,2013-07-04,2008-09-03
FS20211791,하이파이브,HI-FIVE,일반영화,"SF,기타,코미디,판타지,액션",한국,1893718,264454,13112435,264454,263211,2025-05-30,
FS20110279,마당을 나온 암탉,"Leafie, a Hen into the Wild",일반영화,애니메이션,한국,2223086,264448,6568518,264448,37408,2012-10-14,2011-07-28
FS20173581,기억의 밤,Forgotten,일반영화,"미스터리,스릴러",한국,1387779,264147,8623975,264147,230830,2017-11-14,2017-11-29
FS20196657,맨 인 블랙: 인터내셔널,Men in Black: International,일반영화,"액션,코미디,SF",미국,851917,264094,6475909,264094,256858,2019-07-02,2019-06-12
FS20147283,다이버전트,Divergent,일반영화,"SF,판타지,액션,멜로/로맨스",미국,424090,264184,3855200,264091,190605,2014-07-22,2014-04-16
FS20163194,공각기동대 : 고스트 인 더 쉘,Ghost In The Shell,일반영화,"SF,범죄,액션",미국,764095,263711,6430019,263632,55140,2017-07-26,2017-03-29
FS20168891,설리: 허드슨강의 기적,Sully,일반영화,드라마,미국,627424,263520,4248915,263520,214768,2016-11-09,2016-09-28
FS19870150,탑건,Top Gun,,,미국,36024,263466,442560,263466,7073,2018-07-10,1987-12-19
FS20136863,마담 뺑덕,Scarlet Innocence,일반영화,멜로/로맨스,한국,471248,263112,3051528,263112,84422,2014-12-05,2014-10-02
FS20147609,헤라클레스 : 레전드 비긴즈,The legend of Hercules,일반영화,"액션,판타지",미국,221341,263908,2313017,263094,10093,2018-12-20,2014-04-10
FS20110511,쿵푸팬더 2,Kung Fu Panda 2,일반영화,"애니메이션,액션,어드벤처,코미디,가족",미국,5064796,262344,20157190,262344,4798,2012-10-14,2011-05-26
FS20167261,메카닉: 리크루트,Mechanic: Resurrection,일반영화,"액션,범죄,스릴러",미국,552006,261886,3124281,261886,224811,2016-09-23,2016-08-31
FS20224666,파일럿,Pilot,일반영화,"기타,코미디",한국,4719151,261855,30047989,261855,260120,2024-07-31,
FS20161141,50가지 그림자: 심연,Fifty Shades Darker,일반영화,"드라마,멜로/로맨스",미국,189620,261677,1189519,261677,120334,2017-03-03,2017-02-09
FS20198323,레드슈즈,Red Shoes,일반영화,"애니메이션,코미디,판타지,어드벤처,멜로/로맨스",한국,821226,260981,2567541,260981,215191,2019-08-21,2019-07-25
FS20100301,악마를 보았다,I Saw The Devil,일반영화,스릴러,한국,1817069,260475,7433495,260475,23467,2013-05-09,2010-08-12
FS20184543,변신,Metamorphosis,일반영화,,한국,1804120,259897,9474893,259897,235273,2019-09-11,2019-08-21
FS20204264,콘크리트 유토피아,Concrete Utopia,일반영화,"드라마,스릴러,기타",한국,3849431,259078,22081467,259078,256072,2023-09-15,2023-08-09
FS20170942,인랑,ILLANG : THE WOLF BRIGADE,일반영화,"SF,액션",한국,899029,258826,3759087,258826,243212,2018-07-23,2018-07-25
FS20136063,순수의 시대,Empire of Lust,일반영화,"사극,드라마",한국,470308,258561,4440667,258561,181838,2015-03-25,2015-03-05
FS20174622,해피 데스데이,Happy Death Day,일반영화,,미국,1382650,258187,8094403,258187,193152,2017-12-05,2017-11-08
FS20156554,물괴,Monstrum,일반영화,"액션,사극",한국,723622,257867,8347235,257785,252058,2018-10-23,2018-09-12
FS20113862,장화신은 고양이,Puss In Boots,일반영화,"애니메이션,어드벤처,코미디,판타지",미국,2080445,257072,8417970,257072,4874,2012-10-14,2012-01-12
FS20205402,트롤: 월드 투어,Trolls World Tour,일반영화,"애니메이션,어드벤처,코미디",미국,152589,256577,2409888,256577,194996,2020-05-19,2020-04-29
FS20112911,최종병기 활 감독확장판,War of the Arrows (Director's Cut),일반영화,"사극,액션",한국,11547,255963,123275,255880,7750,2016-01-13,2011-10-20
FS20252527,쥬라기 월드: 새로운 시작,Jurassic World: Rebirth,일반영화,,미국,2225213,255381,12654259,255381,254224,2025-07-02,
FS20050082,이터널 선샤인,Eternal Sunshine,,,미국,599448,255278,2745183,255278,61119,2016-01-21,2005-11-10
FS20167902,보통사람,ORDINARY PERSON,일반영화,드라마,한국,383336,255307,2784389,255163,241979,2017-04-06,2017-03-23
FS20192194,인질,Hostage: Missing Celebrity,일반영화,"범죄,액션,스릴러",한국,1638631,255182,16486116,255100,251430,2021-09-16,2021-08-18
FS20129606,공범,Blood and Ties,일반영화,"스릴러,드라마",한국,1766285,255235,8972130,255062,215169,2013-11-21,2013-10-24
FS20142406,탐정 홍길동: 사라진 마을,The Phantom Detective,일반영화,"드라마,액션",한국,1430960,254777,5780670,254664,236514,2016-06-01,2016-05-04
FS20162967,정글북,The Jungle Book,일반영화,"어드벤처,드라마",미국,2537438,253683,10297000,253683,175184,2016-10-12,2016-06-09
FS20134983,원피스 극장판 Z,One Piece Film Z,일반영화,애니메이션,일본,93239,254142,529090,253460,144966,2013-03-28,2013-03-21
FS20187322,"힘을 내요, 미스터 리","CHEER UP, MR. LEE",일반영화,"코미디,드라마",한국,1182102,252770,5587943,252770,226945,2019-09-26,2019-09-11
FS20185784,나의 특별한 형제,Inseparable Bros,일반영화,"드라마,코미디",한국,1479163,252474,6281350,252474,238710,2019-05-21,2019-05-01
FS20048799,명탐정 코난:은빛 날개의 마술사,Detective Conan : Magician of the Silver Key,일반영화,애니메이션,일본,176495,252124,510591,252124,146849,2013-01-28,2013-01-24
FS20128143,익스펜더블 2,The Expendables II,일반영화,"액션,어드벤처",미국,444456,252597,3434630,251895,2464,2019-11-11,2012-09-06
FS20131304,은밀하게 위대하게 (확장판),Secretly Greatly,일반영화,"액션,코미디,드라마",한국,4738,251466,14902,251466,216692,2013-08-22,2013-08-05
FS20124934,피에타,Pieta,,,한국,603283,253452,3366821,251207,230040,2012-10-14,2012-09-06
FS20198681,쥬만지: 넥스트 레벨,Jumanji : The Next Level,일반영화,액션,미국,1057269,251142,7294017,251142,234328,2020-02-11,2019-12-11
FS20140842,엑소더스: 신들과 왕들,Exodus: Gods and Kings,일반영화,드라마,미국,1511845,251019,8454885,251019,222924,2015-01-26,2014-12-03
FS20068659,명탐정 코난 : 탐정들의 진혼가,DETECTIVE CONAN: THE PRIVATE EYE'S REQUIEM,일반영화,애니메이션,일본,182666,250830,697375,250830,117259,2014-02-21,2014-02-13
FS20134590,빅매치,Big Match,일반영화,액션,한국,1177438,250161,5983827,250021,218285,2014-12-15,2014-11-27
FS20113532,미쓰GO,Miss Conspirator,일반영화,"액션,코미디,범죄",한국,611685,250239,4605168,249794,38393,2012-10-14,2012-06-21
FS20226270,스즈메의 문단속,Suzume,,,일본,5593122,249688,38317825,249688,188475,2023-03-17,2023-03-08
FS20148842,우리는 형제입니다,We Are Brothers,일반영화,"코미디,드라마",한국,970373,249531,7012248,248981,212372,2014-11-19,2014-10-23
FS20183288,헌터 킬러,HUNTER KILLER,일반영화,"액션,스릴러",미국,57032,248030,353517,248030,213845,2018-12-12,2018-12-06
FS20200142,소방관,FIREFIGHTERS,일반영화,드라마,한국,3859618,247989,22277495,247989,247328,2024-12-04,
FS20148188,쎄시봉,C'est Si Bon,일반영화,"멜로/로맨스,코미디,드라마",한국,1715373,247658,9099448,247506,209121,2015-03-04,2015-02-05
FS20148648,극장판 루팡 3세 VS 명탐정 코난,Lupin The 3rd VS Detective Conan The Movie,일반영화,애니메이션,일본,225842,247049,710357,247049,133734,2014-06-13,2014-05-29
FS20168361,바다 탐험대 옥토넛 시즌4: 늪지탐험선K,OCTONAUTS Season4,,,영국,69952,246742,435389,246742,117661,2016-10-07,2016-09-28
FS20182421,그린치,The Grinch,일반영화,"애니메이션,코미디",미국,552970,246491,1702228,246466,151989,2019-01-10,2018-12-19
FS20137815,화이트 하우스 다운,White House Down,일반영화,"액션,드라마",미국,569500,246813,2951908,246340,207616,2013-06-26,2013-06-27
FS20170669,지금 만나러 갑니다,Be With You,일반영화,멜로/로맨스,한국,2602273,246314,15878256,246314,217709,2018-04-18,2018-03-14
FS20136741,짱구는 못말려 극장판:태풍을 부르는 나와 우주의 프린세스,CRAYON SHIN-CHAN: ARASI OYOBU ORA TO UCHU NO PRINCESS,일반영화,애니메이션,일본,217320,245789,803028,245789,180916,2013-05-02,2013-04-25
FS20156207,앵그리버드 더 무비,The Angry Birds Movie,일반영화,애니메이션,미국,680622,244398,2139582,244398,183530,2016-06-14,2016-05-19
FS20164621,덩케르크,Dunkirk,일반영화,"액션,드라마,스릴러,전쟁",미국,2823120,242838,12388923,242838,156478,2018-01-15,2017-07-20
FS20113883,초한지 - 천하대전,White Vengeance,일반영화,액션,중국,94654,244601,555267,242625,8315,2012-10-14,2012-01-11
FS20060149,카,Cars,일반영화,"애니메이션,액션,코미디",미국,573577,242516,2050075,242516,38156,2013-08-01,2006-07-20
FS20228532,한산 리덕스,Hansan: Rising Dragon REDUX,일반영화,"액션,드라마",한국,19551,242325,350547,242325,186551,2022-12-01,2022-11-16
FS20168323,염력,Psychokinesis,일반영화,"드라마,코미디",한국,990104,242376,8579837,242119,230919,2018-03-23,2018-01-31
FS20150501,극장판 요괴워치: 탄생의 비밀이다냥!,Yokai Watch: Tanjo no himitsuda nyan,일반영화,애니메이션,일본,550961,242807,1658245,242082,209658,2015-08-13,2015-07-22
FS20130021,"협녀, 칼의 기억",Memories of the Sword,일반영화,"사극,액션",한국,431310,241866,2353589,241834,215127,2015-09-01,2015-08-13
FS20123333,잭 리처,Jack Reacher,일반영화,액션,미국,784031,241024,3259446,241024,176431,2013-04-17,2013-01-17
FS20252432,주토피아 2,Zootopia 2,일반영화,애니메이션,미국,8611863,240685,38734757,240685,240685,2025-11-26,
FS20232025,트랜스포머: 비스트의 서막,Transformers: Rise of the Beasts,일반영화,액션,미국,769993,240067,6141477,240067,223457,2023-07-12,2023-06-06
FS20149859,마다가스카의 펭귄,The Penguins of Madagascar,일반영화,"애니메이션,코미디,어드벤처,가족",미국,1661388,239903,4195471,239903,145870,2015-02-03,2014-12-31
FS20124045,코리아,As One,일반영화,드라마,한국,1872808,239397,8136459,239310,20851,2012-10-14,2012-05-03
FS20155761,명탐정 코난 : 코난 실종사건 - 사상 최악의 이틀,Detective Conan : MISSING CONAN EDOGAWA CASE - HIS HISTORY'S WORST TWO DAYS,일반영화,"애니메이션,어드벤처,스릴러",일본,257381,239262,722991,239262,151225,2015-02-25,2015-02-12
FS20191589,말레피센트 2,Maleficent: Mistress of Evil,일반영화,"어드벤처,가족,판타지",미국,1444952,238718,10537555,238718,210980,2019-12-24,2019-10-17
FS20070264,라따뚜이,Ratatouille,일반영화,"애니메이션,드라마,코미디,가족",미국,1026277,238691,2925490,238691,27128,2013-08-01,2007-07-25
FS20130566,무뢰한,The Shameless,일반영화,멜로/로맨스,한국,417041,238639,3565699,238582,166700,2015-06-22,2015-05-27
FS20170982,캐리비안의 해적: 죽은 자는 말이 없다,Pirates of the Caribbean: Dead Men Tell No,일반영화,"액션,어드벤처,판타지,코미디",미국,3049894,238316,15024039,238316,202008,2017-09-27,2017-05-24
FS20181443,스카이스크래퍼,skyscraper,일반영화,"액션,스릴러",미국,1002858,237828,6260225,237828,220746,2018-08-07,2018-07-11
FS20125647,토탈 리콜,Total Recall,일반영화,"SF,액션",미국,1219637,237814,4774861,237381,210920,2012-11-08,2012-08-15
FS20010292,몬스터 주식회사,Monsters.Inc,일반영화,"애니메이션,코미디",미국,90931,237353,409407,237353,82454,2013-02-20,2001-12-20
FS20168688,레지던트 이블: 파멸의 날,Resident Evil: The Final Chapter,일반영화,,미국,765259,237327,3291437,237327,208251,2017-03-28,2017-01-25
FS20185478,극장판 헬로카봇: 옴파로스 섬의 비밀,Hello Carbot The Movie: The Secret of Omphalos Island,일반영화,애니메이션,한국,575362,237100,1962627,237100,132155,2019-03-04,2019-01-31
FS20134267,호빗: 스마우그의 폐허,The Hobbit: The Desolation of Smaug,일반영화,"어드벤처,드라마,판타지",미국,2288265,236990,7257974,236990,128383,2014-04-09,2013-12-12
FS20207443,소울,SOUL,일반영화,애니메이션,미국,2048915,236792,26485601,236792,216528,2021-03-05,2021-01-20
FS20121549,전국노래자랑,Born to Sing,일반영화,"코미디,드라마",한국,978413,236972,5983290,236718,210205,2013-05-27,2013-05-01
FS20125086,프로메테우스,Prometheus,일반영화,"SF,스릴러",미국,971482,236526,6097023,236327,14703,2015-08-13,2012-06-06
FS20228819,30일,Love Reset,일반영화,"멜로/로맨스,코미디",한국,2165853,236323,19010237,236323,223112,2023-10-12,2023-10-03
FS20137121,더 울버린,The Wolverine,일반영화,"액션,SF",미국,1075333,236220,4975426,235782,207034,2013-11-05,2013-07-25
FS20193666,오! 문희,Oh! My Gran,일반영화,"코미디,드라마",한국,356591,235607,7711410,235525,223734,2020-09-22,2020-09-02
FS20246489,미션 임파서블: 파이널 레코닝,Mission: Impossible - The Final Reckoning,일반영화,액션,미국,3392546,234979,22296156,234979,232002,2025-05-17,
FS20124142,언터처블: 1%의 우정,Untouchable,일반영화,"코미디,드라마",프랑스,1721613,234796,7912268,234796,23322,2014-03-11,2012-03-22
FS20199500,뜨거운 피,Hot Blooded,일반영화,"범죄,드라마",한국,400393,234570,8162032,234570,221523,2022-04-18,2022-03-23
FS20131221,젊은 엄마,,일반영화,"멜로/로맨스,드라마,판타지",한국,528,234403,528,234403,85490,2014-09-04,2013-08-06
FS20184187,언니,No Mercy,일반영화,액션,한국,198377,234403,1388742,234403,152377,2019-02-11,2019-01-01
FS20183238,스파이더맨: 뉴 유니버스,Spider-Man: Into the Spider-Verse,일반영화,"애니메이션,액션,가족",미국,727602,234388,3709914,234388,173634,2019-02-19,2018-12-12
FS20137549,터보,Turbo,일반영화,애니메이션,미국,1925154,233816,4207318,233816,167981,2013-07-25,
FS20127595,동창생,Commitment,일반영화,"액션,드라마",한국,1048280,234351,6625865,233662,207415,2013-11-06,
FS20140193,서부전선,The Long Way Home,일반영화,"전쟁,드라마",한국,609063,233661,2560693,233661,211167,2015-10-08,2015-09-24
FS20153447,바람 바람 바람,What a Man Wants,일반영화,코미디,한국,1194229,233051,9383127,232977,203680,2018-05-11,2018-04-05
FS20183073,베일리 어게인,A Dog's Purpose,,,미국,94176,232684,743782,232684,137453,2019-01-17,2018-11-22
FS20145141,위플래쉬,Whiplash,,,미국,1731940,232388,11529513,232388,127783,2015-05-08,2015-03-12
FS20176947,원더,Wonder,,,미국,279055,232303,1499272,232303,139374,2018-02-26,2017-12-27
FS20185242,신비아파트: 금빛 도깨비와 비밀의 동굴,The Haunted House: The Secret of the Cave,일반영화,"애니메이션,판타지,어드벤처",한국,678264,232137,2049828,232137,170001,2018-08-23,2018-07-25
FS20177005,레슬러,LOVE+SLING,일반영화,"드라마,코미디",한국,771141,231348,6354628,231348,202400,2018-05-11,2018-05-09
FS20123201,노리개,Norigae,일반영화,드라마,한국,169066,231792,1587717,231339,172468,2013-04-30,2013-04-18
FS19930176,쥬라기 공원,Jurassic Park,일반영화,"SF,액션,어드벤처",미국,43187,231048,367638,231048,15597,2012-10-14,1993-07-17
FS20235974,인사이드 아웃 2,Inside Out 2,일반영화,애니메이션,미국,8799612,230996,50021271,230996,218806,2024-06-12,
FS20161561,바다 탐험대 옥토넛 시즌4: 빙하탐험선S,OCTONAUTS Season4: GUP-S,,,영국,60979,230937,289269,230937,128699,2016-03-22,2016-02-25
FS20180542,50가지 그림자: 해방,FIFTY SHADES FREED,일반영화,"드라마,멜로/로맨스,스릴러",미국,217785,230864,1464937,230864,125196,2018-04-16,2018-02-21
FS20185352,어스,Us,일반영화,,미국,1475087,230467,9817512,230467,189038,2019-04-16,2019-03-27
FS20124082,미스터 고,Mr. Go,일반영화,"코미디,드라마",한국,1329061,231845,6556882,230448,208884,2013-07-17,
FS20147930,나의 사랑 나의 신부,"My Love, My Bride",일반영화,"멜로/로맨스,코미디",한국,2141197,230452,12577708,230372,176596,2014-11-05,2014-10-08
FS20149811,인투 더 스톰,Into the Storm,일반영화,"액션,스릴러",미국,2078825,229283,7190322,229283,195220,2014-11-24,2014-08-28
FS20184891,수퍼 소닉,Sonic the Hedgehog,일반영화,"애니메이션,액션,어드벤처",미국,118725,228808,1429763,228808,146244,2020-02-28,2020-02-12
FS20155423,시카리오: 암살자의 도시,Sicario,,,미국,153510,228616,927783,228616,132405,2015-12-22,2015-12-03
FS20136962,레드: 더 레전드,RED2,일반영화,"액션,코미디,범죄",미국,3004649,228519,9403538,228519,193976,2013-11-22,2013-07-18
FS20110906,특수본,S.I.U.,일반영화,"액션,범죄",한국,1118258,229263,7366675,228418,206660,2011-11-24,
FS20189663,게이트,Gate,일반영화,"범죄,코미디",한국,101381,227936,682676,227723,201997,2018-03-22,2018-02-28
FS20130561,관능의 법칙,Venus Talk,일반영화,"드라마,코미디",한국,781516,227559,4370794,227393,191265,2014-03-18,2014-02-13
FS20193822,뮬란,Mulan,일반영화,"어드벤처,드라마,가족",미국,236247,227209,6809865,227209,222190,2020-09-29,2020-09-17
FS20140226,호빗: 다섯 군대 전투,The Hobbit: The Battle of the Five Armies,일반영화,"어드벤처,판타지",미국,2841382,227044,9022602,227044,156933,2015-03-23,2014-12-17
FS20164174,브이아이피,V.I.P.,일반영화,"범죄,드라마",한국,1373316,227008,7878017,227008,91287,2018-01-16,2017-08-23
FS20217335,잭 스나이더의 저스티스 리그,Zack Snyder's Justice League,일반영화,"액션,SF",미국,0,226703,0,226703,215766,2021-03-17,
FS20188421,미스터 주: 사라진 VIP,MR. ZOO: THE MISSING VIP,일반영화,"코미디,드라마",한국,604143,226341,3473638,226341,210082,2020-02-12,2020-01-22
FS20142407,오늘의 연애,Love Forecast,일반영화,"멜로/로맨스,코미디",한국,1891993,226727,7896782,226260,186862,2015-02-09,2015-01-14
FS20199448,어린 의뢰인,My First Client,일반영화,"드라마,가족",한국,204671,226236,2339720,226236,209509,2019-06-19,2019-05-22
FS20147247,300: 제국의 부활,300: Rise of an Empire,일반영화,"액션,드라마,전쟁",미국,1593116,226158,10734443,226158,183300,2014-05-29,2014-03-06
FS20141261,드라큘라: 전설의 시작,Dracula Untold,일반영화,"판타지,액션",미국,1321751,225998,8374777,225998,203087,2014-10-08,
FS20162941,컨저링 2,The Conjuring 2,일반영화,,미국,1930385,224926,7348333,224926,117589,2016-08-30,2016-06-09
FS20111113,퍼스트 어벤져,Captain America: The First Avenger,일반영화,"액션,SF",미국,514579,224870,2484087,224870,45328,2013-11-12,2011-07-28
FS20162002,명탐정 코난: 순흑의 악몽,Detective Conan : The Darkest Nightmare,일반영화,"애니메이션,미스터리,어드벤처",일본,522344,224852,1104304,224852,133696,2016-08-08,2016-08-03
FS20134046,월터의 상상은 현실이 된다,The Secret Life of Walter Mitty,일반영화,"어드벤처,코미디,드라마",미국,957277,224337,3581280,224337,107174,2014-02-05,2013-12-31
FS20170124,명탐정 코난:진홍의 연가,Detective Conan: Crimson Love Letter,일반영화,애니메이션,일본,450705,223753,1262023,223753,153051,2017-08-18,2017-08-02
FS20170658,PMC: 더 벙커,Take Point,일반영화,액션,한국,1671548,223187,8378530,223032,213019,2019-01-22,2018-12-26
FS20196478,영웅,Hero,일반영화,"드라마,뮤지컬",한국,3278686,222603,18255700,222603,207465,2023-02-17,2022-12-21
FS20123381,깡철이,Tough As Iron,일반영화,"드라마,액션,가족",한국,1209363,222184,7679187,221789,184348,2013-10-02,
FS20133602,노아,Noah,일반영화,"어드벤처,드라마,판타지",미국,2026594,224202,10310062,221773,217748,2014-03-20,
FS20254121,살목지,Salmokji : Whispering Water,일반영화,,한국,3240787,221241,21681279,221241,221241,2026-04-08,
FS20154908,7년의 밤,Seven Years of Night,일반영화,"스릴러,드라마",한국,528007,221089,4053982,220928,206823,2018-04-09,2018-03-28
FS20113916,러브픽션,Love Fiction,일반영화,"멜로/로맨스,코미디",한국,1726227,221228,8863603,220765,28756,2012-10-14,2012-02-29
FS20058720,명탐정 코난 : 수평선상의 음모,Detective Conan : Strategy Above the Depth,일반영화,애니메이션,일본,389871,220624,1047477,220624,119914,2013-08-21,2013-08-07
FS20112621,셜록홈즈 : 그림자 게임,Sherlock Holmes: A Game of Shadows,일반영화,"액션,미스터리",미국,2239156,220436,7802495,220436,176313,2011-12-21,
FS20149062,연애의 맛,Love Clinic,일반영화,"멜로/로맨스,코미디",한국,214539,220148,1632731,220148,182606,2015-05-11,2015-05-07
FS20212618,수퍼 소닉2,Sonic the Hedgehog 2,일반영화,"애니메이션,액션,어드벤처,코미디,가족,판타지,SF",미국,315288,220112,3461543,220112,167102,2022-05-02,2022-04-06
FS20135241,웜 바디스,Warm Bodies,일반영화,"멜로/로맨스,액션",미국,1169839,220369,6593814,220078,185823,2013-03-14,
FS20199842,인비저블맨,The Invisible Man,일반영화,,미국,575043,219716,11443376,219716,200466,2020-03-16,2020-02-26
FS20183479,극장판 짱구는 못말려: 아뵤! 쿵후 보이즈 ~라면 대란~,Crayon Shin-chan: Burst Serving! Kung Fu Boys - Ramen Rebellion,일반영화,애니메이션,일본,353012,219147,944268,219147,155412,2019-01-10,2018-12-19
FS20111249,카 2,Cars 2,일반영화,"애니메이션,코미디",미국,465599,219120,1801540,219120,51237,2013-07-18,2011-07-20
FS20148461,살인의뢰,The Deal,일반영화,"범죄,스릴러",한국,855980,219193,6018151,219053,192014,2015-04-03,2015-03-12
FS20218800,거룩한 밤: 데몬 헌터스,Holy Night: Demon Hunters,일반영화,액션,한국,777659,218961,4997421,218961,218620,2025-04-30,
FS20168250,골든슬럼버,Golden Slumber,일반영화,"범죄,드라마",한국,1387508,218632,6403925,218521,205479,2018-03-05,2018-02-14
FS20131246,엔더스 게임,Ender's Game,일반영화,"SF,액션,어드벤처",미국,654212,218693,3155880,218291,204820,2014-01-13,2013-12-31
FS20179281,컨택트,Arrival,일반영화,"SF,드라마,스릴러",미국,655725,217670,3699772,217670,168644,2017-03-29,2017-02-02
FS20136761,개구쟁이 스머프 2,The Smurfs 2,일반영화,"애니메이션,코미디,가족",미국,921788,216067,2078369,216067,114401,2013-09-11,2013-08-01
FS20207893,프리즌 이스케이프,ESCAPE FROM PRETORIA,,,영국,217056,215588,4654210,215588,206553,2020-05-06,2020-05-06
FS20214981,몬스터 헌터,Monster Hunter,일반영화,"액션,어드벤처",미국,102104,215477,1980461,215477,206895,2021-02-23,2021-02-10
FS20124136,마다가스카3 : 이번엔 서커스다!,Madagascar3 : Europe’s Most Wanted,일반영화,"애니메이션,어드벤처,코미디",미국,1635088,215267,5810409,215267,157945,2012-06-06,
FS20110659,트랜스포머 3,Transformers :The Dark Side of the Moon,일반영화,"액션,어드벤처",미국,7785189,215215,24030108,215215,17368,2014-10-08,2011-06-29
FS20211937,귀공자,The Childe,일반영화,액션,한국,682857,214996,5537120,214996,198391,2023-07-10,2023-06-21
FS20147947,워킹걸,Casa Amor; Exclusive for Ladies,일반영화,"코미디,멜로/로맨스",한국,151584,214953,929751,214953,184558,2015-01-07,
FS20197434,자산어보,The Book of Fish,일반영화,"사극,드라마",한국,342896,214690,8391540,214690,206728,2021-04-20,2021-03-31
FS20070061,트랜스포머,Transformers,일반영화,"SF,액션,어드벤처",미국,7405449,214458,18747024,214458,16101,2014-10-08,2007-06-28
FS20137562,퍼시 잭슨과 괴물의 바다,Percy Jackson and Sea of Monsters,일반영화,"판타지,어드벤처",미국,519584,214216,2258698,214216,158526,2013-12-24,2013-09-12
FS20184571,천문: 하늘에 묻는다,Forbidden Dream,일반영화,사극,한국,2000735,213022,10116982,213022,202120,2020-01-21,2019-12-26
FS20198430,나이브스 아웃,KNIVES OUT,일반영화,"미스터리,스릴러",미국,822315,212721,4430502,212721,187713,2020-02-04,2019-12-04
FS20198598,명탐정 피카츄,Pokemon Detective Pikachu,일반영화,"액션,어드벤처,코미디",미국,686809,212537,3404406,212537,171844,2019-05-30,2019-05-09
FS20205986,연애 빠진 로맨스,Nothing Serious,일반영화,"기타,멜로/로맨스,코미디",한국,606882,212328,9385224,212328,199133,2021-12-14,2021-11-24
FS19920231,미녀와 야수,Beauty and the Beast,일반영화,"애니메이션,드라마,가족",미국,148966,212064,804257,212064,21821,2014-07-22,1992-07-04
FS20192401,포드 V 페라리,FORD v FERRARI,일반영화,"액션,드라마",미국,1376107,212041,7303684,212041,182524,2019-12-27,2019-12-04
FS20123329,스타트렉 다크니스,Star Trek Into Darkness,일반영화,"액션,SF,어드벤처",미국,1607555,211588,6983373,211588,161806,2013-08-28,2013-05-30
FS20100188,하녀,The Housemaid,일반영화,"스릴러,멜로/로맨스",한국,2267581,211484,11399645,211484,14175,2014-03-26,2010-05-13
FS20113653,잃어버린 세계를 찾아서 2: 신비의 섬,Journey 2: The Mysterious Island,일반영화,"액션,어드벤처",미국,1149628,210850,4928262,210850,808,2013-12-23,2012-01-19
FS20143754,아메리칸 스나이퍼,American Sniper,일반영화,액션,미국,345759,210730,1443831,210730,146968,2015-03-31,2015-01-14
FS20151003,장산범,The Mimic,일반영화,"미스터리,스릴러",한국,1306438,210552,4867394,210552,177979,2017-09-14,2017-08-17
FS20152782,"날, 보러와요",INSANE,일반영화,"미스터리,스릴러",한국,1063442,210529,7726756,210451,178636,2016-05-03,2016-04-07
FS20134028,폼페이: 최후의 날,Pompeii,일반영화,"액션,어드벤처,드라마",미국,1373873,211182,7671235,209792,200306,2014-05-20,2014-02-20
FS20111540,개구쟁이 스머프,The Smurfs,일반영화,애니메이션,미국,1027436,209707,3051912,209707,18946,2014-01-16,2011-08-11
FS20158984,헌츠맨: 윈터스 워,The Huntsman: Winter's War,일반영화,"액션,어드벤처",미국,445009,209968,4834415,209539,197975,2016-05-09,2016-04-13
FS20235735,아쿠아맨과 로스트 킹덤,Aquaman and the Lost Kingdom,일반영화,"액션,어드벤처,판타지",미국,878012,209432,4492673,209432,205429,2024-01-10,2023-12-20
FS20129787,방황하는 칼날,Broken,일반영화,"범죄,스릴러",한국,989906,209607,6759972,209334,173808,2014-05-26,2014-04-10
FS20126686,미드나잇 인 파리,Midnight In Paris,,,미국,404845,209068,2074798,209068,15214,2014-02-13,2012-07-05
FS20100213,부당거래,The Unjust,일반영화,"범죄,드라마",한국,2726302,207042,13909940,207042,16210,2014-01-16,2010-10-28
FS20110249,하울링,HOWLING,일반영화,"범죄,드라마",한국,1612554,208808,9020483,206510,15252,2012-10-14,2012-02-16
FS20136057,소수의견,Minority Opinion,일반영화,드라마,한국,383582,206186,2213347,206119,179566,2015-07-14,2015-06-24
FS20136062,하이힐,Man on High Heels,일반영화,"범죄,액션",한국,341646,206142,2153473,205951,179908,2014-06-26,2014-06-03
FS20154907,희생부활자,RV: Resurrected Victims,일반영화,"미스터리,스릴러",한국,323628,205740,3613964,205650,18228,2018-05-09,2017-10-12
FS20228988,보스,BOSS,일반영화,"코미디,액션",한국,2437494,205258,13251870,205258,205258,2025-10-03,
FS20165201,언더 워터,The Shallows,일반영화,,미국,384789,205102,1787308,205102,155978,2016-08-30,2016-07-13
FS20233006,히트맨2,HITMAN2,일반영화,"코미디,액션",한국,2547601,203810,16942563,203810,200917,2025-01-22,
FS20161781,엽문3: 최후의 대결,Ip Man 3,,,홍콩,47318,203367,560516,203264,151248,2016-03-10,2016-03-10
FS20224662,토르: 러브 앤 썬더,Thor: Love and Thunder,일반영화,"액션,어드벤처,판타지",미국,2716306,203248,17263495,203248,196698,2022-08-30,2022-07-06
FS20167922,핵소 고지,Hacksaw Ridge,일반영화,"드라마,전쟁",미국,178780,202890,1408463,202890,161326,2017-03-07,2017-02-22
FS20161745,제 5침공,THE 5th WAVE,일반영화,"액션,어드벤처,SF",미국,135874,204279,706343,202431,193154,2016-03-16,2016-02-25
FS20132824,리딕,Riddick,일반영화,"SF,액션",미국,132059,202782,1044076,202110,191015,2013-11-28,
FS20158482,동주,DONGJU; The Portrait of A Poet,일반영화,드라마,한국,1178502,201986,5643957,201986,130401,2016-04-18,2016-02-17
FS20178321,극장판 짱구는 못말려 : 습격!! 외계인 덩덩이,Crayon Shinchan 2017 Theatrical Film: Invasion!! Alien Shiriri,일반영화,애니메이션,일본,333184,201689,948775,201689,149126,2017-09-25,2017-07-20
FS20156007,인페르노,Inferno,일반영화,"미스터리,스릴러",미국,689071,201432,5545139,201432,152331,2016-12-21,2016-10-19
FS20143511,오피스,Office,일반영화,"스릴러,미스터리",한국,441208,201695,2583586,201168,184533,2015-09-14,2015-09-03
FS20145041,더 이퀄라이저,The Equalizer,일반영화,"액션,범죄,스릴러",미국,82779,200477,669921,200477,68654,2015-02-23,2015-01-28
FS20010083,반지의 제왕 : 반지원정대,The Lord Of The Rings : The Fellowship Of The Rings,일반영화,드라마,미국,54968,200444,764537,200444,15700,2013-12-04,2001-12-31
FS20188441,킹메이커,Kingmaker,일반영화,드라마,한국,783768,200524,11578416,200441,195354,2022-02-18,2022-01-26
FS20141281,"극장판 파워레인저 다이노포스VS고버스터즈 공룡 대결전! ~안녕, 영원한 친구여!~","ZYUDEN SENTAI KYORUGER VS GO_BUSTERS: DINOSAUR GREAT BATTLE! FAREWELL, ETERNAL FRIENDS",일반영화,"액션,SF",일본,215046,200271,886625,200271,130913,2014-10-14,2014-10-02
FS20196264,유체이탈자,Spiritwalker,일반영화,"미스터리,판타지,액션",한국,819003,199977,13650255,199914,197875,2021-12-16,2021-11-24
FS20199541,미션 파서블,MISSION: POSSIBLE,일반영화,"코미디,액션",한국,447111,199957,7288274,199867,193385,2021-02-26,2021-02-17
FS20110211,토르: 천둥의 신,Thor,일반영화,"액션,어드벤처,판타지",미국,1694769,199848,9776899,199848,39366,2013-11-18,2011-04-28
FS20206946,시민덕희,Citizen of a Kind,일반영화,"드라마,기타",한국,1717825,199800,13495070,199800,197666,2024-01-24,
FS20205362,미니언즈2,Minions: The Rise of Gru,일반영화,"애니메이션,어드벤처,코미디",미국,2269066,199403,10047852,199403,175457,2022-08-09,2022-07-20
FS20158241,픽셀,Pixels,일반영화,"액션,어드벤처",미국,681945,198781,3559186,198781,167929,2015-08-11,2015-07-16
FS20134801,더 파이브,The Fives,일반영화,"스릴러,드라마",한국,731212,200123,4100354,198656,179333,2013-12-05,2013-11-14
FS20129114,더 웹툰: 예고살인,Killer Toon,일반영화,,한국,1201457,199372,5445842,198277,162447,2013-07-24,2013-06-27
FS20090455,오펀: 천사의 비밀,Orphan,일반영화,,미국,481064,198265,2587473,198265,11316,2013-12-02,2009-08-20
FS20124049,R2B: 리턴투베이스,R2B: Return to Base,일반영화,"액션,드라마",한국,1201944,198016,5020228,197872,165504,2012-10-14,2012-08-15
FS20124944,용문비갑,The Flying Swords Of Dragon Gate Originally,일반영화,액션,중국,1920,199588,2662,197470,176334,2012-03-15,
FS20202341,아웃포스트,The Outpost,일반영화,"전쟁,드라마",미국,53941,196556,833950,196556,185010,2020-10-06,2020-09-23
FS20163201,바다 탐험대 옥토넛 시즌4: 아슬아슬 구조대작전,OCTONAUTS Season4,,,영국,58619,196510,307862,196510,102541,2016-06-23,2016-06-02
FS20127266,극장판 도라에몽: 진구와 기적의 섬 애니멀 어드벤처,Doraemon: Nobita and the Island of Miracles - Animal Adventure,일반영화,"애니메이션,어드벤처",일본,165640,196305,528196,196305,116508,2012-07-25,
FS20163294,매그니피센트 7,The Magnificent Seven,일반영화,,미국,921317,196416,4241127,196180,189089,2016-12-13,2016-09-14
FS20226886,블랙 아담,Black Adam,일반영화,"액션,어드벤처,SF",미국,779485,196084,12561688,196084,192005,2022-10-25,2022-10-19
FS20254722,신명,The Pact,일반영화,"드라마,미스터리",한국,788242,195983,4700542,195983,195796,2025-06-02,
FS20218567,아이스 로드,The Ice Road,일반영화,스릴러,미국,27037,195762,454182,195762,190103,2021-07-26,2021-07-21
FS20126667,아이스 에이지 4: 대륙 이동설,Ice Age: Continental Drift,일반영화,"애니메이션,어드벤처,코미디,가족",미국,1648110,195751,4074543,195751,27989,2016-08-24,2012-07-25
FS20182447,클로젯,The Closet,일반영화,"미스터리,드라마",한국,1270907,195723,11574951,195579,187856,2020-02-27,2020-02-05
FS20140081,밀애,,일반영화,"드라마,멜로/로맨스",한국,4770,195577,8033,195577,63135,2014-12-01,2014-07-24
FS20242248,글래디에이터 Ⅱ,GladiatorⅡ,일반영화,"액션,사극",미국,910007,195328,9284826,195328,192477,2024-11-13,
FS20125426,백설공주,Mirror Mirror,일반영화,"판타지,어드벤처",미국,585698,195578,3013203,194903,180687,2012-05-03,
FS20122785,롤러코스터,Fasten Your Seatbelt,일반영화,코미디,한국,270156,194712,2137020,194712,143176,2013-10-28,2013-10-17
FS19378001,백설공주,Snow White And The Seven Dwarfs,일반영화,애니메이션,미국,122,194680,1018,194680,30965,2013-09-09,
FS20112589,오직 그대만,Always,일반영화,멜로/로맨스,한국,1027782,194860,5999626,194653,152418,2011-10-20,
FS20151481,헝거게임: 더 파이널,The Hunger Games: Mockingjay - Part 2,일반영화,"액션,어드벤처",미국,806737,194656,3959376,194647,116200,2016-03-28,2015-11-18
FS20124629,존 카터: 바숨 전쟁의 서막,John Carter,일반영화,"SF,액션",미국,838126,195267,5885148,194316,17422,2013-01-31,2012-03-08
FS20159199,빅쇼트,The Big Short,일반영화,드라마,미국,448382,193994,2540963,193994,78439,2016-03-07,2016-01-21
FS20199581,닥터 두리틀,Dolittle,일반영화,"판타지,어드벤처",미국,1607082,193831,11299195,193831,180836,2020-01-31,2020-01-08
FS20256396,아바타: 불과 재,Avatar: Fire and Ash,일반영화,"SF,액션,어드벤처",미국,6744610,193663,29124083,193663,193663,2025-12-17,
FS20110250,짱구는 못말려 극장판 : 초시공! 태풍을 부르는 나의 신부,CRAYON SHINCHAN MOVIE CHOJIKUU ARASHI WO YOBU ORANO HANAYOME,일반영화,애니메이션,일본,351742,193524,1248387,193524,15582,2013-12-02,2011-05-05
FS20173961,킹 아서: 제왕의 검,King Arthur: Legend of the Sword,일반영화,"판타지,액션,어드벤처",영국,415714,193500,3267358,193500,177044,2017-06-21,2017-05-17
FS20110295,마이 웨이,My Way,일반영화,"전쟁,액션,드라마",한국,2142670,192841,8922031,192841,2840,2022-01-14,2011-12-21
FS20193879,비공식작전,Ransomed,일반영화,드라마,한국,1058827,193170,6265983,192644,190667,2023-08-04,2023-08-02
FS20189362,업그레이드,UPGRADE,일반영화,액션,미국,190387,192512,1864014,192512,175240,2018-09-03,2018-09-06
FS20122654,태극권 : 무림7대고수전,Wu Dang,일반영화,액션,홍콩,1521,194936,1800,192269,184603,2012-11-29,
FS20194403,킹스맨: 퍼스트 에이전트,The King's Man,일반영화,액션,미국,1029366,192098,7096082,192098,188430,2022-01-27,2021-12-22
FS20143512,위험한 상견례 2,Enemies In-Law,일반영화,"멜로/로맨스,코미디",한국,472693,191666,2314926,191666,167011,2015-05-14,2015-04-29
FS20147727,그랜드 부다페스트 호텔,The Grand Budapest Hotel,,,미국,845316,191363,4404932,191363,47449,2014-12-11,2014-03-20
FS20150566,극장판 꼬마버스 타요의 에이스 구출작전,THE TAYO MOVIE MISSION : ACE,일반영화,애니메이션,한국,135478,191250,775727,191165,127544,2016-02-17,2016-01-21
FS20112704,인 타임,In Time,일반영화,"SF,스릴러,액션",미국,616943,190914,3436214,190914,13836,2015-08-13,2011-10-27
FS20182585,비스트,The Beast,일반영화,"범죄,스릴러",한국,203042,190550,1617745,190550,180829,2019-07-12,2019-06-26
FS20192240,작은 아씨들,Little Women,일반영화,"드라마,멜로/로맨스",미국,867887,190221,9042174,190221,171030,2020-03-04,2020-02-12
FS20128247,극장판 포켓몬스터 베스트위시「큐레무 VS 성검사 케르디오」,Gekijoban Pocket Monster Best Wishes! Kyurem vs Seikenshi Keldeo,일반영화,애니메이션,일본,348991,190185,1034620,190185,117759,2013-01-28,2012-12-19
FS20151230,원라인,ONE-LINE,일반영화,범죄,한국,435142,189991,2922803,189991,161254,2017-04-18,2017-03-29
FS20134984,다이노소어 어드벤처 3D,Walking with Dinosaurs 3D,일반영화,"액션,가족",미국,599963,189945,1713445,189840,109823,2014-01-15,2013-12-19
FS20150971,해빙,Bluebeard,일반영화,스릴러,한국,1204623,190637,7904623,189797,178253,2017-03-14,2017-03-01
FS20141224,경성학교: 사라진 소녀들,The Silenced,일반영화,"미스터리,드라마",한국,356436,189755,2475309,189695,161056,2015-06-29,2015-06-18
FS20254501,F1 더 무비,F1,일반영화,"드라마,액션",미국,5261260,188714,29026884,188714,184849,2025-06-25,
FS20233052,메가로돈 2,Meg 2: The Trench,일반영화,액션,미국,125935,188324,941049,188324,181836,2023-09-04,2023-08-15
FS20136445,레고 무비,The Lego Movie,일반영화,"애니메이션,코미디,액션,가족",미국,246126,188174,1006393,188174,75886,2014-06-03,2014-02-06
FS20162704,극장판 안녕 자두야,Hello Jadoo,일반영화,애니메이션,한국,280656,188315,1049383,188159,116160,2016-05-31,2016-05-04
FS20236180,웡카,Wonka,일반영화,"판타지,드라마",미국,3531779,188069,23091891,188069,182688,2024-01-31,
FS20148698,젊은 엄마 2,young mother 2,일반영화,"드라마,멜로/로맨스,판타지",한국,1,188436,76,188067,137447,2014-09-17,2014-05-29
FS20145396,널 기다리며,Missing You,일반영화,스릴러,한국,635235,187944,5581973,187944,139444,2016-03-29,2016-03-10
FS20168885,브리짓 존스의 베이비,Bridget Jones's Baby,일반영화,"코미디,멜로/로맨스",미국,820995,188014,4591583,187926,149253,2016-10-11,2016-09-28
FS20171381,라이프,Life,일반영화,"SF,스릴러",미국,459984,187557,4857242,187557,168787,2017-05-30,2017-04-05
FS20181942,맘마미아!2,Mamma Mia: Here We Go Again,일반영화,뮤지컬,미국,2295241,187466,8488129,187466,158927,2018-09-06,2018-08-08
FS20199428,크롤,CRAWL,일반영화,"액션,스릴러",미국,140576,187281,1326663,187281,174162,2019-12-11,2019-11-27
FS20178781,사라진 밤,The Vanished,일반영화,스릴러,한국,1315726,187316,9548118,187240,168613,2018-03-29,2018-03-07
FS20129166,19곰 테드,Ted,일반영화,"코미디,판타지",미국,266574,187334,1383783,187151,101424,2012-11-29,2012-09-27
FS20010040,친구,Friend,일반영화,드라마,한국,0,187037,212,187037,0,2001-03-31,
FS20185576,콜드 체이싱,Cold Pursuit,,,영국,101694,187304,1010269,187008,176705,2019-04-12,2019-02-20
FS20110911,명탐정 코난 : 침묵의 15분,Detective Conan: Quarter Of Silence,일반영화,애니메이션,일본,644652,186853,1857189,186853,81290,2011-08-03,
FS20197863,침입자,Intruder,일반영화,"미스터리,스릴러",한국,532045,186688,8665205,186618,181771,2020-06-17,2020-06-04
FS20139401,찌라시: 위험한 소문,Tabloid Truth,일반영화,"범죄,드라마",한국,1221427,186195,6457874,185919,168769,2014-03-13,2014-02-20
FS20164421,어쌔신 크리드,Assassin's Creed,일반영화,"액션,어드벤처,판타지,SF",미국,355913,186222,2502778,185910,173358,2017-02-15,2017-01-11
FS20188042,독전: 익스텐디드 컷,,일반영화,"범죄,액션",한국,137871,185908,744949,185908,153089,2018-07-18,2018-07-18
FS20060353,해바라기,Sunflower,일반영화,"액션,드라마,가족,범죄",한국,1307074,185707,6554200,185707,9778,2012-11-30,2006-11-23
FS20200263,라야와 마지막 드래곤,Raya and the Last Dragon,일반영화,"애니메이션,액션,어드벤처",미국,322833,185517,5447349,185517,172191,2021-04-05,2021-03-04
FS20060264,악마는 프라다를 입는다,The Devil Wears Prada,일반영화,드라마,미국,1378240,185033,6196770,185033,29168,2015-10-06,2006-10-25
FS20152781,배트맨 대 슈퍼맨: 저스티스의 시작,Batman v Superman: Dawn of Justice,일반영화,"액션,어드벤처,판타지",미국,2256913,184816,18319428,184816,135007,2016-03-11,2016-03-24
FS20225186,더 킬러: 죽어도 되는 아이,THE KILLER _ A GIRL WHO DESERVES TO DIE,일반영화,액션,한국,60175,184688,449206,184688,181670,2022-07-22,2022-07-13
FS20227410,천박사 퇴마 연구소: 설경의 비밀,Dr. Cheon And The Lost Talisman,일반영화,"기타,판타지,액션",한국,1916498,184677,14791775,184677,182410,2023-11-06,2023-09-27
FS20141113,애나벨,Annabelle,일반영화,,미국,926107,184506,4204312,184506,63361,2014-12-30,2014-10-02
FS20136860,극장판 가면라이더 VS 파워레인저 슈퍼히어로 대전,Kamen Rider × Super Sentai:Super HeroTaisen,일반영화,액션,일본,59611,183170,245783,183170,95795,2014-03-19,2014-01-23
FS19990220,노팅 힐,Notting Hill,,,미국,69144,183007,1050518,183007,21960,2013-10-01,1999-07-03
FS20143509,엽기적인 그녀 2,My New Sassy Girl,일반영화,"멜로/로맨스,코미디",한국,77124,183839,769058,182359,175548,2016-05-19,2016-05-12
FS20163521,스플릿,SPLIT,일반영화,드라마,한국,758195,182324,4836170,181906,156077,2016-12-05,2016-11-09
FS20135657,인시디어스: 두번째 집,Insidious: Chapter 2,일반영화,,미국,577758,181810,2863444,181810,70455,2014-01-17,2013-12-05
FS20162382,원피스 필름 골드,ONE PIECE FILM GOLD,일반영화,"애니메이션,어드벤처,판타지,액션",일본,217257,180502,885851,180502,110734,2017-01-05,2016-12-08
FS20126448,스텝업4 : 레볼루션,STEP-UP 4 : REVOLUTION,일반영화,멜로/로맨스,미국,953871,182161,3287964,180319,151291,2012-08-15,
FS20236653,퓨리오사: 매드맥스 사가,Furiosa: A Mad Max Saga,일반영화,"액션,어드벤처",미국,1606404,180199,14829593,180199,176713,2024-05-22,
FS20191183,제미니 맨,Gemini Man,일반영화,"액션,드라마,SF",미국,388185,180386,3997992,180186,174717,2019-11-04,2019-10-09
FS20134122,한공주,HAN Gong-ju,,,한국,226071,180006,1547270,179847,102881,2014-07-04,2014-04-17
FS20124609,액트 오브 밸러: 최정예 특수부대,Act of Valor,일반영화,"액션,어드벤처,스릴러",미국,139541,179884,1136361,179753,158275,2012-02-29,
FS20158461,짱구는 못말려 극장판 : 정면승부! 로봇아빠의 역습,Crayon Shin-chan: Gachinko! Gyakusyu no Robo Tochan!!,일반영화,"애니메이션,코미디,어드벤처",일본,150226,179737,642656,179737,124501,2015-05-11,2015-04-23
FS20243561,어쩔수가없다,NO OTHER CHOICE,일반영화,"드라마,스릴러,코미디",한국,2942823,179717,18163300,179717,179717,2025-09-24,
FS20206257,브로커,Broker,일반영화,드라마,한국,1261283,179711,9507321,179623,176190,2022-06-27,2022-06-08
FS20144322,도라에몽 : 스탠 바이 미,Stand by Me Doraemon,일반영화,애니메이션,일본,505576,179495,1794938,179495,131616,2015-04-03,2015-02-12
FS20168161,1급기밀,The Discloser,일반영화,드라마,한국,218946,179622,1461836,179278,168739,2018-02-09,2018-01-24
FS20225184,히든페이스,HIDDEN FACE,일반영화,"미스터리,스릴러",한국,1015008,178715,6779779,178715,169630,2024-11-20,
FS20236295,듄: 파트2,Dune: Part Two,일반영화,"SF,액션",미국,2019129,178428,12877736,178428,163211,2024-02-28,
FS20161681,미옥,A Special Lady,일반영화,"범죄,액션",한국,242737,178404,2941526,178284,159677,2017-10-25,2017-11-09
FS20155601,바다 탐험대 옥토넛 스페셜,OCTONAUTS,,,영국,52381,178244,237962,178244,56956,2015-02-05,
FS20157042,셜록: 유령신부,SHERLOCK,일반영화,"범죄,드라마",영국,1278894,178960,5696507,178223,29129,2016-04-28,2016-01-02
FS20171090,베이비 드라이버,Baby Driver,일반영화,"액션,범죄,스릴러",영국,825847,177831,7422032,177831,117582,2017-11-08,2017-09-14
FS20193665,47미터 2,47 METERS DOWN: UNCAGED,일반영화,,미국,501934,177401,3444887,177401,160902,2019-10-18,2019-08-28
FS20126306,장고:분노의 추적자,Django Unchained,일반영화,,미국,262255,176910,1862717,176910,28304,2013-07-02,2013-03-21
FS20127446,인시디어스,Insidious,일반영화,,미국,52153,176725,534060,176725,24684,2013-12-02,2012-09-13
FS20100211,다이노 타임,Dino Time,일반영화,"애니메이션,어드벤처,코미디",한국,285084,177026,849589,176720,114246,2015-05-20,2015-04-30
FS20128588,"그 시절, 우리가 좋아했던 소녀",You Are the Apple of My Eye,,,대만,64409,175595,707939,175595,26242,2016-03-31,2012-08-22
FS20152371,"당신, 거기 있어줄래요",Will You Be There?,일반영화,"판타지,드라마",한국,1168827,175680,6328328,175591,141535,2017-01-02,2016-12-14
FS20156748,열정같은소리하고있네,YOU CALL IT PASSION,일반영화,드라마,한국,654407,175442,4652991,175367,152408,2015-12-10,2015-11-25
FS20240941,베놈: 라스트 댄스,Venom: The Last Dance,일반영화,"액션,SF,스릴러",미국,1764011,175299,18270805,175299,173602,2024-10-23,
FS20178825,모털 엔진,Mortal Engines,일반영화,"액션,어드벤처,SF",미국,268921,174929,2241069,174468,165864,2018-12-27,2018-12-05
FS20125990,남쪽으로 튀어,South Bound,일반영화,"코미디,드라마",한국,832894,174539,3286714,174209,150613,2013-02-06,
FS20173547,다운사이징,Downsizing,일반영화,"드라마,코미디",미국,150339,174242,1103706,173996,163077,2018-01-04,2018-01-11
FS20126671,런닝맨,Running Man,일반영화,"액션,코미디",한국,1422844,173883,7655921,173624,153437,2013-04-04,
FS20101109,두 여자,"Love, in between",일반영화,"멜로/로맨스,드라마",한국,129576,173581,1404116,173581,14107,2014-01-16,2010-11-18
FS20164424,대장 김창수,MAN OF WILL,일반영화,드라마,한국,381483,173449,3276017,173385,158759,2017-10-10,2017-10-19
FS20212725,신비한 동물들과 덤블도어의 비밀,Fantastic Beasts: The Secrets of Dumbledore,일반영화,"어드벤처,가족,판타지",미국,1195441,173374,17379529,173374,163666,2022-05-09,2022-04-13
FS20158047,발레리안: 천 개 행성의 도시,VALERIAN : The City of A Thousand Planets,일반영화,"액션,어드벤처,SF",프랑스,512874,173163,4191930,173163,157221,2017-10-30,2017-08-30
FS20129626,위험한 관계,Dangerous Liaisons,일반영화,"멜로/로맨스,전쟁,드라마",한국,298086,175109,2745133,173118,164228,2012-10-11,
FS20208006,인민을 위해 복무하라,SERVE THE PEOPLE,일반영화,"기타,멜로/로맨스,드라마",한국,79105,172931,1495116,172931,160586,2022-03-03,2022-02-23
FS20179696,그것,It,일반영화,,미국,888892,172535,5989088,172535,53023,2018-01-23,2017-09-06
FS20147953,론 서바이버,Lone Survivor,일반영화,"액션,드라마,스릴러",미국,190611,172227,1635819,172153,131311,2014-04-18,2014-04-02
FS20183785,점박이 한반도의 공룡2 : 새로운 낙원,,일반영화,애니메이션,한국,550147,172104,1702177,172074,110620,2019-01-28,2018-12-25
FS20101007,나탈리,Natalie,일반영화,"멜로/로맨스,드라마",한국,94875,172017,1880065,172017,67766,2012-10-14,2010-10-28
FS20126087,남자사용설명서,How to Use Guys with Secret Tips,일반영화,"코미디,멜로/로맨스",한국,508080,171946,2538778,171882,145419,2013-03-15,2013-02-14
FS20212352,1승,One Win,일반영화,드라마,한국,324199,171841,3181869,171841,170089,2024-12-04,
FS20120021,조조-황제의 반란,The Assassins,일반영화,사극,중국,75301,172935,1036254,171840,169683,2012-10-18,
FS20248496,고질라 X 콩: 뉴 엠파이어,Godzilla X Kong: The New Empire,일반영화,"액션,어드벤처,SF",미국,510370,171685,5386641,171685,165908,2024-03-27,
FS20148748,그녀,Her,,,미국,378664,171675,1612339,171675,58742,2014-05-22,
FS20174169,기묘한 가족,THE ODD FAMILY : ZOMBIE ON SALE,일반영화,"코미디,가족",한국,263671,171841,1943094,171626,151357,2019-02-25,2019-02-13
FS20167481,맨 인 더 다크,Don’t Breathe,일반영화,스릴러,미국,1003406,171214,6526133,171214,111277,2016-11-09,2016-10-05
FS20182387,엑스맨: 다크 피닉스,X-MEN: DARK PHOENIX,일반영화,"액션,어드벤처,SF",미국,862744,171042,4485929,171042,155657,2019-08-27,2019-06-05
FS20144461,인서전트,Insurgent,일반영화,"SF,액션",미국,282707,170747,2757459,170494,144006,2015-07-17,2015-03-25
FS20211200,언차티드,Uncharted,일반영화,"액션,어드벤처",미국,730926,170327,12584994,170327,164419,2022-04-21,2022-02-16
FS20160472,두 남자,Derailed,일반영화,"범죄,액션",한국,60365,170296,890188,170296,105898,2016-12-08,2016-11-30
FS20139981,캐치미,Steal My Heart,일반영화,"코미디,멜로/로맨스",한국,494126,171640,2417814,170158,162006,2013-12-18,
FS20124746,언더월드 4: 어웨이크닝,Underworld Awakening,일반영화,,미국,200038,170330,2426190,170156,3340,2013-12-02,2012-02-22
FS20202281,극장판 짱구는 못말려: 신혼여행 허리케인~ 사라진 아빠!,Crayon Shin-chan: Honeymoon Hurricane ~The Lost Hiroshi~,일반영화,애니메이션,일본,123410,170069,1682501,170069,137295,2020-09-10,2020-08-20
FS20136866,노예 12년,12 Years a Slave,일반영화,드라마,미국,500662,169874,2794033,169874,117799,2014-03-14,2014-02-27
FS20197283,이스케이프 룸,The Escape Room,일반영화,,미국,563114,169825,4094522,169825,80412,2019-05-03,2019-03-14
FS20161723,싱글라이더,A Single Rider,일반영화,드라마,한국,351276,169785,2654928,169785,152140,2017-03-29,2017-02-22
FS20154906,사냥,The Hunt,일반영화,액션,한국,645922,170157,5035013,169398,161584,2016-07-18,2016-06-29
FS20168282,블레이드 러너 2049,Blade Runner 2049,일반영화,"SF,액션",미국,326988,169277,2949087,169277,105023,2017-12-06,2017-10-12
FS20156559,계춘할망,Canola,일반영화,"가족,드라마",한국,482951,169222,2631637,169141,143862,2016-06-09,2016-05-19
FS20228796,하얼빈,HARBIN,일반영화,"드라마,액션",한국,4915831,168162,30765487,168162,165715,2024-12-24,
FS20196670,나쁜 녀석들: 포에버,Bad Boys for Life,일반영화,액션,미국,547805,168243,4638397,168003,160876,2020-04-02,2020-01-15
FS20240737,모아나 2,MOANA 2,일반영화,애니메이션,미국,3551272,167917,19416807,167917,157757,2024-11-27,
FS20190808,교섭,The Point Men,일반영화,드라마,한국,1721180,167643,14790043,167643,166233,2023-02-13,2023-01-18
FS20132482,우는 남자,No Tears for the Dead,일반영화,"액션,드라마",한국,603495,167709,3474419,167591,138252,2014-06-30,2014-06-04
FS20253280,A MINECRAFT MOVIE 마인크래프트 무비,A MINECRAFT MOVIE,일반영화,"어드벤처,판타지",미국,1358468,167356,7369438,167356,164860,2025-04-26,
FS20178230,커뮤터,The Commuter,일반영화,액션,영국,286062,167446,2478434,167156,157836,2018-01-18,2018-01-24
FS20134244,극장판 나루토 질풍전: 로드 투 닌자,ROAD TO NINJA NARUTO THE MOVIE,일반영화,"애니메이션,액션",일본,30195,167365,132725,167150,100892,2013-02-21,
FS20136061,결혼전야,Marriage Blue,일반영화,"멜로/로맨스,코미디",한국,1214839,167451,6220925,167060,149427,2013-12-23,2013-11-21
FS20193859,사라진 시간,ME AND ME,일반영화,"미스터리,드라마",한국,185802,166791,3047274,166713,160523,2020-06-24,2020-06-18
FS20138226,우아한 거짓말,Thread of Lies,일반영화,드라마,한국,1620133,166515,9355972,166356,124802,2014-05-02,2014-03-13
FS19508001,신데렐라,Cinderella,일반영화,"애니메이션,가족,판타지,뮤지컬,멜로/로맨스",미국,88,166163,688,166163,33344,2013-07-03,
FS20150024,짱구는 못말려 극장판: 나의 이사 이야기 선인장 대습격,Crayon Shin-Chan: My Moving Story! Cactus Large Attack!,일반영화,애니메이션,일본,202538,166096,843596,166096,99291,2016-01-07,
FS20123384,밤의 여왕,Queen of the Night,일반영화,"멜로/로맨스,코미디",한국,252475,168713,1852437,165951,154010,2013-10-17,
FS20139383,극장판 도라에몽: 진구의 비밀도구 박물관,DORAEMON THE MOVIE NOVITAIN THE SECRET GADRETS MUSEUM,일반영화,"애니메이션,어드벤처",일본,122362,165838,459052,165838,109252,2013-07-25,
FS20208911,탈출: 프로젝트 사일런스,PROJECT SILENCE,일반영화,"기타,스릴러,액션",한국,689603,165800,5532480,165800,165235,2024-07-12,
FS20090683,500일의 썸머,500 Days of Summer,,,미국,322718,165630,2736399,165630,45164,2015-09-04,2010-01-21
FS20217742,샹치와 텐 링즈의 전설,Shang-Chi and the Legend of the Ten Rings,일반영화,"액션,어드벤처,판타지",미국,1740868,165523,19817874,165523,160461,2021-11-08,2021-09-01
FS20173202,버닝,BURNING,일반영화,미스터리,한국,528626,165675,3561068,165459,149711,2018-05-11,2018-05-17
FS20198844,아이 엠 마더,Peppermint,일반영화,"액션,드라마,스릴러",미국,94119,165253,1549443,165253,156473,2019-04-17,2019-04-11
FS20133981,헨젤과 그레텔: 마녀 사냥꾼 3D,Hansel and Gretel: Witch Hunters,일반영화,"액션,코미디,판타지",미국,269510,164927,1501589,164910,147611,2013-02-14,
FS20158481,퇴마: 무녀굴,The Chosen: Forbidden Cave,일반영화,,한국,120802,164574,791760,164282,152186,2015-08-25,2015-08-20
FS20135370,이스케이프 플랜,Escape Plan,일반영화,"액션,스릴러",미국,292892,164922,1429502,164259,139441,2013-12-05,
FS20020302,본 아이덴티티,The Bourne Identity,일반영화,액션,미국,3396,163954,95607,163954,8025,2013-07-04,2002-10-17
FS20078561,명탐정 코난:감벽의 관,Detective Conan: Jolly Roger in the Deep Azure,일반영화,애니메이션,일본,242603,163784,1052933,163784,120744,2018-02-28,2018-02-14
FS20124070,강철대오:구국의 철가방,Almost Che,일반영화,코미디,한국,233211,164058,2268112,163603,147495,2012-10-25,
FS20124051,시체가 돌아왔다,Over My Dead Body,일반영화,"범죄,드라마",한국,986923,165201,5652887,163463,149920,2012-03-29,
FS20209161,언더워터,Underwater,일반영화,스릴러,미국,109207,163454,3219689,163454,155914,2020-06-04,2020-05-27
FS20149568,허큘리스,Hercules,일반영화,"액션,어드벤처",미국,86553,163905,521606,163417,148462,2014-11-25,2014-08-06
FS20060277,타짜,Tazza: The High Rollers,일반영화,드라마,한국,5693071,163220,16614266,162966,8037,2013-07-10,2006-09-28
FS20050112,배트맨 비긴즈,Batman Begins,일반영화,"범죄,액션,판타지",미국,903202,162692,4501686,162692,13519,2012-10-14,2005-06-24
FS20070056,스파이더맨 3,Spider-Man 3,일반영화,"액션,SF",미국,4592309,162549,17498800,162549,35624,2013-12-02,2007-05-01
FS20110302,최종병기 활,War of the Arrows,일반영화,"사극,액션",한국,7470751,162908,26992634,162510,102381,2011-08-10,
FS20148132,닌자터틀,Teenage Mutant Ninja Turtles,일반영화,"액션,어드벤처,코미디",미국,400333,162485,2592623,161745,125575,2014-11-24,2014-08-28
FS20133601,천재 강아지 미스터 피바디,Mr. Peabody & Sherman,일반영화,"애니메이션,어드벤처,가족",미국,385552,162841,1379858,161742,129480,2014-05-14,2014-04-24
FS20124946,락아웃: 익스트림미션,Lockout,일반영화,"SF,액션,스릴러",미국,462178,164072,3582724,161673,4367,2013-03-07,2012-06-14
FS20081697,트와일라잇,Twilight,일반영화,,미국,1376760,161561,5900921,161561,18057,2012-10-14,2008-12-10
FS20140704,비밀은 없다,The Truth Beneath,일반영화,스릴러,한국,250975,161788,2105102,161532,115942,2016-07-06,2016-06-23
FS20234045,설계자,The Plot,일반영화,"범죄,드라마,스릴러",한국,525374,161427,6244564,161427,160479,2024-05-29,
FS20185353,기방도령,HOMME FATALE,일반영화,"코미디,사극",한국,287581,161838,2036091,161425,153913,2019-07-22,2019-07-10
FS20090391,업,Up,일반영화,"애니메이션,코미디,어드벤처,가족",미국,1035431,161177,3689258,161177,18086,2013-08-01,2009-07-29
FS20153385,히트맨: 에이전트 47,Hitman: Agent 47,일반영화,"액션,범죄,스릴러",미국,64157,161735,616643,161148,148089,2015-10-05,2015-09-03
FS20247783,혹성탈출: 새로운 시대,KINGDOM OF THE PLANET OF THE APES,일반영화,"액션,SF",미국,907158,160832,7566459,160832,158702,2024-05-08,
FS20249733,사랑의 하츄핑,Heartsping : Teenieping of Love,일반영화,애니메이션,한국,1243748,160656,6976203,160656,155983,2024-08-07,
FS20081716,쌍화점,A Frozen Flower,일반영화,드라마,한국,3749034,160370,14884101,160370,4005,2018-03-29,2008-12-30
FS20211472,늑대사냥,Project Wolf Hunting,일반영화,"액션,범죄",한국,458721,159918,5220102,159918,157854,2022-10-17,2022-09-21
FS20247450,검은 수녀들,Dark Nuns,일반영화,"미스터리,드라마",한국,1670560,159918,12342094,159918,158807,2025-01-24,
FS20111928,너는 펫,You're My Pet,일반영화,"멜로/로맨스,코미디",한국,543313,160907,3984951,159897,144211,2011-11-10,
FS20128691,미나문방구,Happiness for Sale,일반영화,"드라마,코미디",한국,334323,161622,2244316,159691,146381,2013-05-16,
FS20162968,거울나라의 앨리스,Alice Through the Looking Glass,일반영화,"어드벤처,가족,판타지",미국,513202,159473,2733672,159473,131005,2016-08-30,2016-09-07
FS20110185,분노의 질주: 언리미티드,Fast Five,일반영화,"스릴러,드라마,범죄,액션",미국,1622015,159406,8324962,159406,6537,2013-12-02,2011-04-20
FS20038776,명탐정 코난 : 미궁의 십자로,Crossroad in the Ancient Capital,일반영화,"애니메이션,미스터리,범죄",일본,0,159250,0,159250,90216,2017-10-12,
FS20130574,개를 훔치는 완벽한 방법,How To Steal A Dog,,,한국,307450,158699,1106569,158699,103476,2015-01-22,2014-12-31
FS20233057,아마존 활명수,AMAZON BULLSEYE,일반영화,코미디,한국,606955,158687,8102685,158687,157650,2024-10-30,
FS19960126,비포 선라이즈,Before Sunrise,,,미국,107257,158682,1063055,158682,11562,2013-12-02,1996-03-30
FS20010223,쥬라기 공원 3,Jurassic Park 3,일반영화,"SF,어드벤처",미국,0,158641,0,158641,10901,2012-10-14,2001-07-20
FS20141962,이미테이션 게임,The Imitation Game,일반영화,"드라마,스릴러",영국,1744213,158628,6979099,158626,107596,2015-03-25,2015-02-17
FS20216685,루카,Luca,일반영화,"애니메이션,어드벤처,코미디",미국,371572,158585,3879420,158585,143826,2021-07-28,2021-06-17
FS20160203,어카운턴트,THE ACCOUNTANT,일반영화,"액션,스릴러",미국,69529,158474,999740,158474,141192,2016-11-23,2016-10-13
FS20126407,가디언즈,Rise of the Guardians,일반영화,"애니메이션,어드벤처",미국,1081096,158211,3704357,158211,15109,2016-01-12,2012-11-29
FS20153702,포켓몬 더 무비 XY 후파: 광륜의 초마신,Pokemon the Movie XY: Ring no Chomajin,일반영화,"애니메이션,어드벤처,판타지",일본,300477,157944,870220,157944,89991,2016-01-27,2015-12-23
FS20185161,나를 찾아줘,Bring Me Home,일반영화,스릴러,한국,645082,157950,4000314,157722,151610,2019-12-17,2019-11-27
FS20194384,안나,ANNA,일반영화,액션,프랑스,116029,157494,985714,157494,143554,2019-09-10,2019-08-28
FS20226500,달짝지근해: 7510,HONEYSWEET,일반영화,"기타,코미디",한국,1388426,157376,10482472,157376,153471,2023-10-05,2023-08-15
FS20123421,눈의 여왕,The Snow Queen,일반영화,애니메이션,러시아,277260,157537,902047,157313,43003,2013-02-25,2013-02-07
FS20193821,극장판 헬로카봇 : 달나라를 구해줘!,Hello Carbot the Movie: Save the Moon,일반영화,애니메이션,한국,591106,157292,2775559,157292,130371,2019-10-02,2019-09-04
FS20081057,월ㆍE,Wallㆍe,일반영화,"애니메이션,코미디,액션,어드벤처,가족,SF",미국,1330822,157171,5459178,157171,20649,2013-08-01,2008-08-06
FS20070422,본 얼티메이텀,The Bourne Ultimatum,일반영화,"액션,스릴러,미스터리,어드벤처",미국,2007221,157165,9909870,157165,18581,2012-10-14,2007-09-12
FS20128270,루퍼,Looper,일반영화,"SF,액션",미국,571922,157475,3788231,157162,140195,2012-10-11,
FS20231496,가디언즈 오브 갤럭시: Volume 3,Guardians of the Galaxy Volume 3,일반영화,액션,미국,4209250,156885,23452711,156885,149696,2023-06-29,2023-05-03
FS20217905,데시벨,Decibel,일반영화,액션,한국,901426,156751,7533774,156751,155207,2022-12-07,2022-11-16
FS20156241,더 라스트: 나루토 더 무비,THE LAST: NARUTO THE MOVIE,,,일본,52833,156826,298906,156687,40845,2015-07-23,2015-02-26
FS20150977,좋아해줘,Like for Likes,일반영화,"멜로/로맨스,코미디",한국,848395,156931,3973985,156679,125798,2016-03-16,2016-02-17
FS20112272,가문의 영광4 - 가문의 수난,Unstoppable Family,일반영화,코미디,한국,2368267,156388,10431414,156388,26789,2012-10-14,2011-09-07
FS20183084,피터 래빗,Peter Rabbit,일반영화,"애니메이션,가족",미국,388300,156368,1546784,156368,132642,2018-06-08,2018-05-16
FS19980173,뮬란,Mulan,일반영화,"애니메이션,어드벤처",미국,1189,156089,6175,156089,9797,2014-09-01,1998-07-17
FS20136802,카트,Cart,일반영화,드라마,한국,815161,156833,3983340,156049,130672,2014-10-01,2014-11-13
FS20071066,말할 수 없는 비밀,Secret,,,대만,172661,155787,1340674,155787,31115,2015-05-18,2008-01-10
FS20129790,아르고,ARGO,일반영화,스릴러,미국,140736,155622,1210256,155622,1765,2013-12-11,2012-10-31
FS20124738,돌아온 파워레인저 미라클포스,,일반영화,"액션,드라마",일본,56454,156744,598094,155617,89304,2012-02-29,
FS20164521,극장판 요괴워치: 염라대왕과 5개의 이야기다냥!,Yo-Kai watch the movie 2,일반영화,애니메이션,일본,330725,155442,833712,155442,119575,2016-08-09,2016-07-20
FS20202185,방법: 재차의,The Cursed: Dead Man’s Prey,일반영화,,한국,175578,154530,2490583,154530,147157,2021-08-09,2021-07-28
FS20111774,가비,Gabi,일반영화,"드라마,멜로/로맨스,미스터리",한국,270602,154770,2902097,154266,2132,2018-03-05,2012-03-15
FS20199584,알파 : 위대한 여정,Alpha,일반영화,"액션,드라마,스릴러",미국,0,153902,0,153902,137345,,
FS20100103,셔터 아일랜드,Shutter Island,일반영화,"드라마,미스터리,스릴러",미국,1003464,153844,6074629,153844,16534,2014-07-14,2010-03-18
FS20191601,극장판 엉덩이 탐정: 화려한 사건 수첩,Butt Detective The Movie,일반영화,애니메이션,일본,140395,153889,682812,153798,133955,2019-07-24,2019-07-11
FS20112651,삼총사 3D,The Three Musketeers,일반영화,"액션,어드벤처",독일,660205,156771,5365594,153431,128925,2011-10-12,
FS20020011,캐치 미 이프 유 캔,Catch Me If You Can,일반영화,"드라마,범죄",미국,9,153319,1696,153319,22998,2013-05-14,2003-01-24
FS20132262,적인걸2 : 신도해왕의 비밀,Young Detective Dee : Rise of the sea dragon,일반영화,"미스터리,액션",중국,47179,153956,394173,153299,128259,2013-10-07,2013-10-02
FS20208962,대외비,The Devil's Deal,일반영화,"범죄,드라마,스릴러",한국,756356,153196,8081426,153196,149613,2023-04-04,2023-03-01
FS20090828,뉴 문,The Twilight Saga: New Moon,일반영화,"판타지,드라마,멜로/로맨스",미국,1933467,152715,9910872,152715,8041,2013-12-02,2009-12-02
FS20010218,슈렉,Shrek,일반영화,"애니메이션,코미디,어드벤처",미국,0,152702,0,152702,14723,2019-05-13,2001-06-30
FS20168381,얼라이드,Allied,일반영화,"스릴러,드라마,멜로/로맨스",미국,520448,152632,2886429,152632,125469,2017-02-08,2017-01-11
FS19820019,만추,Late Autumn,,,한국,865907,153508,5233427,152556,22533,2012-10-14,2011-02-17
FS20145506,해어화,"LOVE, LIES",일반영화,"사극,드라마",한국,485695,152122,5035591,152029,129599,2016-05-02,2016-04-13
FS20190299,이상한 나라의 수학자,In Our Prime,일반영화,드라마,한국,534490,151921,10506301,151921,147402,2022-03-31,2022-03-09
FS20177541,아메리칸 메이드,American Made,일반영화,"범죄,액션",미국,401541,152176,4542665,151885,97951,2017-11-08,2017-09-14
FS20177104,페르디난드,FERDINAND,일반영화,"애니메이션,어드벤처,코미디",미국,535434,151666,1727033,151588,132319,2018-02-05,2018-01-03
FS20214823,유령,Phantom,일반영화,"드라마,액션",한국,664148,151506,6437898,151506,148117,2023-02-01,2023-01-18
FS20167905,비정규직 특수요원,PART-TIME SPY,일반영화,"코미디,액션",한국,149719,151942,1455985,151202,145620,2017-03-22,2017-03-16
FS20100361,이클립스,The Twilight Saga: Eclipse,일반영화,"판타지,멜로/로맨스,스릴러",미국,2069546,150892,9010835,150892,7864,2013-12-02,2010-07-07
FS20030316,반지의 제왕 : 왕의 귀환,The Lord of the Rings: The Return of the King,일반영화,"판타지,어드벤처",미국,747043,150740,1623627,150740,13028,2013-12-04,2003-12-17
FS20138421,R.I.P.D. : 알.아이.피.디.,R.I.P.D,일반영화,"액션,코미디,범죄",미국,101460,152741,767678,150696,131388,2013-08-22,
FS20124349,무서운 이야기,Horror Stories,일반영화,,한국,331760,152207,1289693,150512,112696,2012-07-25,
FS20136337,잭 라이언 : 코드네임 쉐도우,Jack Ryan: Shadow Recruit,일반영화,"액션,드라마,스릴러",미국,327589,150292,2053630,150292,1371,2015-01-15,2014-01-16
FS20174369,변산,Sunset in My Hometown,일반영화,드라마,한국,490519,150187,3586449,150187,134256,2018-06-21,2018-07-04
FS20113671,원더풀 라디오,Love On-Air,일반영화,"드라마,멜로/로맨스",한국,986287,151736,5076199,149902,145145,2012-01-05,
FS20130522,트랜센던스,Transcendence,일반영화,"SF,액션,드라마",미국,696436,150391,3620971,149654,132601,2014-05-14,
FS20147968,선 오브 갓,Son Of God,일반영화,드라마,미국,329285,149734,2138219,149528,47412,2014-08-13,2014-04-10
FS20140703,장수상회,Salut d’Amour,일반영화,"멜로/로맨스,드라마",한국,1172351,149407,8693305,149366,114163,2015-05-26,2015-04-09
FS20151421,에베레스트,Everest,일반영화,"어드벤처,드라마,스릴러",미국,332180,149307,1496930,149307,130257,2015-10-21,2015-09-24
FS20134362,극장판 토리코 : 미식신의 스페셜메뉴,TORIKO THE MOVIE SECRET RECIPE OF GOURMET GOD,일반영화,"애니메이션,어드벤처",일본,12635,149663,52277,149060,58847,2013-11-28,
FS20142856,나의 절친 악당들,Intimate Enemies,일반영화,"범죄,액션,드라마",한국,133553,149085,1277660,149058,137211,2015-06-25,
FS20111101,고 녀석 맛나겠다,You are Umasou,일반영화,애니메이션,일본,62238,149133,295724,149055,15854,2014-03-28,2011-07-07
FS20194424,소리도 없이,Voice of Silence,일반영화,"범죄,드라마",한국,403424,149202,6311417,148774,143850,2020-10-28,2020-10-15
FS20134592,"극장판 포켓몬스터 베스트위시: 신의 속도 게노세크트, 뮤츠의 각성",Pokémon the Movie: Genesect and the Legend Awakened,일반영화,"애니메이션,어드벤처",일본,321602,148707,1222951,148707,80996,2014-01-17,2014-01-09
FS20196244,샤잠!,SHAZAM!,일반영화,액션,미국,657294,148579,8391187,148516,134385,2019-04-23,2019-04-03
FS20134589,제보자,The Whistleblower,일반영화,드라마,한국,1755221,149266,9841137,147780,132112,2014-10-27,2014-10-02
FS20147096,프랑켄슈타인: 불멸의 영웅,"I, Frankenstein",일반영화,"액션,SF,판타지",미국,299205,148726,1715792,147636,137974,2014-05-14,2014-02-06
FS20150567,스타트렉 비욘드,Star Trek Beyond,일반영화,"액션,SF",미국,1157472,147210,6838433,147210,124898,2016-09-28,2016-08-17
FS20155022,드래곤볼 Z : 부활의 F,Dragon Ball Z: Resurrection of Frieza,일반영화,"애니메이션,액션,어드벤처",일본,23294,147053,136941,147050,129242,2015-10-20,2015-10-01
FS20113636,네버엔딩 스토리,Never Ending Story,일반영화,"코미디,멜로/로맨스",한국,283449,148889,1890711,147026,143560,2012-01-18,
FS19980175,나 홀로 집에 3,Home Alone 3,일반영화,"가족,드라마,코미디",미국,0,146887,0,146887,15905,2015-10-08,1998-07-17
FS20175547,스윙키즈,Swing Kids,일반영화,드라마,한국,1474124,146513,6001021,146447,138198,2019-01-10,2018-12-19
FS20137403,짱구는 못말려 극장판: 오타케베! 카스카베 야생왕국,Crayon Shin-chan: Otakebe kasukabe yasei oukoku,일반영화,"애니메이션,코미디,가족",일본,0,146359,0,146359,39584,2012-10-14,
FS20144481,타임 패러독스,Predestination,,,호주,85555,146317,643406,146317,67110,2015-01-15,2015-01-07
FS20020234,반지의 제왕 : 두 개의 탑,The Lord Of The Rings : The Two Towers,일반영화,"액션,어드벤처,판타지",미국,56584,146156,703258,146156,13137,2013-12-04,2002-12-19
FS20110899,세 얼간이,3 Idiots,,,인도,459836,146075,1988208,146074,14749,2014-03-13,2011-08-18
FS20196136,람보 : 라스트 워,Rambo: Last Blood,일반영화,액션,미국,103199,145985,1057711,145985,139862,2019-11-14,2019-10-23
FS20119515,고지전,The Front Line,일반영화,"드라마,전쟁",한국,2945151,146118,9776915,145885,12594,2012-10-14,2011-07-20
FS20157096,보루토 - 나루토 더 무비,BORUTO NARUTO THE MOVIE,일반영화,애니메이션,일본,64267,145645,349825,145645,97837,2015-12-21,2015-12-10
FS20149567,명탐정 코난 : 이차원의 저격수,Detective Conan : Dimensional Sniper,일반영화,"애니메이션,스릴러,어드벤처",일본,398761,145589,833874,145589,54271,2014-08-27,2014-08-06
FS20135386,슬로우 비디오,Slow Video,일반영화,"드라마,코미디",한국,1169562,146132,6789107,145490,131129,2014-10-24,2014-10-02
FS20187427,명탐정 코난 : 제로의 집행인,Detective Conan: Zero the Enforcer,일반영화,애니메이션,일본,419998,145435,1237049,145435,30986,2018-11-22,2018-08-08
FS20151951,순수의 시대 무삭제편,,일반영화,"사극,드라마",한국,0,145433,0,145433,104014,2015-04-08,
FS20142421,"러브, 로지","Love, Rosie",일반영화,"코미디,멜로/로맨스",영국,296748,145487,1655906,145344,80915,2014-12-22,2014-12-10
FS20147568,화려한 외출 감독판,,일반영화,드라마,한국,0,145527,0,144981,125091,2014-01-28,
FS20202703,뱅가드,Vanguard,,,중국,31548,145036,834380,144630,143086,2021-01-12,2020-12-30
FS20142621,시간이탈자,Time Renegades,일반영화,스릴러,한국,1202511,144976,10301852,144415,126023,2016-05-11,2016-04-13
FS20050228,보글보글 스폰지밥(애니),The Spongebob Squarepants Movie,일반영화,"애니메이션,코미디",미국,69501,144414,241086,144414,13455,2013-12-02,2005-09-30
FS20167644,발레리나,Ballerina,일반영화,"애니메이션,어드벤처,가족,뮤지컬",프랑스,203293,144335,768877,144335,82201,2017-03-06,2017-02-09
FS20156441,최강전사 미니특공대 : 새로운 악당의 습격,Mini Force : Justice Defender,일반영화,애니메이션,한국,155503,144543,596436,144132,67314,2015-02-11,2015-02-05
FS20165281,마이 리틀 자이언트,The BFG,일반영화,"어드벤처,가족,판타지",미국,125800,143642,442931,143642,125831,2016-12-07,2016-08-10
FS20226777,극장판 짱구는 못말려: 수수께끼! 꽃피는 천하떡잎학교,Crayon Shin-chan: School Mystery! The Splendid Tenkasu Academy,일반영화,애니메이션,일본,837757,143482,5038053,143482,114809,2022-10-13,2022-09-28
FS20173693,어쌔신: 더 비기닝,American Assassin,일반영화,액션,미국,205544,144239,2117547,143305,138440,2017-12-13,2017-12-07
FS20167839,벤허,Ben-Hur,일반영화,"어드벤처,드라마",미국,1400397,143991,6286205,143213,129743,2016-11-29,2016-09-14
FS19780066,사운드 오브 뮤직,The Sound of Music,,,미국,28405,142497,205005,142497,22250,2016-11-15,1978-02-04
FS20134585,가시,Innocent Thing,일반영화,"멜로/로맨스,드라마",한국,142170,142381,1606931,142381,95830,2014-04-10,
FS20161081,애나벨 : 인형의 주인,Annabelle: Creation,일반영화,,미국,1934270,142354,4829336,142354,37759,2018-01-18,2017-08-10
FS20188462,감쪽같은 그녀,A Little Princess,일반영화,드라마,한국,470809,142376,3275783,142336,135442,2019-12-17,2019-12-04
FS20184721,시카리오: 데이 오브 솔다도,Sicario: Day of the Soldado,일반영화,"액션,범죄,드라마",미국,229542,142272,1706176,142272,128026,2018-09-12,2018-06-27
FS20158203,친구엄마,Buddy’s Mom,일반영화,"멜로/로맨스,드라마",한국,359,142215,5749,142215,63321,2015-11-23,2015-11-12
FS20139072,일대종사,The Grandmaster,,,중국,102412,142185,710362,142025,104028,2013-09-10,2013-08-22
FS20020168,센과 치히로의 행방불명,The Spiriting Away Of Sen And Chihiro,,,일본,159757,142019,822620,142019,79372,2020-08-25,2002-06-27
FS20173945,인비저블 게스트,The Invisible Guest,,,스페인,96953,141659,723364,141659,76332,2017-10-12,2017-09-21
FS20150741,인시디어스 3,Insidious: Chapter 3,일반영화,,미국,825517,141288,2823914,141288,67160,2015-08-11,2015-07-09
FS20215162,마녀를 잡아라,The Witches,일반영화,"어드벤처,코미디,가족",미국,0,141195,0,141195,133738,,
FS20122786,응징자,Days of Wrath,일반영화,"액션,스릴러",한국,192347,141958,1533469,141188,122046,2013-11-27,2013-10-30
FS20121550,개들의 전쟁,"All Bark, No Bite",,,한국,23398,140840,365034,140840,70952,2012-11-30,2012-11-22
FS20050017,달콤한 인생,A Bittersweet Life,일반영화,액션,한국,1113163,140795,6067877,140795,30824,2018-07-31,2005-04-01
FS20187981,배심원들,Juror 8,일반영화,드라마,한국,289158,140816,2863363,140765,128883,2019-05-31,2019-05-15
FS20120103,닥터,Doctor,일반영화,스릴러,한국,68312,141424,491826,140694,103993,2013-06-20,
FS20141561,먹이사슬,food chain,일반영화,멜로/로맨스,한국,2070,141373,8538,140404,87479,2014-09-17,
FS20176767,"나는 내일, 어제의 너와 만난다","My tomorrow, your yesterday",,,일본,180821,140327,1275863,140327,82794,2017-11-29,2017-10-12
FS20162572,더 웨이브,THE WAVE,,,노르웨이,16108,140079,228444,139992,117433,2016-07-19,2016-07-13
FS20151782,지금은맞고그때는틀리다,"Right Now, Wrong Then",,,한국,82007,139995,609840,139922,118046,2015-10-21,2015-09-24
FS20111250,써니 감독판,Sunny - Director's Cut,일반영화,"드라마,코미디",한국,90594,139833,246238,139833,57336,2011-07-28,
FS20196601,항거:유관순 이야기,A Resistance,,,한국,1158368,139670,6697533,139670,116675,2019-03-25,2019-02-27
FS20140524,툼스톤,A Walk Among the Tombstones,일반영화,"액션,범죄,드라마,미스터리,스릴러",미국,242816,140868,2506391,139124,127356,2014-09-25,2014-09-18
FS20112311,머니볼,Moneyball,일반영화,드라마,미국,641517,138907,4075799,138907,3925,2013-12-02,2011-11-17
FS19940343,포레스트 검프,Forrest Gump,,,미국,27651,138906,392788,138906,10204,2015-01-15,1994-10-15
FS20110613,의뢰인,The Client,일반영화,스릴러,한국,2393103,140032,10362416,138874,1246,2018-06-04,2011-09-29
FS20157197,라스트 위치 헌터,The Last Witch Hunter,일반영화,"액션,어드벤처,판타지",미국,122039,138559,552126,138384,128020,2016-01-07,2015-12-30
FS20228555,더 퍼스트 슬램덩크,The First Slam Dunk,일반영화,애니메이션,일본,4921209,138314,34871660,138314,0,2023-01-04,
FS20113391,나는 공무원이다,Dangerously Excited,일반영화,"코미디,드라마",한국,217866,139433,1589005,138298,126737,2012-07-12,
FS20226254,블랙 팬서: 와칸다 포에버,Black Panther: Wakanda Forever,일반영화,"액션,어드벤처,드라마",미국,2105989,138296,19271689,138296,134034,2023-01-25,2022-11-09
FS20136060,몬스터,Monster,일반영화,스릴러,한국,526557,138099,4264910,137859,102026,2014-03-13,
FS20140241,고녀석 맛나겠다2 : 함께라서 행복해,You Are So Yummy - Happy to Be with You,,,한국,56105,137805,202186,137805,96591,2015-08-10,2015-07-29
FS20134407,사이코메트리,The Gifted Hands,일반영화,미스터리,한국,534273,139375,3501738,137728,114900,2013-05-15,2013-03-07
FS20161605,언더월드: 블러드 워,Underworld: Blood Wars,일반영화,,미국,72071,137719,695508,137719,118999,2017-02-28,2016-11-30
FS20185384,호텔 뭄바이,Hotel Mumbai,,,호주,74034,137303,897928,137303,118920,2019-06-04,2019-05-08
FS20112561,원 데이,One Day,,,미국,228563,137374,1404879,137089,63870,2013-01-15,2012-12-13
FS20090024,벤자민 버튼의 시간은 거꾸로 간다,The Curious Case Of Benjamin Button,,,미국,1747305,137024,8308817,137024,9213,2013-12-09,2009-02-12
FS20140609,아메리칸 셰프,Chef,,,미국,156019,136902,693060,136901,62408,2015-01-23,2015-01-07
FS20215301,어니스트 씨프,Honest Thief,일반영화,"액션,범죄,드라마",미국,82388,136823,1563816,136823,133303,2021-02-16,2021-02-03
FS20204431,모비우스,Morbius,일반영화,"액션,어드벤처,드라마",미국,475928,136682,11942101,136682,132441,2022-05-17,2022-03-30
FS20217736,컨저링3: 악마가 시켰다,The Conjuring: The Devil Made Me Do It,일반영화,,미국,799457,136579,7671737,136579,117965,2021-06-21,2021-06-03
FS20090718,하늘에서 음식이 내린다면,Cloudy With A Chance Of Meatballs,일반영화,"애니메이션,가족",미국,655078,136311,2683980,136311,62778,2013-11-20,2010-02-11
FS20100165,블라인드 사이드,The Blind Side,,,미국,355516,136308,2198205,136308,7297,2013-12-03,2010-04-15
FS20030350,올드보이,Old Boy,,,한국,318233,135945,906356,135945,18344,2013-12-24,2003-11-21
FS20201785,태백권,The Therapist : Fist of Tae-baek,일반영화,"코미디,가족,액션",한국,2018,136176,57108,135885,132978,2020-08-26,2020-08-20
FS19970180,쥬라기 공원 2 - 잃어버린 세계,The Lost World: Jurassic Park,일반영화,"어드벤처,액션,스릴러,판타지",미국,0,135837,0,135837,6552,2013-11-25,1997-06-14
FS20187657,마일22,Mile22,일반영화,"액션,어드벤처,스릴러",미국,69837,135802,966240,135757,127458,2018-08-28,2018-08-23
FS20192300,스파이 지니어스,Spies in Disguise,일반영화,"애니메이션,액션,코미디,가족,SF",미국,450932,135755,2795132,135755,120071,2020-04-21,2020-01-22
FS20124204,나루토 질풍전 극장판: 블러드 프리즌,Naruto - Blood Prison,일반영화,"애니메이션,어드벤처",일본,7345,135652,75796,135583,26249,2012-10-14,2012-02-23
FS20208261,범털,King of Prison,,,한국,1741,136002,57247,135568,130034,2020-05-18,2020-05-14
FS20112762,티끌모아 로맨스,Penny Pinchers,일반영화,"멜로/로맨스,코미디",한국,424002,138438,2955513,135373,15867,2012-10-14,2011-11-10
FS20173436,셰이프 오브 워터: 사랑의 모양,The Shape of Water,일반영화,"어드벤처,판타지",미국,512323,135335,2999433,135335,108221,2018-04-30,2018-02-22
FS20113307,블리츠,Blitz,일반영화,"스릴러,드라마",영국,66038,135144,655437,135143,2284,2012-10-14,2011-12-07
FS20138224,플랜맨,The Plan Man,일반영화,드라마,한국,635740,135487,3020296,135041,110798,2014-01-27,2014-01-09
FS20080071,노인을 위한 나라는 없다,No Country For Old Men,,,미국,90023,134854,402037,134854,6120,2015-02-10,2008-02-21
FS20147129,패션왕,Fashion King,일반영화,"코미디,드라마",한국,594876,136342,3608066,134802,88919,2014-12-01,2014-11-06
FS20157883,극장판 파워레인저 트레인포스 VS 다이노포스 THE MOVIE,Power Rangers The Movie Train Force VS Dino force THE MOVIE,일반영화,"액션,SF",일본,100151,134774,536668,134774,86930,2015-12-11,2015-11-26
FS19770092,대부,The Godfather,,,미국,56003,134436,398843,134436,7690,2014-12-30,1973-09-01
FS20136869,은밀한 유혹,Perfect Proposal,일반영화,"멜로/로맨스,범죄",한국,145697,134770,2147511,134370,102217,2015-06-17,2015-06-04
FS20081573,나 홀로 집에,Hone Alone,일반영화,다큐멘터리,한국,0,134091,0,134084,2,,
FS20113311,앨빈과 슈퍼밴드3,Alvin And The Chipmunks: Chip-Wrecked,일반영화,,미국,570150,134535,1790202,133954,23628,2015-09-21,2011-12-15
FS20247693,위키드,Wicked,일반영화,"판타지,뮤지컬",미국,2283771,133860,16514811,133860,108187,2024-11-20,
FS20040615,본 슈프리머시,The Bourne Supremacy,일반영화,액션,미국,372898,133788,1489416,133788,17035,2012-10-14,2004-08-20
FS20189262,더 넌,The Nun,일반영화,,미국,1011580,133039,4475339,133039,94819,2018-10-16,2018-09-19
FS20198461,리멤버,REMEMBER,일반영화,드라마,한국,412836,132992,8140556,132992,129739,2022-11-08,2022-10-26
FS20050140,마다가스카,Madagascar,일반영화,"애니메이션,코미디,어드벤처",미국,1392684,132878,5542265,132878,8150,2019-05-14,2005-07-14
FS20090850,공주와 개구리,The Princess And The Frog,일반영화,"애니메이션,멜로/로맨스",미국,104274,132740,526142,132740,11964,2014-06-20,2010-01-21
FS20136894,살인자,Murderer,,,한국,88199,132607,486279,132607,87261,2014-01-15,
FS20165153,눈의 여왕 3: 눈과 불의 마법대결,The Snow Queen3: Fire and Ice,,,러시아,368195,132843,1463787,132603,80242,2017-01-25,2017-01-04
FS20227514,폴: 600미터,The Fall,일반영화,"스릴러,액션",영국,83310,132580,933686,132580,127714,2022-11-21,2022-11-16
FS20163884,아기배달부 스토크,STORKS,일반영화,애니메이션,미국,323730,132431,1283208,132431,98665,2017-02-23,2016-12-07
FS20124402,열한시,AM 11:00,일반영화,스릴러,한국,870785,133736,6506277,132415,125240,2013-11-28,
FS20167285,짱구는 못말려 극장판: 폭풍수면! 꿈꾸는 세계 대돌격,Crayon Shinchan 2016 Theatrical Film:Bakusui Yumemmy World Daitotsugeki,일반영화,애니메이션,일본,119197,132339,542579,132339,89006,2017-01-09,2017-01-25
FS20173901,존 윅: 특별판,John Wick,일반영화,"액션,드라마",미국,9238,132286,182882,132286,0,2015-01-30,2017-03-30
FS20148460,서울역,Seoul Station,,,한국,147083,132267,1041035,132267,103927,2016-08-08,2016-08-17
FS20156402,채피,Chappie,일반영화,"액션,스릴러",미국,573692,132510,4690504,131847,116367,2015-04-08,2015-03-12
FS20142561,7번째 아들,Seventh Son,일반영화,"어드벤처,가족,판타지",미국,92598,133242,1070865,131844,118892,2015-03-10,2015-02-11
FS20125106,코난: 암흑의 시대,Conan the barbarian,일반영화,"판타지,액션",미국,33684,132639,579554,131593,8015,2018-12-17,2012-04-05
FS20183096,생일,Birthday,일반영화,드라마,한국,1197857,131577,11631010,131321,125555,2019-05-07,2019-04-03
FS20157175,괴물의 아이,The Boy and The Beast,일반영화,"애니메이션,판타지,어드벤처",일본,231689,131189,1546968,131187,78228,2015-11-05,2015-11-25
FS19980231,트루먼 쇼,The Truman Show,일반영화,"드라마,코미디,판타지",미국,39443,130882,541089,130882,12534,2014-06-23,1998-10-24
FS20161665,스머프: 비밀의 숲,Smurfs: The Lost Village,일반영화,"애니메이션,가족",미국,427764,130808,1372566,130808,98191,2017-06-28,2017-04-28
FS20236614,쿵푸팬더4,Kung Fu Panda 4,일반영화,"애니메이션,액션,코미디",미국,1772043,130769,15512932,130769,125794,2024-04-10,
FS20173601,리틀 프린세스 소피아: 엘레나와 비밀의 아발로 왕국,Elena and the Secret of Avalor,일반영화,"애니메이션,어드벤처,가족,판타지,뮤지컬",미국,45484,130825,260021,130749,91132,2017-04-26,2017-04-13
FS20068576,그날의 분위기,Mood of the Day,일반영화,멜로/로맨스,한국,653287,130788,4523773,130550,104131,2016-02-03,2016-01-14
FS20127407,피라냐 3DD,Piranha 3DD,일반영화,,미국,74586,131411,768790,130441,115919,2012-08-01,
FS20124098,원피스 3D : 밀짚모자 체이스,One Piece 3D: Mugiwara Chase,일반영화,"애니메이션,어드벤처,액션",일본,13475,132217,232444,130317,100499,2012-01-26,
FS20132821,캡틴 필립스,Captain Phillips,일반영화,"액션,드라마",미국,242268,130150,1519297,130150,45135,2014-01-14,2013-10-23
FS20150603,전망 좋은 집 2,,일반영화,"멜로/로맨스,드라마",한국,605,130395,3568,130061,92826,2015-05-27,
FS20151181,여교사,MISBEHAVIOR,,,한국,118716,130645,850226,130013,113931,2017-01-25,2017-01-04
FS20140181,극장판 도라에몽: 진구의 아프리카 모험 ~베코와 5인의 탐험대~,DORAEMON THE MOVIE: NOBITA IN THE NEW HAUNTS OF EVIL – PEKO AND THE FIVE EXPLORERS -,일반영화,"애니메이션,어드벤처",일본,168171,129797,501506,129797,74207,2014-09-04,
FS20182490,나랏말싸미,The King's Letters,일반영화,사극,한국,958775,129768,6526869,129768,125126,2019-08-02,2019-07-24
FS20175522,카3: 새로운 도전,Cars3,일반영화,"애니메이션,어드벤처,코미디,가족",미국,487916,129740,2033796,129740,82205,2017-07-17,2017-07-13
FS20156970,심야식당,Midnight Diner,,,일본,132870,129557,760130,129557,67786,2015-07-28,2015-06-18
FS20223676,문폴,Moonfall,일반영화,"액션,드라마,스릴러,SF,어드벤처",미국,195344,129474,5454686,129474,127220,2022-03-31,2022-03-16
FS20166384,하루,A Day,일반영화,스릴러,한국,1129609,129568,7147153,129173,121788,2017-07-10,2017-06-15
FS20217950,킬러의 보디가드 2,Hitman's Wife's Bodyguard,일반영화,"액션,코미디,범죄",미국,384997,129256,6136554,129040,127670,2021-08-11,2021-06-23
FS20179407,로마의 휴일,,일반영화,"코미디,드라마",한국,134827,129029,1412068,129029,103930,2017-09-11,2017-08-30
FS20192725,명탐정 코난: 감청의 권,Detective Conan: The Fist of Blue Sapphire,일반영화,애니메이션,일본,220631,128771,1148297,128771,82637,2019-08-06,2019-07-24
FS20162461,다이노X 탐험대,DINO X EXPEDITION,,,한국,83319,128703,417757,128703,78728,2016-05-12,2016-05-04
FS20134233,화려한 외출,Love Lesson,일반영화,드라마,한국,5067,129737,5824,128387,104896,2013-12-05,
FS20126617,더 씽,The Thing,일반영화,,미국,50839,128379,602872,128379,109807,2012-06-14,
FS20162542,다이노소어 어드벤처 : 백악기 공룡대백과,Walking with Dinosaurs : Prehistoric Planet,,,영국,112838,128364,489807,128298,60509,2016-05-30,2016-05-04
FS20090403,극장판 도라에몽: 진구의 공룡대탐험,Doraemon: Nobita No Kyoryu,일반영화,"애니메이션,가족,SF,어드벤처",일본,225097,128236,855938,128236,0,2009-07-15,
FS20233235,가문의 영광: 리턴즈,Marrying the Mafia,일반영화,코미디,한국,167878,128202,2752799,128202,125210,2023-09-22,2023-09-21
FS20143541,박물관이 살아있다 : 비밀의 무덤,Night at the Museum: Secret of the Tomb,일반영화,"어드벤처,코미디,가족",미국,1101678,127680,4380832,127680,96787,2015-02-26,2015-01-14
FS20211281,매트릭스: 리저렉션,The Matrix Resurrections,일반영화,"액션,SF",미국,213694,127612,2256278,127612,121985,2022-01-14,2021-12-22
FS20010238,메멘토,Memento,,,미국,49058,127445,766725,127383,21414,2014-12-01,2001-08-24
FS20191243,장르만 로맨스,Perhaps Love,일반영화,"드라마,코미디",한국,518496,127316,7110822,127316,123885,2021-12-06,2021-11-17
FS20080962,극장판 도라에몽:진구의 마계대모험 7인의 마법사,Doraemon,일반영화,"애니메이션,코미디,어드벤처,가족",일본,315809,127289,865507,127289,32087,2012-10-14,2008-07-17
FS20110290,퀵,Quick,일반영화,"코미디,액션",한국,3125069,127734,10183830,126582,91536,2011-07-20,
FS20224270,배드 가이즈,The Bad Guys,일반영화,"애니메이션,범죄,액션",미국,420252,126518,2691526,126518,98874,2022-05-04,2022-05-04
FS20136058,무서운 이야기 2,Horror Stories II,일반영화,,한국,495535,125923,2377010,125923,4288,2018-07-04,2013-06-05
FS20161286,아이스 에이지: 지구 대충돌,Ice Age: Collision Course,일반영화,"애니메이션,어드벤처,코미디",미국,553760,125901,1720417,125901,96654,2016-08-16,2016-07-20
FS20142962,극장판 포켓몬스터 XY : 파괴의 포켓몬과 디안시,,일반영화,애니메이션,일본,233347,125828,1046019,125828,56096,2015-01-28,2015-01-14
FS20126566,캐빈 인 더 우즈,The Cabin in the Woods,일반영화,,미국,228485,125804,1625451,125804,22248,2012-10-14,2012-06-28
FS20174821,바다 탐험대 옥토넛 시즌4: 더 파이널,OCTONAUTS Season4,,,영국,74032,125619,391045,125619,55443,2017-06-09,2017-06-01
FS20185406,헬보이,Hellboy,일반영화,"액션,어드벤처,판타지",미국,323198,126127,4424850,125548,122458,2019-06-24,2019-04-10
FS20247780,비키퍼,The Beekeeper,일반영화,"액션,스릴러",미국,102969,125439,1725088,125439,117668,2024-04-03,
FS20112708,극장판 포켓몬스터 베스트 위시 「비크티니와 흑의 영웅 제크로무」,Gekijouban Pokketo monsuta Besuto wisshu: Pikutini to kuroku eiyuu,일반영화,"애니메이션,판타지,어드벤처",일본,293895,125387,875730,125387,69655,2011-12-22,
FS20157158,구스범스,Goosebumps,일반영화,"액션,어드벤처,코미디",미국,305134,125283,1930461,125283,93810,2016-02-24,2016-01-14
FS20125866,다크 섀도우,Dark Shadows,일반영화,,미국,582126,128709,3367010,125126,121628,2012-05-10,
FS20127546,남영동1985,National Security,,,한국,332671,125356,2279379,125036,96622,2012-12-12,2012-11-22
FS20182352,"그날, 바다",Intention,,,한국,540661,124906,4137931,124816,113076,2018-05-17,2018-04-12
FS20247017,대가족,About Family,일반영화,"드라마,코미디",한국,359820,124756,3171141,124756,124233,2024-12-11,
FS20181905,후드,Robin Hood,일반영화,어드벤처,미국,284601,126061,1914326,124660,122868,2019-01-21,2018-11-28
FS20190324,3일의 휴가,Our Season,일반영화,"판타지,드라마",한국,530712,124350,3802117,124350,123380,2023-12-19,2023-12-06
FS20198818,프린스 코기,The Queen's Corgi,,,벨기에,204165,124409,730326,124344,113292,2019-12-31,2019-12-24
FS20148728,창문 넘어 도망친 100세 노인,The 100 year old man who climbed out the window and disappeard,,,스웨덴,243477,123987,1488100,123987,86799,2014-07-21,2014-06-18
FS20178881,명탐정 코난: 에피소드 원-작아진 명탐정,DETECTIVE CONAN: Episode ONE,일반영화,애니메이션,일본,128472,123851,577866,123851,86868,2017-02-21,2017-02-08
FS20190582,내가 죽던 날,THE DAY I DIED : UNCLOSED CASE,일반영화,드라마,한국,234522,124088,4344213,123845,115291,2020-12-02,2020-11-12
FS20159641,위대한 소원,THE LAST RIDE,일반영화,"코미디,드라마",한국,308398,123828,3886462,123828,83344,2016-05-09,2016-04-21
FS20157501,극적인 하룻밤,LOVE GUIDE FOR DUMPEES,일반영화,"멜로/로맨스,코미디",한국,321641,123366,2588922,123230,90613,2015-12-21,2015-12-03
FS20130662,"가자, 장미여관으로",,일반영화,"멜로/로맨스,드라마",한국,8307,124245,17335,123098,109624,2013-08-14,
FS20126089,자칼이 온다,Code Name : Jackal,일반영화,코미디,한국,210278,123997,1643387,123034,118759,2012-11-15,
FS20171024,너의 췌장을 먹고 싶어,Let Me Eat Your Pancreas,,,일본,507644,123018,3199501,123018,86928,2017-11-07,2017-10-25
FS20194461,파이프라인,Pipeline,일반영화,범죄,한국,139818,123077,2690369,122903,121227,2021-06-07,2021-05-26
FS20131681,드래곤볼Z : 신들의 전쟁,Dragon Ball Z Battle of Gods,일반영화,"애니메이션,액션,어드벤처,SF",일본,44231,123282,377432,122836,17826,2015-04-30,2013-08-29
FS20158561,기생수 파트2,Parasyte: Part 2,일반영화,"SF,스릴러",일본,64574,122813,718035,122678,104313,2015-11-10,2015-05-07
FS20182544,글래스,Glass,일반영화,"드라마,미스터리,SF,스릴러",미국,466475,122812,4130759,122598,113110,2019-04-11,2019-01-17
FS20030404,러브 액츄얼리,Love Actually,,,미국,328877,122478,1235142,122478,8094,2014-01-28,2003-12-05
FS20081791,마다가스카 2,Madagascar : Escape 2 Africa,일반영화,"애니메이션,어드벤처,가족,액션",미국,1230470,122453,6050606,122453,5874,2019-05-14,2009-01-08
FS20154141,스타워즈: 깨어난 포스,Star Wars : The Force Awakens,일반영화,"액션,어드벤처,판타지",미국,3273879,122377,12054638,122376,84478,2015-12-16,2015-12-17
FS19980211,라이언 일병 구하기,Saving Private Ryan,일반영화,"드라마,액션,전쟁",미국,32305,122366,406774,122366,11905,2015-01-15,1998-09-12
FS20254375,프레데터: 죽음의 땅,Predator: Badlands,일반영화,"SF,액션",미국,422481,122329,6018952,122329,122329,2025-11-05,
FS20113271,프렌즈: 몬스터섬의비밀,Friends : Naki on the Monster island,일반영화,"애니메이션,어드벤처",일본,549900,122859,2178077,122260,4840,2018-06-22,2011-12-29
FS20242964,얼굴,The Ugly,일반영화,"미스터리,드라마",한국,1076643,122194,7802430,122194,122194,2025-09-11,
FS20175643,손오공,Wu Kong,일반영화,"액션,판타지,드라마",중국,0,122593,0,121659,116021,2017-11-27,
FS20175407,우상,Idol,일반영화,스릴러,한국,183841,121477,2529775,121392,110247,2019-04-08,2019-03-20
FS20200474,기적,Miracle,일반영화,"드라마,판타지",한국,717678,121329,11206978,121329,116741,2021-10-21,2021-09-15
FS20200294,런,Run,일반영화,"미스터리,스릴러",미국,284141,121301,6005032,121225,115335,2020-12-21,2020-11-20
FS20144442,조선마술사,The Magician,일반영화,드라마,한국,628576,122779,2715113,121194,116711,2016-01-18,2015-12-30
FS20156708,석조저택 살인사건,The Tooth and the Nail,일반영화,스릴러,한국,353517,121701,2334517,121056,111460,2017-04-19,2017-05-09
FS20218604,극장판 짱구는 못말려: 격돌! 낙서왕국과 얼추 네 명의 용사들,Crayon Shin-chan: Crash! Scribble Kingdom and Almost Four Heroes,일반영화,애니메이션,일본,214305,120821,1808499,120821,100691,2021-10-06,2021-09-15
FS20060337,디파티드,The Departed,일반영화,드라마,미국,555035,120631,3012349,120631,9406,2013-12-02,2006-11-23
FS20231348,극장판 짱구는 못말려: 동물소환 닌자 배꼽수비대,Crayon Shin-chan: Mononoke Ninja Chimpuden,일반영화,애니메이션,일본,732192,120559,3340954,120559,106125,2023-06-12,2023-05-04
FS20110312,미확인 동영상 : 절대클릭금지,Don't Click,일반영화,,한국,867386,122961,3661470,120223,101807,2012-05-30,
FS20140522,옹녀뎐,story of ongnyuh,일반영화,"멜로/로맨스,코미디,사극",한국,3765,121585,7006,119996,75107,2014-11-18,2014-08-21
FS20090412,명탐정 코난 : 칠흑의 추적자,Detective Conan: The Raven Chaser,일반영화,"애니메이션,미스터리,범죄",일본,651978,119983,1578026,119983,26610,2012-10-14,2009-07-29
FS20240398,파과,THE OLD WOMAN WITH THE KNIFE,일반영화,"액션,드라마,미스터리",한국,550917,119847,4381774,119847,119338,2025-04-30,
FS20150966,사랑하기 때문에,BECAUSE I LOVE YOU,일반영화,"코미디,멜로/로맨스",한국,340936,120362,2128770,119778,101004,2016-12-27,2017-01-04
FS20152703,트루 블러드,Autumn Blood,일반영화,"스릴러,드라마",오스트리아,0,119995,0,119730,118718,2015-09-23,
FS20113631,붉은 바캉스 검은 웨딩,Red Vacance Black Wedding,일반영화,,한국,508,121168,12059,119729,1936,2018-03-05,2011-12-08
FS19950084,쇼생크 탈출,The Shawshank Redemption,,,미국,68779,119587,676933,119587,4500,2014-07-14,1995-02-04
FS20100991,먹고 기도하고 사랑하라,Eat Pray Love,일반영화,"드라마,멜로/로맨스",미국,500266,119548,4094755,119548,14010,2013-08-07,2010-09-30
FS20111702,극장판 도라에몽: 진구와 철인군단 날아라 천사들,Eiga Doraemon Shin Nobita to tetsujin heidan: Habatake tenshitachi,일반영화,"애니메이션,가족",일본,138277,119416,503587,119416,44598,2011-07-28,
FS20168366,바다 탐험대 옥토넛 시즌4: 바다 괴물 대소동,OCTONAUTS Season4,,,영국,61100,119379,347913,119379,47782,2017-02-03,2017-01-25
FS20226431,오펜하이머,Oppenheimer,일반영화,"스릴러,드라마",미국,3238225,119067,22069026,119067,113018,2023-11-14,2023-08-15
FS20161589,죽여주는 여자,The Bacchus Lady,,,한국,121810,119194,1033833,118938,95308,2016-11-16,2016-10-06
FS20150968,국가대표 2,RUN OFF,일반영화,드라마,한국,710316,119044,2947681,118628,101306,2016-09-06,2016-08-10
FS20144523,패딩턴,Paddington,일반영화,"코미디,가족,어드벤처",영국,315103,118601,1270317,118561,60363,2015-01-23,2015-01-07
FS20156553,비밀,Circle of Atonement,일반영화,"미스터리,드라마",한국,50196,120696,635969,118462,107077,2015-10-27,2015-10-15
FS20112208,더 킥,The Kick,일반영화,액션,한국,51024,120134,634239,118236,93247,2011-11-03,
FS20090578,바스터즈: 거친 녀석들,Inglourious Basterds,일반영화,"액션,드라마,전쟁",미국,335044,118202,2625883,118202,7911,2013-07-04,2009-10-28
FS20145504,특종: 량첸살인기,The Exclusive : Beat the Devil's Tattoo,일반영화,스릴러,한국,616608,118404,5310347,118157,89504,2015-11-24,2015-10-22
FS20060151,괴물,The Host,일반영화,"SF,가족,드라마",한국,10917400,118097,25652857,118069,12456,2014-08-29,2006-07-27
FS20190280,날씨의 아이,Weathering With You,일반영화,"애니메이션,판타지,멜로/로맨스",일본,901716,118068,6361508,118068,84939,2020-05-22,2019-10-30
FS20191048,온워드: 단 하루의 기적,Onward,일반영화,"애니메이션,어드벤처,판타지",미국,418474,117987,7325469,117987,105381,2020-07-07,2020-06-17
FS20112763,헬프,The Help,일반영화,드라마,미국,155148,117937,901921,117937,11101,2014-04-03,2011-11-03
FS20152871,스파이 브릿지,Bridge of Spies,일반영화,"스릴러,드라마",미국,266493,118185,1771254,117826,96907,2016-02-01,2015-11-05
FS20199951,애나벨 집으로,Annabelle Comes Home,일반영화,,미국,481766,117721,2161532,117721,99859,2019-07-19,2019-06-26
FS20149846,"안녕, 헤이즐",The Fault In Our Stars,일반영화,"드라마,멜로/로맨스",미국,749146,118044,2388540,117612,10237,2015-08-11,2014-08-13
FS20232273,인디아나 존스: 운명의 다이얼,Indiana Jones and the Dial of Destiny,일반영화,"어드벤처,액션",미국,860478,117546,6901538,117546,114894,2023-08-18,2023-06-28
FS20127887,빌리와 용감한 녀석들 3D,Animals United,일반영화,"애니메이션,가족",독일,299691,119495,993462,117411,111767,2012-08-08,
FS20150942,캐롤,Carol,,,미국,369832,117399,2261026,117399,62347,2016-03-15,2016-02-04
FS20137404,짱구는 못말려 극장판: 엄청난 태풍을 부르는 금창의 용사,,일반영화,애니메이션,일본,0,117360,0,117267,39559,2012-10-14,
FS20170302,윈드 리버,Wind River,,,미국,50819,117503,695866,117228,101819,2017-09-22,2017-09-14
FS20157846,겨울왕국 열기,Frozen Fever,일반영화,"애니메이션,어드벤처,코미디,판타지,가족,뮤지컬",미국,0,117370,0,117171,55213,,
FS20060107,미션 임파서블 3,Mission: Impossible 3,일반영화,액션,미국,5127047,117077,15210450,117077,14075,2012-10-14,2006-05-03
FS20135307,팅커벨 4 : 날개의 비밀,Secret of the Wings,일반영화,애니메이션,미국,0,116944,0,116872,47627,,
FS20020074,오션스 일레븐,Ocean'S Eleven,일반영화,범죄,미국,479,116860,1705,116860,6469,2014-01-17,2002-02-28
FS20108648,잠자는 숲속의 공주,Sleeping Beauty,일반영화,"판타지,애니메이션,뮤지컬",미국,0,116774,0,116774,0,1973-07-25,
FS20176121,흥부: 글로 세상을 바꾼 자,Heung-boo: The Revolutionist,일반영화,사극,한국,416303,117237,2404050,116665,111076,2018-02-27,2018-02-14
FS20090408,아이스 에이지 3: 공룡시대,Ice Age: Dawn Of The Dinosaurs,일반영화,"애니메이션,어드벤처,가족,드라마",미국,865658,116489,3617471,116489,26916,2016-08-23,2009-08-12
FS20183801,트루스 오어 데어,Truth or Dare,일반영화,,미국,310956,116734,2212717,116480,101558,2018-06-18,2018-05-22
FS20183773,장난스런 키스,Fall in Love at First Kiss,,,대만,428323,115781,2726124,115781,97946,2019-04-24,2019-03-27
FS20178672,패딩턴 2,Paddington 2,,,프랑스,339014,115730,1900195,115730,53809,2018-04-17,2018-02-08
FS20183915,극장판 공룡메카드: 타이니소어의 섬,,일반영화,애니메이션,한국,410274,115727,2115797,115727,78322,2019-01-29,2019-01-10
FS20080046,추격자,The Chaser,일반영화,"범죄,스릴러,액션",한국,5046096,115589,21978534,115589,27246,2016-05-10,2008-02-14
FS20210544,웅남이,woongnami,일반영화,"코미디,액션",한국,314243,115401,4579964,115401,113803,2023-04-21,2023-03-22
FS20128986,금병매 감독판,The Forbidden Legend Sex Chopsticks,일반영화,멜로/로맨스,홍콩,142,116043,3701,115224,1526,2017-01-13,2012-08-09
FS20156281,성실한 나라의 앨리스,Alice In Earnestland,,,한국,44412,115513,374617,114950,98136,2015-09-04,2015-08-13
FS20194501,내일의 기억,Recalled,일반영화,"미스터리,스릴러",한국,335025,114889,6234665,114697,112425,2021-05-07,2021-04-21
FS20247811,콰이어트 플레이스: 첫째 날,A Quiet Place: Day One,일반영화,,미국,552619,114694,4563109,114694,112546,2024-06-26,
FS20136308,비행기,Planes,일반영화,애니메이션,미국,233555,114774,816846,114215,93552,2013-12-19,
FS20152866,아메리칸 울트라,American Ultra,일반영화,"액션,코미디",미국,161382,115864,1251281,114120,109737,2015-10-19,2015-08-27
FS20154861,젊은 엄마 3,Young Mother 3,일반영화,멜로/로맨스,한국,820,114059,4127,114059,87263,2015-09-14,2015-09-03
FS20157061,하숙집,,일반영화,"멜로/로맨스,드라마",한국,630,114673,3880,113898,92200,2015-02-25,
FS20050306,애인,The Intimate,일반영화,멜로/로맨스,한국,98639,113682,717989,113682,37793,2012-11-30,2005-12-08
FS20040695,이프 온리,If Only,일반영화,"멜로/로맨스,코미디,드라마,판타지",미국,1068831,113534,4745560,113534,29819,2017-12-18,2004-10-29
FS20158644,내 친구의 아내,,일반영화,"멜로/로맨스,드라마",한국,622,113423,6091,113423,89289,2015-12-16,2015-12-03
FS20148745,좋은 친구들,Confession,일반영화,"범죄,드라마",한국,407437,113956,2327157,113171,101019,2014-07-10,
FS20153201,트랜스포터: 리퓰드,The Transporter Refueled,일반영화,"액션,범죄,스릴러",프랑스,161245,113451,1512406,112923,102105,2015-11-24,2015-10-15
FS20174965,극장판 포켓몬스터 너로 정했다!,pokemon the movie:I choose you!,일반영화,"애니메이션,어드벤처,가족",일본,509555,112793,1280085,112793,86591,2018-01-17,2017-12-21
FS20204403,뮬란,Mulan,일반영화,"액션,어드벤처",중국,1,113265,164,112630,111901,2020-08-14,
FS20143344,눈의 여왕 2: 트롤의 마법거울,The Snow Queen 2,,,러시아,618730,112492,1262375,112402,72810,2015-01-12,2014-12-24
FS20143101,정사,,일반영화,"멜로/로맨스,드라마",한국,2283,113559,6096,112349,34448,2015-02-16,2014-10-30
FS20178522,콜 미 바이 유어 네임,Call Me by Your Name,,,이탈리아,256473,112213,1880449,112213,59387,2018-05-30,2018-03-22
FS20226489,리바운드,Rebound,일반영화,드라마,한국,707767,112146,7661511,112146,106939,2023-05-03,2023-04-05
FS20138141,더 콜,THE CALL,일반영화,스릴러,미국,88953,111843,688043,111843,76931,2013-06-28,2013-06-20
FS20150565,스포트라이트,Spotlight,일반영화,"드라마,스릴러",미국,302123,111724,1926824,111724,53291,2016-03-11,2016-02-24
FS20125406,음치 클리닉,Love Clinique,일반영화,"멜로/로맨스,코미디",한국,338168,113660,2547655,111657,105949,2012-11-29,
FS20162404,고스트버스터즈,Ghostbusters,일반영화,"액션,코미디,SF",미국,515553,111691,2954882,111632,71356,2016-10-18,2016-08-25
FS20179491,아토믹 블론드,Atomic Blonde,일반영화,액션,미국,155687,111393,1901396,111393,91772,2017-10-10,2017-08-30
FS19988040,라이온 킹 2,The Lion King II: Simba's Pride,일반영화,"애니메이션,어드벤처,가족",미국,0,111344,0,111344,11245,2014-07-17,
FS20113890,고스트 라이더 : 복수의 화신,Ghost Rider: Spirit Of Vengeance,일반영화,"액션,판타지,스릴러",미국,117267,112372,1379188,111214,100014,2012-02-16,
FS20188581,더 프레데터,The Predator,일반영화,"SF,액션,스릴러",미국,170878,111405,2689097,110812,105331,2018-11-07,2018-09-12
FS20210140,젠틀맨,Gentleman,일반영화,"범죄,액션",한국,224718,110743,1909887,110743,104727,2023-01-05,2022-12-28
FS20218392,올드,Old,일반영화,,미국,116240,110669,1646909,110669,106915,2021-09-10,2021-08-18
FS20200622,소년들,The Boys,일반영화,"기타,드라마,범죄",한국,471657,110247,5706586,110247,108726,2023-11-14,2023-11-01
FS20217278,마크맨,The Marksman,일반영화,액션,미국,26202,109907,685931,109907,105228,2021-05-06,2021-04-28
FS20155562,아델라인 : 멈춰진 시간,The Age of Adaline,일반영화,"판타지,멜로/로맨스",미국,40096,109894,466463,109894,89742,2015-10-15,
FS20162627,다이버전트 시리즈: 얼리전트,The Divergent Series: Allegiant,일반영화,"액션,어드벤처,SF",미국,103556,110762,1016500,109878,97654,2016-06-10,2016-05-12
FS20134594,두근두근 내 인생,My Brilliant Life,일반영화,드라마,한국,1624601,109805,6638278,109639,69662,2014-10-14,2014-09-03
FS20113643,파파,Papa,일반영화,"가족,코미디",한국,587291,111594,3847000,109601,101338,2012-02-01,
FS20147874,고질라,Godzilla,일반영화,"액션,SF",미국,709734,109524,4780580,109524,44510,2014-09-12,2014-05-15
FS20112050,파이널 데스티네이션5,Final Destination 5,일반영화,,미국,257193,109451,1486304,109451,967,2014-04-15,2011-09-08
FS20158529,조이,Joy,일반영화,"코미디,드라마",미국,172253,110305,1898810,109442,91629,2016-04-06,2016-03-10
FS20193706,카운트,Count,일반영화,드라마,한국,399612,109422,4797709,109422,106628,2023-03-27,2023-02-22
FS20126410,헤이와이어,Haywire,일반영화,"액션,스릴러,미스터리,어드벤처,드라마",미국,54874,110643,722698,108717,8798,2012-10-14,2012-07-05
FS20070202,초속5센티미터,5Cm Per Seconds,,,일본,54057,108549,318946,108549,4753,2013-10-10,2007-06-21
FS20184801,유전,Hereditary,일반영화,,미국,182498,108292,1273698,108292,80737,2018-08-24,2018-06-07
FS20080337,테이큰,Taken,일반영화,"범죄,스릴러,액션",프랑스,2361598,108191,11557221,108191,33683,2012-10-14,2008-04-09
FS20184896,가버나움,Capharnaum,,,기타,148563,108007,643711,108007,87753,2019-02-15,2019-01-24
FS20149099,더 기버: 기억전달자,The Giver,,,미국,107567,107935,629762,107935,77942,2014-09-03,2014-08-20
FS20138161,야관문: 욕망의 꽃,Door to the Night,,,한국,6085,109579,128224,107446,91900,2013-11-07,
FS20180944,엽문 외전,Master Z: The Ip Man Legacy,,,중국,0,107689,0,107316,99310,2019-02-15,
FS20153422,제 7기사단,Last Knights,일반영화,"액션,어드벤처",한국,10710,109398,159809,107260,103685,2015-09-15,2015-09-10
FS20125808,"아내, 애인 그리고 맛있는 섹스",,일반영화,"드라마,멜로/로맨스",콜롬비아,4,107214,300,106921,84860,2012-04-19,
FS20028042,신데렐라 2,Cinderella II: Dreams Come True,일반영화,애니메이션,미국,0,106813,0,106813,16380,,
FS20226410,던전 앤 드래곤: 도적들의 명예,Dungeons & Dragons: Honor Among Thieves,일반영화,"액션,어드벤처,판타지",미국,293761,106727,5126606,106727,101889,2023-04-11,2023-03-29
FS20185986,진범,The Culprit,일반영화,스릴러,한국,168119,106607,1104445,106607,97616,2019-07-31,2019-07-10
FS20090860,포켓 몬스터 DP: 아르세우스 초극의 시공으로,Pokemon: Arceus To The Conquering Of Space-Time,일반영화,"애니메이션,어드벤처,판타지,액션",일본,580121,106587,2070117,106587,8220,2012-10-14,2009-12-24
FS20090856,셜록 홈즈,Sherlock Holmes,일반영화,"미스터리,범죄,어드벤처",미국,2184425,106520,6752166,106520,7696,2012-10-14,2009-12-23
FS20147161,디노타샤: 공룡대탐험,Dinotasia,,,미국,23530,106647,154672,106468,36924,2014-02-05,2014-01-29
FS20179187,공범자들,Criminal Conspiracy,,,한국,260514,107814,1334870,106441,104420,2017-09-08,2017-08-17
FS20121861,더 임파서블,The Impossible,일반영화,"액션,드라마,스릴러",스페인,625190,106414,3029214,106414,75528,2013-01-17,
FS20203557,그녀가 죽었다,Following,일반영화,"기타,미스터리,스릴러",한국,1237110,106242,9283728,106242,105660,2024-05-15,
FS20111571,파퍼씨네 펭귄들,Mr. Popper's Penguins,일반영화,코미디,미국,980387,106089,4395211,106010,772,2012-10-14,2011-09-07
FS20090303,트랜스포머: 패자의 역습,Transformers: Revenge Of The Fallen,일반영화,"SF,액션,어드벤처",미국,7393443,105877,23972838,105877,6827,2014-10-08,2009-06-24
FS20162065,클로버필드 10번지,10 Cloverfield Lane,일반영화,"미스터리,스릴러",미국,357736,106017,4500867,105791,70080,2016-05-03,2016-04-07
FS20050253,유령신부(애니),Corpse Bride,일반영화,"애니메이션,드라마,멜로/로맨스,판타지",영국,433751,105694,2503554,105694,8925,2014-10-23,2005-11-03
FS20110561,엑스맨: 퍼스트 클래스,X-Men: First Class,일반영화,액션,미국,2534979,105645,11161866,105645,24255,2013-12-02,2011-06-02
FS20050042,"지금, 만나러 갑니다",Be With You,,,일본,187324,105619,1438761,105619,9890,2015-08-21,2005-03-25
FS20153470,극장판 도라에몽 : 진구의 우주영웅기~스페이스 히어로즈~,Doraemon The Movie: Nobita And The Space,일반영화,"애니메이션,SF,어드벤처",일본,113404,105556,454667,105556,78190,2015-10-02,2015-09-17
FS20157531,판타스틱 4,Fantastic 4,일반영화,"액션,판타지,SF",미국,399667,106051,2398046,105431,95118,2015-08-20,
FS20130821,투 마더스,Two Mothers,,,프랑스,71352,106707,507319,105401,83845,2013-09-04,2013-08-22
FS20145521,엑스 마키나,Ex Machina,일반영화,"SF,스릴러",미국,78521,106103,507474,105390,48992,2015-01-21,
FS20180825,미성년,Another Child,일반영화,드라마,한국,293633,105057,3998739,104966,94310,2019-05-03,2019-04-11
FS20155563,어린왕자,The Little Prince,,,프랑스,579367,104774,1618659,104774,69576,2016-01-12,2015-12-23
FS20192804,그것: 두 번째 이야기,It Chapter Two,일반영화,스릴러,미국,591346,104763,4348513,104763,79996,2019-09-30,2019-09-04
FS20157041,런 올 나이트,Run All Night,일반영화,"액션,스릴러",미국,289534,104645,2353185,104645,88244,2015-03-19,
FS20138223,노브레싱,No Breathing,일반영화,"드라마,멜로/로맨스",한국,451669,105257,4181478,104594,92462,2013-11-18,2013-10-30
FS20122466,짓,Jit,,,한국,23052,105437,353945,104561,76793,2013-09-25,
FS19780073,대부 2,"The Godfather, Part II",,,미국,37931,104480,334857,104480,5769,2014-12-30,1978-04-20
FS20183007,거미줄에 걸린 소녀,THE GIRL IN THE SPIDER’S WEB,일반영화,"액션,스릴러,범죄",미국,32418,104485,430620,104393,80755,2019-01-15,2018-11-28
FS19960196,미션 임파서블,Mission Impossible,일반영화,"액션,어드벤처,미스터리",미국,90,104116,956,104116,10787,2012-10-14,1996-06-15
FS20184341,얼굴없는 보스,The Faceless Boss,일반영화,"액션,드라마",한국,24473,104239,325928,103885,100930,2019-11-26,2019-11-21
FS20159059,앨빈과 슈퍼밴드: 악동 어드벤처,Alvin and the Chipmunks: The Road Chip,일반영화,"애니메이션,어드벤처,코미디",미국,292495,104209,1098583,103869,78413,2016-03-16,2016-02-04
FS20159648,"고산자, 대동여지도",The Map Against the World,일반영화,사극,한국,974352,104093,5706781,103736,89952,2016-08-30,2016-09-07
FS20113472,우리는 동물원을 샀다,We Bought a Zoo,일반영화,"가족,코미디",미국,276334,104202,1462428,103702,933,2013-12-02,2012-01-18
FS20201649,명탐정 코난: 진홍의 수학여행,Detective Conan: The Scarlet School Trip,일반영화,애니메이션,일본,62572,103539,1136064,103539,88288,2021-02-03,2021-01-27
FS20149818,익스펜더블 3,The Expendables 3,일반영화,"액션,어드벤처,스릴러",미국,152033,103644,1125259,103468,81871,2014-09-17,2014-08-20
FS20136862,론 레인저,The Lone Ranger,일반영화,"액션,어드벤처",미국,388235,105207,2110292,103273,96631,2013-10-16,2013-07-04
FS20215315,스위치,SWITCH,일반영화,기타,한국,422417,102963,4934945,102963,92598,2023-01-25,2023-01-04
FS19980089,굿 윌 헌팅,Good Will Hunting,,,미국,61163,102936,441380,102936,3578,2013-12-02,1998-03-21
FS20261782,프로젝트 헤일메리,PROJECT HAIL MARY,일반영화,SF,미국,2910368,102889,21155355,102889,102889,2026-03-18,
FS20060430,행복을 찾아서,The Pursuit Of Happyness,일반영화,"드라마,가족",미국,599514,102804,3440736,102804,8113,2014-07-15,2007-02-28
FS19970100,첨밀밀,Comrades: Almost A Love Story,일반영화,멜로/로맨스,홍콩,24632,102750,403772,102750,18596,2016-03-10,1997-03-01
FS20130783,프리즈너스,Prisoners,일반영화,"범죄,드라마,스릴러",미국,189152,102817,1103450,102386,68212,2013-12-03,2013-10-02
FS20110301,푸른소금,Hindsight,일반영화,"액션,드라마,멜로/로맨스",한국,771699,103871,5068927,102378,75019,2011-08-31,
FS20218364,랑종,The Medium,일반영화,,한국,834715,102047,7678275,102047,96332,2021-09-10,2021-07-14
FS20112151,세 얼간이 감독판,3 Idiots,,,인도,7484,102042,72673,102033,19715,2020-04-17,2011-08-18
FS20000200,다이너소어,Dinosaur,일반영화,"애니메이션,어드벤처,가족",미국,0,102097,0,101848,10059,2014-05-19,2000-07-15
FS20179085,극장판 도라에몽: 진구의 남극 꽁꽁 대모험,DORAEMON THE MOVIE GREAT ADVENTURE IN THE ANTARCTIC KACHI KOCHI,일반영화,"애니메이션,SF,가족,어드벤처",일본,167052,101787,528668,101787,65619,2017-08-23,2017-08-10
FS20148795,미녀와 야수,Beauty And The Beast,일반영화,"판타지,멜로/로맨스",프랑스,316334,103400,2368459,101769,78209,2014-07-08,2014-06-18
FS20136800,넛잡: 땅콩 도둑들,The Nut Job,일반영화,"애니메이션,어드벤처,코미디,가족",한국,479280,102752,1458275,101637,80331,2014-04-11,2014-01-29
FS20020128,스파이더맨,Spiderman,일반영화,액션,미국,0,101580,0,101580,8480,2014-05-07,2002-05-02
FS20208617,인베이젼 2020,Invasion,일반영화,SF,러시아,22268,102029,560067,101343,100044,2020-07-10,2020-07-01
FS20190002,롱 샷,LONG SHOT,일반영화,코미디,미국,191122,101849,1028538,101226,96319,2019-08-02,2019-07-24
FS20153841,엄마친구,My Mother's Friend,일반영화,멜로/로맨스,한국,355,101221,3662,101221,72097,2015-09-07,2015-08-20
FS19990193,매트릭스,The Matrix,,,미국,46568,101204,484745,101204,6844,2013-01-24,1999-05-15
FS20144621,기생수 파트1,Parasyte: Part 1,일반영화,"스릴러,SF",일본,188775,101133,1009853,100975,74441,2015-04-28,2015-02-26
FS20247352,크레이븐 더 헌터,Kraven The Hunter,일반영화,"액션,스릴러",미국,0,100436,0,100436,100138,,
FS20141060,쓰리 썸머 나잇,Three Summer Night,일반영화,코미디,한국,77621,101059,697723,100297,77745,2015-08-25,2015-07-15
FS20139601,더 퍼지,The Purge,일반영화,"스릴러,SF",미국,137340,100257,779948,100257,53537,2014-01-21,2013-11-06
FS20134268,버틀러: 대통령의 집사,Lee Daniels’ The Butler,일반영화,"드라마,기타",미국,126870,101210,707873,100242,87199,2014-01-08,2013-11-28
FS20218348,이스케이프 룸 2: 노 웨이 아웃,Escape Room: Tournament of Champions,일반영화,,미국,223313,100237,2513470,100237,93142,2021-09-03,2021-07-14
FS20152262,동창회의 목적,Purpose of Reunion,일반영화,멜로/로맨스,한국,0,100078,0,100078,60059,2015-08-03,
FS20170364,레고 닌자고 무비,The Lego Ninjago Movie,일반영화,"애니메이션,액션,코미디,어드벤처,가족",미국,154966,99923,597982,99923,25310,2018-01-19,2017-09-28
FS20149037,주피터 어센딩,Jupiter Ascending,일반영화,"SF,액션,어드벤처",미국,309842,102152,2747315,99707,94255,2015-02-05,
FS20113951,페이스메이커,PaceMaker,일반영화,드라마,한국,467697,101252,3700330,99612,92473,2012-01-18,
FS20189861,더 포스트,The Post,,,미국,140535,99821,873277,99599,79826,2018-04-16,2018-02-28
FS20199446,원스 어폰 어 타임... 인 할리우드,Once Upon a Time... in Hollywood,일반영화,"드라마,코미디",미국,281276,99533,2273639,99533,91549,2019-11-19,2019-09-25
FS20090176,분노의 질주: 더 오리지널,Fast & Furious,일반영화,액션,미국,675255,99444,5846202,99444,11750,2012-10-14,2009-04-02
FS20180302,허리케인 하이스트,The Hurricane Heist,일반영화,"액션,범죄",미국,214949,99500,2258064,99301,86048,2018-03-21,2018-03-14
FS19960041,아기공룡 둘리-얼음별 대모험,The Adventure Of Ice Planet,,,한국,103717,99271,575771,99271,14385,2012-10-14,1996-07-24
FS20202684,언힌지드,Unhinged,일반영화,"스릴러,범죄",미국,118570,98915,3135881,98915,94090,2020-10-16,2020-10-07
FS20173903,역모-반란의 시대,The Age of Blood,일반영화,"사극,액션",한국,30116,98992,503589,98883,87363,2017-12-01,2017-11-23
FS20155020,대니쉬 걸,The Danish Girl,,,미국,134079,98790,707120,98790,59047,2016-04-11,2016-02-17
FS20182403,크레이지 리치 아시안,Crazy Rich Asians,일반영화,"멜로/로맨스,코미디",미국,154297,98726,1740557,98726,62105,2018-12-05,2018-10-25
FS20217845,더 수어사이드 스쿼드,The Suicide Squad,일반영화,"액션,어드벤처,판타지,미스터리,SF",미국,419796,98642,4481977,98642,93268,2021-08-27,2021-08-04
FS20170321,목소리의 형태,A SILENT VOICE: the Movie,일반영화,"애니메이션,멜로/로맨스",일본,292853,98547,1742391,98547,62388,2017-05-29,2017-05-09
FS20247781,데드풀과 울버린,DEADPOOL & WOLVERINE,일반영화,"액션,코미디,SF",미국,1977012,98524,14548080,98524,97055,2024-07-24,
FS20124932,저스티스,Seeking Justice,일반영화,"액션,드라마,스릴러",미국,44546,99527,621653,98374,91486,2012-03-15,
FS20158385,착한 처제,Nice Siser in Law,일반영화,드라마,한국,588,98242,10282,98242,53864,2015-12-02,2015-11-19
FS20162545,"무현, 두 도시 이야기","Moo-hyun, Tale of Two Cities",,,한국,193786,99250,1082356,97930,95868,2016-12-05,2016-10-26
FS20249729,슈퍼맨,Superman,일반영화,"액션,어드벤처",미국,864368,97705,6515925,97705,96645,2025-07-09,
FS20147250,폴리스 스토리 2014,Police Story 2013,일반영화,"액션,범죄,드라마,스릴러",중국,153591,99779,708476,97689,95458,2014-01-29,
FS20151063,깡치,Kkangchi,,,한국,241,98470,10097,97664,66597,2016-09-08,2016-09-08
FS20122843,차이니즈 조디악,12 Chinese Zodiac Heads,일반영화,"액션,어드벤처",중국,315314,98954,1864437,97637,92485,2013-03-15,2013-02-27
FS20173092,어메이징 메리,Gifted,,,미국,34777,97623,200106,97623,39969,2017-11-15,2017-10-04
FS20170443,스타워즈: 라스트 제다이,Star Wars: The Last Jedi,일반영화,"액션,어드벤처,판타지,SF",미국,959577,97591,5342400,97591,45513,2018-04-03,2017-12-14
FS20134562,비포 미드나잇,Before Midnight,,,미국,221514,97541,1598079,97541,16249,2014-01-17,2013-05-22
FS20176082,몬스터 패밀리,Monster Family,일반영화,애니메이션,독일,397633,97535,1011562,97535,84046,2018-01-08,2017-12-21
FS20189069,데스 위시,DEATH WISH,일반영화,"액션,범죄,드라마,스릴러",미국,7915,97830,151979,97517,87972,2018-10-22,2018-10-11
FS20020066,블랙 호크 다운,Black Hawk Down,일반영화,전쟁,미국,0,97474,0,97474,6268,2013-12-02,2002-01-31
FS20163018,싱 스트리트,Sing Street,,,아일랜드,617021,97454,3771587,97454,53714,2016-07-22,2016-05-19
FS20233227,전지적 독자 시점,Omniscient Reader,일반영화,"판타지,액션",한국,1061262,97413,7272205,97413,97357,2025-07-23,
FS20100018,타이탄,Clash Of The Titans,일반영화,"액션,어드벤처,판타지",미국,2643969,97407,19347835,97407,3790,2013-09-03,2010-04-01
FS20127594,비정한 도시 (미개봉),Circle of Crime,일반영화,"미스터리,스릴러",한국,902,97489,1855,97397,93666,,
FS20125338,링컨: 뱀파이어 헌터,Abraham Lincoln: Vampire Hunter,일반영화,,미국,345175,99904,2542057,97333,92279,2012-11-29,2012-08-30
FS20192995,보호자,A Man of Reason,일반영화,"액션,드라마",한국,128534,97225,1264845,97225,95396,2023-08-22,2023-08-15
FS20187647,나를 차버린 스파이,The Spy Who Dumped Me,일반영화,"액션,코미디",미국,264766,97599,2002577,97209,85231,2018-10-11,2018-08-22
FS20154729,이스케이프,No Escape,일반영화,"액션,스릴러",미국,47760,97579,534008,97164,80378,2015-11-05,
FS20113881,하이힐을 신고 달리는 여자,I Don't Know How She Does It,일반영화,코미디,미국,71725,97743,706255,96871,2018,2020-06-04,2012-02-02
FS20040756,하울의 움직이는 성,Howl's Moving Castle,,,일본,2614043,96678,6973755,96678,52862,2020-08-26,2004-12-23
FS20131541,블루 재스민,Blue Jasmine,,,미국,144898,96865,1071008,96660,42948,2014-01-13,2013-09-25
FS20080830,인크레더블 헐크,The Incredible Hulk,일반영화,"액션,판타지,SF",미국,991417,96597,5340571,96597,11261,2013-09-03,2008-06-12
FS20140119,미이라 : 피라미드의 비밀,Prisoners of the Sun,일반영화,,미국,2797,98816,6507,96443,94125,2014-07-31,
FS20010251,분노의 질주,The Fast & The Furious,일반영화,"범죄,액션",미국,7266,96311,140799,96311,3553,2013-07-04,2001-09-21
FS20231971,플래시,The Flash,일반영화,액션,미국,635271,96258,6654509,96258,93055,2023-06-30,2023-06-14
FS20192984,극장판 미니특공대: 공룡왕 디노,Miniforce: Dino King,일반영화,애니메이션,한국,79772,96214,699811,96214,70113,2020-02-24,2020-02-06
FS20133704,그렇게 아버지가 된다,"Like Father, Like Son",,,일본,128973,96000,559695,95951,32409,2013-12-19,
FS20000067,러브레터,Love Letter,,,일본,259754,95888,2266472,95888,6257,2016-02-02,1999-11-20
FS20134533,타잔 3D,TARZAN 3D,일반영화,"애니메이션,액션,어드벤처",독일,598204,95956,1923922,95733,74049,2014-01-09,
FS19960083,유주얼 서스펙트,The Usual Suspects,,,미국,7133,95606,138026,95606,6413,2015-01-15,1996-01-27
FS20174585,메리와 마녀의 꽃,Mary and The Witch’s Flower,일반영화,"애니메이션,어드벤처",일본,535669,95495,3388148,95321,80868,2018-03-16,2017-12-07
FS20000176,글래디에이터,Gladiator,일반영화,"액션,사극",미국,0,95314,0,95314,7180,2015-01-23,2000-06-03
FS20148535,가자! 장미여관으로 2 - 갈증,,일반영화,멜로/로맨스,한국,3534,95238,13005,94876,50506,2014-04-10,
FS20151521,셀프/리스,Self/less,일반영화,"SF,액션,스릴러",미국,111127,96705,1015173,94835,88741,2015-09-21,2015-09-10
FS20090077,전우치,Jeon Woochi: The Taoist Wizard,일반영화,"액션,코미디,판타지",한국,6065474,94826,19754616,94826,7869,2013-12-02,2009-12-23
FS20170022,다크타워: 희망의 탑,The Dark Tower,일반영화,"액션,어드벤처,판타지",미국,97017,95975,1188837,94552,90061,2017-09-05,2017-08-23
FS20129092,테드: 황금도시 파이티티를 찾아서,Tad: the lost explorer,일반영화,애니메이션,스페인,206320,96242,895140,94499,91447,2012-09-20,
FS20081744,볼트,Bolt,일반영화,"애니메이션,코미디,어드벤처,가족",미국,753569,94418,3814226,94418,9932,2012-10-14,2008-12-31
FS20124666,크로니클,Chronicle,일반영화,"액션,스릴러",미국,384398,95204,3538128,94412,1128,2013-12-02,2012-03-15
FS20194541,안녕 베일리,A Dog's journey,일반영화,가족,미국,61099,94310,500148,94310,75501,2019-09-20,2019-09-05
FS20163183,로그 원: 스타워즈 스토리,ROGUE ONE: A STAR WARS STORY,일반영화,"액션,어드벤처,판타지,SF",미국,1019309,94574,5752855,94247,83438,2017-03-23,2016-12-28
FS20231495,소주전쟁,Big Deal,일반영화,"기타,드라마",한국,283787,94207,3458853,94207,93828,2025-05-30,
FS20119513,7광구,Sector 7,일반영화,"SF,액션,스릴러",한국,2242510,96341,9560387,94151,69838,2011-08-04,
FS20149257,설계,,일반영화,스릴러,한국,45726,94161,711641,93937,9316,2015-04-10,2014-09-18
FS20142641,나를 잊지 말아요,Remember You,일반영화,멜로/로맨스,한국,427197,94973,2923120,93726,79946,2016-01-25,2016-01-07
FS20143502,어떤살인,The Lost Choices,,,한국,17190,93933,320623,93634,78701,2015-10-28,
FS20163845,터닝메카드W: 블랙미러의 부활,Turning Mecards W: Resurrection of the Black Mirror,,,한국,430013,93374,1919372,93374,71239,2017-02-07,2017-01-18
FS20132241,잔다라: 더 비기닝,Jan Dara: The Beginning,,,태국,2502,93355,17769,93351,77952,2013-09-05,
FS20125806,극장판 썬더일레븐GO : 궁극의 우정 그리폰,Inazuma Eleven Go The Movie,일반영화,애니메이션,일본,84255,93583,414356,93346,70893,2012-05-24,
FS20156749,19곰 테드 2,Ted 2,일반영화,코미디,미국,170647,94319,905405,93278,70181,2015-07-21,2015-06-25
FS20168754,7호실,Room No.7,일반영화,코미디,한국,348017,94230,3184650,93128,85455,2017-11-07,2017-11-15
FS20040689,비포 선셋,Before Sunset,,,미국,143101,93083,1001144,93083,5168,2015-02-16,2004-10-22
FS20178126,인시디어스4: 라스트 키,Insidious: The Last Key,일반영화,,미국,554521,93054,3491350,93054,72461,2018-03-29,2018-01-31
FS20139083,언어의 정원,The Garden of Words,,,일본,84079,92898,849940,92898,18274,2013-08-28,2013-08-14
FS20102414,조선명탐정 : 각시투구꽃의 비밀,Detective K : Secret of Virtuous Widow,일반영화,"코미디,액션",한국,4786259,92722,16776789,92632,0,2011-01-27,
FS20155762,진격의 거인: 홍련의 화살,Attack on Titan: Crimson Arrows,일반영화,"애니메이션,판타지",일본,24450,93136,200334,92629,61133,2015-01-28,
FS20229518,천룡팔부: 교봉전,Sakra,일반영화,액션,홍콩,24394,92599,422762,92599,90660,2023-02-02,2023-01-25
FS20088318,배꼽,Horny Family,일반영화,"가족,코미디",한국,50,92620,1292,92449,4367,2018-04-10,2013-01-17
FS20163441,몽키킹2: 서유기 여정의 시작,Monkey King The Legend Begins,일반영화,"액션,판타지",중국,11174,92283,52410,92229,75397,2016-05-24,2016-05-19
FS20128747,분노의 윤리학,An Ethics Lesson,일반영화,"스릴러,드라마",한국,225618,92480,1687571,92128,11465,2016-04-01,2013-02-21
FS20175441,채비,The Preparation,일반영화,드라마,한국,177447,93057,1236964,92093,87250,2017-11-07,2017-11-09
FS20247440,슈퍼배드 4,Despicable Me 4,일반영화,"애니메이션,액션,어드벤처,코미디",미국,1562144,92090,9293408,92090,85174,2024-07-24,
FS19880001,이웃집 토토로,My Neighbor Totoro,,,일본,162737,91685,823902,91685,54583,2020-07-29,2001-07-28
FS20090930,이상한 나라의 앨리스,Alice In Wonderland,일반영화,"판타지,어드벤처,가족",미국,2147012,91581,12385090,91581,19293,2012-10-14,2010-03-04
FS20189123,곰돌이 푸 다시 만나 행복해,Christopher Robin,일반영화,어드벤처,미국,492201,91598,2893073,91549,82814,2018-10-02,2018-10-03
FS20011505,짱구는못말려9:태풍을부르는모레츠!,,일반영화,,일반영화,0,91384,0,91384,7964,2013-04-26,
FS20040490,투모로우,The Day After Tomorrow,일반영화,SF,미국,1830767,91259,4835418,91259,10368,2015-10-05,2004-06-03
FS20040711,화이트 칙스,White Chicks,일반영화,코미디,미국,79186,91190,468552,91190,2927,2014-01-17,2004-11-17
FS20127627,90분,90 minutes,일반영화,스릴러,한국,42,92030,352,91056,84057,2012-08-23,
FS20129588,섀도우 헌터스: 뼈의 도시,The Mortal Instruments: City of Bones,일반영화,"판타지,액션",미국,571074,93144,2465776,90783,21228,2014-03-11,2013-09-12
FS20162569,오베라는 남자,A man called ove,,,스웨덴,92905,90777,599329,90777,55519,2016-06-20,2016-05-25
FS20126010,파닥파닥,PADAK,,,한국,13437,90757,142729,90757,27568,2012-10-14,2012-07-25
FS20185361,두번할까요,"LOVE, AGAIN",일반영화,"코미디,멜로/로맨스",한국,177351,90865,2159132,90568,87122,2019-10-29,2019-10-17
FS20090685,2012,2012,일반영화,"SF,액션,어드벤처",미국,5397597,90496,18540439,90496,10950,2012-10-14,2009-11-12
FS20123484,실버라이닝 플레이북,The Silver Linings Playbook,,,미국,129875,91082,953035,90072,59580,2013-03-04,2013-02-14
FS20149125,천국에 다녀온 소년,Heaven Is for Real,일반영화,드라마,미국,41957,89996,267762,89996,63251,2014-07-02,2014-06-12
FS20181416,유열의 음악앨범,Tune in for Love,일반영화,"멜로/로맨스,드라마",한국,1245612,90374,10502049,89956,86069,2019-09-20,2019-08-28
FS20126413,페이스 블라인드,Faces In The Crowd,일반영화,"범죄,미스터리,스릴러",미국,88977,92759,654001,89817,5672,2012-10-14,2012-06-21
FS20228640,신비아파트 극장판 차원도깨비와 7개의 세계,Shinbi's Haunted House: The Dimension Ghost and the Seven Worlds,일반영화,애니메이션,한국,432388,89778,1925961,89778,79658,2022-12-21,2022-12-14
FS20248711,발레리나,BALLERINA,일반영화,"액션,스릴러",미국,323108,89691,2723088,89691,89691,2025-08-06,
FS20101213,나니아 연대기: 새벽 출정호의 항해,The Chronicles of Narnia: The Voyage of The Dawn Treader,일반영화,"판타지,가족,어드벤처",미국,1172586,89626,6456310,89626,0,2010-12-08,
FS20216476,브로큰,NOCTURNAL,일반영화,"범죄,드라마",한국,197949,89560,2645420,89560,88902,2025-02-05,
FS20191408,21 브릿지: 테러 셧다운,21 Bridges,일반영화,"스릴러,드라마,범죄",미국,127767,89547,1019712,89465,82749,2020-01-30,2020-01-01
FS20110882,밀레니엄 : 여자를 증오한 남자들,The Girl With The Dragon Tattoo,일반영화,"스릴러,드라마",미국,443855,89603,1953043,89422,7145,2013-12-02,2012-01-11
FS20134588,덕수리 5형제,A Dynamite Family,일반영화,"코미디,스릴러",한국,210777,91072,1388896,89267,80180,2014-12-12,2014-12-04
FS20140458,노벰버 맨,The November Man,일반영화,"액션,스릴러",미국,252444,89341,2771751,89206,78723,2014-10-24,2014-10-16
FS20190621,죽지않는 인간들의 밤,Night of the Undead,일반영화,"코미디,스릴러",한국,104034,89446,1642728,89117,84949,2020-10-08,2020-09-29
FS20101222,황해,The Yellow Sea,일반영화,"스릴러,액션,범죄",한국,2260512,89078,7695594,88952,300,2016-05-23,2010-12-22
FS20217551,내가 죽기를 바라는 자들,Those Who Wish Me Dead,일반영화,"범죄,스릴러",미국,54951,88874,1678546,88874,85301,2021-05-21,2021-05-05
FS20168154,딥워터 호라이즌,Deepwater Horizon,일반영화,"액션,드라마",미국,101303,89078,925088,88815,71040,2017-02-01,2017-01-25
FS19990053,해피엔드,Happy End,일반영화,"멜로/로맨스,스릴러",한국,479,88790,4410,88790,19088,2014-08-14,1999-12-11
FS20140059,팅커벨: 해적요정,The Pirate Fairy,일반영화,"애니메이션,어드벤처,판타지",미국,0,88999,0,88752,52274,,
FS20233008,로비,LOBBY,일반영화,"드라마,코미디",한국,262377,88479,4190792,88479,88219,2025-04-02,
FS20149287,덤 앤 더머 투,Dumb and Dumber To,일반영화,코미디,미국,192726,89817,1155258,88258,80617,2014-11-27,
FS20125467,레이드 : 첫번째 습격,The Raid : Redemption,일반영화,"액션,범죄,스릴러",인도네시아,21761,88268,322458,88012,3789,2012-10-14,2012-05-17
FS20134124,배우는 배우다,Rough Play,일반영화,드라마,한국,112029,88671,1242179,87752,65701,2013-11-05,2013-10-24
FS20110294,캐리비안의 해적: 낯선 조류,Pirates Of The Caribbean: On Stranger Tides,일반영화,"액션,판타지",미국,3130046,87737,12993355,87737,4075,2013-12-02,2011-05-19
FS20001439,짱구는못말려8:태풍을부르는정글,,일반영화,,일반영화,0,87680,0,87680,29150,,
FS20233014,타겟,Don't Buy the Seller,일반영화,스릴러,한국,424918,87733,5546872,87653,86451,2023-09-07,2023-08-30
FS20162925,더 보이,The Boy,,,미국,57652,87547,339835,87322,52974,2016-06-10,2016-06-01
FS20125916,두 개의 달,The Sleepless,일반영화,,한국,426706,88191,2456430,87260,63396,2012-07-12,
FS20252402,군체,COLONY,일반영화,"액션,스릴러",한국,5951875,87219,31063002,87219,87219,2026-05-21,
FS20247176,드래곤 길들이기,How to Train Your Dragon,일반영화,"액션,어드벤처,판타지",미국,1792684,87211,13823224,87211,86812,2025-06-06,
FS20168501,바스티유 데이,Bastille Day,일반영화,액션,미국,96579,87080,1565617,87073,80845,2016-11-01,2016-10-13
FS20162003,명탐정 코난:전율의 악보,Detective Conan: Full Score of Fear,일반영화,"애니메이션,미스터리",일본,116059,87006,431531,87006,61635,2019-02-27,2019-02-14
FS20212973,더 배트맨,The Batman,일반영화,"액션,범죄,드라마",미국,910575,86766,16023146,86766,80233,2022-04-12,2022-03-01
FS20191422,공수도,Justice High,일반영화,"액션,코미디",한국,3028,86755,121277,86755,79973,2020-02-28,2020-04-09
FS20249255,만약에 우리,Once We Were Us,일반영화,멜로/로맨스,한국,2603163,86749,17855762,86749,86749,2025-12-31,
FS20198317,인생은 아름다워,Life is Beautiful,일반영화,뮤지컬,한국,1176466,86379,16027338,86379,83494,2022-10-07,2022-09-28
FS20159092,앙투라지,Entourage,일반영화,코미디,미국,0,86614,0,86219,86219,,
FS20209926,세자매,Three Sisters,,,한국,84091,85900,1647205,85900,79334,2021-02-19,2021-01-27
FS20060348,로맨틱 홀리데이,The Holiday,일반영화,"코미디,멜로/로맨스",미국,1165157,85899,3711586,85899,9955,2012-10-14,2006-12-14
FS20206062,극장판 포켓몬스터 뮤츠의 역습 EVOLUTION,Pokémon: Mewtwo Strikes Back - Evolution,일반영화,애니메이션,일본,97398,85319,962488,85319,64504,2020-10-19,2020-09-30
FS20148996,파커,Parker,일반영화,"범죄,액션",미국,6828,85277,82652,85276,66352,2014-12-12,2014-12-10
FS20189843,호두까기 인형과 4개의 왕국,The Nutcracker and the Four Realms,일반영화,"판타지,드라마",미국,518272,85287,2231743,85205,71869,2019-01-28,2018-12-06
FS20159657,최강전사 미니특공대: 영웅의 탄생,Mini Force : New Heroes Rise,일반영화,애니메이션,한국,117446,86276,587526,85187,46263,2016-03-02,2016-02-04
FS20136292,"가장 따뜻한 색, 블루",Blue Is The Warmest Color,,,프랑스,60368,84971,360390,84971,20604,2014-01-27,2014-01-16
FS20138202,에픽 : 숲속의 전설,Epic,일반영화,"애니메이션,어드벤처",미국,978785,85738,2591852,84954,61643,2013-10-23,2013-08-07
FS20149950,관계,HARU,일반영화,"멜로/로맨스,드라마",한국,2146,84754,5986,84754,36260,2014-08-29,2014-08-27
FS20070116,슈렉3,Shrek 3,일반영화,"애니메이션,코미디,어드벤처,가족,판타지",미국,2826957,84705,13198464,84705,0,2007-06-06,
FS20137082,스니치,Snitch,일반영화,액션,미국,41480,85173,428866,84683,4276,2021-02-22,2013-05-09
FS20163217,라이트 아웃,Lights Out,일반영화,,미국,1111284,84558,5635533,84558,58533,2016-10-11,2016-08-24
FS20170006,제인 도,Autopsy of Jane Doe,,,영국,23469,84631,261864,84502,59191,2017-09-11,2017-08-23
FS20181164,카센타,NAILED,,,한국,14861,84835,166525,84486,80657,2019-12-05,2019-11-27
FS20030135,캐리비안의 해적 : 블랙펄의 저주,Pirates of the Caribbean: The Curse of the Black Pearl,일반영화,"어드벤처,액션,코미디",미국,0,84470,694,84470,5981,2014-06-02,2003-09-05
FS20070303,조디악,Zodiac,일반영화,"범죄,드라마,스릴러",미국,179458,84421,785640,84421,23484,2016-10-13,2007-08-15
FS20160041,인천상륙작전 : 익스텐디드 에디션(확장판),Operation Chromite,일반영화,"전쟁,드라마",한국,27493,84497,203805,84375,71064,2016-09-22,2016-09-13
FS20224303,귀신경찰,THUNDERSTRUCK COP,일반영화,코미디,한국,58661,84372,523904,84372,83457,2025-01-24,
FS20080394,비스티 보이즈,Beastie Boys,,,한국,719587,84436,3518101,84246,5439,2012-11-29,2008-04-30
FS20208282,더 플랫폼,The Platform,,,스페인,66038,84225,1734811,84098,77222,2020-05-28,2020-05-13
FS20112163,극장판 아따맘마3D : 엄마는 초능력자,ATASHINCHI THE 3D MOVIE,일반영화,애니메이션,일본,60368,84609,386344,84085,51793,2011-09-08,
FS20185001,빅샤크: 매직체인지,Happy Little Submarine : MagicBox of Time,일반영화,애니메이션,중국,138793,84003,557070,83939,61757,2018-07-16,2018-06-27
FS20224767,메모리,Memory,일반영화,"범죄,액션",미국,1926,83627,56874,83627,80358,2022-07-18,2022-07-14
FS20140145,홈,Home,일반영화,"애니메이션,어드벤처,판타지",미국,360781,84594,1390366,83593,69193,2015-05-21,
FS20198482,드림,Dream,일반영화,"코미디,드라마",한국,1128616,83585,8504392,83585,81924,2023-05-31,2023-04-26
FS20190881,T-34,T-34,,,러시아,1,83405,95,83405,14909,2019-11-21,2019-06-27
FS19900204,죽은 시인의 사회,Dead Poets Society,,,미국,86677,83251,656987,83251,11201,2014-05-23,1990-05-19
FS20101348,새미의 어드벤쳐,Sammy’s Adventure: : The Secret Passag,일반영화,"애니메이션,어드벤처",벨기에,981294,84094,3657673,83225,29648,2012-10-14,2010-12-15
FS20202585,크루즈 패밀리: 뉴 에이지,The Croods: A New Age,일반영화,"애니메이션,코미디,어드벤처,가족",미국,230057,83047,3554544,83047,72689,2021-05-28,2021-05-05
FS20192986,프리 가이,Free Guy,일반영화,"액션,어드벤처",미국,313842,82605,3448650,82605,78584,2021-09-16,2021-08-11
FS20236146,신차원! 짱구는 못말려 더 무비 초능력 대결전 ~날아라 수제김밥~,New Dimension! Crayon Shinchan the Movie: Battle of Supernatural Powers ~Flying Sushi~,일반영화,애니메이션,일본,945576,81962,4615222,81962,71571,2023-12-22,
FS20242404,캡틴 아메리카: 브레이브 뉴 월드,Captain America: Brave New World,일반영화,"액션,어드벤처,SF",미국,1654160,80647,18637881,80647,80230,2025-02-12,
FS20249188,에이리언: 로물루스,Alien: Romulus,일반영화,,미국,2002045,80019,17069317,80019,78318,2024-08-14,
FS20198429,자백,Confession,일반영화,"범죄,스릴러",한국,738155,79655,11877302,79655,71322,2022-11-28,2022-10-26
FS20211477,데드맨,Dead Man,일반영화,"범죄,드라마",한국,238365,78968,2382459,78968,77371,2024-02-07,
FS20231041,댓글부대,Troll Factory,일반영화,"범죄,드라마",한국,973035,78681,9140461,78681,78220,2024-03-27,
FS20223953,블랙라이트,Blacklight,일반영화,"액션,스릴러",미국,25401,78481,771646,78481,73547,2022-03-07,2022-03-09
FS20258383,나우 유 씨 미 3,Now You See Me: Now You Don’t,일반영화,"범죄,스릴러,액션",미국,1372208,77540,10451812,77540,77540,2025-11-12,
FS20249326,윗집 사람들,The People Upstairs,일반영화,"드라마,코미디",한국,549533,77504,3682435,77504,77504,2025-12-03,
FS20241337,트위스터스,Twisters,일반영화,"액션,어드벤처,드라마",미국,620240,77283,4581845,77283,76758,2024-08-14,
FS20224109,장화신은 고양이: 끝내주는 모험,Puss in Boots: The Last Wish,일반영화,애니메이션,미국,836989,77122,5449059,77122,69121,2023-01-11,2023-01-04
FS20244762,서브스턴스,THE SUBSTANCE,,,영국,562028,76888,4073035,76888,74566,2024-12-11,
FS20231839,인어공주,The Little Mermaid,일반영화,"뮤지컬,가족,판타지,멜로/로맨스",미국,647706,76004,5192317,76004,73216,2023-07-20,2023-05-24
FS20228308,극장판 뽀로로와 친구들: 바이러스를 없애줘!,Pororo and Friends: Virus Busters,일반영화,애니메이션,한국,216905,75731,1211977,75731,64502,2023-01-11,2022-12-01
FS20247782,랜드 오브 배드,Land of Bad,일반영화,"액션,전쟁",미국,44643,75323,840294,75323,72778,2024-03-13,
FS20226798,에브리씽 에브리웨어 올 앳 원스,Everything Everywhere All At Once,,,미국,397531,74686,4312840,74686,65897,2022-11-22,2022-10-12
FS20230199,플레인,Plane,일반영화,"액션,스릴러",미국,37691,74114,628544,74114,70796,2023-03-28,2023-03-15
FS20219330,메이의 새빨간 비밀,Turning Red,일반영화,"애니메이션,어드벤처,코미디",미국,0,73956,0,73956,60096,2022-04-18,
FS20208101,대무가,DAEMUGA,,,한국,63431,74025,1196136,73796,72888,2022-10-20,2022-10-12
FS20204271,행복의 나라,Land of Happiness,일반영화,드라마,한국,710620,73783,6767614,73783,73020,2024-08-14,
FS20227979,보통의 가족,A Normal Family,일반영화,"드라마,기타",한국,650367,73264,8351726,73264,71925,2024-10-16,
FS20211303,여타짜,,일반영화,"범죄,드라마",한국,4970,72926,142693,72845,70745,2021-12-10,2021-12-08
FS20216710,명탐정 코난: 비색의 탄환,Detective Conan: The Scarlet Bullet,일반영화,애니메이션,일본,234945,72380,3571648,72380,47757,2021-11-29,2021-04-16
FS20230209,앤트맨과 와스프: 퀀텀매니아,Ant-Man and the Wasp: Quantumania,일반영화,액션,미국,1551129,72226,16884781,72226,70510,2023-04-10,2023-02-15
FS20248492,와일드 로봇,The Wild Robot,일반영화,애니메이션,미국,685596,72004,6065402,72004,69801,2024-10-01,
FS20257670,워킹맨,A Working Man,일반영화,"액션,스릴러,범죄",미국,21014,71671,327865,71671,71671,2025-10-01,
FS20256757,극장판 체인소 맨: 레제편,Chainsaw Man The Movie: Reze Arc,일반영화,"애니메이션,액션,어드벤처",일본,3455935,71518,23516787,71518,71518,2025-09-24,
FS20227684,멍뭉이,My Heart Puppy,일반영화,"기타,드라마",한국,196713,71389,1755277,71389,62215,2023-03-09,2023-03-01
FS20219381,퍼피 구조대 더 무비,PAW Patrol: The Movie,일반영화,애니메이션,미국,61674,71081,603196,71081,47759,2021-09-07,2021-08-18
FS20216124,아수라도,,일반영화,"액션,범죄",한국,3166,70093,93310,70004,66576,2021-03-16,2021-03-18
FS20218772,전설의 땁,,일반영화,"범죄,액션",한국,0,69169,0,69086,67629,2022-02-11,
FS20259773,슈퍼 마리오 갤럭시,THE SUPER MARIO GALAXY MOVIE,일반영화,애니메이션,미국,1636662,68973,9636939,68973,68973,2026-04-29,
FS20224667,잠,Sleep,일반영화,,한국,1470568,68746,16091870,68746,66832,2023-10-10,2023-09-06
FS20125330,개인교수 2012,Free Student,일반영화,,벨기에,0,70392,0,68440,2137,2021-03-23,2012-04-05
FS20219345,놉,Nope,일반영화,,미국,416109,68426,4590365,68426,65277,2022-09-07,2022-08-17
FS20218349,정글 크루즈,Jungle Cruise,일반영화,"액션,어드벤처",미국,251071,67979,2844884,67979,66178,2021-10-08,2021-07-28
FS20185249,더러운 돈에 손대지 마라,DIRTY MONEY,일반영화,"범죄,드라마,액션",한국,88600,67745,1643608,67745,67430,2024-10-17,
FS20190323,새해전야,NEW YEAR BLUES,일반영화,"멜로/로맨스,코미디",한국,171500,67560,3653060,67410,63889,2021-02-24,2021-02-10
FS20259626,마이클,Michael,일반영화,드라마,미국,1629574,66304,12337901,66304,66304,2026-05-13,
FS20244167,수퍼 소닉3,Sonic the Hedgehog 3,일반영화,애니메이션,미국,364794,65931,3084032,65931,61994,2025-01-01,
FS20125306,런던 블러바드,London Boulevard,일반영화,"범죄,드라마",미국,16977,66508,320566,65596,1053,2021-06-22,2012-09-20
FS20122541,10일간의 원나잇 스탠드,BEIRUT HOTEL,일반영화,"멜로/로맨스,드라마",프랑스,1510,66346,1800,65005,979,2021-03-23,2012-11-29
FS20225190,뽀로로 극장판 드래곤캐슬 대모험,Pororo Movie_Dragon castle Adventure,일반영화,애니메이션,한국,451136,64789,2052969,64789,49736,2022-08-23,2022-07-28
FS20235030,프레디의 피자가게,Five Nights at Freddy's,일반영화,,미국,712363,64754,4485496,64754,48496,2023-11-14,2023-11-15
FS20245977,극장판 짱구는 못말려: 우리들의 공룡일기,Crayon Shinchan the Movie: Our Dinosaur Diary,일반영화,애니메이션,일본,809926,64710,4725121,64710,60976,2024-12-18,
FS20227445,원피스 필름 레드,One Piece Film Red,일반영화,애니메이션,일본,207265,63903,2230972,63903,54942,2023-02-27,2022-11-30
FS20256202,노바디2,Nobody2,일반영화,"액션,코미디",미국,59534,63837,806348,63837,63837,2025-08-27,
FS20124729,악마를 보았다 감독판,I Saw The Devil: Director's Edition,일반영화,스릴러,한국,0,62815,0,62556,5632,2022-02-16,
FS20217624,컴백홈,Come Back Home,일반영화,"드라마,코미디",한국,51405,62224,1079448,62028,60212,2022-10-11,2022-10-05
FS20218935,더 문,The Moon,일반영화,"SF,액션,드라마",한국,517378,61842,4249363,61842,60600,2023-08-18,2023-08-02
FS20235834,위시,WISH,일반영화,애니메이션,미국,1404574,60620,12134274,60620,58467,2024-01-03,
FS20217769,봄날,When Spring Comes,,,한국,34247,60574,655888,60401,59806,2022-05-03,2022-04-27
FS20202555,톰과 제리,Tom and Jerry,일반영화,애니메이션,미국,135512,60301,2683394,60301,55713,2021-03-23,2021-02-24
FS20262383,쉘터,Shelter,일반영화,"액션,스릴러",미국,21880,59953,267573,59953,59953,2026-04-15,
FS20240532,짱구,Audition 109,일반영화,드라마,한국,411178,59904,2898469,59904,59904,2026-04-22,
FS20225237,명탐정 코난: 할로윈의 신부,Detective Conan: The Bride of Halloween,일반영화,애니메이션,일본,495842,59776,2322334,59776,47421,2022-11-10,2022-07-13
FS20259791,악마는 프라다를 입는다 2,The Devil Wears Prada 2,일반영화,드라마,미국,1597548,59763,12598317,59763,59763,2026-04-29,
FS20212724,앰뷸런스,Ambulance,일반영화,"액션,범죄,드라마",미국,117515,59665,3943587,59665,57779,2022-05-02,2022-04-06
FS20210546,악마가 이사왔다,PRETTY CRAZY,일반영화,"멜로/로맨스,미스터리,코미디",한국,437776,59596,4066006,59596,59596,2025-08-13,
FS20244821,미키 17,Mickey 17,일반영화,"어드벤처,SF,드라마,코미디",미국,3013854,59455,24415064,59455,58425,2025-02-28,
FS20177501,플립,Flipped,일반영화,"드라마,멜로/로맨스",미국,370830,59317,2200573,59317,5224,2022-02-15,2017-07-12
FS20212952,극장판 안녕 자두야: 제주도의 비밀,Hello Jadoo : The Secret of Jeju Island,일반영화,애니메이션,한국,122312,59112,1566816,59112,51120,2022-02-16,2022-01-27
FS20224304,피는 물보다 진하다,The Goblin,일반영화,액션,한국,14201,58863,101688,58778,57610,2022-05-31,2022-05-25
FS20229205,메간,M3GAN,일반영화,,미국,230874,58736,2581389,58736,50111,2023-02-21,2023-01-25
FS20232180,스파이더맨: 어크로스 더 유니버스,Spider-Man: Across the Spider-Verse,일반영화,애니메이션,미국,923007,58624,7106123,58624,51176,2023-07-31,2023-06-21
FS20192680,끝장수사,THE ULTIMATE DUO,일반영화,"범죄,액션,코미디",한국,91410,57691,1225183,57691,57691,2026-04-02,
FS20227626,화란,Hopeless,일반영화,드라마,한국,264053,57582,4960875,57527,56684,2023-10-20,2023-10-11
FS20212668,도그데이즈,Dog Days,일반영화,드라마,한국,368423,57483,3819489,57483,56718,2024-02-07,
FS20197122,1947 보스톤,Road to Boston,일반영화,드라마,한국,1029786,56573,9098314,56573,54818,2023-10-12,2023-09-27
FS20216051,리스타트,RE-START,일반영화,액션,미국,40059,55421,1006277,55329,53107,2021-03-22,2021-03-11
FS20217425,더 와일드: 야수들의 전쟁,THE WILD,일반영화,"액션,범죄",한국,44540,55220,651422,55220,52430,2023-12-06,2023-11-15
FS20211177,하우스 오브 구찌,House of Gucci,일반영화,"범죄,드라마,스릴러",미국,143619,55150,2194575,55150,51592,2022-01-25,2022-01-12
FS20244850,시빌 워: 분열의 시대,Civil War,,,미국,113870,54735,1386214,54735,54150,2024-12-31,
FS20215046,노매드랜드,Nomadland,,,미국,86658,54560,1321047,54560,50574,2021-05-07,2021-04-15
FS20225167,더 렛지,The Ledge,,,영국,2394,54306,40464,54149,52540,2022-06-23,2022-06-15
FS20236568,목스박,Holy Punch,일반영화,"액션,코미디",한국,16776,53805,135426,53805,52583,2024-03-20,
FS20219822,맨 인 더 다크 2,Don't Breathe 2,일반영화,,미국,78859,53733,966366,53733,50084,2021-09-17,2021-09-01
FS20210865,고장난 론,Ron’s Gone Wrong,일반영화,애니메이션,미국,160096,53580,2265105,53580,48335,2021-12-31,2021-10-27
FS20249624,프로젝트 Y,PROJECT Y,일반영화,"범죄,드라마",한국,140808,53511,2552437,53511,53511,2026-01-21,
FS20240193,무파사: 라이온 킹,Mufasa: The Lion King,일반영화,애니메이션,미국,852680,53348,6585585,53348,52560,2024-12-18,
FS20216703,더 스파이,The Courier,일반영화,스릴러,미국,313022,53409,5126620,53168,50932,2021-05-25,2021-04-28
FS20256397,원 배틀 애프터 어나더,One Battle After Another,일반영화,"범죄,액션",미국,547854,53095,4045803,53095,53095,2025-10-01,
FS20240614,퇴마록,Exorcism Chronicles: The Beginning,,,한국,502849,52935,6019275,52935,52412,2025-02-21,
FS20180382,일진 2,,일반영화,액션,한국,2,53592,59,52845,46613,2018-09-21,2022-06-25
FS20051060,극장판 포켓몬스터 AG: 뮤와 파동의 용사 루카리오,Pokemon: Lucario And The Mystery Of Mew,일반영화,"애니메이션,액션,어드벤처",일본,180957,51434,1804514,51434,1636,2025-01-22,
FS20212783,로스트 시티,The Lost City,일반영화,"액션,코미디,멜로/로맨스,어드벤처",미국,113186,50934,2890756,50891,48700,2022-05-17,2022-04-20
FS20204845,공기살인,TOXIC,일반영화,드라마,한국,158330,50924,2718236,50846,50234,2022-05-12,2022-04-22
FS20234613,더 커버넌트,Guy Ritchie's The Covenant,일반영화,"전쟁,액션,드라마",미국,52262,50840,515014,50840,48565,2024-09-27,
FS20235098,나폴레옹,Napoleon,일반영화,"전쟁,드라마",미국,227978,50750,2480637,50750,49633,2023-12-26,2023-12-06
FS20218345,괴기맨숀,,일반영화,,한국,32752,50717,349335,50717,46656,2021-07-07,2021-06-30
FS20211241,클리포드 더 빅 레드 독,Clifford the Big Red Dog,일반영화,"애니메이션,어드벤처,드라마,가족,코미디",미국,30319,50466,404790,50390,47441,2022-01-27,2022-01-12
FS20196763,고스트버스터즈 라이즈,Ghostbusters: Afterlife,일반영화,"어드벤처,미스터리,액션",미국,114950,50394,3186812,50331,47673,2021-12-31,2021-12-01
FS20205443,나일 강의 죽음,Death on the Nile,일반영화,"범죄,드라마,미스터리",미국,232885,49336,5384012,49336,46092,2022-03-23,2022-02-09
FS2023C266,몬스터 호텔: 뒤바뀐 세계,Hotel Transylvania: Transformania,일반영화,"애니메이션,코미디,가족,판타지",미국,0,48974,0,48974,42026,2023-04-28,
FS20253852,퍼스트 라이드,The First Ride,일반영화,"코미디,드라마",한국,742536,48921,8021632,48921,48921,2025-10-29,
FS20249251,콘클라베,Conclave,,,미국,334972,48166,3776405,48166,47714,2025-03-05,
FS20040553,새벽의 저주,Dawn Of The Dead,일반영화,,미국,106515,48154,404651,48154,3090,2021-12-18,2004-05-14
FS20225055,뜨거운 피: 디 오리지널,Hot Blooded: The Original,일반영화,"액션,범죄",한국,13854,48121,33750,48121,44422,2022-05-24,2022-05-26
FS20196669,앵커,Anchor,일반영화,스릴러,한국,171257,47848,3929815,47809,46603,2022-05-03,2022-04-20
FS20232536,명탐정코난: 흑철의 어영,Detective Conan The Movie: Black Iron Submarine,일반영화,애니메이션,일본,801511,47719,4217577,47719,41762,2023-11-22,2023-07-20
FS20135304,극장판 포켓몬스터DP: 기라티나와 하늘의 꽃다발 쉐이미,Pokemon the Movie: Giratina and the Sky Warrior,일반영화,애니메이션,일본,581236,47701,1585485,47701,11281,2013-08-14,2022-06-01
FS20216523,모탈 컴뱃,Mortal Kombat,일반영화,"액션,어드벤처,판타지",미국,40461,47650,1747723,47650,43526,2021-04-28,2021-04-08
FS20250188,하트맨,Heartman: Rock and Love,일반영화,코미디,한국,248014,47506,3152819,47506,47506,2026-01-14,
FS20231042,빅토리,Victory,일반영화,"기타,드라마",한국,509257,47214,4333696,47214,46520,2024-08-14,
FS20255381,위키드: 포 굿,Wicked: For Good,일반영화,"판타지,뮤지컬,어드벤처",미국,972817,47093,9073000,47093,47093,2025-11-19,
FS20125127,교수와 여제자2,À l'aventure,일반영화,멜로/로맨스,프랑스,9,47311,650,46875,3415,2021-02-22,2012-03-28
FS20234137,칸다하,Kandahar,일반영화,"스릴러,액션",미국,6149,46771,110341,46771,44605,2023-09-21,2023-09-20
FS19988717,명탐정 코난: 14번째 표적,"DETECTIVE CONAN, The Fourteenth Target",일반영화,애니메이션,일본,79182,46583,1067781,46583,4081,2016-07-05,2025-02-14
FS20253766,파이널 데스티네이션 블러드라인,Final Destination Bloodlines,일반영화,,미국,80031,46206,1260450,46206,45836,2025-05-14,
FS20230495,아임 히어로 더 파이널,IM HERO THE FINAL,일반영화,"공연,다큐멘터리",한국,250702,46181,1615379,46181,38468,2023-04-10,2023-03-01
FS20216801,"극장판 포켓몬스터: 정글의 아이, 코코",Pokemon the Movie: Secrets of the Jungle,일반영화,애니메이션,일본,213913,46077,1763145,46077,43372,2021-10-07,2021-09-15
FS20231415,소풍,Picnic,,,한국,370737,45762,2941811,45762,44790,2024-02-07,
FS20246361,뽀로로 극장판 바닷속 대모험,Pororo movie Underwater adventure,일반영화,애니메이션,한국,431230,45558,3093143,45558,43047,2025-01-01,
FS20231004,65,65,일반영화,액션,미국,12080,44830,458985,44830,43084,2023-04-28,2023-04-20
FS20233220,노이즈,Noise,일반영화,,한국,1707629,44659,8692184,44659,44168,2025-06-25,
FS20244883,썬더볼츠＊,Thunderbolts*,일반영화,"액션,어드벤처",미국,922455,44397,9105297,44397,44122,2025-04-30,
FS20223831,스파이 코드명 포춘,Operation Fortune: Ruse de guerre,일반영화,액션,미국,47006,44208,839706,44208,41863,2023-09-11,2023-08-30
FS20235596,트롤: 밴드 투게더,Trolls Band Together,일반영화,애니메이션,미국,407850,44056,1701544,44056,41182,2024-01-09,2023-12-20
FS20190353,사흘,Devils Stay,일반영화,,한국,200491,43834,2386032,43834,43516,2024-11-14,
FS20218875,극장판 도라에몽: 진구의 신공룡,Doraemon the Movie: Nobita’s New Dinosaur,일반영화,"애니메이션,어드벤처,코미디",일본,64597,43710,713505,43710,33799,2021-08-12,2021-08-05
FS20113982,레전드 오브 래빗,Legend of a Rabbit,일반영화,애니메이션,중국,85245,45030,645151,43576,1635,2021-04-19,2012-02-22
FS20254275,킹 오브 킹스,The King of Kings,일반영화,애니메이션,한국,1318869,43551,6380534,43551,43273,2025-07-16,
FS20200065,더 파더,The Father,,,영국,48688,43425,918387,43425,37715,2021-04-19,2021-04-07
FS20242794,임영웅│아임 히어로 더 스타디움,LIM YOUNG WOONG│IM HERO THE STADIUM,일반영화,"공연,다큐멘터리",한국,357858,43056,2970596,43056,41975,2024-08-28,
FS20216069,모리타니안,The Mauritanian,,,미국,41897,42915,1279550,42915,39410,2021-03-22,2021-03-17
FS20231494,엑소시스트: 더 바티칸,The Pope's Exorcist,일반영화,,미국,14639,42878,266492,42878,40246,2023-05-17,2023-05-10
FS20224965,DC 리그 오브 슈퍼-펫,DC League of Super-Pets,일반영화,"애니메이션,액션,어드벤처",미국,248798,42622,1492368,42622,40738,2022-09-06,2022-08-10
FS20240125,나쁜 녀석들: 라이드 오어 다이,BAD BOYS: RIDE OR DIE,일반영화,"액션,코미디",미국,142393,42487,1851725,42487,41689,2024-06-06,
FS20217174,극장판 콩순이: 장난감나라 대모험,KONGSUNI the movie : Toy World Adventure,,,한국,77990,42113,1160699,42113,32316,2021-05-24,2021-05-05
FS20233879,크리에이터,The Creator,일반영화,"SF,액션",미국,262824,42024,3761157,42024,40955,2023-11-13,2023-10-03
FS20228313,"오늘 밤, 세계에서 이 사랑이 사라진다 해도",Even If This Love Disappears from the World Tonight,,,일본,1271951,41914,6466758,41914,28138,2023-01-31,2022-11-30
FS20071054,중경삼림,Chungking Express,,,홍콩,123487,42830,1518888,41881,7081,2021-03-23,1995-09-02
FS20208721,리미트,Limit,일반영화,"범죄,스릴러",한국,68098,41744,1530372,41544,40852,2022-09-06,2022-08-31
FS20234519,시수,SISU,,,기타,10902,41299,198754,41299,37757,2023-11-10,2023-10-25
FS20232949,대도시의 사랑법,Love in the Big City,일반영화,"드라마,멜로/로맨스",한국,879244,41008,9628373,41008,40438,2024-10-01,
FS20217478,도라에몽: 스탠바이미 2,Stand by Me Doraemon 2,일반영화,애니메이션,일본,82311,41003,915982,41003,37666,2021-06-29,2021-05-19
FS20233039,살인자 리포트,MURDER REPORT,일반영화,"드라마,스릴러",한국,366298,40939,3456102,40939,40939,2025-09-05,
FS20196906,스텔라,Stellar,일반영화,"코미디,판타지,드라마",한국,97312,41188,2288014,40812,40307,2022-04-22,2022-04-06
FS20235034,더 마블스,The Marvels,일반영화,"액션,SF",미국,690814,40754,10847079,40754,39393,2023-11-08,
FS20218904,코다,CODA,,,프랑스,82565,40420,1015510,40420,34254,2021-09-27,2021-08-31
FS20226670,극장판 헬로카봇: 수상한 마술단의 비밀,Hello Carbot the Movie: The Secret of the Suspicious Magic Troupe,일반영화,애니메이션,한국,231239,40067,1499279,40067,33757,2022-10-21,2022-09-28
FS20249899,트랜스포머 ONE,Transformers One,일반영화,"애니메이션,액션,어드벤처",미국,361685,39985,4376752,39985,37396,2024-09-25,
FS20211317,살수,THE ASSASSIN,일반영화,"액션,사극",한국,4600,40151,147444,39971,39313,2023-03-03,2023-02-22
FS20210937,아담스 패밀리 2,The Addams Family 2,일반영화,,미국,111934,39913,1238701,39913,35275,2021-12-08,2021-11-10
FS20233259,정보원,The Informant,일반영화,"액션,코미디,범죄",한국,168603,39626,1523800,39626,39626,2025-12-03,
FS20256283,호퍼스,HOPPERS,일반영화,애니메이션,미국,765000,39546,5573957,39546,39546,2026-03-04,
FS20225448,불릿 트레인,Bullet Train,일반영화,액션,미국,143629,39528,3192708,39528,36124,2022-09-19,2022-08-24
FS20200154,킬링 로맨스,Killing Romance,일반영화,코미디,한국,191650,39502,3663702,39352,38681,2023-05-15,2023-04-14
FS20196306,일진 3,,일반영화,액션,한국,5,39711,118,39337,34531,2019-01-23,2022-06-25
FS20030371,태극기 휘날리며,TaeGukGi: Brotherhood Of War,일반영화,"전쟁,드라마",한국,2571608,39305,5640286,39305,15805,2021-03-30,2004-02-05
FS20232740,바비,Barbie,일반영화,기타,미국,586374,39300,3470841,39300,37902,2023-07-21,2023-07-19
FS20111891,드라이브 앵그리 3D,Drive Angry 3D,일반영화,액션,미국,30221,39904,583771,39096,1045,2022-01-08,2011-08-25
FS20235613,스턴트맨,The Fall Guy,일반영화,"액션,코미디,멜로/로맨스",미국,214298,39043,2315683,39043,38518,2024-05-01,
FS20240983,명탐정 코난: 100만 달러의 펜타그램,Detective Conan the Movie: The Million-dollar Pentagram,일반영화,애니메이션,일본,753606,38537,5863324,38537,33085,2024-07-17,
FS20124771,감각의 제국 2 - 사다의 사랑,Johnen: Love of Sada,일반영화,멜로/로맨스,일본,4,40660,390,38383,2766,2022-08-29,
FS20247437,브레드이발소: 셀럽 인 베이커리타운,Bread Barbershop : Celeb in Bakery Town,일반영화,애니메이션,한국,202366,38368,955026,38368,34163,2024-03-01,
FS20202247,싱글 인 서울,Single in Seoul,일반영화,"멜로/로맨스,코미디",한국,400681,38061,3993582,38061,37274,2023-12-08,2023-11-29
FS20214848,퍼펙트 케어,I Care a Lot,일반영화,"범죄,스릴러",미국,27462,38124,464518,37701,36011,2021-02-25,2021-02-19
FS20223278,극장판 주술회전 0,Jujutsu Kaisen: Zero,일반영화,애니메이션,일본,733059,37645,10230370,37645,29009,2022-10-05,2022-02-17
FS20081375,샤이닝,The Shining,일반영화,,미국,21734,37486,194599,37486,1473,2015-05-20,2023-06-28
FS20128672,코드,The Code,일반영화,"범죄,스릴러,액션",미국,20,38992,980,37472,1120,2021-11-05,2012-08-30
FS20253114,28년 후,28 Years Later,일반영화,,미국,362548,36545,3828643,36545,36430,2025-06-19,
FS20215843,카오스 워킹,Chaos Walking,일반영화,"어드벤처,SF",미국,147443,36676,3463301,36406,35368,2021-04-05,2021-02-24
FS20256702,컨저링: 마지막 의식,The Conjuring: Last Rites,일반영화,,미국,420993,36120,3344338,36120,36120,2025-09-03,
FS20239573,서치 2,Missing,일반영화,"미스터리,스릴러",미국,414598,35664,5091777,35664,34262,2023-03-20,2023-02-22
FS20110026,로마의 휴일,Roman Holiday,,,미국,46620,34865,483235,34865,4002,2017-02-24,2025-08-20
FS20218758,수색자,The Recon,,,한국,26794,34902,320366,34776,33512,2021-10-13,2021-09-29
FS20205665,밀리언 달러 트러블,Trouble,,,미국,0,35152,0,34747,33461,2021-02-03,
FS20250420,시수: 복수의 길,SISU: ROAD TO REVENGE,일반영화,"액션,전쟁",미국,658,34194,2187,34194,34194,2026-01-07,
FS20250482,"신비아파트 10주년 극장판: 한 번 더, 소환",Shinbi's Haunted House: One More Summon,일반영화,애니메이션,한국,340492,33663,2462043,33663,33663,2026-01-14,
FS20230081,샤잠! 신들의 분노,Shazam! Fury of the Gods,일반영화,"액션,어드벤처",미국,78743,33496,2222233,33496,32530,2023-04-10,2023-03-15
FS20214763,내겐 너무 소중한 너,My lovely angel,,,한국,25694,33248,708511,33248,30954,2021-06-02,2021-05-12
FS20225175,엘비스,Elvis,일반영화,드라마,미국,101523,33241,1339569,33241,31100,2022-07-28,2022-07-13
FS20257728,중간계,Run to the West,일반영화,액션,한국,28356,33107,475594,33107,33107,2025-10-15,
FS20218014,라이더스 오브 저스티스,Riders of Justice,,,기타,7131,33231,327653,33020,31702,2021-06-09,2021-06-02
FS2009A161,17어게인,,일반영화,,일반영화,0,33098,0,33009,810,2022-07-08,
FS20100833,무적자,A Better Tomorrow,일반영화,"드라마,액션",한국,1546132,34454,9084370,32991,1879,2023-12-04,2010-09-16
FS20218653,귀문,GUIMOON: The Lightless Door,일반영화,,한국,93657,33208,1427808,32950,31458,2021-09-02,2021-08-25
FS20193068,비와 당신의 이야기,Waiting For Rain,일반영화,"드라마,멜로/로맨스",한국,400958,33000,7363684,32870,31120,2021-05-17,2021-04-28
FS20234213,익스펜더블 4,Expend4bles,일반영화,액션,미국,63379,32780,1541840,32780,32200,2023-10-25,2023-10-18
FS20236034,백수아파트,The Noisy Mansion,일반영화,"미스터리,드라마,코미디",한국,43370,32659,612568,32659,32482,2025-02-26,
FS20218240,여고괴담 여섯번째 이야기 : 모교,WHISPERING CORRIDORS 6 : THE HUMMING,일반영화,,한국,94436,32873,1740723,32621,31918,2021-06-28,2021-06-17
FS20090203,내 남자의 아내도 좋아,Vicky Cristina Barcelona,,,스페인,66884,32918,986963,32562,656,2021-12-18,2009-04-15
FS20234281,더 넌 2,The Nun II,일반영화,,미국,360743,32330,2568036,32330,30243,2023-10-23,2023-09-27
FS20247074,건국전쟁,The Birth of Korea,,,한국,1174140,32191,6572432,32191,28423,2024-02-01,
FS20253331,열혈검사,The Prosecutor,일반영화,액션,중국,13041,31636,291014,31636,31430,2025-04-16,
FS20256927,포풍추영,The Shadow’s Edge,,,홍콩,24921,31368,186016,31368,31368,2025-09-20,
FS20246665,아마추어,The Amateur,일반영화,"액션,스릴러",미국,96449,31334,2036698,31334,31272,2025-04-09,
FS20229365,필사의 추격,The Desperate Chase,일반영화,"코미디,액션",한국,121373,31255,1399855,31255,30460,2024-08-21,
FS20217728,범털 2: 쩐의 전쟁,King of Prison: The Prison War,일반영화,"범죄,액션,드라마",한국,4054,31630,52427,31247,29896,2021-05-13,2021-05-13
FS20234673,뽀로로 극장판 슈퍼스타 대모험,PORORO POPSTAR ADVENTURE,일반영화,애니메이션,한국,388217,31223,2071660,31223,25516,2023-12-13,
FS20242495,브레드이발소: 빵스타의 탄생,Bread Barbershop: Bakery Stars,일반영화,애니메이션,한국,267473,31082,1439121,31082,27215,2024-09-14,
FS20247590,릴로 & 스티치,Lilo & Stitch,일반영화,애니메이션,미국,485327,31051,3508933,31051,30780,2025-05-21,
FS20234253,퍼피 구조대: 더 마이티 무비,PAW Patrol: The Mighty Movie,일반영화,"애니메이션,어드벤처",미국,172547,30998,1170202,30998,27511,2023-10-23,2023-10-06
FS20212672,레지던트 이블: 라쿤시티,Resident Evil: Welcome to Raccoon City,일반영화,,미국,24723,31132,816873,30988,29464,2022-02-08,2022-01-19
FS20139749,하지마,,일반영화,,한국,0,31236,0,30854,1945,2022-01-27,
FS20231603,라이드 온,Ride On,일반영화,"액션,코미디,드라마",중국,12147,30924,90236,30854,22825,2023-06-02,2023-05-31
FS20243181,원맨,IN THE LAND OF SAINTS AND SINNERS,,,아일랜드,5463,30804,140089,30804,29946,2024-09-04,
FS20223839,버즈 라이트이어,Lightyear,일반영화,"애니메이션,액션,어드벤처",미국,344853,30699,2896194,30699,29316,2022-08-01,2022-06-15
FS20218790,스네이크 아이즈: 지.아이.조,Snake Eyes: G.I. Joe Origins,일반영화,"액션,어드벤처,판타지",미국,482,30759,20202,30590,29384,2021-09-08,2021-09-09
FS20250878,노 머시: 90분,Mercy,일반영화,스릴러,미국,101095,30557,1224580,30557,30557,2026-02-04,
FS20235583,인투 더 월드,Migration,일반영화,애니메이션,미국,348884,30312,3223549,30312,28596,2024-01-10,
FS20243702,구룡성채: 무법지대,Twilight of the Warriors: Walled In,,,홍콩,11623,30304,260585,30304,29807,2024-10-16,
FS20252373,넘버원,,일반영화,드라마,한국,280968,30096,1965580,30096,30096,2026-02-11,
FS20225865,옥수역귀신,The Ghost station,일반영화,,한국,256537,30083,1644949,30083,29199,2023-04-27,2023-04-19
FS20252526,메간 2.0,M3GAN 2.0,일반영화,,미국,22308,30059,444946,30059,29948,2025-07-16,
FS20223924,인피니트,Infinite,일반영화,"SF,스릴러",미국,0,29761,0,29761,27422,2022-01-24,
FS20224579,악마들,Devils,일반영화,"액션,스릴러",한국,81521,29848,1174571,29678,28473,2023-07-20,2023-07-05
FS20233261,청설,Hear Me: Our Summer,일반영화,"드라마,멜로/로맨스",한국,802938,29661,8322391,29661,28003,2024-11-06,
FS20212836,355,The 355,일반영화,액션,미국,49098,29671,1327974,29450,28452,2022-02-18,2022-02-09
FS20224333,더 컨트랙터,The Contractor,일반영화,"액션,스릴러",미국,11365,29326,174540,29326,26346,2022-04-27,2022-04-28
FS20130248,거짓말 섹스가 좋아,,일반영화,"멜로/로맨스,드라마",한국,37,30258,1239,29280,0,2022-10-05,2013-07-04
FS20212667,화사한 그녀,MISS FORTUNE,일반영화,,한국,96146,29173,1706307,29173,28255,2023-11-03,2023-10-11
FS20259383,극장판 짱구는 못말려: 초화려! 작열하는 떡잎마을 댄서즈,Crayon Shinchan the movie: Super Hot! The Spicy Kasukabe Dancers,일반영화,애니메이션,일본,488704,29031,2458096,29031,29031,2025-12-24,
FS20232570,극장판 도라에몽: 진구와 하늘의 유토피아,Doraemon the Movie: Nobita`s Sky Utopia,일반영화,애니메이션,일본,97721,28817,572607,28817,22315,2023-08-08,2023-07-08
FS20210303,킬링 카인드: 킬러의 수제자,The Protege,일반영화,"액션,범죄,스릴러",미국,10681,28817,195440,28772,27167,2021-12-10,2021-12-01
FS20218500,졸트,Jolt,일반영화,액션,미국,2056,28277,80037,28202,26408,2021-10-14,2021-10-14
FS20210590,카시오페아,Cassiopeia,,,한국,25151,28173,215819,28003,27462,2022-06-08,2022-06-01
FS20058559,리볼버,Revolver,,,영국,1597,27595,53310,27476,25080,2022-08-12,2022-08-18
FS20210547,캅샵: 미친놈들의 전쟁,Copshop,일반영화,"액션,스릴러",미국,5142,27414,155002,27346,26007,2021-12-16,2021-12-09
FS20010044,썸머 타임,Summer Time,일반영화,멜로/로맨스,한국,0,27178,0,27156,12101,2022-01-12,2001-05-26
FS20149949,네 무덤에 침을 뱉어라 2,I Spit on Your Grave 2,일반영화,,헝가리,54,26650,191,26650,3068,2021-03-23,2014-07-31
FS20200418,배니싱: 미제사건,Vanishing,일반영화,"기타,범죄,미스터리,스릴러,멜로/로맨스",프랑스,36253,26581,1010642,26581,25480,2022-04-04,2022-03-30
FS20139751,하소연 애인,,일반영화,,한국,0,26682,0,26268,425,2022-01-12,
FS20228652,3000년의 기다림,Three Thousand Years of Longing,,,호주,24731,26284,291148,26234,25192,2023-01-17,2023-01-04
FS20232778,인시디어스: 빨간 문,Insidious: The Red Door,일반영화,,미국,401658,26200,2164241,26200,24859,2023-08-01,2023-07-19
FS20048703,다운폴,The Downfall,,,독일,1089,26152,7894,26152,4862,2014-01-22,2024-03-27
FS20214963,큰엄마의 미친봉고,MY BIG MAMA'S CRAZY RIDE,일반영화,코미디,한국,3632,26186,64916,26014,22535,2021-01-19,2021-01-21
FS20219115,라스트 듀얼: 최후의 결투,The Last Duel,일반영화,"액션,스릴러",미국,60715,25593,992371,25519,24254,2022-01-17,2021-10-20
FS20216022,웨이 다운,Way Down,일반영화,"액션,어드벤처,범죄,판타지",스페인,14513,25753,399215,25496,24176,2021-03-16,2021-03-11
FS19950220,브레이브 하트,Brave Heart,일반영화,"드라마,액션,전쟁,사극",미국,5721,25348,19675,25348,1150,2021-12-28,1995-06-17
FS20224148,극장판 엉덩이 탐정: 수플레 섬의 비밀,Butt Detective the Movie: the Secret of Souffle Island,일반영화,애니메이션,일본,152768,25273,988547,25273,19259,2022-05-12,2022-05-05
FS20211220,레이징 파이어,Raging Fire,,,홍콩,1448,25598,51832,25270,24505,2022-01-17,2022-01-20
FS20234797,헝거게임: 노래하는 새와 뱀의 발라드,The Hunger Games: The Ballad of Songbirds and Snakes,일반영화,"액션,어드벤처,SF,스릴러",미국,185507,25061,3048507,24981,24227,2023-11-23,2023-11-15
FS20257521,프로텍터,Protector,일반영화,액션,한국,25085,24894,398202,24894,24894,2026-03-25,
FS20232075,명탐정코난: 하이바라 아이 이야기 ~흑철의 미스터리 트레인,Detective Conan: The Story of Ai Haibara: Black Iron Mystery Train,일반영화,애니메이션,일본,81475,24820,564836,24820,20624,2023-06-23,2023-06-23
FS20253906,프레디의 피자가게 2,Five Nights at Freddy's 2,일반영화,,미국,236613,24518,1610766,24518,24518,2025-12-03,
FS20248633,주차금지,No Parking,일반영화,,한국,19970,24338,206524,24338,24207,2025-05-21,
FS20219375,1980,1980: The unforgettable day,일반영화,"기타,드라마",한국,44067,24363,647016,24309,23851,2024-03-27,
FS20223991,어부바,Eobuba,,,한국,24408,24486,393014,24308,23936,2022-05-23,2022-05-11
FS20128527,레인 폴,Rain Fall,일반영화,"스릴러,액션",일본,30,25963,868,24294,718,2021-02-19,2012-07-19
FS20244912,아노라,Anora,,,미국,79017,24006,850304,24006,23311,2024-11-06,
FS20134869,호스트,The Host,일반영화,"SF,판타지",미국,42972,25573,699794,23860,0,2021-07-01,2013-04-04
FS20217510,레일로드 워,Railroad Tigers,,,중국,1298,24025,44409,23725,23512,2021-07-02,2021-06-30
FS20209013,워 위드 그랜파,The War with Grandpa,,,미국,15295,23776,436375,23337,22794,2021-03-04,2021-02-24
FS20254824,명탐정 코난: 척안의 잔상,Detective Conan the Movie: One-Eyed Flashback,일반영화,애니메이션,일본,750093,23329,4961191,23329,22745,2025-07-16,
FS20252552,판타스틱 4: 새로운 출발,The Fantastic Four: First Steps,일반영화,"액션,판타지,SF",미국,590759,23182,4655384,23182,23097,2025-07-24,
FS20247460,배드 가이즈 2,The Bad Guys 2,일반영화,"애니메이션,범죄,액션",미국,400243,23131,2116566,23131,23001,2025-07-30,
FS20210541,스펜서,Spencer,,,영국,83239,23130,2284439,23130,21909,2022-04-08,2022-03-16
FS20227304,오펀: 천사의 탄생,Orphan: First Kill,일반영화,,미국,177884,23179,2703094,23055,21732,2022-10-18,2022-10-12
FS20217512,쇼크 웨이브 2,Shock Wave 2,일반영화,"액션,범죄,스릴러",중국,3321,23330,61060,22967,22490,2021-05-20,2021-05-20
FS20209627,아이,I,일반영화,드라마,한국,37767,22991,1029176,22799,22480,2021-03-10,2021-02-10
FS20040596,바람의 파이터,Fighter In The Wind,일반영화,액션,한국,1442299,22769,3667623,22769,1838,2022-05-17,2004-08-12
FS20215314,스푸트닉,Sputnik,일반영화,"SF,스릴러",러시아,1492,22789,63779,22680,21239,2021-02-04,2021-02-04
FS20216043,더 터널,The Tunnel,,,기타,768,22955,31075,22668,21147,2021-03-11,2021-03-04
FS20226107,극장판 도라에몽: 진구의 우주소전쟁 리틀스타워즈 2021,Doraemon the Movie: Nobita’s Little Star Wars 2021,일반영화,애니메이션,일본,48255,22490,406631,22490,16513,2022-08-09,2022-08-03
FS20240925,"안녕, 할부지",My Dearest Fu Bao,일반영화,"다큐멘터리,애니메이션",한국,264282,22459,3835890,22459,22203,2024-09-04,
FS20191143,원더랜드,WONDERLAND,일반영화,"SF,드라마",한국,626078,22537,5958866,22443,22275,2024-06-05,
FS20218527,이공삼칠,On My Way Home,,,한국,7458,22431,114787,22431,20439,2022-06-23,2022-06-08
FS20204628,사일런싱,The Silencing,일반영화,,미국,5011,22478,88152,22327,18940,2021-01-27,2021-01-28
FS20235733,레트리뷰션,RETRIBUTION,일반영화,"액션,스릴러",미국,5115,22144,195977,22108,21761,2024-01-24,
FS20020122,"결혼은, 미친짓이다",Marriage Is a Crazy Thing,일반영화,"드라마,멜로/로맨스",한국,0,22476,0,21888,5344,2021-11-22,2002-04-25
FS20235698,쏘우 X,Saw X,일반영화,,미국,65188,21882,845139,21882,20848,2023-12-20,2023-12-13
FS20232662,삼악도,Samakdo,일반영화,,한국,93325,21860,880449,21860,21860,2026-03-11,
FS20218198,요시찰,The blacklist,일반영화,코미디,한국,0,21839,0,21815,19768,2021-10-05,
FS20219206,킬러의 보디가드 2: 킬러의 와이프,Hitman's Bodyguard 2,일반영화,"액션,코미디,범죄",미국,3674,21874,52707,21604,20954,2021-08-11,2021-08-04
FS20247673,오멘: 저주의 시작,The First Omen,일반영화,,미국,180695,21598,2063945,21531,21320,2024-04-03,
FS20204394,라스트 프론티어,The Last Frontier,,,러시아,1870,21990,30293,21482,20480,2021-01-08,2021-01-14
FS20250644,직장상사 길들이기,Send Help,일반영화,스릴러,미국,75950,21444,1310508,21444,21444,2026-01-28,
FS20248466,고스트버스터즈: 오싹한 뉴욕,Ghostbusters: Frozen Empire,일반영화,"액션,어드벤처",미국,50879,21314,1289068,21314,20927,2024-04-17,
FS20230641,오토라는 남자,A Man Called Otto,일반영화,드라마,미국,39042,21290,691787,21290,18098,2023-04-25,2023-03-29
FS20235290,도티와 영원의 탑,Dotty and the Tower of Eternity,일반영화,애니메이션,한국,67871,21275,401317,21275,20234,2024-01-17,2023-12-27
FS20218834,그린 나이트,The Green Knight,,,미국,29762,21400,364505,21266,19702,2021-08-13,2021-08-05
FS20226034,바다 탐험대 옥토넛 : 탐험선 대작전,OCTONAUTS Season 5,,,영국,79200,21262,550191,21262,13039,2022-08-30,2022-08-11
FS20250686,하우스메이드,The Housemaid,일반영화,"스릴러,미스터리",미국,68333,21194,993227,21194,21194,2026-01-28,
FS20227374,바빌론,Babylon,일반영화,드라마,미국,217055,21157,3186058,21157,19201,2023-02-07,2023-02-01
FS20212741,안테벨룸,Antebellum,,,미국,95983,21499,1879947,21134,20765,2022-03-03,2022-02-23
FS20225729,스마일,Smile,일반영화,,미국,105651,21007,936019,21007,16380,2022-10-17,2022-10-06
FS20216361,브레이브 언더 파이어,FIRE,일반영화,"기타,액션",러시아,15435,21320,367973,20909,20688,2021-03-22,2021-03-17
FS20249305,가필드 더 무비,The Garfield Movie,일반영화,애니메이션,미국,362721,20904,2311036,20904,19525,2024-05-15,
FS20239610,매복,The Ambush,일반영화,"액션,드라마,전쟁",미국,673,20979,4050,20799,20415,2023-01-05,2023-01-12
FS20218244,더 그레이트 샤크,Great White,일반영화,,헝가리,3114,20865,78622,20674,19666,2021-07-26,2021-08-05
FS20240479,타로,Tarot,일반영화,,한국,19529,20650,173569,20650,19938,2024-06-14,
FS20228046,미시즈 해리스 파리에 가다,Mrs. Harris Goes to Paris,일반영화,"드라마,코미디,멜로/로맨스",미국,9738,20531,227006,20531,19298,2022-11-24,2022-11-02
FS20236674,이프: 상상의 친구,IF,일반영화,"코미디,드라마,가족",미국,109301,20562,929400,20478,19998,2024-05-15,
FS20223896,거미집,COBWEB,일반영화,"코미디,드라마",한국,313686,20420,3471468,20420,19779,2023-10-12,2023-09-27
FS20135178,극장판 블리치 : 페이드 투 블랙,Bleach: Fade to Black,일반영화,"애니메이션,판타지,어드벤처",일본,218,22405,4320,20283,0,2025-06-06,
FS20234114,괴물,Monster,,,일본,571207,20136,3971213,20136,15242,2023-11-29,
FS20121244,코드네임 제로니모,Code Name Geronimo,일반영화,액션,미국,23462,22635,194413,20101,608,2023-09-14,2012-12-13
FS20218347,진삼국무쌍,Dynasty Warriors,일반영화,"액션,전쟁",홍콩,0,20404,0,19802,19530,2021-06-15,
FS20202130,빅풋 주니어2: 패밀리가 떴다,Bigfoot Family,일반영화,애니메이션,기타,14697,19918,434861,19768,17886,2021-01-12,2021-01-06
FS20088147,줄무늬 파자마를 입은 소년,The Boy in the Striped Pajamas,일반영화,"드라마,전쟁",영국,12885,20312,180134,19666,3727,2020-10-13,2026-04-23
FS20224598,동감,Ditto,일반영화,멜로/로맨스,한국,490145,19713,4937662,19513,18640,2022-11-18,2022-11-16
FS20210142,스틸워터,Stillwater,,,미국,22868,19572,538006,19278,18753,2021-10-15,2021-10-06
FS20224866,히든,,일반영화,"액션,드라마",한국,1671,19390,28941,19257,18537,2022-05-27,2022-05-25
FS20211735,원샷,One Shot,,,영국,6503,19496,21831,19064,18828,2022-01-06,2022-01-10
FS20234689,괜찮아 괜찮아 괜찮아!,IT′S OKAY!,,,한국,118625,19000,1384138,19000,16740,2025-02-26,
FS20198663,고백,Go Back,,,한국,32661,19409,699641,18889,17991,2021-03-08,2021-02-24
FS20243562,백설공주,SNOW WHITE,일반영화,"판타지,뮤지컬,어드벤처",미국,190533,18786,3444905,18786,18658,2025-03-19,
FS20234044,베니스 유령 살인사건,A haunting in Venice,일반영화,,미국,205102,18659,4243648,18659,17943,2023-10-17,2023-09-13
FS20199630,어른들은 몰라요,Young Adult Matters,,,한국,35467,18941,592030,18468,17878,2021-05-03,2021-04-15
FS20227753,도그,Dog,일반영화,"코미디,드라마",미국,1645,18465,62955,18207,17517,2022-10-27,2022-10-26
FS20147679,필로미나의 기적,Philomena,,,영국,38053,21208,465959,18111,1399,2021-02-17,2014-04-16
FS20254021,트론: 아레스,Tron: Ares,일반영화,"SF,액션",미국,173352,18095,1913958,18095,18095,2025-10-08,
FS20217490,스페이스 잼: 새로운 시대,Space Jam: A New Legacy,일반영화,"애니메이션,어드벤처,코미디",미국,18241,18302,444989,18062,16319,2021-08-11,2021-07-15
FS20210165,브라더,,일반영화,"범죄,액션",한국,3049,18126,105427,17927,17043,2021-10-13,2021-10-07
FS20210364,탄생,A Birth,일반영화,드라마,한국,356384,17888,2590904,17888,16199,2024-01-02,2022-11-30
FS20234099,극장판 엉덩이 탐정: 미스터리 가면 ~최강의 대결,Butt Detective the Movie SHIRIARTY,일반영화,애니메이션,일본,141025,17777,900176,17777,15476,2023-09-27,2023-09-28
FS20234666,톡 투 미,Talk to Me,,,호주,186760,17740,2255010,17740,15670,2023-11-28,2023-11-01
FS20225855,하얀 차를 탄 여자,The Woman in the White Car,,,한국,20404,17712,404765,17712,17712,2025-10-29,
FS20216726,스트리밍,Streaming,일반영화,"기타,미스터리,스릴러",한국,104505,17543,1899867,17543,17428,2025-03-21,
FS20135179,극장판 블리치 : 다이아몬드 더스트 리벨리온,BLEACH The Movie: The DiamondDust Rebellion,일반영화,"애니메이션,액션,어드벤처",일본,372,19536,6222,17508,0,2025-05-16,
FS20249014,아서,ARTHUR THE KING,일반영화,"어드벤처,드라마",미국,6525,17397,138991,17397,16759,2024-04-17,
FS20226739,고고다이노 극장판: 얼음공룡의 비밀,GOGODINO EXPLORERS MOVIE : FROZEN DINO'S SECRETS,,,한국,54231,17330,571401,17330,9989,2022-10-24,2022-10-05
FS20216582,섀도우 클라우드,Shadow in the Cloud,일반영화,"SF,판타지,액션",미국,1282,17518,58642,17234,16754,2021-04-23,2021-04-22
FS20211271,귀멸의 칼날: 주합회의·나비저택 편,Demon Slayer: Kimetsu no Yaiba The Hashira Meeting Arc,일반영화,애니메이션,일본,29355,17128,582028,17128,10480,2021-11-30,2021-12-01
FS20203446,프라미싱 영 우먼,Promising Young Woman,,,미국,8696,17022,182284,17022,13865,2021-03-22,2021-02-24
FS20218123,미스피츠,The misfits,일반영화,"액션,어드벤처,스릴러",미국,3479,17495,37395,17002,16767,2021-06-04,2021-06-03
FS20241827,플로우,FLOW,,,기타,181275,16975,2086229,16975,16605,2025-03-19,
FS20090931,구르믈 버서난 달처럼,Blades of Blood,일반영화,"사극,액션",한국,1383867,16864,8233823,16864,4571,2022-01-14,2010-04-28
FS20161743,네 무덤에 침을 뱉어라 3,I Spit on Your Grave 3,일반영화,스릴러,미국,0,16801,0,16801,1538,2021-05-21,
FS20259618,콘크리트 마켓,Concrete Market,일반영화,"드라마,스릴러",한국,31962,16776,324547,16776,16776,2025-12-03,
FS20247457,신의악단,Choir of God,일반영화,"드라마,뮤지컬,코미디",한국,1453742,16560,8429263,16560,16560,2025-12-31,
FS20227338,티켓 투 파라다이스,Ticket to Paradise,일반영화,"멜로/로맨스,코미디",미국,60171,16352,1255670,16352,14881,2022-10-25,2022-10-12
FS20211261,귀멸의 칼날: 나타구모산 편,Demon Slayer: Kimetsu no Yaiba Mt. Natagumo Arc,일반영화,애니메이션,일본,47101,16321,743037,16321,9271,2021-11-30,2021-11-17
FS20249434,조커: 폴리 아 되,Joker: Folie à Deux,일반영화,"범죄,드라마,뮤지컬",미국,612831,16248,7366153,16248,15936,2024-10-01,
FS20219331,여름날 우리,My Love,,,중국,424142,16235,2271810,16235,7589,2021-09-27,2021-08-25
FS20228277,더 메뉴,The Menu,일반영화,"미스터리,스릴러",미국,32109,16235,528544,16235,14982,2023-01-19,2022-12-07
FS20257095,명탐정 코난: 17년 전의 진상,Detective Conan,일반영화,애니메이션,일본,89624,16164,756377,16164,16164,2025-09-19,
FS20226726,극장판 검정고무신 : 즐거운 나의 집,,일반영화,애니메이션,한국,24519,16142,261289,16142,13358,2022-10-18,2022-10-06
FS20240441,노 웨이 업,No Way Up,일반영화,"액션,스릴러",영국,6580,16143,165522,16098,15970,2024-06-19,
FS20256381,야당: 익스텐디드 컷,YADANG: Extended Cut,일반영화,"범죄,액션",한국,27405,16092,432523,16092,16092,2025-08-06,
FS20225555,노스맨,The Northman,,,미국,7048,16283,61330,16060,15537,2022-09-29,2022-08-31
FS20231888,플래닛,MIRA,,,러시아,7626,16045,130303,16045,14923,2023-07-06,2023-07-05
FS20139700,테마 오브 러브,,일반영화,,한국,0,16693,0,15913,0,2022-01-05,
FS20226200,귀멸의 칼날: 아사쿠사 편,Demon Slayer: Kimetsu no Yaiba Asakusa Arc,일반영화,애니메이션,일본,24554,15912,348656,15912,11706,2022-08-31,2022-08-25
FS20197654,소울메이트,Soulmate,일반영화,"기타,드라마",한국,250553,15903,3927979,15903,7307,2023-04-11,2023-03-15
FS20240850,극장판 도라에몽: 진구의 지구 교향곡,Doraemon: Nobita's Earth Symphony,일반영화,애니메이션,일본,102856,15757,805599,15757,12772,2024-07-10,
FS20202689,우리가 사랑이라고 믿는 것,Hope Gap,,,영국,15052,15705,205328,15705,10309,2022-03-24,2022-02-24
FS20236933,봉신연의: 조가풍운,Creation Of The Gods I: Kingdom Of Strom,,,중국,409,15691,10178,15691,14181,2024-01-24,
FS20223940,민스미트 작전,Operation Mincemeat,일반영화,"드라마,전쟁",미국,36984,16014,804105,15593,15110,2022-05-13,2022-05-11
FS20135180,극장판 블리치 : 메모리즈 오브 노바디,Bleach: Memories of nobody,일반영화,"애니메이션,어드벤처,판타지",일본,446,17736,5904,15585,0,2025-05-02,
FS20230523,더 웨일,The Whale,,,미국,56647,15686,566730,15546,14981,2023-03-22,2023-03-01
FS20070383,상사부일체,"The Mafia, The Salesman",일반영화,"코미디,액션",한국,883965,15937,5166055,15510,1966,2021-08-19,2007-09-19
FS20227308,스파이더맨: 노 웨이 홈 '펀버전',Spider-Man: No Way Home - The More Fun Stuff Version,일반영화,"액션,어드벤처,SF",미국,35461,15505,900617,15505,6403,2022-10-18,2022-10-05
FS20248082,동화지만 청불입니다,FORBIDDEN FAIRYTALE,일반영화,코미디,한국,168667,15451,2490810,15451,15002,2025-01-08,
FS20219826,용과 주근깨 공주,Belle : The Dragon and the Freckled Princess,일반영화,"애니메이션,어드벤처,드라마",일본,66410,15466,990281,15402,12812,2022-02-24,2021-09-29
FS20223828,나의 히어로 아카데미아 더 무비: 월드 히어로즈 미션,My Hero Academia: World Heroes' Mission,일반영화,애니메이션,일본,48468,15355,684461,15355,10031,2022-03-14,2022-03-09
FS20247638,괴기열차,Ghost Train,일반영화,,한국,105990,15346,819031,15346,15307,2025-07-09,
FS20240195,명탐정 코난 VS 괴도 키드,Detective Conan vs Kid the Phantom Thief,일반영화,애니메이션,일본,113720,15267,727904,15267,14238,2024-06-05,
FS2023C145,워호스 원,WARHORSE ONE,일반영화,"전쟁,액션",미국,0,15251,0,15251,14140,2023-08-17,
FS20226444,극장판 엄마 까투리: 도시로 간 까투리 가족,KATURI the Movie: The Big City Adventure,일반영화,애니메이션,한국,177167,15208,1086269,15208,11444,2022-10-06,2022-09-08
FS20218006,체르노빌 1986,Chernobyl: Abyss,,,러시아,23773,15544,437089,15200,14481,2021-07-13,2021-06-30
FS20247198,마담 웹,Madame Web,일반영화,"액션,어드벤처,SF",미국,15454,15117,567245,15117,14486,2024-03-13,
FS20100980,22 블렛,22 Bullets,일반영화,"액션,범죄",프랑스,128534,18531,1788534,15116,2114,2021-02-21,2010-10-14
FS20218333,꽃다발 같은 사랑을 했다,We Made a Beautiful Bouquet,,,일본,55969,15104,700873,15104,10121,2021-08-13,2021-07-14
FS20254602,씨너스: 죄인들,Sinners,일반영화,액션,미국,101077,15053,1268220,15053,14797,2025-05-28,
FS20218415,드라이브 마이 카,Drive My Car,,,일본,90221,15051,751657,15051,11299,2022-01-26,2021-12-23
FS20247245,홈캠,HOMECAM,,,한국,100007,15032,994184,15032,15032,2025-09-10,
FS20142405,CCTV,CCTV,일반영화,,한국,1188,15248,10465,14984,14482,2021-07-27,2021-07-07
FS20225180,뒤틀린 집,Contorted,일반영화,,한국,34886,15144,246171,14945,14764,2022-07-21,2022-07-13
FS20234581,아가일,Argylle,일반영화,"액션,코미디",미국,140533,14998,2267109,14943,14701,2024-02-07,
FS20232601,틴에이지 크라켄 루비,"Ruby Gillman, Teenage Kraken",일반영화,애니메이션,미국,38553,14932,394267,14932,13599,2023-08-21,2023-07-25
FS20255502,사조영웅전: 협지대자,Legends of the Condor Heroes: The Gallants,일반영화,"전쟁,액션",중국,471,14889,595,14889,14806,2025-07-25,
FS20225206,개들의 도시,,일반영화,"액션,범죄",한국,0,14929,0,14843,13219,2022-06-23,
FS20236557,스즈메의 문단속: 다녀왔어,Suzume,,,일본,48590,14839,536197,14839,10952,2024-01-10,
FS20194425,대가리,Dominator,일반영화,액션,한국,1,15609,59,14833,14277,2019-07-24,2022-06-24
FS20217218,아이들은 즐겁다,KIDS ARE FINE,,,한국,21680,15046,501239,14806,13153,2021-05-12,2021-05-05
FS20060005,맨발의 기봉이,Barefoot Ki-Bong,일반영화,"드라마,코미디,가족",한국,2005180,15115,7419678,14740,2350,2021-01-19,2006-04-26
FS20258324,731,731,일반영화,드라마,중국,32106,14697,390433,14697,14697,2026-01-21,
FS20262657,리 크로닌의 미이라,Lee Cronin's The Mummy,일반영화,,미국,37039,14565,474109,14565,14565,2026-04-22,
FS20204267,론 서바이버 : 아미 오브 원,Army of One,일반영화,액션,미국,0,14769,0,14556,12429,2021-01-22,
FS20224757,룸 쉐어링,My Perfect Roommate,,,한국,17992,14774,183089,14544,13850,2022-07-08,2022-06-22
FS20249250,브리짓 존스의 일기: 뉴 챕터,Bridget Jones: Mad About the Boy,일반영화,"코미디,멜로/로맨스,드라마",영국,43012,14461,995001,14461,14330,2025-04-16,
FS20210662,애프터: 관계의 함정,After We Fell,일반영화,멜로/로맨스,미국,19359,14583,430652,14451,12346,2021-11-09,2021-10-27
FS20225894,뉴 노멀,NEW NORMAL,일반영화,"스릴러,드라마,코미디",한국,103037,14432,1233003,14432,12841,2023-12-01,2023-11-08
FS20173836,엄마친구 4 무삭제,,일반영화,멜로/로맨스,한국,1,15111,150,14423,3962,2023-03-27,2018-06-04
FS20211321,빅샤크4: 바다공룡 대모험,Happy Little Submarine: Journey to the Center of the Deep Ocean,일반영화,어드벤처,중국,61864,14440,349724,14380,13067,2022-07-15,2022-07-06
FS20204319,뮬란 2,Matchless Mulan,일반영화,"어드벤처,액션,드라마",중국,0,14677,0,14352,6867,2021-01-08,
FS20228829,눈의 여왕5: 스노우 프린세스와 미러랜드의 비밀,The Snow Queen & The Princess,일반영화,애니메이션,기타,141354,14355,770038,14310,13524,2023-01-17,2022-12-22
FS20080269,해피 투게더,Happy Together,,,홍콩,60014,14839,1086530,14290,1590,2021-03-26,1998-08-22
FS20113492,웰컴 투 마이 하트,Welcome To The Rileys,,,영국,6589,15245,74715,14278,691,2021-06-11,2012-02-02
FS20212709,블랙폰,The Black Phone,일반영화,,미국,107715,14261,1284783,14261,11812,2022-09-29,2022-09-07
FS20060240,13구역,13th District,일반영화,"액션,SF",프랑스,222570,14314,958328,14144,1568,2021-09-01,2006-08-24
FS20200524,아들의 이름으로,In the Name of the Son,,,한국,26213,14452,777969,14121,13666,2021-06-01,2021-05-12
FS20210244,디어 에반 핸슨,Dear Evan Hansen,일반영화,"뮤지컬,드라마",미국,109091,14108,1624952,14108,11176,2021-11-09,2021-11-17
FS20210684,두다다쿵: 후후섬의 비밀,Duda & Dada: The Secret of Hoohoo Island,일반영화,애니메이션,한국,128122,14071,941393,14071,12534,2023-03-15,2023-02-15
FS20233411,그란 투리스모,Gran Turismo,일반영화,액션,미국,120225,14027,2865258,14027,11916,2023-10-06,2023-09-20
FS20139691,성인 명작 동화,,일반영화,,한국,0,14755,0,13993,0,2022-02-07,
FS20226427,울프 앤 라이언: 위대한 우정,The Wolf and the Lion,일반영화,어드벤처,프랑스,0,13869,0,13869,12452,2022-08-05,
FS20216126,주짓수,Jiu Jitsu,일반영화,액션,미국,1,14216,198,13820,13820,2021-02-17,2021-03-01
FS20245078,레드 원,RED ONE,일반영화,"액션,어드벤처,코미디,판타지,미스터리",미국,60575,13812,990286,13812,13374,2024-11-06,
FS20231143,유랑지구2,The Wandering Earth 2,일반영화,SF,중국,13360,13873,101079,13727,13468,2023-05-18,2023-05-10
FS20217542,적호서생,Soul Snatcher,,,중국,4374,13780,72856,13639,12930,2021-05-06,2021-04-29
FS20225969,늘봄가든,SPRING GARDEN,일반영화,,한국,380388,13563,3127080,13563,12078,2024-08-21,
FS20210301,귀멸의 칼날: 남매의 연,Demon Slayer: Kimetsu no Yaiba SIBLING’S BOND,일반영화,애니메이션,일본,68437,13481,1095819,13481,7485,2021-11-29,2021-11-10
FS20256025,더 러닝 맨,The Running Man,일반영화,액션,영국,38906,13481,805759,13481,13481,2025-12-10,
FS20257823,폭풍의 언덕,Wuthering Heights,일반영화,"드라마,멜로/로맨스",미국,61729,13429,659393,13429,13429,2026-02-11,
FS20132321,시크릿,Arbitrage,일반영화,"드라마,스릴러",미국,1330,15428,2164,13388,823,2021-10-06,2013-08-29
FS20215101,진시황의 검,The Emperor's Sword,일반영화,액션,중국,0,14023,0,13294,13294,2021-03-26,
FS20078705,리댁티드,Redacted,일반영화,"전쟁,액션",미국,150,14445,1554,13287,1086,2021-01-04,2014-04-03
FS20247591,엘리오,Elio,일반영화,애니메이션,미국,616791,13255,4822978,13255,13086,2025-06-18,
FS20229166,라일 라일 크로커다일,"Lyle, Lyle, Crocodile",일반영화,"가족,뮤지컬,드라마",미국,54192,13253,577956,13253,11812,2023-01-25,2023-01-18
FS20226558,아인보: 아마존의 전설,AINBO: Spirit of the Amazon,일반영화,애니메이션,페루,51683,13536,336864,13246,13174,2022-11-23,2022-10-26
FS20236573,침범,SOMEBODY,,,한국,87401,13208,1248478,13208,12643,2025-03-12,
FS20231577,라방,Live Stream,,,한국,13647,13246,409313,13167,13073,2023-07-21,2023-06-28
FS20247397,존 오브 인터레스트,The Zone of Interest,,,미국,207835,13154,1643427,13154,11829,2024-06-05,
FS20121923,엔드 오브 왓치,End Of Watch,일반영화,"범죄,드라마,미스터리,스릴러,액션",미국,11199,15322,140503,13148,1794,2021-01-19,2012-12-06
FS20217500,보이저스,Voyagers,일반영화,"SF,어드벤처,스릴러",미국,22000,13329,497033,13046,12859,2021-06-04,2021-05-26
FS20226864,비스트,Beast,일반영화,,미국,4053,13034,69155,12850,12531,2022-09-27,2022-09-14
FS20231029,슬픔의 삼각형,Triangle of Sadness,,,미국,58692,12918,600486,12849,12031,2023-06-12,2023-05-17
FS20262947,모탈 컴뱃 2,MORTAL KOMBAT 2,일반영화,"액션,어드벤처,판타지",미국,16495,12827,453051,12827,12827,2026-05-06,
FS20225824,치악산,Mount CHIAK,,,한국,21029,12774,330862,12774,11941,2023-09-22,2023-09-13
FS20218459,드라이브,Drive,일반영화,스릴러,한국,71749,12726,992282,12702,12601,2024-06-12,
FS20137524,호스텔 3,Hostel: Part III,일반영화,,미국,0,14290,0,12687,1041,2021-05-25,
FS20249317,악마와의 토크쇼,Late Night with the Devil,,,호주,101256,12770,963083,12686,12518,2024-05-08,
FS20242374,한란,Hallan,,,한국,30937,12627,327538,12627,12627,2025-11-26,
FS20231677,남은 인생 10년,The Last 10 Years,,,일본,562832,12615,3945008,12615,6897,2023-07-03,2023-05-24
FS20249647,서바이브,SURVIVE,,,프랑스,104,12552,860,12552,12282,2025-01-23,
FS20225479,핸썸,,일반영화,코미디,한국,1503,12725,23368,12550,12441,2022-07-06,2022-07-13
FS20257570,8번 출구,The Exit 8,,,일본,450216,12541,5191717,12541,12541,2025-10-22,
FS20202026,마루이 비디오,Marui Video,일반영화,,한국,165892,12702,1103329,12538,12204,2023-02-28,2023-02-22
FS20223397,도어맨,The Doorman,일반영화,액션,미국,5888,12887,161249,12526,12526,2022-03-24,2022-03-16
FS20219892,스피릿,Spirit Untamed,일반영화,"애니메이션,어드벤처",미국,11236,12673,157532,12464,11533,2021-10-12,2021-09-15
FS20219185,건파우더 밀크셰이크,Gunpowder Milkshake,일반영화,액션,프랑스,37496,12584,1142025,12389,11798,2021-09-15,2021-09-08
FS20212851,강남좀비,Gangnam Zombie,일반영화,드라마,한국,2098,12362,39863,12362,11362,2023-01-10,2023-01-05
FS20158484,아스테릭스: 신들의 전당,Asterix: The Land of The Gods,일반영화,애니메이션,프랑스,15315,14144,99793,12330,0,2021-01-19,2015-04-30
FS20247933,당신이 잠든 사이,While you were sleeping,일반영화,"미스터리,멜로/로맨스",한국,4383,12240,104830,12240,11277,2024-03-20,
FS20138607,나의 라임 오렌지 나무,My Sweet Orange Tree,,,브라질,7493,14450,87742,12239,645,2022-01-24,2014-05-29
FS20224634,그대가 조국,The Red Herring,,,한국,333841,12435,1324433,12234,11747,2022-06-16,2022-05-25
FS20217024,오필리아,Ophelia,,,미국,16124,12691,230063,12231,11944,2021-07-20,2021-07-14
FS20256684,웨폰,Weapons,일반영화,,미국,82450,12178,1164984,12178,12178,2025-10-15,
FS20223565,다음 소희,Next Sohee,,,한국,119175,12322,1273722,12130,11590,2023-02-21,2023-02-08
FS20219077,소림천하: 제국의 부활,Rising Shaolin: The Protector,일반영화,"액션,드라마",중국,0,12399,0,12117,11635,2021-08-02,
FS20211242,고속도로 가족,Highway Family,,,한국,24576,12252,505314,12088,11298,2022-11-10,2022-11-02
FS20226806,분노의 추격자,Last Seen Alive,일반영화,액션,미국,1564,12129,75214,12061,10997,2022-10-25,2022-11-03
FS20242344,신비아파트 특별편: 붉은 눈의 사신,Shinbi's Haunted House Special: The Red-Eyed Grim Reaper,일반영화,"애니메이션,어드벤처,액션,판타지",한국,30329,12015,149943,12015,10819,2024-08-14,
FS20258808,뽀로로 극장판 스위트캐슬 대모험,Pororo the Movie: Sweet Castle Adventure,일반영화,애니메이션,한국,266257,12004,1605532,12004,12004,2025-12-11,
FS20139688,별난 여자,,일반영화,,한국,0,12996,0,11985,478,2022-02-28,
FS20219328,대테러부대: 팀 울프,Wolf,,,기타,104,12053,350,11971,11065,2021-08-12,2021-08-25
FS19950332,쇼걸,Show Girls,일반영화,드라마,미국,2971,13664,24541,11902,380,2023-09-27,1995-11-18
FS20201464,빛나는 순간,Everglow,,,한국,15566,12121,390696,11845,11536,2021-07-13,2021-06-30
FS20216885,라이징 호크,The Rising Hawk,일반영화,"액션,드라마,판타지",미국,0,11950,0,11793,10504,2021-03-10,
FS20254083,브릭레이어,BRICKLAYER,일반영화,"액션,스릴러",헝가리,1154,11774,26224,11774,11597,2025-05-28,
FS20261053,몬테크리스토 백작,LE COMTE DE MONTE CRISTO,,,프랑스,29566,11764,214564,11764,11764,2026-02-13,
FS20136238,이태원 버스,,일반영화,,한국,0,13146,0,11723,553,2022-02-07,
FS20167207,랑데부,Rendez-Vous,,,네덜란드,25,12110,2787,11717,1809,2021-12-27,2016-10-06
FS20100101,프롬 파리 위드 러브,From Paris With Love,일반영화,"액션,스릴러,범죄",프랑스,369396,12319,4105931,11704,6233,2021-08-03,2010-03-11
FS20208051,신황제를 위하여,For The New Emperor,일반영화,액션,한국,2,12194,59,11615,10830,2020-10-20,2022-12-19
FS20247648,내 이름은,My Name,,,한국,221532,11548,2213062,11548,11548,2026-04-15,
FS20227885,프레이 포 더 데블,Prey for the Devil,일반영화,,미국,71270,11613,858529,11538,10475,2022-12-16,2022-12-07
FS20124255,카잭,Carjacked,일반영화,"스릴러,드라마",미국,3,12449,318,11492,94,2012-10-14,2022-02-03
FS20223740,크리스마스 캐럴,christmas carol,,,한국,24235,11505,541594,11438,10950,2022-12-15,2022-12-07
FS20230966,사채소년,Usury Academy,일반영화,"액션,드라마",한국,26149,11653,387257,11422,11373,2023-11-27,2023-11-22
FS20211796,아수라장: 범털들의 전쟁,PRISON CHAOS (W/T),일반영화,"범죄,액션",한국,0,11658,0,11415,11120,2023-06-28,
FS20247690,시스터,SISTER,일반영화,스릴러,한국,70293,11415,1276273,11415,11415,2026-01-28,
FS20132625,프린세스 사쿠라,Princess Sakura : Forbidden Pleasure(桜姫),일반영화,멜로/로맨스,일본,1601,12860,2194,11376,2768,2021-08-03,2013-10-02
FS20231164,무명,Hidden Blade,일반영화,"스릴러,액션",중국,22443,11415,232848,11352,3774,2023-05-10,2023-04-26
FS20231459,탐정 말로,Marlowe,,,아일랜드,19546,11353,247931,11315,11151,2024-03-21,
FS20217484,스파이럴,Spiral: From the Book of Saw,일반영화,스릴러,헝가리,132432,11737,3657481,11297,10949,2021-05-25,2021-05-12
FS20228190,스트레인지 월드,Strange World,일반영화,애니메이션,미국,112911,11635,966746,11256,11199,2022-12-21,2022-11-23
FS20256526,브레드이발소: 베이커리타운의 악당들,Bread Barbershop : The Bakerytown Baddies,일반영화,애니메이션,한국,282482,11170,1283749,11170,11170,2025-09-27,
FS20240855,바다 탐험대 옥토넛 어보브 앤 비욘드 : 극지방 대작전,,일반영화,애니메이션,영국,51308,10967,562996,10967,8962,2025-01-27,
FS20135766,나폴레옹 토레스전투,Lines of Wellington,,,포르투갈,5032,12951,5766,10962,271,2023-05-30,2013-11-14
FS20130391,전망 좋은 방 - 맛있는 섹스2,,일반영화,"멜로/로맨스,드라마",한국,2,12229,234,10900,0,2022-10-05,
FS20226201,귀멸의 칼날: 장구저택 편,Demon Slayer: Kimetsu no Yaiba Tsuzumi Mansion Arc,일반영화,애니메이션,일본,11970,10897,228295,10897,6986,2022-08-31,2022-09-15
FS20249507,극장판 하이큐!! 쓰레기장의 결전,Haikyu!!: The Dumpster Battle,일반영화,애니메이션,일본,755718,10892,6639788,10892,9660,2024-05-15,
FS20258562,인 더 로스트 랜드,In the Lost Lands,일반영화,"액션,판타지,SF",독일,724,10853,16225,10853,10853,2025-11-26,
FS20100763,디센트: Part 2,The Descent: Part 2,일반영화,,영국,60801,11691,752498,10744,3408,2021-05-25,2010-08-11
FS20253086,언젠틀 오퍼레이션,The Ministry of Ungentlemanly Warfare,일반영화,"액션,코미디",영국,11043,10713,263648,10713,10574,2025-03-19,
FS20223137,효자,,,,한국,2039,11032,32917,10708,10350,2022-02-17,2022-01-27
FS20232894,플라워 킬링 문,Killers of the Flower Moon,일반영화,"범죄,드라마",미국,167914,10678,1981092,10678,9837,2023-11-30,2023-10-19
FS20227756,킹덤2: 아득한 대지로,Kingdom2,,,미국,4543,10670,129423,10670,8093,2022-11-25,2022-11-16
FS20229551,상견니,Someday or One Day,일반영화,"드라마,판타지,멜로/로맨스",대만,387574,10854,4637945,10662,9291,2023-03-15,2023-01-25
FS20252543,드라이브 인 타이페이,WEEKEND IN TAIPEI,일반영화,액션,프랑스,17763,10660,492227,10660,10525,2025-04-11,
FS20234730,추락의 해부,Anatomy of a Fall,,,프랑스,105169,10641,743167,10641,8771,2024-01-31,
FS20243405,나혼자 프린스,Love Barista,일반영화,"코미디,멜로/로맨스",한국,56198,10621,963192,10621,10621,2025-11-19,
FS20119129,윈터스 본,Winter's Bone,,,미국,11857,12806,87993,10604,908,2021-05-18,2011-01-20
FS20203908,운봉,,일반영화,액션,한국,0,10662,0,10573,9033,2021-02-16,
FS20149316,참호전: 포비든 그라운드,FORBIDDEN GROUND,일반영화,전쟁,호주,10,12086,72,10572,383,2022-10-06,2014-06-26
FS20217982,서울괴담,Urban Myths,일반영화,,한국,112725,10759,1089996,10537,9085,2022-04-27,
FS20217298,불도저에 탄 소녀,The Girl on a Bulldozer,,,한국,12719,10596,264529,10515,9465,2022-04-26,2022-04-07
FS20241502,바다 탐험대 옥토넛 어보브 앤 비욘드 : 바다가 위험해,Octonauts: Above and Beyond – Season 2,일반영화,"애니메이션,액션,어드벤처",영국,42322,10506,374883,10506,8840,2024-08-14,
FS20219400,척살대,The Blade of Wind,일반영화,액션,중국,0,11048,0,10496,10268,2021-07-27,
FS20137467,더 팩토리,The Factory,일반영화,"범죄,스릴러",미국,0,12052,0,10488,894,2021-02-19,
FS20211768,신데렐라 2: 마법에 걸린 왕자,Cinderella and the Spellbinder,일반영화,"애니메이션,판타지,어드벤처",미국,39408,10668,375833,10484,9243,2022-01-04,2021-12-22
FS20262639,노멀,NORMAL,일반영화,"범죄,액션,스릴러",미국,20281,10424,238500,10424,10424,2026-04-17,
FS20223288,셰터드,Shattered,일반영화,"스릴러,범죄",미국,1226,10725,12673,10423,9662,2022-02-16,2022-02-24
FS20131716,스와핑 클럽,The Casserole Club,,,미국,381,11444,1000,10344,360,2023-06-12,2013-08-22
FS19950189,엠마뉴엘 2,Emmanuelle 2,일반영화,드라마,프랑스,109,10574,930,10272,5023,2021-02-03,1995-05-20
FS20219310,말임씨를 부탁해,Take Care of My Mom,,,한국,22454,10309,241986,10147,9420,2022-05-02,2022-04-13
FS20090815,홍길동의 후예,The Righteous Thief,일반영화,"액션,코미디,드라마",한국,612126,10751,3915175,10116,2312,2022-01-14,2009-11-26
FS20219056,메이드 인 이태리,Made In Italy,,,영국,12760,10114,165250,10034,8440,2021-11-30,2021-11-24
FS20147567,체르노빌 다이어리,Chernobyl Diaries,일반영화,,미국,1250,13222,6293,10010,308,2023-05-30,2014-02-13
FS20223819,말할 수 없는 비밀,Secret: Untold Melody,일반영화,"판타지,멜로/로맨스",한국,824156,9952,8027298,9952,9590,2025-01-27,
FS20215081,서바이브 더 나잇,Survive the Night,일반영화,"액션,드라마,스릴러",미국,2908,10190,23332,9948,9948,2021-01-27,2021-02-03
FS20060159,"세가지 사랑, 정사",Antares,,,오스트리아,486,11842,10764,9934,868,2021-05-21,2006-08-03
FS20234796,비밀,Unforgivable,일반영화,"미스터리,드라마,스릴러",한국,7345,9970,107918,9899,9572,2023-12-20,2023-12-13
FS20236732,가여운 것들,Poor Things,,,미국,156159,9899,1470033,9899,9318,2024-03-06,
FS20226568,애프터: 에버 해피,After Ever Happy,일반영화,멜로/로맨스,미국,7505,9929,229093,9850,8028,2022-09-29,2022-09-21
FS20210168,F20,F20,일반영화,스릴러,한국,23372,9749,304417,9749,9749,2021-10-14,2021-10-06
FS20224143,킹 리차드,King Richard,일반영화,"가족,드라마",미국,10504,9729,289737,9729,8129,2022-04-20,2022-03-24
FS20218217,솔저 발터,The Turncoat,일반영화,"전쟁,드라마",독일,0,10108,0,9728,9040,2021-05-31,
FS20231244,렌필드,Renfield,일반영화,,미국,53358,9835,1291223,9722,9511,2023-04-18,2023-04-19
FS20088450,투 러버스,Two Lovers,일반영화,멜로/로맨스,미국,1001,11769,6095,9718,1458,2021-02-22,2014-01-23
FS20165964,친구아빠,,일반영화,멜로/로맨스,한국,1,10771,126,9674,810,2021-07-20,2016-12-01
FS20250115,굿 포츈,Good Fortune,,,미국,25871,9668,385679,9668,9668,2026-01-07,
FS20244882,킹덤4: 대장군의 귀환,Kingdom 4: Return of the Great General,,,일본,4500,9666,90431,9666,8763,2024-11-20,
FS20219311,말리그넌트,Malignant,일반영화,"스릴러,미스터리",미국,41412,9728,866278,9650,7775,2021-10-06,2021-09-15
FS20202792,스트레스 제로,Stress Zero,,,한국,8755,9930,196990,9641,8315,2021-02-03,2021-02-03
FS20236045,"바다 탐험대 옥토넛 어보브 앤 비욘드: 버드, 옥토경보를 울려라!",,,,영국,67753,9584,420703,9584,7741,2023-12-27,
FS20143664,꽃과 뱀 3,Flower&Snake 3,일반영화,멜로/로맨스,일본,387,10540,1840,9575,4082,2022-01-14,2014-11-20
FS20192697,미스터 보스,Mr. Boss,일반영화,"드라마,액션",한국,4267,9853,179823,9549,9549,2021-01-04,2020-12-30
FS20216125,스카이라인: 라스트 워,Skylines,,,미국,1,10151,198,9545,9545,2021-02-18,2021-03-08
FS20193082,웨스트 사이드 스토리,West Side Story,일반영화,"드라마,범죄,뮤지컬",미국,123147,9749,2252963,9537,9301,2022-02-24,2022-01-12
FS20138745,가족,,일반영화,,한국,0,10470,0,9510,0,2021-12-29,
FS20252680,스머프,Smurfs,일반영화,애니메이션,미국,193148,9508,1272312,9508,9508,2025-08-06,
FS20247294,골드핑거,The Goldfinger,일반영화,"범죄,액션",홍콩,35359,9451,688010,9451,9229,2024-04-10,
FS20217171,테이큰 하드체이싱,Seized,일반영화,"액션,스릴러",미국,3365,9894,18879,9450,9450,2021-04-12,2021-04-08
FS20217504,몬스터 오브 맨,Monsters of Man,일반영화,"SF,액션",호주,0,9953,0,9437,9437,2021-04-29,
FS20210600,프렌치 디스패치,The French Dispatch,,,미국,94191,9564,850828,9380,8378,2022-01-17,2021-11-18
FS20211412,밀리터리 맨,Tourist,,,러시아,420,9539,3552,9354,8567,2021-11-11,2021-11-18
FS20227552,비닐하우스,Greenhouse,,,한국,10929,9448,122516,9318,9191,2023-08-01,2023-07-26
FS20236464,도그맨,DOGMAN,,,프랑스,46705,9297,952657,9297,8737,2024-01-24,
FS20138751,쏘빠때,,일반영화,,한국,0,11424,0,9296,0,2021-11-03,
FS20098383,영 빅토리아,The Young Victoria,일반영화,드라마,영국,54,10730,782,9281,1983,2021-12-18,
FS20234789,패스트 라이브즈,Past Lives,일반영화,"기타,드라마",미국,127025,9255,1898006,9255,8775,2024-03-06,
FS20252329,패딩턴: 페루에 가다!,Paddington in Peru,일반영화,"코미디,드라마",미국,126266,9254,1278324,9254,9010,2025-02-19,
FS20217880,매직아치,Magic Arch,일반영화,"애니메이션,코미디",러시아,6633,9302,99224,9187,9094,2021-07-09,2021-07-01
FS20224151,FBI 데스트랩,Midnight in the Switchgrass,일반영화,스릴러,미국,564,9427,16022,9184,9184,2022-03-24,2022-03-30
FS20211054,스크림,Scream,일반영화,,미국,1944,9309,45008,9152,7618,2022-02-15,2022-02-17
FS20245485,귀시,THE CURSED,일반영화,,한국,68623,9131,948516,9131,9131,2025-09-17,
FS2023C666,머즐,MUZZLE,일반영화,"액션,스릴러",미국,0,9224,0,9057,6561,2023-12-19,
FS20250655,디스클로저 데이,Disclosure Day,일반영화,"SF,미스터리",미국,261247,9021,3445357,9021,9021,2026-06-10,
FS20239711,스나이퍼-화이트 레이븐,SNIPER. THE WHITE RAVEN,일반영화,"전쟁,액션,드라마",우크라이나,0,9011,0,9011,7949,2023-01-17,
FS20239570,10일간의 애인,,일반영화,멜로/로맨스,한국,2118,8973,15823,8973,7363,2023-01-05,2023-01-12
FS20216182,싱크로닉,Synchronic,일반영화,"SF,판타지,미스터리",미국,888,9249,33275,8931,8931,2021-04-08,2021-04-01
FS20137678,5분의 기적,Miracle of 5 minutes,일반영화,,한국,0,10794,0,8881,0,2021-10-29,
FS20217334,안녕하세요,Good morning,일반영화,드라마,한국,31242,9061,302208,8865,8680,2022-05-31,2022-05-25
FS20224811,동네방네 흘린 유부녀,,일반영화,,일본,20,8862,91,8862,4033,2022-05-12,
FS20223722,B컷,B Cut,일반영화,"범죄,액션,스릴러",한국,4763,9190,120572,8772,8772,2022-03-31,2022-03-30
FS20232698,바다 탐험대 옥토넛 어보브 앤 비욘드 : 육지 넘어 하늘까지!,Octonauts: Above and Beyond – Season 2,,,영국,84164,8763,683831,8763,6805,2023-08-31,2023-08-10
FS20247219,사운드 오브 프리덤,Sound Of Freedom,일반영화,범죄,미국,53965,8744,562507,8744,8374,2024-02-21,
FS20216123,레컨,Recon,일반영화,"전쟁,액션",미국,613,9085,7734,8592,8592,2021-02-26,2021-02-27
FS20226194,9명의 번역가,The Translators,,,프랑스,9553,8750,153534,8591,7764,2022-09-27,2022-09-14
FS20198501,빛과 철,Black Light,,,한국,10496,9245,219140,8582,7847,2021-03-10,2021-02-18
FS20226365,파라다이스 하이웨이,Paradise Highway,,,미국,4904,8669,67274,8561,8259,2022-08-26,2022-08-24
FS20231843,스크림6,Scream VI,일반영화,,미국,370,8514,19846,8514,7554,2023-05-23,2023-05-24
FS20262771,현상수배,Wanted,일반영화,"코미디,액션",한국,8240,8509,75862,8509,8509,2026-06-10,
FS20235926,퍼펙트 데이즈,Perfect Days,,,일본,142633,8486,745299,8486,7501,2024-07-03,
FS20219624,블룸 업: 스와핑,Bloom Up – A swinger couple story,,,미국,100,8483,346,8483,4035,2021-08-18,2021-08-26
FS20258885,프라이메이트,Primate,일반영화,,미국,37267,8468,654763,8468,8468,2026-01-28,
FS20163321,미스터 홈즈,Mr. Holmes,,,영국,6518,10451,81915,8440,409,2023-05-30,2016-05-26
FS20203009,드림빌더,Dreambuilders,,,기타,18628,8889,389928,8425,8026,2021-02-18,2021-02-10
FS20223743,나이트메어 앨리,Nightmare Alley,일반영화,"범죄,드라마,스릴러",미국,40680,8557,855629,8392,7846,2022-04-06,2022-02-23
FS20218885,쇼미더고스트,Show Me the Ghost,,,한국,2556,8932,55027,8367,7852,2021-09-15,2021-09-09
FS20138750,슬픈 인연,,일반영화,,한국,0,9425,0,8316,0,2022-01-27,
FS20215967,불어라 검풍아,SLATE,,,한국,442,8553,16452,8289,7959,2021-04-02,2021-04-08
FS20227751,가재가 노래하는 곳,Where the Crawdads Sing,일반영화,드라마,미국,14921,8266,406073,8266,4872,2022-11-22,2022-11-02
FS20217766,키퍼스,Keepers,,,영국,1784,8946,116332,8265,8265,2021-05-13,2021-05-12
FS20240669,비틀쥬스 비틀쥬스,Beetlejuice Beetlejuice,일반영화,,미국,116028,8243,2308727,8243,7913,2024-09-04,
FS20236715,킹덤 3: 운명의 불꽃,,일반영화,"액션,전쟁",일본,5008,8309,154436,8219,7525,2024-01-17,
FS20232078,풍재기시,Where the Wind Blows,일반영화,"범죄,드라마",홍콩,10875,8360,161204,8206,921,2023-07-20,2023-07-05
FS20261181,너자 2,Ne Zha 2,일반영화,애니메이션,중국,66134,8203,551347,8203,8203,2026-02-25,
FS20122524,AV스타납치사건,,일반영화,스릴러,한국,10,8822,666,8148,0,2022-04-11,2012-11-22
FS20217844,풍운3,The Immortal Stone of Nirvana,일반영화,"액션,판타지",중국,0,8467,0,8146,7853,2021-04-28,
FS20258827,통제불가,Moonlight Madness,일반영화,"액션,코미디",중국,144,8092,1881,8092,8092,2025-11-06,
FS20233653,마브카 : 숲의 노래,Mavka: The Forest Song,,,우크라이나,51220,8116,486826,8075,7687,2023-10-23,2023-10-18
FS20168748,리벤지,Bound to Vengeance,,,미국,141,8722,259,8071,468,2023-08-16,2018-07-13
FS20215056,아이 씨 유,I See You,,,영국,12870,8805,316130,8049,7653,2021-03-22,2021-03-11
FS20142728,벤데타: 피의 복수,Vendetta,일반영화,"액션,스릴러",영국,10,9928,72,8046,470,2022-12-30,2014-10-22
FS20230956,세기말의 사랑,Ms. Apocalypse,,,한국,12257,8040,163081,8033,501,2024-01-24,
FS20202263,호라이즌 라인,Horizon Line,일반영화,스릴러,미국,4716,8293,93119,8032,7347,2021-02-16,2021-02-10
FS20210661,감금의 시간 무삭제,,일반영화,드라마,한국,0,8031,0,8031,6129,2021-09-29,
FS20219204,브레이브 하트2,Robert the Bruce,일반영화,"전쟁,액션",호주,0,8470,0,8002,7551,2021-07-29,
FS20230200,똑똑똑,Knock at the Cabin,일반영화,"미스터리,스릴러",미국,33771,8114,779177,8001,7799,2023-03-13,2023-03-08
FS20241497,스마일 2,SMILE 2,일반영화,,미국,56073,7998,978197,7998,7375,2024-10-16,
FS20234853,엑소시스트: 믿는 자,The Exorcist: Believer,일반영화,,미국,80221,7981,1382950,7981,7343,2023-10-18,
FS20070458,냉정과 열정사이,Between Calm And Passion,일반영화,"멜로/로맨스,드라마",일본,57107,8580,665370,7950,4091,2022-02-23,2003-10-10
FS20226125,"어쩌다 공주, 닭냥이 왕자를 부탁해!",Pil's Adventures,,,프랑스,41140,8133,275832,7942,7372,2022-09-23,2022-09-08
FS20210004,데드캠프:리부트,Wrong Turn: The Foundation,일반영화,,미국,0,7859,0,7859,6048,2021-09-13,
FS20230545,말없는 소녀,The Quiet Girl,,,아일랜드,19911,7852,187820,7852,6050,2023-07-24,2023-05-31
FS20138744,날 건드리지마,,일반영화,,한국,0,8992,0,7814,0,2022-01-12,
FS20228895,캐리와 슈퍼콜라,CARRIE&SUPERKOLA,일반영화,애니메이션,한국,111366,7962,779355,7784,7209,2023-04-19,2023-01-18
FS20227375,아메리칸 카마수트라,Submission,일반영화,드라마,미국,0,7765,0,7765,3865,2022-09-16,
FS20230767,파벨만스,The Fabelmans,일반영화,드라마,미국,81468,7842,1100682,7758,6871,2023-04-17,2023-03-22
FS20166022,2차 세계대전 타임트랙,FLIGHT WORLD WAR 2,일반영화,"액션,어드벤처,SF",미국,1,8895,164,7754,835,2022-11-02,2016-07-21
FS20125566,스튜던트 서비스,Student Services,일반영화,드라마,프랑스,10,8710,150,7741,1223,2021-03-23,2014-05-30
FS20223990,유산으로 남겨준 새엄마,,일반영화,,한국,100,7738,566,7735,2947,2022-03-08,2022-03-02
FS20150961,걸하우스,Girlhouse,일반영화,스릴러,미국,0,8673,0,7729,795,2021-03-02,
FS20071003,P.S. 아이 러브 유,P.S. I Love You,일반영화,"멜로/로맨스,드라마",미국,315558,9649,1744348,7684,1189,2021-11-21,2008-01-03
FS20231342,초대의 법칙,Borders of Love,,,기타,529,7675,1700,7675,6373,2023-05-03,2023-05-11
FS20218580,더 퍼지: 포에버,The Forever Purge,일반영화,,미국,4774,8231,78454,7671,7471,2021-08-06,2021-07-14
FS20101038,대지진,After Shock,일반영화,드라마,중국,54259,8598,567535,7659,0,2021-01-05,2010-11-04
FS20224341,웨이트: 감각에 눈뜰 때,The Wait,,,핀란드,400,8039,2218,7645,6001,2022-04-07,2022-04-14
FS20249554,스픽 노 이블,Speak No Evil,일반영화,,미국,44422,7644,939644,7644,7191,2024-09-11,
FS20216961,코스믹 씬,Cosmic Sin,일반영화,"SF,액션",미국,5463,7948,51197,7642,7642,2021-04-30,2021-04-22
FS20217573,굴뚝마을의 푸펠,Poupelle of Chimney Town,일반영화,"애니메이션,판타지",일본,23743,7871,526429,7629,6181,2021-06-21,2021-05-26
FS20224495,폭로,Havana,,,한국,6161,7759,172416,7618,7567,2023-10-12,2023-09-20
FS20142854,토카레브,Tokarev,일반영화,"액션,범죄,스릴러",미국,3375,9207,14946,7564,1167,2021-07-01,2014-10-23
FS20217533,팔백기마대,Impasse Rescue,일반영화,액션,중국,0,7975,0,7540,7540,2021-04-12,
FS20253093,헤레틱,Heretic,일반영화,,미국,38333,7490,662418,7490,7337,2025-04-02,
FS20216083,프로페서 앤 매드맨,The Professor and the Madman,,,미국,18367,7768,405790,7480,6796,2021-06-22,2021-06-02
FS20217833,리뎀션 데이,Redemption Day,일반영화,"액션,스릴러",미국,0,7974,0,7419,7419,2021-05-26,
FS20134121,맥시멈 컨빅션,Maximum Conviction,일반영화,"액션,어드벤처,스릴러",미국,1500,8615,1800,7410,627,2023-09-14,2013-01-11
FS20214941,인투 더 미러,PARALLEL,일반영화,"SF,스릴러",캐나다,4506,7914,220834,7393,7393,2021-02-18,2021-02-17
FS20246268,이처럼 사소한 것들,Small Things Like These,,,미국,61411,7356,353946,7356,6866,2024-12-11,
FS20256050,아이 킬 유,I KILL U,일반영화,"액션,드라마",한국,870,7351,18252,7351,7315,2025-07-23,
FS20114923,백만엔걸 스즈코,One Million Yen And The Nigamushi Woman,일반영화,"코미디,드라마",일본,8,9336,253,7349,3823,2016-11-08,2024-06-21
FS20256173,스폰지밥 무비: 네모바지를 찾아서,The SpongeBob Movie: Search for SquarePants,일반영화,애니메이션,미국,86514,7343,600793,7343,7343,2026-01-01,
FS20218784,적인걸: 나찰의 비밀,Detective Dee: Demon Chonchon,일반영화,액션,중국,0,7808,0,7331,5943,2021-07-02,
FS20215810,송가인 더 드라마,,일반영화,공연,한국,16472,7961,491930,7296,6311,2021-02-26,2021-02-11
FS20249318,챌린저스,Challengers,일반영화,"드라마,멜로/로맨스",미국,106874,7291,1267988,7291,6130,2024-04-24,
FS20231546,어디로 가고 싶으신가요,Where Would You Like to Go?,,,한국,6624,7323,136295,7229,759,2023-07-18,2023-07-05
FS20070433,행복,Happiness,일반영화,"드라마,멜로/로맨스",한국,1174495,8604,7500852,7148,857,2022-12-12,2007-10-03
FS20233877,불륜순애,Love and Treachery,일반영화,"멜로/로맨스,드라마,스릴러",일본,0,7135,0,7135,2527,2023-08-30,
FS20210997,바이크 솔저,Bennett’s War,일반영화,"액션,전쟁",미국,0,7502,0,7116,7035,2021-10-14,
FS20235693,리빙: 어떤 인생,LIVING,,,영국,27056,7116,164158,7116,6640,2023-12-13,
FS20224113,쿵푸허슬2,The Mask of Shura of Fire Cloud,일반영화,"액션,코미디",중국,0,7383,0,7074,6782,2022-03-03,
FS20204790,인 더 하이츠,In the Heights,일반영화,"뮤지컬,드라마",미국,52028,7481,1376567,7025,6875,2021-07-26,2021-06-30
FS20216107,신용문객잔: 피안화의 저주,The New Dragon Inn -Zombified Prisoners,일반영화,"액션,어드벤처",중국,0,7548,0,7014,7014,2021-02-22,
FS20255643,슬리핑 독스,Sleeping Dogs,일반영화,스릴러,미국,216,7007,3226,7007,6982,2025-07-24,
FS20223928,물 많은 여자,,일반영화,,한국,1,7031,146,7003,5915,2022-03-23,2022-04-13
FS20219548,죽을 때까지,Till Death,일반영화,스릴러,미국,1047,7199,37262,7001,6410,2021-09-10,2021-09-09
FS20217085,적인걸8 - 천살고난,Detective Dee Solitary Skies Killer,일반영화,액션,중국,0,7526,0,6991,6661,2021-03-26,
FS20233218,6시간 후 너는 죽는다,You Will Die In 6 Hours,,,한국,50572,7058,538441,6991,6940,2024-10-16,
FS20143661,브룩클린스 파이니스트,Brooklyn's Finest,일반영화,"액션,드라마,범죄,스릴러",미국,1,8358,76,6980,762,2022-02-19,2014-11-13
FS20217406,듄: 드리프터,Dune Drifter,일반영화,"SF,액션,드라마",영국,2322,6979,49656,6979,3552,2021-05-03,2021-04-28
FS20235994,원정빌라,The Unrighteous,,,한국,18312,7179,235309,6957,6470,2024-12-04,
FS20182752,검은비: 악의연대기,,일반영화,액션,한국,1,7142,95,6956,2731,2021-08-25,2018-10-26
FS20258570,극장판 똘똘이: 아기공룡의 비밀,Toritori and the Secret of the Baby Dino,일반영화,애니메이션,한국,38747,6954,413667,6954,6954,2025-11-07,
FS20253083,아머: 현금수송차,Armor,일반영화,"범죄,액션",미국,301,6969,1928,6923,6923,2025-03-27,
FS20229142,돌핀보이,Dolphin Boy,일반영화,"애니메이션,가족,어드벤처",독일,25666,7075,316571,6922,6344,2023-02-13,2023-01-25
FS20211383,불륜은 역시 이웃과,,일반영화,멜로/로맨스,일본,1,7100,140,6911,701,2021-11-01,
FS20253101,극장판 진격의 거인 완결편 더 라스트 어택,Attack on Titan The Movie : THE LAST ATTACK,일반영화,애니메이션,일본,1031706,6911,5980437,6911,6210,2025-03-13,
FS20060056,원초적 본능 2,Basic Instinct 2: Risk Addiction,일반영화,스릴러,미국,313310,10221,2260206,6906,981,2022-06-29,2006-03-30
FS20206884,사라져버린,The Vanished,일반영화,,미국,0,7589,0,6906,6906,2021-01-05,
FS20219626,어나더 라운드,Another Round,,,기타,37017,7144,416121,6896,6289,2022-02-24,2022-01-19
FS20163380,더 샌드,The Sand,일반영화,,미국,54,9858,191,6878,641,2023-10-30,2016-04-28
FS20254603,베베핀 극장판: 사라진 베베핀과 핑크퐁 대모험,Bebefinn Sing-Along Movie: Into the Pinkfong World,,,한국,229237,6870,1259176,6870,6737,2025-07-24,
FS20253121,거너,GUNNER,일반영화,"액션,범죄",미국,301,6868,2058,6868,6817,2025-04-10,
FS20162943,탱크 432,TANK 432,,,영국,24,8246,3994,6863,967,2022-10-06,2016-11-10
FS20230460,크리드 3,Creed 3,일반영화,"액션,드라마",미국,6366,6916,255257,6850,6357,2023-03-29,2023-03-01
FS20202540,커넥트,Come Play,,,미국,14374,7297,536002,6849,6849,2021-01-21,2021-01-20
FS20224768,중독,,일반영화,멜로/로맨스,한국,0,6843,0,6843,4779,2022-05-12,
FS20241575,메소드연기,METHOD ACTING,일반영화,"드라마,코미디",한국,62938,6814,681267,6814,6814,2026-03-18,
FS20226151,욕망의 그늘,Leave Me Alone,일반영화,"드라마,멜로/로맨스",기타,0,6974,0,6748,6245,2022-07-18,
FS20216818,몽키킹4 - 투신의 귀환,,일반영화,"어드벤처,액션",중국,0,7242,0,6737,6737,2021-03-11,
FS20138810,종로에서,,일반영화,,한국,0,7761,0,6698,0,2022-02-16,
FS20203825,족벌 두 신문 이야기,,,,한국,1705,7137,33038,6658,6650,2020-12-24,2021-01-01
FS20217308,뮬란3-사막의 대전투,Mulan Legend,일반영화,기타,중국,0,6879,0,6657,5601,2021-03-31,
FS20224891,특수요원 빼꼼,Agent Backkom : Kings Bear,,,중국,12674,6755,78795,6633,5980,2022-06-08,2022-06-01
FS20227073,신 에반게리온 극장판,Evangelion: 3.0＋1.01 Thrice Upon a Time,,,일본,45216,6633,374581,6633,3374,2022-11-01,2022-10-05
FS20232618,런닝맨: 리벤져스,Running Man : Revengers,,,한국,54097,6597,395077,6597,5597,2023-09-08,2023-08-10
FS20219111,메가 샤크,Land Shark,일반영화,액션,중국,0,6870,0,6596,5928,2021-08-10,
FS20217915,잘 느끼는 장모님,,일반영화,"멜로/로맨스,드라마",일본,1,6622,83,6596,1162,2021-05-06,
FS20244001,"극장판 엉덩이 탐정: 안녕, 나의 영원한 친구","Butt Detctive the Movie Farewell, My Lovely Partner, Butt Detective",일반영화,애니메이션,일본,46354,6567,534373,6567,5834,2024-10-01,
FS20223614,루이스 웨인: 사랑을 그린 고양이 화가,The Electrical Life of Louis Wain,일반영화,"드라마,멜로/로맨스",미국,44164,6779,1376274,6550,5879,2022-04-29,2022-04-06
FS20249313,"포켓몬스터: 성도지방 이야기, 최종장","Pokémon: The Story of Johto Region, The Final Chapter",일반영화,애니메이션,일본,157463,6549,1089546,6549,6012,2024-05-01,
FS20050129,셔터,Shutter: They Are Around Us,일반영화,,태국,291218,6546,1374388,6546,4026,2021-09-15,2005-06-30
FS20255397,극장판 도라에몽: 진구의 그림이야기,Doraemon the Movie: Nobita's Art World Tales,일반영화,애니메이션,일본,109112,6542,833770,6542,6339,2025-07-16,
FS20247973,어게인 1997,Once Again,일반영화,"판타지,드라마",한국,10926,6636,261692,6514,6514,2024-04-10,
FS20218949,다이노 마이 프렌드,Diary of Dinosaurs,일반영화,애니메이션,중국,5460,6660,113170,6497,5373,2021-08-26,2021-08-26
FS20168746,불청객 - 반가운 손님,,,,한국,25,7695,2820,6483,494,2022-02-21,2016-09-29
FS20080254,어웨이크,Awake,일반영화,"스릴러,드라마",미국,498720,8717,4061569,6481,413,2022-08-24,2008-03-27
FS19950197,인생,To Live,일반영화,드라마,중국,787,6480,6755,6480,2776,2021-02-26,1995-05-27
FS19978805,큐어,Cure,,,일본,35977,6477,262805,6477,3833,2022-07-06,
FS20223972,올드 헨리,Old Henry,일반영화,,미국,0,6713,0,6474,5827,2022-02-21,
FS20196282,북샵,The Bookshop,,,스페인,1566,6471,18608,6471,4141,2021-06-24,2021-06-24
FS20218390,램,Lamb,,,기타,15095,6885,170874,6469,6033,2022-01-18,2021-12-29
FS20231930,독친,Toxic Parents,,,한국,2405,6460,49736,6460,5980,2023-11-09,2023-11-01
FS20243864,연의 편지,Your Letter,,,한국,227291,6427,1640547,6427,6427,2025-10-01,
FS20219714,신용문객잔2 : 대막강호,Desert Legend,일반영화,액션,중국,0,6834,0,6423,6299,2021-08-18,
FS20218475,워스,What Is Life Worth,,,미국,3782,6742,76015,6410,6095,2021-07-20,2021-07-21
FS20214867,인싸,INSSA,일반영화,"액션,코미디",한국,110,6752,8251,6407,5561,2021-02-23,2021-03-04
FS20218044,120시간: 로스트 인 아웃백,Outback,일반영화,,호주,0,6666,0,6404,5378,2021-05-13,
FS20123561,미래경찰 X,Future X-Cops,일반영화,"SF,액션",중국,0,6909,0,6369,0,2022-04-25,
FS20197277,#아이엠히어,#iamhere,,,프랑스,16404,6488,691755,6346,5880,2021-01-28,2021-01-14
FS20233643,닌자터틀: 뮤턴트 대소동,Teenage Mutant Ninja Turtles: Mutant Mayhem,일반영화,애니메이션,미국,71033,6567,1011695,6330,6183,2023-09-26,2023-09-14
FS20136126,눈물,,일반영화,,한국,0,7463,0,6311,0,2021-11-11,
FS20177261,새엄마 : 나의 섹스 교사,,일반영화,멜로/로맨스,한국,1,7205,126,6309,944,2021-06-16,2017-06-01
FS20251605,아내의 유혹 - 데릴사위,,일반영화,,일본,1,6306,140,6306,6010,2025-01-14,
FS20179670,엄마친구 3 무삭제판,,일반영화,멜로/로맨스,한국,1,6536,150,6263,1588,2023-05-23,2017-07-18
FS20008647,관계,Exchange Sex Show,일반영화,,한국,0,7800,0,6245,0,2021-11-17,
FS20119991,"파리, 사랑한 날들",It Begins with the End,,,프랑스,3379,7670,50514,6239,1354,2021-02-19,2011-04-07
FS20218985,레미니센스,Reminiscence,일반영화,"SF,미스터리,멜로/로맨스",미국,37227,6598,1214855,6238,5803,2021-09-16,2021-08-25
FS20232700,99번의 정사,99 MOONS,,,기타,88,6237,2137,6237,3716,2023-08-17,2023-08-24
FS20234413,프렌치 수프,The Taste of Things,,,프랑스,46965,6233,401682,6233,5812,2024-06-19,
FS20210127,화녀,Wannabe,일반영화,"기타,스릴러",한국,7075,6258,65159,6230,6027,2024-03-14,
FS20249517,애비게일,Abigail,일반영화,,미국,13254,6293,246394,6203,6030,2024-05-15,
FS20224732,미친 능력,The Unbearable Weight of Massive Talent,일반영화,"범죄,액션,코미디",미국,5194,6769,109109,6195,6195,2022-07-07,2022-06-29
FS20200741,대가리3-일진후배들,Dominator 3 - Junior Bullies,일반영화,"액션,드라마",한국,1,6744,59,6184,5424,2020-06-12,2022-06-24
FS20217055,깨져버린 불륜,FAITHLESS,일반영화,멜로/로맨스,미국,60,6251,147,6155,4679,2021-03-15,2021-03-18
FS20219883,고스트 스나이퍼,The Red Ghost,일반영화,"액션,전쟁",러시아,0,6645,0,6147,5847,2021-08-23,
FS19890010,오늘 여자,Today'S Woman,일반영화,멜로/로맨스,한국,5,6146,597,6146,3950,2021-12-07,1989-03-04
FS20230007,TAR 타르,TAR,일반영화,드라마,미국,38090,6209,398420,6142,5442,2023-03-10,2023-02-22
FS20070535,베이컨시,Vacancy,일반영화,,미국,500,8367,526,6131,1812,2021-07-16,2007-09-28
FS20218769,음란 장모의 욕정,,일반영화,,일본,1,6265,95,6130,3873,2021-07-19,2021-07-01
FS20139685,오빠의 불기둥,,일반영화,,한국,0,7674,0,6128,0,2021-12-08,
FS19900319,굿바이 엠마뉴엘,Goodbye Emmanuelle,일반영화,멜로/로맨스,프랑스,0,6511,0,6122,1984,2021-01-04,1990-11-03
FS20247754,마더스,Mothers' Instinct,,,미국,17275,6108,257417,6108,5180,2024-04-03,
FS20215801,노아의 방주 2: 새로운 세계로,Ooops! The Adventure Continues,일반영화,애니메이션,독일,5434,6331,98192,6090,4995,2021-12-16,2021-12-09
FS20234664,그대들은 어떻게 살 것인가,The Boy and the Heron,,,일본,2015965,6089,18631124,6089,0,2023-10-25,
FS20071006,브릭,Brick,,,미국,4112,8270,31307,6069,0,2022-02-19,2008-01-31
FS20225114,극장판 윌벤져스 : 수상한 캠핑 대소동,The Movie WillBengers : Mysterious Camping,,,한국,29432,6228,124716,6050,5116,2022-07-04,2022-06-23
FS20228966,어메이징 모리스,The Amazing Maurice,,,독일,109302,6129,832421,6018,5859,2023-03-13,2023-02-15
FS20210355,미씽: 사라진 딸,Nowhere to Be Found,,,캐나다,180,6109,939,5992,5537,2021-09-16,2021-09-23
FS20261208,귀신 부르는 앱: 영,,일반영화,,한국,101537,5984,542463,5984,5984,2026-02-18,
FS20257744,28년 후: 뼈의 사원,28 Years Later: The Bone Temple,일반영화,,미국,40987,5979,530065,5979,5979,2026-02-27,
FS20139683,사랑을 위한 이별,,일반영화,,한국,0,6912,0,5976,0,2021-12-01,
FS20101014,워리어스 웨이,Warrior's Way,일반영화,"액션,판타지",미국,432072,6994,4626783,5970,383,2021-03-30,2010-12-01
FS20219711,늑대들,Wolves,,,한국,1404,6252,28666,5968,5681,2022-05-04,2022-04-27
FS20224788,제발 안에다만 하지 마세요,,일반영화,,일본,20,5967,149,5967,1897,2022-05-12,
FS20210182,매직 스쿨: 초보마법사 아우라의 대모험,The Academy of Magic,일반영화,"애니메이션,판타지",미국,9929,6117,123366,5898,5779,2021-10-19,2021-10-07
FS20191223,대가리2-학교무림,Dominator 2 - School Martial Art Master,일반영화,액션,한국,1,6773,59,5886,5722,2019-11-21,2022-06-24
FS20232839,차박- 살인과 낭만의 밤,Chabak - Night of Murder and Romance,,,한국,6465,5970,82333,5859,5746,2023-09-18,2023-09-13
FS20205286,매력적인 장모님,,일반영화,멜로/로맨스,한국,1,6022,150,5808,4126,2021-04-12,2021-04-13
FS20223950,메리 미,Marry Me,일반영화,"멜로/로맨스,코미디",미국,15164,6375,269974,5783,5783,2022-04-05,2022-03-16
FS20241389,보더랜드,Borderlands,일반영화,"판타지,액션,코미디",미국,9953,5783,264372,5783,5736,2025-03-05,
FS20230810,피기,Piggy,,,스페인,3191,5849,78521,5781,4907,2023-05-15,2023-04-26
FS20219600,킹 오브 스네이크,King of Snake,일반영화,"액션,어드벤처",중국,0,6013,0,5767,5592,2021-08-19,
FS20204064,기운센 시아버지,Name okashi gifu no yokubo 3,일반영화,"드라마,멜로/로맨스",일본,60,6000,191,5745,4518,2021-01-22,
FS20210663,라스트 나잇 인 소호,Last Night in Soho,일반영화,,미국,49355,6133,1247739,5739,5353,2021-11-09,2021-12-01
FS20232077,어른 김장하,A Man Who Heals the City,,,한국,40721,5779,298304,5738,1562,2023-11-15,
FS20223980,드라이,The Dry,,,호주,6349,6020,136909,5734,5464,2022-03-31,2022-03-30
FS20127886,화이트 밀크,The Son of No One,일반영화,"액션,스릴러,범죄",미국,0,7160,0,5724,0,2021-11-21,
FS20060030,남자들이 모르는 은밀한 것들,Secret Things,일반영화,드라마,프랑스,1668,6226,44241,5720,2824,2021-02-19,2006-02-17
FS20227925,몬스터 신부: 101번째 프로포즈,How to Save the Immortal,,,헝가리,33428,5861,252152,5717,5476,2023-01-09,2022-12-28
FS20210949,친구 엄마의 성교육,,일반영화,,일본,1,5820,194,5682,4579,2021-11-01,2021-10-15
FS20231380,롱 플레이스,Wrong Place,일반영화,"액션,범죄",미국,268,5832,2107,5658,5497,2023-04-21,2023-04-27
FS20234709,장손,House of the Seasons,,,한국,34067,5653,244303,5653,5081,2024-09-11,
FS20226638,아네모네,Anemone: A Fairy Tale for No Kids,,,한국,7968,5665,71199,5634,5430,2024-02-07,
FS20213042,엽문5: 일대종사,IP MAN AND FOUR KINGS,일반영화,액션,중국,0,5897,0,5610,5285,2022-01-21,
FS20214685,게임의 법칙: 인간사냥,,일반영화,"기타,스릴러",한국,477,5979,16537,5607,4932,2021-01-29,2021-01-28
FS20211423,피그,Pig,,,미국,11726,5909,189596,5599,5360,2022-03-04,2022-02-23
FS20214895,삼국지-명장여포,God of War 2,일반영화,기타,홍콩,0,6168,0,5593,5593,2021-01-28,
FS20234104,나의 행복한 결혼,As Long As We Both Shall Live,일반영화,"판타지,멜로/로맨스",일본,12382,5746,279854,5592,5538,2023-10-24,2023-10-11
FS20210790,베네데타,Benedetta,,,프랑스,13613,6041,322576,5591,5308,2021-12-15,2021-12-01
FS20156976,플래닛 바이러스,The Last Days on Mars,일반영화,,영국,0,7475,0,5565,0,2022-11-22,
FS20255937,어글리 시스터,The Ugly Stepsister,,,노르웨이,31879,5563,316163,5563,5563,2025-08-20,
FS20090149,레지던트 이블: 디제너레이션,Resident Evil: Degeneration,일반영화,애니메이션,일본,33,7580,861,5551,0,2023-02-10,
FS20212118,그레이트 샤크2,Shark Season,일반영화,"액션,스릴러",미국,425,5787,15991,5550,5075,2021-12-16,2021-12-23
FS20090406,내 남자는 바람둥이,Suburban Girl,일반영화,"코미디,멜로/로맨스,드라마",미국,177,6985,2600,5528,943,2021-01-19,2009-07-23
FS20246501,헬보이: 크룩드 맨,Hellboy: The Crooked man,일반영화,,미국,10384,5572,106533,5514,5472,2024-12-18,
FS20228927,패닉 런,The Desperate Hour,,,미국,3361,5820,53817,5510,5510,2023-01-10,2023-01-04
FS20244537,강령: 귀신놀이,The Ghost Game,,,한국,72305,5495,532290,5495,5495,2025-08-06,
FS20254581,악의 도시,The devil you know,일반영화,스릴러,한국,4378,5490,78589,5490,5396,2025-06-20,
FS20244513,룸 넥스트 도어,The Room Next Door,일반영화,드라마,미국,49312,5473,597832,5473,5185,2024-10-23,
FS20230496,포커페이스,Poker Face,일반영화,"범죄,액션,스릴러",미국,914,5635,33623,5465,5050,2023-03-24,2023-03-23
FS20217739,크라이시스,Crisis,일반영화,"드라마,스릴러",독일,2050,6156,24285,5450,5450,2021-05-14,2021-05-20
FS20216224,오! 마이 고스트,Oh! My Ghost,,,한국,11124,5861,217626,5449,5414,2022-09-22,2022-09-15
FS20244185,트랩,Trap,일반영화,"스릴러,범죄,미스터리",미국,11586,5509,335009,5447,5392,2024-09-18,
FS20219710,공작조: 현애지상,Cliff Walkers,일반영화,"범죄,액션,드라마,스릴러",중국,595,5836,10916,5445,5356,2021-09-16,2021-09-16
FS20223152,신들의 분노,Valley of the Gods,,,폴란드,222,5658,968,5443,5175,2022-01-13,2022-01-20
FS20219821,세 며느리와 시아버지,,일반영화,드라마,한국,20,5541,106,5427,3086,2021-08-26,2021-09-03
FS20226679,쥬라기캅스 극장판: 공룡시대 대모험,Jurassic Cops Theatrical Version: The Great Adventure of the Age of Dinosaurs,일반영화,애니메이션,한국,26805,5614,330201,5412,4660,2022-10-12,2022-09-07
FS20226454,클린,Clean,,,미국,0,5574,0,5405,5343,2022-08-19,
FS20234273,힙노틱,Hypnotic,일반영화,"SF,액션",미국,8405,5594,154650,5402,5319,2023-10-04,2023-09-20
FS20249564,노보케인,Novocaine,일반영화,"액션,코미디",미국,29297,5385,721722,5385,5330,2025-03-12,
FS20231834,금지된 관계,River of Desire,,,브라질,360,5377,1682,5377,3202,2023-06-14,2023-06-15
FS20233000,킬러의 레스토랑,High Heat,일반영화,액션,미국,825,5422,7582,5367,5321,2023-08-09,2023-08-17
FS20232095,디어 마이 러브,My Sailor My Love,,,기타,3584,5534,32198,5356,5038,2023-07-19,2023-07-12
FS20224831,유독 몸으로 친절한 유부녀,,일반영화,,일본,20,5387,106,5352,2565,2022-05-06,
FS20228756,아버님 밑에 좀 빨아주세요,,일반영화,,일본,1,5747,146,5352,2059,2022-11-25,
FS20212077,노웨어 스페셜,Nowhere Special,,,이탈리아,7465,5695,103701,5345,5079,2021-12-30,2021-12-29
FS20090332,신주쿠 사건,The Shinjuku Incident,일반영화,"액션,드라마,범죄",홍콩,43516,7360,615723,5338,0,2021-01-07,2009-06-18
FS20210843,실종,Missing,,,일본,11464,5480,114622,5338,5208,2022-06-20,2022-06-15
FS20010055,이것이 법이다,Out Of Justice,일반영화,스릴러,한국,0,6394,0,5337,603,2021-10-26,2001-12-19
FS20224826,셧 인,Shut In,일반영화,기타,미국,2160,5803,17309,5328,5328,2022-05-24,2022-05-26
FS20236776,비욘드 유토피아,Beyond Utopia,,,미국,19878,5397,240459,5310,4929,2024-01-31,
FS20236230,씬,The Sin,일반영화,,한국,39508,5366,604917,5308,5144,2024-04-03,
FS20217575,상류사회:시크릿섹스,SEX AND LIES,일반영화,멜로/로맨스,미국,60,5434,191,5305,4879,2021-04-20,2021-04-22
FS20090174,카오스,Chaos,일반영화,"액션,드라마,범죄,스릴러",영국,204693,7381,1997056,5297,1067,2022-07-29,2009-03-26
FS20231009,거울 속 외딴 성,Lonely Castle in the Mirror,,,일본,50772,5504,542515,5293,5038,2023-06-20,2023-04-12
FS20228309,핑크퐁 시네마 콘서트 2: 원더스타 콘서트 대작전,Pinkfong Sing-Along Movie 2: Wonderstar Concert,,,한국,51094,5423,375466,5289,4898,2023-01-04,2022-12-21
FS20182338,룸싸롱 여대생들 무삭제,,일반영화,멜로/로맨스,한국,1,6381,150,5272,1878,2023-03-22,2018-10-16
FS20215891,정브르의 동물일기,,일반영화,다큐멘터리,한국,1436,5457,57233,5257,4210,2021-03-16,2021-02-24
FS20211176,마이 뉴욕 다이어리,My Salinger Year,,,캐나다,14276,5695,277558,5240,5196,2021-12-21,2021-12-09
FS20200237,호스트: 접속금지,Host,,,영국,13866,5586,240908,5237,5086,2021-07-26,2021-07-21
FS20253001,블랙 백,BLACK BAG,일반영화,"드라마,스릴러",미국,8588,5237,236782,5237,5116,2025-03-19,
FS20171370,새엄마 2 무삭제,,일반영화,멜로/로맨스,한국,1,6128,150,5232,1235,2023-03-20,2018-06-19
FS20232836,몬스터 패밀리 2,Monster Family 2,,,영국,119568,5444,708515,5228,5079,2023-08-22,2023-08-02
FS20209860,새엄마4,,일반영화,,한국,1,5466,150,5212,4623,2021-03-10,2021-03-15
FS20217748,섹스 테라피,SEX DREAMS,일반영화,,미국,60,5246,160,5211,4724,2021-05-10,2021-05-13
FS20223612,데드락: 라스트 리벤지,Deadlock,일반영화,기타,미국,1150,5360,15484,5202,5202,2022-01-21,2022-01-28
FS20228300,극장판 가면라이더: 세이버X젠카이저 슈퍼히어로 전기,Super Hero Senki,일반영화,"액션,어드벤처,애니메이션",일본,6621,5531,101585,5192,2744,2022-12-13,2022-12-01
FS20218276,뱅퀴시,Vanquish,일반영화,"액션,범죄,스릴러",미국,1389,5762,16104,5186,5186,2021-06-16,2021-06-24
FS20205155,"조제, 호랑이 그리고 물고기들","Josee, the Tiger and the Fish",,,일본,32969,5244,816388,5183,3431,2021-09-09,2021-03-31
FS20218845,극장판 요괴워치잼 요괴학원Y 고양이는 히어로가 될 수 있을까,Yokai School Y - The Movie,일반영화,애니메이션,일본,0,5460,0,5176,4401,2021-07-07,
FS20228062,살인청부업자,HIT MAN,일반영화,"범죄,스릴러",한국,3826,5378,20301,5175,5093,2022-10-28,2022-11-03
FS20253924,쫑알쫑알 똘똘이: 이상한 마을 대모험,,일반영화,"애니메이션,코미디,가족",한국,40759,5173,353641,5173,4870,2025-04-30,
FS20215803,타인의 친절,The Kindness of Strangers,,,영국,9832,5639,193489,5169,4079,2021-04-20,2021-04-07
FS20218346,삼국지 : 무신 조자룡,Legend of Zhao Yun,일반영화,액션,중국,0,5522,0,5157,4907,2021-06-07,
FS20232854,헌티드 맨션,Haunted Mansion,일반영화,,미국,12877,5279,168618,5156,5095,2023-09-21,2023-07-26
FS20172473,친구엄마 : 참을 수 없는 날  무삭제,,일반영화,멜로/로맨스,한국,1,6217,150,5148,1353,2021-01-27,2018-03-28
FS20132825,꽃과 뱀의 정사,Flowers and Snakes,일반영화,"드라마,멜로/로맨스,미스터리",일본,12,6610,449,5142,1707,2022-08-29,2013-09-16
FS20247473,아이엠 티라노,The Tyrannosaurus Rex,일반영화,애니메이션,중국,49305,5206,267048,5141,4856,2024-03-01,
FS20219244,숙모,,일반영화,"멜로/로맨스,드라마",한국,1,5140,150,5140,3097,2021-09-07,2021-07-28
FS2023C445,써밋 피버,Summit Fever,일반영화,스릴러,영국,0,5177,0,5135,4660,2023-04-03,
FS20228371,페르시아어 수업,Persian Lessons,,,러시아,17670,5213,136228,5131,3940,2022-12-28,2022-12-15
FS20223933,과외 선생과 어머니,,일반영화,,한국,20,5127,73,5127,1675,2022-02-21,2022-03-17
FS20226545,한국이 싫어서,Because I Hate Korea,,,한국,62044,5142,1058798,5113,5085,2024-08-28,
FS20218754,나쁜 장모의 유혹,,일반영화,,일본,1,5135,95,5096,3443,2021-07-13,2021-07-01
FS20081454,언노운 우먼,The Unknown Woman,,,이탈리아,30503,5692,172259,5090,1290,2021-04-15,2009-07-01
FS20247654,사일런트 나잇,SILENT NIGHT,일반영화,"액션,범죄",미국,1531,5156,62427,5079,4968,2024-07-17,
FS20210380,깊이 넣어준 사위,,일반영화,멜로/로맨스,일본,1,5329,140,5065,606,2021-09-23,
FS20235980,말하고 싶은 비밀,Our Secret Diary,일반영화,멜로/로맨스,일본,118928,5063,931552,5063,4082,2023-12-13,
FS20201648,더 시크릿,The Secrets We Keep,,,영국,3551,5618,73705,5061,5061,2021-01-22,2021-01-21
FS20249648,차라리 죽여,,,,한국,1076,5058,13895,5058,4033,2025-02-26,
FS20071015,아더와 미니모이-제1탄비밀원정대의출정,Arthur And The Invisibles,일반영화,"어드벤처,판타지",프랑스,126546,6902,901610,5050,442,2021-11-01,2009-07-09
FS20256251,귀멸의 칼날: 합동 강화 훈련 주집결편,Demon Slayer: Kimetsu no Yaiba Special Edition Hashira Training Arc Part 2,일반영화,애니메이션,일본,3155,5048,78084,5048,5048,2025-08-01,
FS20218168,전야,Battlefield,일반영화,"액션,범죄",한국,1568,5459,66101,5039,4638,2021-06-01,2021-06-03
FS20250444,코드: G 주목의 시작,CODE: G,일반영화,"SF,드라마",한국,17880,5032,61464,5032,5032,2025-12-27,
FS20138825,욕정의 웨딩드레스,,일반영화,,한국,0,5961,0,5025,0,2021-12-08,
FS20194912,바이러스,Virus,일반영화,드라마,한국,74309,5024,1288401,5024,4977,2025-05-07,
FS20210002,무신 : 용의 귀환,God of War,일반영화,액션,중국,0,5229,0,5018,4123,2021-08-23,
FS20253340,구원자,THE FAVOR,일반영화,,한국,34697,5014,671882,5014,5014,2025-11-05,
FS2023C742,쾌락의 밤,Mahjong Nights,일반영화,"드라마,스릴러",필리핀,0,5194,0,5013,4374,2023-02-16,
FS20248508,노스페라투,Nosferatu,,,미국,25830,5010,522223,5010,4864,2025-01-15,
FS20235734,폭락,Crypto Man,,,한국,22386,5058,434302,4996,4996,2025-01-15,
FS20234798,극장판 우당탕탕 은하안전단: 진정한 용기!,Let's Go! Galaxy Guards The Movie: True Courage!,일반영화,애니메이션,한국,34001,4993,303479,4993,4005,2023-12-15,2023-11-30
FS20214801,도굴꾼,Mysterious Tomb Raids,일반영화,"액션,어드벤처,판타지",중국,0,5229,0,4991,4991,2021-01-28,
FS20070453,아드레날린24,Crank,일반영화,액션,미국,96338,6302,1097980,4988,800,2022-11-23,2007-10-03
FS2023C242,더 테러: 인디아 해즈 폴른,Attack,일반영화,"액션,SF,스릴러",인도,0,5068,0,4987,4769,2023-04-21,
FS20219473,나는 여기에 있다,I AM HERE,일반영화,"범죄,액션,스릴러",한국,18504,5161,179206,4979,4527,2023-04-28,2023-04-12
FS20228965,극장판 전생했더니 슬라임이었던 건에 대하여: 홍련의 인연편,That Time I Got Reincarnated as a Slime the Movie: Scarlet Bond,일반영화,"애니메이션,판타지,액션",일본,19848,5142,348392,4978,1817,2023-06-14,2023-02-02
FS20247861,잔 뒤 바리,Jeanne du Barry,,,프랑스,689,4969,10698,4969,4708,2024-04-03,
FS20134360,에어 크래쉬,Air Collision,일반영화,"액션,스릴러",미국,5410,6393,7786,4959,0,2022-11-02,2013-10-24
FS20202368,"내 어깨 위 고양이, 밥 2",A Gift from Bob,,,영국,6378,5401,224761,4952,4345,2021-01-04,2020-12-24
FS20133943,익스트림 No.13 감독판,13,일반영화,"스릴러,액션",미국,40,5688,600,4946,502,2022-05-19,2013-01-08
FS20246966,아기상어 극장판: 사이렌 스톤의 비밀,Baby Shark’s Big Movie,,,미국,106411,4942,861974,4942,3817,2024-02-07,
FS20218566,적인걸9 : 구유업화,Ultimate Secrets,일반영화,액션,중국,0,5442,0,4937,4707,2021-06-15,
FS20249956,목중무인 : 안하무인,Eye for an Eye,일반영화,"사극,액션",중국,736,5009,4636,4934,4810,2024-06-27,
FS20231264,블랙 워터: 어비스,Black Water: Abyss,일반영화,,호주,1687,4993,39832,4920,4767,2023-06-12,2023-06-14
FS20211391,파일럿: 배틀 포 서바이벌,The Pilot. A Battle for Survival,일반영화,"전쟁,액션",러시아,546,5321,20828,4917,4814,2022-04-07,2022-04-13
FS20225556,사랑할 땐 누구나 최악이 된다,The Worst Person in the World,,,노르웨이,51434,5111,376724,4917,4148,2022-09-22,2022-08-25
FS20216333,음란한 며느리,Gifu ni hajimete okasa reta ano NiTsu kara,일반영화,"드라마,멜로/로맨스",일본,60,4990,191,4880,3505,2021-03-09,
FS20131862,어떤 여인의 고백,The Patience Stone,,,프랑스,2477,6876,38930,4866,544,2022-04-21,2013-10-03
FS20232639,극장판 슈퍼윙스: 맥시멈 스피드,,일반영화,애니메이션,한국,137535,4858,668792,4858,3859,2023-08-16,2023-07-20
FS20210593,백사대전 2,White Snake,일반영화,"액션,판타지",중국,0,5082,0,4850,4704,2021-09-28,
FS20078795,쿵푸 허슬: 무적 파이터,Kung Fu Fighter,일반영화,"액션,코미디",홍콩,2,6067,140,4847,1840,2012-10-14,2022-05-04
FS20224971,블레이드 퍼피 워리어,Paws of Fury: The Legend of Hank,일반영화,"애니메이션,가족",미국,940,4978,4786,4837,4740,2022-09-27,2022-09-28
FS20210542,로스트 도터,The Lost Daughter,,,미국,13008,5136,148375,4806,4597,2022-08-01,2022-07-14
FS20251552,컴패니언,Companion,일반영화,스릴러,미국,19222,4804,385405,4804,4714,2025-03-19,
FS20224309,이상한 요구 : 이제 제발 놔주세요,,일반영화,,일본,20,4792,106,4792,1676,2022-04-08,
FS20212119,투모로우 아포칼립스,Arctic Apocalypse,일반영화,"어드벤처,드라마",미국,480,5057,9720,4789,4454,2022-01-20,2022-01-25
FS20257342,애프터매스: 브릿지,Aftermath,일반영화,"액션,스릴러",미국,551,4788,5724,4788,4788,2025-09-25,
FS20216302,하드 킬,Hard Kill,일반영화,액션,미국,1,5471,95,4783,4783,2021-02-26,
FS20163923,건우먼,Gun Woman,일반영화,액션,일본,2,6024,165,4749,1060,2022-01-24,2016-11-17
FS20218374,음욕의 신혼생활,,일반영화,멜로/로맨스,일본,60,4737,191,4736,462,2021-06-14,
FS20183772,태일이,Chun Tae-il,,,한국,125218,4819,860866,4725,4092,2022-04-04,2021-12-01
FS20227373,쓰나미,Crazy Tsunami,일반영화,액션,중국,0,4944,0,4710,4555,2022-09-22,
FS20244267,사람과 고기,People and Meat,,,한국,44928,4708,311497,4708,4708,2025-10-07,
FS2023C684,스나이퍼: 인비저블 고스트,Sniper,일반영화,"전쟁,액션",이란,0,4859,0,4707,4555,2023-06-09,
FS20080395,할람 포,Hallam Foe,,,영국,12399,6284,142240,4702,0,2021-08-07,2008-04-30
FS20225314,세이레,Seire,,,한국,6822,4922,64117,4682,3830,2023-01-27,2022-11-24
FS20216372,스파이의 아내,Wife of a Spy,,,일본,11895,5075,183759,4678,3835,2021-04-14,2021-03-25
FS20211365,순정 뺏긴 여직원,,일반영화,멜로/로맨스,일본,1,4850,91,4665,463,2021-11-17,
FS20256149,머티리얼리스트,Materialists,일반영화,"멜로/로맨스,코미디",미국,63778,4658,664573,4658,4658,2025-08-08,
FS20200295,혼자 사는 사람들,Aloners,,,한국,12839,4873,271950,4655,3823,2021-06-15,2021-05-19
FS20216368,암모나이트,Ammonite,,,미국,5879,5068,236980,4654,3788,2021-03-25,2021-03-11
FS20226007,"굿 럭 투 유, 리오 그랜드","Good Luck to You, Leo Grande",,,영국,9447,4839,103759,4643,3896,2022-08-24,2022-08-11
FS20216581,사랑하고 사랑받고 차고 차이고,"Love Me, Love Me Not",,,일본,16139,4922,332978,4641,3484,2021-06-16,
FS20251800,브루탈리스트,The Brutalist,,,미국,95900,4634,833789,4634,4372,2025-02-12,
FS20243478,킬,Kill,,,인도,11177,4647,256062,4633,4590,2024-08-28,
FS20248617,창가의 토토,Totto-Chan The Little Girl at the Window,,,일본,15048,4671,270192,4624,4486,2024-05-29,
FS20202520,금의위 3인의 무사,The Prequel of Gold Convoyers: An Urgent Letter,,,중국,224,5162,6431,4593,4560,2020-12-15,2021-01-21
FS20153285,히트맨 인 런던,A Hitman In London,일반영화,"액션,스릴러",영국,1,5292,146,4591,989,2021-07-27,2015-08-27
FS20223271,리디밍 러브,Redeeming Love,일반영화,"멜로/로맨스,드라마",미국,6134,4962,131666,4586,4313,2022-03-31,2022-03-23
FS20232832,교전,Ambush,일반영화,"전쟁,액션",미국,258,4768,2434,4577,4332,2023-08-11,2023-08-16
FS20204407,메가 스네이크,Snake,일반영화,액션,중국,0,5404,0,4559,4559,2021-02-05,
FS20212476,신입 여비서,,일반영화,,한국,2,4721,190,4559,3334,2022-01-10,2021-12-24
FS20250570,레드 소냐,Red Sonja,일반영화,"액션,판타지",미국,142,4601,2054,4555,4555,2025-12-31,
FS20233656,람보르기니: 전설이 된 남자,Lamborghini: The Man Behind the Legend,일반영화,드라마,이탈리아,468,4704,3692,4550,4518,2023-08-17,2023-08-23
FS20239780,벤데타: 복수의 시간,Vendetta,일반영화,액션,캐나다,848,4836,5075,4548,4548,2023-01-13,2023-01-20
FS20210038,악인은 너무 많다 2 - 제주 실종사건의 전말,Too many villains 2 - missing in Jeju,,,한국,2281,4722,28507,4533,4030,2021-11-05,2021-11-11
FS20210393,훔쳐보는 장모님,,일반영화,"멜로/로맨스,드라마",일본,1,4738,83,4510,303,2021-09-14,
FS20219427,블랙 엠페러,Emperor,일반영화,드라마,미국,0,4724,0,4503,4503,2022-01-24,
FS20217804,기문둔갑,Fantasy Magician,일반영화,"액션,판타지",중국,0,5033,0,4492,4051,2021-04-22,
FS20253591,드롭,DROP,일반영화,"스릴러,드라마,미스터리",미국,6495,4452,181980,4452,4311,2025-04-23,
FS20088404,옥스포드 살인사건,The Oxford Murders,,,스페인,2521,4817,96908,4444,4185,2021-07-22,2021-07-21
FS20226256,파나마,Panama,일반영화,액션,미국,0,4692,0,4441,4275,2022-08-16,
FS20261446,오시리스,Osiris,,,미국,25,4432,427,4432,4432,2026-04-23,
FS20131573,식스 블릿츠: 분노의 추적,SIX BULLETS,일반영화,"스릴러,액션,범죄",미국,1648,6107,2040,4413,506,2022-12-21,2013-08-16
FS20219130,신 강시선생,Yi mei xian sheng,일반영화,,중국,0,4628,0,4410,3529,2021-07-26,
FS20210328,윤율의 VIP 미용실,,일반영화,멜로/로맨스,한국,1,4687,91,4403,3574,2021-11-17,2021-11-16
FS20226369,뱀 : 길고 두꺼움에 관통당한 날,,일반영화,,일본,20,4801,91,4401,202,2022-08-11,
FS20191503,화이트데이: 부서진 결계,THE LABYRINT,일반영화,,한국,11119,4603,357960,4400,3911,2021-10-08,2021-10-06
FS20204505,친구엄마들 3,,일반영화,"멜로/로맨스,드라마",한국,1,4671,150,4396,3315,2020-12-29,2021-01-05
FS20218960,트리거 포인트,Trigger Point,,,캐나다,340,5252,1842,4392,4392,2021-07-19,2021-07-29
FS20214783,카운터 어택,The Serpent,일반영화,액션,미국,0,4570,0,4392,4392,2021-01-22,
FS20207427,푸드 몬스터,Foodiverse,일반영화,"애니메이션,드라마,가족,SF",중국,1434,4829,26769,4376,4376,2021-05-13,2021-05-19
FS20210143,풍운4,The Nine Talisman Tower,일반영화,액션,중국,0,4831,0,4374,4247,2021-09-27,
FS20202611,지옥의 묵시록 파이널 컷,APOCALYPSE NOW FINAL CUT,,,미국,3663,4355,157919,4355,1320,2021-02-16,2020-11-26
FS20228368,킹스 도터,The King's Daughter,일반영화,"판타지,멜로/로맨스,드라마,액션,어드벤처",미국,0,4455,0,4355,3806,2022-11-11,
FS20224814,여보 부디 저를 용서해주세요,,일반영화,,일본,20,4376,83,4344,2466,2022-05-06,
FS20228764,극장판 파워레인저 캡틴포스: 지구를 위한 싸움,Ten Gokaiger,일반영화,"액션,어드벤처",일본,8700,4343,123796,4343,2599,2023-01-19,
FS20215108,용루각2: 신들의 밤,Dragon Inn Part 2: The Night of Gods,일반영화,"액션,미스터리,스릴러",한국,2475,4734,41556,4330,4330,2021-02-05,2021-02-10
FS20182725,착한 엄마친구 2 무삭제,,일반영화,멜로/로맨스,한국,1,4719,150,4318,1429,2023-07-26,2018-08-23
FS20247962,나이트 스윔,NIGHT SWIM,일반영화,,미국,15857,4481,230486,4302,4302,2024-03-20,
FS20257361,난징사진관,Dead to Rights,,,중국,34703,4300,412860,4300,4300,2025-11-05,
FS20239702,몬스터 하우스2: 인비져블 피닉스,Finnick,일반영화,"애니메이션,판타지,어드벤처",러시아,33672,4423,342033,4299,3849,2023-02-13,2023-02-02
FS20236714,극장판 스파이 패밀리 코드 : 화이트,SPY x FAMILY CODE: White,일반영화,애니메이션,일본,284131,4297,3571513,4297,3595,2024-03-20,
FS20219304,센티그레이드,Centigrade,,,미국,310,4551,2002,4292,3999,2022-06-14,2022-06-16
FS20078386,블라인드,Blind,일반영화,"드라마,멜로/로맨스",네덜란드,19142,4842,681082,4291,3864,2021-01-14,
FS20212484,엔드게임: 나는 킬러다,Endgame,,,홍콩,2609,4599,41624,4289,4289,2022-01-19,2022-01-20
FS20247444,월레스와 그로밋 더 클래식 컬렉션,Wallace & Gromit The Classic Collection,일반영화,애니메이션,영국,18337,4280,111432,4280,2762,2024-02-21,
FS20225225,멋진 세계,Under the Open Sky,,,일본,6016,4346,77536,4277,3510,2022-09-01,2022-08-11
FS20223267,섹스웨더,Sex Weather,,,남아프리카공화국,94,4637,6390,4275,2485,2022-02-04,2022-02-07
FS20216542,특수부대 백호2,The Sniper,일반영화,"전쟁,액션",중국,0,4620,0,4259,4259,2021-03-04,
FS20215311,A형젖큰여자친구,,일반영화,멜로/로맨스,한국,1,4745,95,4254,1975,2021-02-05,2021-01-29
FS20215963,여선생4,,일반영화,드라마,한국,1,4442,106,4250,1676,2021-02-23,2021-03-10
FS20218057,2067,2067,,,호주,509,4793,27217,4229,3496,2021-06-15,2021-06-03
FS20228016,"여름을 향한 터널, 이별의 출구","The Tunnel to Summer, the Exit of Goodbyes",,,일본,92584,4219,1009205,4219,3063,2023-10-17,2023-09-14
FS20139670,껌,,일반영화,,한국,0,4975,0,4194,0,2021-11-24,
FS20168708,피닉스,Phoenix,,,독일,15519,4289,172524,4188,3315,2021-08-05,2021-07-22
FS20256082,귀멸의 칼날: 환락의 거리 결전편,Demon Slayer: Kimetsu no Yaiba Special Edition Entertainment District Arc Part 2,일반영화,애니메이션,일본,8600,4186,125748,4186,4085,2025-07-18,
FS20185588,정사 : 아내의 친구 무삭제,,일반영화,멜로/로맨스,한국,1,5622,150,4181,1882,2023-06-27,2018-11-16
FS20216844,24살윤율의섹시한젖가슴,,일반영화,멜로/로맨스,한국,1,4871,95,4178,3536,2021-03-23,2021-03-12
FS20228379,동생이 돌아올때까지 몇번이나 제부와,,일반영화,,일본,1,4215,77,4167,0,2023-04-21,
FS20228045,본즈 앤 올,Bones and All,일반영화,,미국,62773,4160,781358,4160,2945,2023-01-18,2022-11-30
FS20231611,쿠툴룬: 전쟁의 여신,The Wrestling Princess,,,몽고,0,4211,0,4153,4035,2023-05-26,
FS20202182,포이즌 로즈,Poison Rose,,,미국,247,4415,9036,4152,3786,2021-07-20,2021-07-28
FS20228917,단순한 열정,Passion Simple,,,프랑스,5338,4146,64836,4146,2899,2023-02-09,2023-02-01
FS20241501,매드 댄스 오피스,Mad Dance Office,,,한국,50454,4140,740540,4140,4140,2026-03-04,
FS20231892,세인트 세이야: 더 비기닝,Knights of the Zodiac,일반영화,"액션,판타지",일본,1444,4212,31371,4121,3965,2023-06-26,2023-05-31
FS20143705,오후의 정사,Apartment wife,일반영화,"기타,멜로/로맨스",일본,54,4914,244,4118,912,2021-12-20,
FS20205261,나의 촛불,Candlelight Revolution,,,한국,42123,4308,589490,4114,4114,2022-02-21,2022-02-10
FS20232721,47시간: 샤크베이트,Shark bait,일반영화,"스릴러,액션",영국,27,4110,459,4110,4110,2023-07-17,2023-08-03
FS20224782,파이어스타터,Firestarter,일반영화,,미국,2814,4239,4305,4107,4045,2022-06-15,2022-05-19
FS20090104,두목,Boss,일반영화,액션,한국,0,4101,0,4101,3706,2021-04-02,1994-05-21
FS20224523,허리케인 쓰나미,Hurricane Tsunami: Oceans Rising,일반영화,액션,미국,0,4354,0,4100,3834,2022-05-11,
FS20216048,신비아파트 뮤지컬 시즌3 : 뱀파이어왕의 비밀,,일반영화,"공연,뮤지컬",한국,3700,4080,99466,4080,178,2021-05-22,
FS20212675,신용문객잔3,Longmen Town Inn,일반영화,액션,중국,0,4602,0,4075,3104,2021-12-17,
FS20215867,자매바이러스,,일반영화,,한국,1,4940,106,4074,4074,2021-02-23,2021-02-24
FS20210846,항구의 니쿠코짱!,Fortune Favors Lady Nikuko,,,일본,10567,4275,109402,4061,3759,2023-05-17,2023-04-27
FS20224533,데이 투 다이,A Day to Die,일반영화,"범죄,액션",미국,200,4373,1760,4059,4059,2022-06-30,2022-07-07
FS20124352,십계,The Ten Commandments,,,미국,3848,4573,56798,4056,2026,2021-12-10,2021-12-02
FS20228255,프린스 챠밍,Charming,,,미국,17192,4311,184180,4056,4056,2023-01-17,2023-01-11
FS2023C501,더 벙커,The Lair,일반영화,,영국,8,4350,52,4054,4054,2023-03-24,2023-03-23
FS20229440,가랑이를 벌렸다 무삭제판,,일반영화,,일본,1,4052,146,4052,790,2023-01-31,
FS20235353,길위에 김대중,Kim Dae Jung on the road,,,한국,128818,4049,1147370,4049,3621,2024-01-10,
FS20234957,스노우 폭스: 썰매개가 될 거야!,Arctic Justice,,,미국,98023,4185,459851,4037,4024,2023-11-23,
FS20234293,이빨요정 비올레타: 요정나라로 돌아갈래!,MY FAIRY TROUBLEMAKER,,,독일,59654,4158,366963,4029,4014,2023-12-15,2023-11-18
FS20225461,2대1 여친 팔아먹기,,일반영화,,한국,1,4224,146,4028,3843,2022-06-21,2022-06-20
FS20179381,스와핑 : 친구부부의 쾌락,,일반영화,멜로/로맨스,한국,1,4736,126,4023,1368,2021-08-05,2017-01-17
FS20139693,섹스 파일,,일반영화,,한국,0,4260,0,4021,486,2022-02-07,
FS20217574,섹스컬트,SEX CULT,일반영화,멜로/로맨스,미국,60,4154,147,4009,3689,2021-04-28,2021-04-29
FS20226677,더 골드,GOLD,일반영화,스릴러,호주,0,4172,0,4008,3353,2022-08-23,
FS20217023,그리스도 디 오리진,The Savior,,,기타,2035,4006,48850,4006,2305,2022-04-18,2022-04-14
FS20214847,해길랍,Hijra in Between,,,기타,13930,4310,291666,4004,3697,2021-03-31,
FS20224005,신데렐라,Cinderella,일반영화,공연,미국,479,4267,4729,4001,3596,2022-04-05,
FS20249838,돌싱 친구 엄마 욕정 길들이기,,일반영화,,일본,1,4000,77,4000,211,2026-04-15,
FS20240781,플라이 미 투 더 문,Fly Me to the Moon,일반영화,"멜로/로맨스,코미디",미국,43014,4025,512841,3991,3944,2024-07-12,
FS20258127,검은뱀,Black Snake,일반영화,"액션,범죄",한국,456,3986,10161,3986,3986,2025-10-29,
FS20147472,노바디 웍스,Nobody Walks,일반영화,드라마,미국,13,6771,800,3976,0,2021-10-06,2014-01-23
FS20231634,괴담만찬,Tastes of Horror,일반영화,,한국,27389,4063,456998,3974,3373,2023-10-31,2023-10-18
FS20226179,밤마다 며느리에 씨뿌리는 시아버지,,일반영화,,일본,1,4003,95,3972,1902,2022-07-22,
FS20211972,타이거마스크,,일반영화,"코미디,액션",한국,811,4688,25971,3963,3946,2021-12-28,2021-12-30
FS20224813,바로 옆에서 붙어먹은 부인,,일반영화,,일본,20,3977,91,3962,1954,2022-05-04,
FS20216591,동서의 손맛,,일반영화,,한국,20,4240,91,3961,2783,2021-03-18,2021-03-17
FS20204506,래시 컴 홈,Lassie Come Home,,,독일,2498,4397,25254,3955,3532,2021-01-07,
FS20180781,내 친구 엄마 무삭제,,일반영화,멜로/로맨스,한국,1,5083,150,3953,1223,2023-07-14,2018-06-19
FS20223711,곶의 마요이가,The house of the lost on the cape,일반영화,"가족,판타지,드라마",일본,81,4091,720,3942,2838,2022-01-25,
FS20236228,오후 네시,4 PM,,,한국,36514,3958,355238,3926,3887,2024-10-23,
FS20245121,데드라인,Deadline,일반영화,드라마,한국,42208,4012,393669,3921,3894,2024-11-06,
FS20223266,애니멀 체인지,The Wild Life,일반영화,"애니메이션,판타지,어드벤처",중국,5239,4039,103537,3920,3696,2022-02-10,2022-02-09
FS20233921,물귀신,Bottom of the Water,,,한국,265,3909,2663,3909,3291,2023-10-24,2023-11-09
FS20212874,대전투 1944,The Enemy,,,독일,125,4293,9106,3907,3500,2022-04-07,2022-04-06
FS20210241,레지스탕스,Resistance,일반영화,드라마,독일,91,4246,392,3905,3799,2021-09-02,
FS20217027,옆집사람,Next Door,,,한국,4778,4057,85566,3905,3848,2022-11-10,2022-11-03
FS20241002,이매큘레이트,Immaculate,,,미국,18142,3920,222200,3902,3855,2024-07-17,
FS20211504,싸나희 순정,,,,한국,4854,4041,69492,3898,3870,2021-11-25,2021-11-25
FS20256033,고고다이노 극장판: 게코도마뱀의 꿈,GoGo Dino the Movie: Gecko's Dream,일반영화,애니메이션,한국,63611,3889,515839,3889,3814,2025-07-30,
FS20209138,좋은 사람,Good Person,,,한국,11851,4237,177187,3874,3554,2021-09-10,2021-09-09
FS20218813,서유기: 재세요왕,Monkey King Reborn,,,중국,613,4147,21543,3872,3256,2021-09-23,2021-09-30
FS20250365,햄넷,HAMNET,일반영화,드라마,미국,67396,3872,662391,3872,3872,2026-02-25,
FS20234622,북극백화점의 안내원,The Concierge,,,일본,25928,3866,330492,3866,3472,2024-06-19,
FS20215641,라이트 오브 라이프,Light of My Life,일반영화,"스릴러,드라마",미국,0,4274,0,3862,3862,2021-02-18,
FS20216646,어썰트 33,Assault on VA-33,일반영화,액션,미국,0,4145,0,3856,3856,2021-04-12,
FS20225695,FBI 덴저러스,Dangerous,일반영화,액션,미국,0,4196,0,3853,3853,2022-08-03,
FS20204504,모추어리 컬렉션,The Mortuary Collection,,,미국,4693,4218,159264,3840,3840,2021-01-26,2021-01-21
FS20216768,몬테크리스토: 더 뮤지컬 라이브,,일반영화,공연,한국,17587,4049,326242,3810,2779,2021-04-22,2021-03-19
FS20216106,북두의 신,Demon Demon Performance Record,일반영화,"액션,어드벤처",중국,0,4399,0,3809,3809,2021-02-19,
FS20224468,애프터 양,After Yang,,,미국,46945,4033,378946,3809,3120,2022-07-08,2022-06-01
FS20230484,치킨래빗: 잃어버린 보물을 찾아서,Chickenhare and the Hamster of Darkness,,,벨기에,73427,3873,543399,3802,3662,2023-04-27,2023-03-18
FS20216303,랜드,Land,,,미국,3897,4187,52129,3785,2901,2021-04-28,2021-03-17
FS20060019,구세주,Oh! My God,일반영화,"코미디,액션,멜로/로맨스",한국,1621131,5999,6209377,3772,950,2022-10-24,2006-02-16
FS20239731,새비지 맨,Savage Salvation,일반영화,"액션,스릴러",미국,3227,3928,15790,3769,3769,2023-01-19,2023-01-26
FS20241093,"그 시절, 우리가 좋아했던 소녀",You Are the Apple of My Eye,일반영화,멜로/로맨스,한국,164922,3760,2239869,3760,3677,2025-02-21,
FS20211772,샌 안드레스 메가 대지진,San Andreas Mega Quake,일반영화,"액션,드라마",미국,401,3837,12616,3756,3162,2022-01-13,2022-01-19
FS20216886,힘 좋은 시아버지와 착한 며느리,,일반영화,"멜로/로맨스,드라마",한국,20,4264,73,3748,3219,2021-03-18,2021-03-18
FS20243722,캐시 아웃,Cash Out,일반영화,"액션,범죄",미국,11378,3823,151222,3743,3676,2024-09-12,
FS20211238,도쿄 리벤저스,Tokyo Revengers,일반영화,"드라마,액션",일본,16871,3955,313196,3741,2969,2022-01-25,2022-01-19
FS20219589,더 테러 라이브: 스쿨 어택,Run Hide Fight,일반영화,"범죄,스릴러",미국,0,4016,0,3740,3437,2021-08-25,
FS20248222,기동전사 건담 시드 프리덤,Mobile Suit Gundam SEED FREEDOM,일반영화,애니메이션,일본,62361,3825,814480,3735,3496,2024-04-03,
FS20210331,데스 게임,Out of Death,일반영화,"액션,스릴러",미국,5,3976,92,3718,3327,2021-11-15,
FS20224830,결혼 혼수 : 몸에 새긴 쾌락,,일반영화,,일본,20,3754,83,3715,1399,2022-05-04,
FS20216715,쿵푸타운,Kung Fu Town,일반영화,기타,중국,0,3907,0,3705,3705,2021-02-23,
FS20219245,만년이 지나도 변하지 않는 게 있어,Till We Meet Again,,,대만,24441,3913,427681,3701,3701,2022-03-03,2022-02-09
FS2023C883,아나콘다2,Deep Sea Mutant Snake,일반영화,"액션,어드벤처",중국,0,3868,0,3699,3505,2023-10-10,
FS20243290,젖은엄마-하고 싶은 거 다 해,UEKAWA ONSEN,일반영화,,일본,1,3690,83,3690,1104,2024-08-13,
FS20239900,어쩌면 우린 헤어졌는지 모른다,Someone You Loved,,,한국,18354,3953,459181,3689,3588,2023-03-10,2023-02-08
FS20154206,라이브 테러,A Common Man,일반영화,"액션,스릴러",미국,0,4294,0,3667,598,2021-11-01,
FS20225422,블레이징 썬,Blazing Sun,,,러시아,400,3829,2055,3661,3168,2022-06-17,2022-06-23
FS20219072,챔피언,Champion,일반영화,"가족,드라마",터키,0,4112,0,3644,3644,2021-07-19,
FS20211974,적인걸: 천안의 비밀,Detective Dee: Under the Tower,,,중국,62,3754,568,3640,3471,2022-07-20,2022-07-29
FS20068816,알라트리스테,Alatriste,일반영화,"전쟁,액션",스페인,0,4521,0,3632,1907,2021-04-19,
FS20242247,애시드 레인: 죽음의 비,Acide,,,프랑스,3994,3713,35256,3624,3581,2024-11-27,
FS20241390,머더 컴퍼니: 살인 중대,MURDER COMPANY,일반영화,"전쟁,액션",미국,283,3694,2034,3624,3624,2025-02-06,
FS20247063,바튼 아카데미,The Holdovers,,,미국,31622,3620,368639,3620,3051,2024-02-21,
FS20261598,프로젝트 아스트로,The Astronaut,일반영화,,미국,103,3618,1733,3618,3618,2026-02-05,
FS20223326,전투왕,The Combat Kings,,,한국,6044,3760,69092,3613,3138,2022-02-25,2022-02-17
FS20249269,마리아,MARIA,,,영국,25083,3686,446410,3610,3610,2025-04-16,
FS20216005,콩가루 모녀의 최후,A Wife Made A Mistake,일반영화,드라마,일본,1,3887,198,3608,0,2021-02-10,
FS20246983,97분,97 Minutes,일반영화,액션,미국,0,3714,0,3603,3603,2024-01-12,
FS20177884,비뇨기과 여의사들 무삭제,,일반영화,멜로/로맨스,한국,1,3970,150,3599,473,2023-04-17,2018-05-24
FS20185821,어린 이모 - 무삭제판,,일반영화,멜로/로맨스,한국,1,4626,143,3598,963,2021-02-09,2018-08-15
FS20218206,다크 앤드 위키드,The Dark and the Wicked,일반영화,,미국,7046,3937,227519,3596,3384,2021-07-08,2021-06-30
FS20219529,적인걸 2021: 분천이화,Dee Renjie's Burning Sky Extraordinary Fire,일반영화,액션,중국,0,3934,0,3581,3144,2021-08-24,
FS20228655,스페이스 키드: 우주에서 살아남기,Terra Willy,,,프랑스,33966,3813,191563,3574,3176,2022-12-12,2022-12-07
FS20253961,썬레이: 폴른 솔저,SUNRAY: FALLEN SOLDIER,,,영국,88,3567,841,3567,3544,2025-05-15,
FS20235904,플랜 75,Plan 75,,,일본,14471,3563,112267,3563,2995,2024-02-07,
FS20224559,그래니트: 트루 솔저,Granite,,,러시아,400,3942,2164,3555,3420,2022-05-20,2022-05-26
FS20210863,만족한 장모님,,일반영화,멜로/로맨스,일본,1,3906,194,3545,1296,2021-10-01,
FS20216852,섹스솔루션,,일반영화,드라마,한국,60,4227,147,3545,0,2021-03-26,2021-03-09
FS20259246,스위트홈: 진격의 거인,Home Sweet Home: Rebirth,일반영화,,미국,84,3544,1530,3544,3544,2026-06-12,
FS20216622,은밀하고도 매혹적인 비밀수업:착한여자,Upon Further Reflections,일반영화,멜로/로맨스,미국,60,3634,160,3537,2492,2021-03-04,2021-02-26
FS20198056,아이 엠 우먼,I Am Woman,,,호주,23129,3828,989649,3535,3535,2021-01-22,2021-01-14
FS20217949,아포칼립스: 인류 최후의 날,A Living Dog,일반영화,"액션,SF",독일,0,3814,0,3525,3525,2021-05-04,
FS20155655,인피니: 에이펙스의 비밀,Infini,일반영화,"SF,스릴러",호주,0,5019,0,3521,0,2021-12-30,
FS20216928,막주기로 소문난 도쿄새댁,,일반영화,드라마,일본,1,3625,198,3517,1,2021-03-12,
FS20247429,세계의 주인,The World of Love,,,한국,207142,3515,1698005,3515,3515,2025-10-22,
FS20247503,타이거스 네스트: 호랑이의 보디가드,The Tiger's Nest,,,이탈리아,160,3676,1960,3511,3511,2024-05-16,
FS20208670,밀애- 섹스가 좋아,,일반영화,멜로/로맨스,한국,10,3831,1367,3510,2867,2023-01-19,2020-10-16
FS20211159,스카이파이어,Skyfire,,,미국,113,3763,3710,3498,3458,2021-12-07,2021-12-08
FS20208982,나소흑전기: 첫만남편,The Legend of Hei,,,중국,5430,3797,158093,3496,3139,2021-04-27,2021-04-22
FS19890252,붉은 수수밭,Red Sorghum,일반영화,"드라마,전쟁",중국,2937,3507,14474,3491,1719,2021-02-26,1989-09-09
FS20197152,잘 주는 간호사들 : 병원에서 생긴 일,,일반영화,드라마,한국,1,4237,103,3491,2018,2022-01-18,2019-11-22
FS20028513,만덕이의보물상자,,일반영화,,일반영화,0,4403,0,3483,455,2022-01-26,
FS20235854,덤 머니,Dumb Money,,,미국,37262,3475,731977,3475,3097,2024-01-17,
FS20228063,미스매치,MISMATCH,,,한국,6673,3469,94532,3469,3469,2026-04-23,
FS20244316,더 엑소시즘,The Exorcism,일반영화,,미국,2485,3514,99304,3466,3466,2025-01-15,
FS20223089,삼국지 관운장: 청룡언월도,Knights of Valour,,,중국,45,3646,2875,3455,3148,2022-01-26,2022-02-10
FS20214841,도살자들-돌아온 텍사스 전기톱 살인자,Butchers,일반영화,,미국,0,3932,0,3449,2806,2021-01-07,
FS20247311,애프터: 유혹의 끝,After Everything,일반영화,멜로/로맨스,미국,485,3604,14802,3446,3446,2024-02-21,
FS20217786,흥건한 새엄마,,일반영화,"멜로/로맨스,드라마",일본,1,3812,83,3445,1288,2021-04-26,
FS20248484,신사: 악귀의 속삭임,The Shrine,,,한국,47147,3442,407913,3442,3442,2026-06-17,
FS20218016,썰,The Gossip,,,한국,3432,3726,93883,3439,3439,2021-05-25,2021-06-03
FS20201022,북스마트,Booksmart,,,미국,16380,3799,425597,3424,3424,2021-02-16,2021-01-27
FS20218477,완전한 사육: 욕망의 시작,Perfect Education Etude,일반영화,"드라마,멜로/로맨스",일본,0,4015,0,3420,818,2021-11-12,
FS20219997,드림팰리스,Dream Palace,,,한국,12519,3495,133479,3419,3254,2023-06-19,2023-05-31
FS20240516,풍기,Punggi,,,한국,3386,3452,47166,3413,3303,2024-08-28,
FS20218788,더 레치드: 악령의 저주,The Wretched,일반영화,,미국,437,4036,13092,3406,3021,2021-07-23,2021-07-22
FS20262661,스크림 7,SCREAM 7,일반영화,,미국,2804,3392,97176,3392,3392,2026-04-01,
FS20217501,불륜은 바람을 타고 주렁주렁,Do What You Want,일반영화,드라마,일본,1,3588,140,3390,28,2021-04-15,
FS20216921,아웃포스트 369,400 Bullets,,,영국,0,3849,0,3386,3386,2021-03-29,
FS20211736,포스트카드 킬링,The Postcard Killings,일반영화,"범죄,액션",미국,0,3776,0,3386,3386,2022-01-24,
FS20224705,쥬라기 리턴즈,Hatched,,,영국,240,3532,1453,3383,3383,2022-05-18,2022-05-24
FS20210897,쉬지않는 며느리,,일반영화,멜로/로맨스,일본,1,3529,140,3383,342,2021-10-12,
FS20225181,진령사2,Demon Sealer Bureau,일반영화,"판타지,액션",중국,0,3443,0,3378,2933,2022-06-15,
FS20256264,킬러들의 비행,Fight or Flight,일반영화,"액션,코미디",미국,1426,3378,20276,3378,3378,2025-09-03,
FS20210842,"아들아, 이건 아니지!",,일반영화,드라마,한국,5,3913,539,3377,3299,2021-10-08,2021-10-05
FS20224679,여래신장,Buddha Palm,일반영화,"판타지,액션",중국,0,3554,0,3377,3140,2022-04-29,
FS20138826,여우와 개,,일반영화,,한국,0,4995,0,3368,0,2021-11-17,
FS20137674,깃발을 꽂으며,,일반영화,,한국,0,4074,0,3363,0,2021-11-03,
FS20247430,퍼스트레이디,THE FIRST LADY,,,한국,85071,3361,484244,3361,3018,2024-12-12,
FS20224407,데드캠핑 더라이브,,일반영화,"스릴러,액션",한국,1000,3630,24478,3352,3075,2022-05-04,2022-05-12
FS20170281,내 삼촌의 여자,,일반영화,멜로/로맨스,한국,1,3811,126,3346,902,2021-08-10,2017-02-09
FS20234385,시카리오: 워 오브 건즈,Shrapnel,일반영화,액션,미국,0,3603,0,3346,3264,2023-09-15,
FS2023C422,아나콘다,Snake Disaster : Snake Island Attack,일반영화,"액션,어드벤처",중국,0,3338,0,3338,2577,2023-08-30,
FS20212965,벌지 탱크 대전투,Battle of the Bulge: Winter War,,,미국,46,3473,3049,3335,3035,2022-01-26,2022-02-16
FS20256158,귀멸의 칼날: 도공 마을 이어진 인연편,Demon Slayer: Kimetsu no Yaiba Special Edition Swordsmith Village Arc Part 2,일반영화,애니메이션,일본,4181,3328,92300,3328,3253,2025-07-25,
FS20262622,뱅: 킬러 리턴즈,BANG,일반영화,"액션,범죄",미국,113,3320,1961,3320,3320,2026-04-09,
FS20182728,정사4-위험한 사랑,Hide and Seek,,,영국,61,3674,7798,3317,2640,2021-04-20,2021-04-22
FS20215971,라스트 특공대,Road 47,,,브라질,56,3426,6454,3316,2794,2021-02-21,2021-02-18
FS2023C044,원나잇 굿나잇,GENERATION IKEA,일반영화,멜로/로맨스,폴란드,0,3458,0,3312,2463,2023-08-07,
FS19930197,슬리버,Sliver,일반영화,스릴러,미국,18,4600,200,3306,3306,2021-01-04,1993-08-14
FS20214821,적인걸: 용의 강림,Detective Dee: Heavenly Gods,일반영화,"액션,스릴러",중국,0,3926,0,3292,3292,2021-02-02,
FS20233015,49,49,일반영화,,"액션,드라마",0,3530,0,3291,3161,2023-08-01,
FS20236456,라스트 썸머,Last Summer,,,프랑스,3950,3285,46569,3285,2662,2024-04-03,
FS20201841,부활,,일반영화,다큐멘터리,한국,24811,3297,363809,3283,1975,2022-04-08,2020-07-09
FS20210683,할로윈 킬즈,Halloween Kills,일반영화,,미국,5341,3887,51019,3276,2877,2021-10-06,2021-10-27
FS20080364,킬위드미,Untraceable,일반영화,"범죄,스릴러",미국,209696,5662,2673374,3271,998,2021-06-22,2008-04-17
FS20224812,보지 말아야 할 것을 본 자,,일반영화,,일본,20,3294,83,3271,3164,2022-05-12,
FS20230747,샷건 웨딩,Shotgun Wedding,일반영화,"액션,멜로/로맨스,코미디",미국,6661,3438,165584,3271,3271,2023-04-06,2023-03-29
FS20258343,파과: 인터내셔널 컷,The Old Woman with the Knife: International Cut,,,한국,4985,3264,128536,3264,3264,2025-12-10,
FS19758145,실록 아베 사다,A Woman Called Sada Abe,일반영화,"드라마,멜로/로맨스",일본,101,4748,822,3256,465,2021-12-20,
FS20225150,친구동생 : 우정보다 좋은 맛,,일반영화,,한국,20,3361,83,3250,795,2022-07-01,2022-06-02
FS20201174,언플랜드,Unplanned,일반영화,드라마,미국,14564,3415,389124,3248,2739,2021-01-14,2020-12-17
FS20223951,봉신방,First Myth: The Clash of Gods,일반영화,"판타지,액션",중국,0,3654,0,3245,3245,2022-02-17,
FS20224308,선배는 연쇄삽입마,,일반영화,,한국,20,3252,149,3241,2117,2022-05-06,2022-04-29
FS20138749,꿈꾸는 인형,,일반영화,,한국,0,4617,0,3236,0,2021-12-01,
FS20231106,아머드 사우루스: 기계공룡제국의 침략,,일반영화,"애니메이션,액션,어드벤처",한국,8252,3234,110247,3234,2502,2023-05-03,2023-04-20
FS20231895,너는 내 아들,His Only Son,일반영화,드라마,미국,22432,3222,148138,3222,2668,2023-11-23,2023-06-28
FS20244317,고독한 미식가 더 무비,The Solitary Gourmet,,,일본,93319,3219,1543387,3219,2927,2025-03-19,
FS20241812,아카디안,Arcadian,,,미국,266,3296,16311,3210,3210,2025-02-13,
FS20211414,딜리셔스: 프렌치 레스토랑의 시작,Delicious,일반영화,"기타,드라마,사극",프랑스,152,3405,764,3203,2706,2022-04-20,
FS20200472,세상의 모든 디저트: 러브 사라,Love Sarah,,,영국,6681,3736,148489,3202,3202,2021-02-17,2021-02-04
FS20216861,진정령 난백,Fatal Journey,일반영화,액션,중국,0,3546,0,3200,3200,2021-03-10,
FS20226877,미혹,The Other Child,,,한국,13528,3338,251283,3192,3132,2022-10-28,2022-10-19
FS20218104,암살자들,Assassins,,,미국,3394,3684,60065,3177,3149,2021-08-12,2021-08-12
FS20211103,맛 : 엄마친구,,일반영화,"멜로/로맨스,드라마",한국,1,3545,150,3172,2768,2021-11-16,2021-11-20
FS20228340,헤이지니&럭키강이 비밀의 문,,일반영화,"공연,가족,뮤지컬",한국,14528,3350,178623,3167,2702,2022-12-20,2022-12-01
FS19940036,"비,여자 그리고 에로티시즘","Rain, Woman And Eroticism",일반영화,,한국,0,3249,0,3161,1802,2021-06-09,1994-08-27
FS20234619,로봇 드림,Robot Dreams,,,스페인,71108,3159,659455,3159,2720,2024-03-13,
FS2023C481,적인걸: 붉은 눈의 비밀,Detective Dee: The Sky Red-Eye,일반영화,액션,중국,0,3390,0,3151,3151,2023-01-09,
FS20263824,킬러웨일: 침묵의 습격자,Killer Whale,일반영화,,미국,75,3149,1491,3149,3149,2026-05-28,
FS20050238,칠검,Seven Swords,일반영화,액션,홍콩,285195,3368,1600241,3145,2122,2021-10-05,2005-09-29
FS20225476,형수 시원하게 한번 합시다,,일반영화,,일본,1,3215,95,3144,474,2022-06-21,
FS20226723,히즈 아웃 데어,He's Out There,일반영화,,미국,660,3247,3366,3140,2222,2022-08-18,
FS20229175,은밀한 비밀,The Key -Professor's Pleasure,일반영화,,일본,0,3182,0,3139,2386,2023-04-05,
FS20226181,옆집남자 대물에 홍콩간 아내,,일반영화,,일본,1,3212,95,3137,909,2022-08-16,
FS20218007,레베카: 감출 수 없는 욕망,Finding Rebecca,일반영화,멜로/로맨스,미국,60,3288,147,3127,1934,2021-05-13,
FS20224295,기문둔갑3,Xie Mountain: The Underground Dragon,일반영화,"판타지,액션",중국,0,3666,0,3126,3126,2022-03-23,
FS20224101,은밀한 욕정치료사,ZETURIN SEITAISI,일반영화,,일본,1,3350,150,3126,556,2022-04-01,
FS19808150,암살부대,The Dogs of War,일반영화,,초,0,3438,0,3124,3124,2021-01-04,
FS20252194,영화 이상한 과자 가게 전천당,The Supernatural Sweet Shop The Movie,일반영화,"판타지,미스터리,드라마",일본,55862,3124,541312,3124,2387,2025-02-19,
FS20100171,데저트 플라워,Desert Flower,,,영국,9740,3541,107715,3112,2838,2021-05-18,2010-04-22
FS19930069,홍등,Raise The Red Lantern,일반영화,드라마,중국,736,3196,7330,3112,1600,2021-02-26,1993-01-01
FS20216901,두 아내 : 아찔한 동거,,일반영화,"멜로/로맨스,드라마",한국,1,3489,150,3110,3110,2021-05-11,2021-05-08
FS20224323,미녀 홈헬퍼 : 적성에 딱 맞는 봉사,,일반영화,,일본,20,3154,83,3104,1512,2022-04-07,
FS20219229,인피델,Infidel,일반영화,액션,미국,0,3600,0,3097,3097,2021-07-23,
FS20090485,왼편 마지막 집,The Last House On The Left,일반영화,,미국,82546,5882,1054381,3095,1667,2021-02-21,2009-09-03
FS20217088,스와핑 만남어플,Swipe Right,일반영화,멜로/로맨스,미국,60,3189,147,3093,2429,2021-03-22,2021-03-25
FS20230504,"1986 그 여름, 그리고 고등어통조림",Sabakan,,,일본,10443,3184,194885,3091,2418,2023-07-24,2023-07-05
FS20226324,옆집 남자의 노리개가 된 부인,,일반영화,,일본,20,3323,91,3089,466,2022-08-04,
FS20224789,최악의 남자 최고의 절정,,일반영화,,일본,20,3088,83,3088,1360,2022-05-12,
FS20219079,영웅문,Chivalrous,일반영화,액션,중국,0,3563,0,3087,2906,2021-07-19,
FS2023C783,소림사 : 사대천왕,Luban Four Heroes,일반영화,액션,중국,0,3370,0,3086,3086,2023-02-23,
FS20257208,개비의 매직하우스 극장판,Gabby's Dollhouse: The Movie,일반영화,"어드벤처,가족",미국,111688,3083,643733,3083,3083,2025-10-03,
FS20149862,오텁시,Autopsy,일반영화,,미국,0,4101,0,3077,406,2023-07-03,
FS20229072,갑둔리 흉가,Gabdunri: the vanishing town,일반영화,,한국,0,3077,0,3077,2186,2022-12-07,
FS2022C381,오메르타,Omerta 6/12,일반영화,"액션,스릴러",핀란드,0,3252,0,3077,3077,2023-01-02,
FS20226584,기적을 믿는 소녀,The Girl Who Believes in Miracles,일반영화,"드라마,가족",미국,10939,3078,65700,3075,2533,2023-07-17,2023-07-05
FS20198053,나는 나를 해고하지 않는다,I Don’t Fire Myself,,,한국,19293,3623,415764,3073,3073,2021-02-15,2021-01-28
FS20235275,데블스 맨: 제1특전단,DEVIL'S MEN,,,미국,122,3091,1011,3072,2786,2023-11-23,
FS20200512,미스터 존스,Mr. Jones,,,폴란드,10877,3708,430541,3065,3065,2021-01-11,2021-01-07
FS20008648,관계 2,Exchange Sex Show 2,일반영화,,한국,0,4811,0,3057,0,2021-11-17,
FS20226879,인생은 뷰티풀: 비타돌체,Vita Dolce,일반영화,"다큐멘터리,공연",한국,52969,3197,272535,3054,2758,2022-11-10,2022-09-07
FS20257795,베이비걸,Babygirl,,,미국,22860,3163,460773,3054,3054,2025-10-29,
FS20226881,뮤턴트 이스케이프,Corrective Measures,,,캐나다,3025,3216,121198,3050,3050,2023-04-07,2023-04-05
FS20090078,구세주 2,Oh! My God 2,일반영화,코미디,한국,117006,3684,1654130,3048,758,2022-10-24,2009-02-26
FS20230434,스스로 벌리는 친구 엄마,,일반영화,,일본,1,3110,146,3042,1944,2023-02-21,
FS19850008,자녀목,Hanging Tree,,,한국,254,3666,13951,3040,1132,2021-05-12,1985-03-01
FS20248447,페라리,FERRARI,,,미국,42702,3106,976639,3037,3037,2025-01-08,
FS20239884,우리 사랑이 향기로 남을 때,Love My Scent,일반영화,"멜로/로맨스,코미디,드라마",한국,12364,3272,334462,3031,3031,2023-02-08,
FS20223820,진령사,The Demon Suppressors: West Barbarian Beast,일반영화,액션,중국,0,3390,0,3025,3025,2022-02-04,
FS20030022,나의 그리스식 웨딩,My Big Fat Greek Wedding,일반영화,"멜로/로맨스,코미디",미국,0,5377,0,3024,0,2022-07-14,2003-03-14
FS20215543,친구엄마 2021,,일반영화,"멜로/로맨스,드라마",한국,1,3757,150,3013,3013,2021-02-17,2021-02-15
FS20226812,여교수와 남제자,,일반영화,"멜로/로맨스,코미디",한국,0,3013,0,3013,2054,2022-12-12,
FS20233597,아르고 원정대: 꼬마 영웅 패티의 대모험,Argonuts,,,프랑스,79726,3140,568267,3012,2978,2023-10-16,2023-09-21
FS20231781,애스터로이드 시티,Asteroid City,,,미국,56455,3068,505559,3009,2611,2023-06-23,2023-06-28
FS20203806,인턴의 입사교육,Joshidai nama naraku no intanshippu2,일반영화,"드라마,멜로/로맨스",일본,60,3192,191,3007,698,2021-01-14,
FS20224976,지구 최후의 날 2022,Restart the Earth,일반영화,"SF,액션,어드벤처",중국,0,3226,0,3006,3006,2022-05-19,
FS20201876,1984 최동원,"1984, CHOI Dong-won",,,한국,11520,3414,252414,3005,2517,2021-11-29,2021-11-11
FS20226572,마이 선,My Son,일반영화,"스릴러,미스터리,드라마",프랑스,821,3119,25306,3004,2998,2022-12-06,2022-12-08
FS20239779,라스트 버스,The Last Bus,,,영국,2848,3140,52202,3002,2787,2023-02-16,2023-02-09
FS20158954,연인들,Beloved Sisters,,,독일,854,5270,8962,3000,0,2021-02-22,2015-12-31
FS20216364,와일드 마운틴 타임,Wild Mountain Thyme,,,영국,4155,3447,260691,3000,2696,2021-03-22,2021-03-24
